site_id,region,county_code,monitor_type,has_monitoring,station_count,traffic_index,population_density,industrial_index,pm25,ozone,co2_ppm,asthma_rate,median_income,green_space_pct,development_pressure,latitude,longitude
S0001,Central,621,Regulatory,True,2,66.7,1114.2,53.4,36.52,24.4,418.2,5.99,30735.0,32.5,Medium,43.97293,-100.35927
S0002,Central,865,Regulatory,True,4,55.8,1025.0,47.9,,26.9,407.1,6.22,59000.0,26.0,Low,30.8561,-73.34146
S0003,Central,513,Mobile,True,3,68.5,1167.5,77.9,21.85,31.9,472.4,5.53,49517.0,15.5,Severe,39.32429,-99.35173
S0004,South,182,Regulatory,True,3,81.5,1435.1,70.2,27.61,33.2,433.8,5.26,43353.0,27.1,Low,48.15269,-120.16771
S0005,Central,686,Regulatory,True,3,57.5,1235.5,58.9,28.05,33.0,399.9,6.35,54444.0,41.5,High,33.25561,-70.06827
S0006,Central,681,Regulatory,False,4,57.4,1194.7,46.3,16.31,38.3,405.7,3.16,60029.0,26.5,Severe,44.07858,-71.56922
S0007,South,248,Community,True,5,74.7,1189.3,64.6,25.86,33.6,440.4,6.73,25449.0,23.0,Severe,37.54529,-85.14512
S0008,West,620,Regulatory,True,4,65.2,1273.7,71.3,42.61,25.1,470.7,4.94,50832.0,24.5,High,27.85582,-97.59618
S0009,South,882,Regulatory,True,1,46.0,924.5,39.5,43.57,39.0,372.1,5.74,38040.0,41.5,Low,43.40492,-119.16058
S0010,East,297,Mobile,True,5,77.0,1248.4,57.1,27.85,27.6,440.1,5.36,51503.0,18.7,High,30.62424,-79.03198
S0011,South,776,Regulatory,False,1,47.0,943.8,50.6,36.95,32.2,446.7,5.74,50361.0,34.5,Medium,40.57668,-120.16002
S0012,West,928,Regulatory,False,1,50.3,1089.1,51.2,14.71,36.4,406.6,5.44,53551.0,26.9,Severe,28.84178,-120.55544
S0013,East,030,Regulatory,True,4,58.6,920.0,56.0,38.19,35.6,401.4,5.17,45486.0,26.5,High,47.35765,-93.60043
S0014,East,302,Community,True,3,42.4,653.3,39.0,19.69,38.5,384.2,5.17,36094.0,26.1,High,33.27206,-115.29263
S0015,North,476,Mobile,True,5,37.5,797.7,43.3,29.37,34.7,398.1,5.06,46611.0,29.8,Low,31.86899,-124.05551
S0016,Central,873,Mobile,True,2,60.7,1125.9,55.3,27.86,26.9,427.9,5.6,51499.0,23.1,Medium,29.77643,-100.17098
S0016,NORTH ,948,Community,True,3,43.8,854.7,37.0,41.08,46.7,377.7,6.01,57995.0,29.3,High,47.33905,-116.61001
S0018,East,352,Community,True,2,65.4,1218.9,55.9,22.77,35.5,443.9,5.2,38312.0,14.0,Severe,42.30593,-115.27036
S0019,West,985,Mobile,True,4,44.1,840.5,55.5,36.05,32.7,403.1,5.42,58173.0,18.5,Low,42.94571,-120.07764
S0020,East,482,Regulatory,True,5,55.9,847.4,48.0,26.0,39.7,380.4,4.94,44732.0,32.4,Severe,37.7372,-112.70711
S0021,West,317,Mobile,True,4,70.5,1394.0,58.7,30.21,36.7,442.2,5.71,49536.0,35.8,Low,37.20665,-83.35966
S0022,Central,737,Community,True,2,59.1,1205.0,55.6,28.4,37.1,385.9,6.08,43691.0,48.3,High,29.36546,-77.98668
S0023,North,397,Regulatory,True,1,64.6,1135.5,39.8,20.84,49.9,388.7,4.62,49644.0,37.6,High,39.03658,-98.47932
S0024,North,089,Mobile,True,4,45.4,811.7,41.1,26.52,-5.0,440.8,4.72,57265.0,28.7,Low,32.3087,-95.37316
S0025,Central,234,Regulatory,True,5,52.4,758.7,64.7,30.68,33.6,436.3,5.96,40632.0,15.2,Low,48.00862,-122.62234
S0026,Central,168,Regulatory,True,4,60.6,1151.6,48.5,31.73,33.1,390.5,5.56,42651.0,33.5,High,44.12649,-120.51431
S0027,South,743,Community,True,3,46.5,904.8,36.8,26.84,37.8,385.4,5.92,51051.0,23.9,Medium,35.87933,-109.68986
S0028,East,126,Mobile,False,4,63.6,1137.8,64.9,42.92,24.2,436.0,5.51,67386.0,22.2,Low,30.25384,-93.22584
S0029,East,573,Community,False,2,58.6,1189.3,36.7,37.3,13.4,388.4,4.62,40959.0,38.0,High,43.88463,-81.97581
S0030,East,120,Mobile,False,4,69.8,1215.6,47.0,20.57,27.1,414.6,4.66,64027.0,32.4,High,29.62416,-89.71232
S0031,West,428,Mobile,True,5,49.4,957.6,53.8,39.44,20.4,401.2,5.44,65290.0,23.7,Medium,31.07068,-101.95265
S0032,South,190,Regulatory,True,4,74.0,1209.8,68.4,22.59,33.7,468.5,5.07,46963.0,16.1,Low,31.54769,-117.69637
S0033,East,633,Regulatory,True,4,59.3,1064.7,53.0,36.65,37.3,419.0,5.39,46226.0,30.7,Low,38.97315,-79.60554
S0034,West,428,Regulatory,True,5,62.8,1109.2,50.4,36.87,25.5,421.6,6.36,42808.0,31.9,High,43.92172,-103.5823
S0035,West,560,Community,True,4,65.0,1197.9,66.6,16.87,25.2,430.5,4.64,47267.0,35.7,Medium,33.75777,-82.17689
S0036,North,202,Regulatory,True,5,55.2,949.0,44.9,29.01,31.8,420.2,5.56,38052.0,16.1,High,28.8204,-95.00372
S0037,West,059,Community,True,2,72.6,1290.5,54.4,26.58,40.5,414.0,5.44,46647.0,29.8,High,36.98758,-82.02693
S0038,Central,697,Regulatory,True,5,33.2,696.0,38.4,19.38,16.0,393.2,5.11,62799.0,37.8,Medium,43.08437,-72.33085
S0039,West,223,Community,False,2,47.5,802.2,40.7,,36.7,379.3,6.13,45298.0,29.3,Low,31.76577,-71.5408
S0040,Central,492,Mobile,True,2,72.1,1105.6,60.6,25.83,41.7,414.2,5.65,46441.0,18.3,Severe,31.72838,-93.73136
S0041,Central,011,Community,False,5,66.6,1408.5,58.4,23.76,42.2,435.5,4.63,32940.0,22.8,Medium,47.36538,-95.08827
S0042,North,793,Community,True,4,60.8,1260.8,55.3,31.2,43.6,412.8,6.54,50428.0,29.2,High,47.51431,-109.22349
S0043,North,701,Community,True,3,55.1,837.1,45.9,35.9,49.1,389.9,5.63,52093.0,27.9,Severe,48.29501,-70.69151
S0044,West,512,Mobile,True,5,50.3,988.1,51.7,27.43,30.1,403.4,4.45,49581.0,31.5,Severe,44.36468,-98.16965
S0045,North,814,Community,True,4,38.4,630.2,33.7,37.55,29.3,391.2,6.01,49484.0,40.9,Medium,31.04596,-117.1635
S0046,North,310,Mobile,True,2,44.0,823.9,38.9,31.54,26.4,380.6,4.98,47714.0,29.8,Medium,31.5576,-99.61947
S0047,East,749,Regulatory,True,1,54.7,1019.5,52.5,13.69,33.1,412.7,5.15,52898.0,36.8,Severe,34.31484,-117.19444
S0048,West,034,Regulatory,True,3,68.1,1197.1,67.3,27.73,49.1,441.3,6.93,47587.0,25.9,High,33.83985,-95.60443
S0049,West,340,Mobile,True,4,65.5,1085.4,64.7,26.79,25.4,407.7,4.79,51007.0,29.1,Medium,47.56535,-92.22666
S0050,West,647,Community,True,3,29.5,448.3,33.9,28.78,21.6,359.0,5.67,54030.0,32.5,Medium,43.96509,-105.07904
S0051,North,481,Regulatory,True,1,65.9,1075.8,61.5,12.78,46.4,435.8,3.41,57533.0,29.9,Medium,42.56619,-120.38009
S0052,North,574,Community,True,1,60.4,987.0,55.6,74.19,42.0,408.9,8.03,54494.0,32.1,Severe,30.99821,-70.24855
S0053,Central,825,Community,False,1,39.9,710.4,51.8,33.66,30.0,429.1,5.06,52280.0,33.5,Medium,46.5548,-80.0322
S0054,South,739,Mobile,True,5,69.6,1166.6,54.5,32.72,40.5,432.6,5.2,60148.0,29.1,High,44.79921,-76.26434
S0055,South,093,Regulatory,True,3,79.7,1517.1,66.5,52.03,39.4,450.5,5.83,49259.0,6.7,High,30.5183,-103.40507
S0056,South,628,Mobile,True,5,63.9,1329.0,67.2,74.84,48.8,468.3,8.25,57466.0,30.1,High,45.73016,-80.75222
S0057,East,844,Mobile,False,1,60.0,1009.8,46.7,39.04,32.3,402.8,6.66,53797.0,18.8,High,32.85332,-96.59106
S0058,North,133,Mobile,True,4,58.8,1087.2,35.2,37.33,37.0,393.1,5.88,33741.0,29.3,Severe,28.7387,-112.9377
S0059,Central,844,Mobile,True,1,59.7,1135.4,59.6,32.54,56.0,418.5,5.02,58626.0,13.7,Medium,41.12168,-117.34566
S0060,Central,989,Community,True,5,71.4,1341.3,82.5,35.14,45.4,505.2,6.87,48033.0,33.7,Low,41.0568,-104.65958
S0061,South,419,Regulatory,True,1,57.6,1045.9,47.3,,32.2,434.9,4.69,48309.0,33.0,High,29.04104,-116.59075
S0062,East,468,Regulatory,True,1,58.2,1137.2,47.3,21.53,37.6,405.4,3.56,50427.0,28.6,Medium,33.85531,-67.09953
S0063,East,805,Regulatory,True,5,50.0,957.1,46.9,22.0,28.8,410.3,5.42,46498.0,39.1,Low,48.34551,-121.67163
S0064,South,444,Community,False,5,40.1,573.7,45.5,16.79,50.5,422.4,4.07,53374.0,34.1,Low,41.58617,-99.13424
S0064,South,705,Community,True,4,70.8,1378.1,72.7,33.84,39.6,448.6,6.38,41996.0,26.2,Low,42.69662,-98.50462
S0066,NORTH ,912,Mobile,False,5,67.8,1326.7,58.5,17.54,32.4,415.4,4.61,57234.0,30.7,High,31.57772,-107.21366
S0067,East,030,Mobile,False,4,58.5,960.8,60.1,33.22,28.3,441.3,6.08,48326.0,25.7,High,28.69381,-91.64728
S0068,Central,969,Mobile,True,2,66.6,1203.7,69.8,33.3,46.2,446.7,6.65,44717.0,18.6,Low,32.95339,-115.87632
S0069,South,298,Mobile,True,2,59.9,1160.7,57.5,32.33,41.3,426.2,4.77,40637.0,34.3,High,32.35132,-79.42504
S0070,North,061,Regulatory,True,5,59.7,1049.0,51.3,24.63,28.8,399.8,4.84,50856.0,29.3,Medium,32.0427,-105.38426
S0071,Central,458,Mobile,False,1,70.9,1404.7,66.8,98.56,41.3,414.6,8.87,48069.0,16.1,High,31.14422,-90.4978
S0072,East,973,Community,True,3,82.1,1761.7,77.4,59.53,27.3,462.8,8.05,47537.0,27.6,Medium,39.35725,-83.35074
S0073,South,304,Community,True,1,53.0,860.0,45.5,18.11,32.9,415.5,4.44,41622.0,31.1,High,34.05422,-73.38008
S0074,South,958,Community,True,5,76.9,1218.1,77.2,39.46,42.9,455.6,5.56,34882.0,34.8,Medium,44.63742,-76.44222
S0075,NORTH ,340,Mobile,False,4,35.8,681.6,28.3,19.38,40.7,392.5,5.3,55915.0,36.0,Medium,30.95487,-89.52223
S0076,North,861,Regulatory,True,1,70.7,1359.4,63.8,23.1,29.8,424.3,4.75,58721.0,20.2,High,36.98948,-102.16739
S0077,East,448,Regulatory,True,2,75.0,1321.6,56.5,19.98,23.9,405.8,5.11,38860.0,18.0,Low,27.29364,-95.56573
S0078,South,953,Mobile,True,5,58.8,1232.3,50.8,34.21,25.5,410.4,4.62,60322.0,37.4,Severe,37.35617,-80.29775
S0079,North,836,Mobile,True,1,62.3,959.9,65.5,25.56,-5.0,436.6,6.83,51512.0,26.5,High,28.20052,-74.04113
S0080,South,302,Community,True,1,34.3,700.5,34.5,34.76,39.3,393.6,4.79,50741.0,27.9,Medium,48.02106,-118.53254
S0081,East,881,Community,False,4,58.2,974.3,43.8,39.86,43.4,387.3,5.77,45974.0,26.9,High,43.99773,-102.37076
S0082,South,540,Regulatory,True,4,63.4,1347.0,55.4,49.58,36.4,440.3,6.46,35842.0,36.7,Low,37.5374,-79.8733
S0083,Central,485,Community,True,4,82.0,1714.8,71.2,26.44,47.6,477.7,6.66,52613.0,28.6,Medium,28.86163,-99.68002
S0084,South,077,Community,True,3,59.5,979.4,59.7,36.7,36.0,426.8,4.91,42919.0,34.7,Severe,39.73758,-105.3969
S0085,West,633,Mobile,True,5,45.6,754.5,51.7,35.46,32.2,431.9,7.16,44234.0,31.1,Low,43.31342,-100.84894
S0086,West,515,Regulatory,True,5,46.0,931.0,43.2,22.9,28.1,381.9,5.67,57349.0,26.3,High,31.10042,-89.83643
S0087,East,549,Mobile,True,2,60.0,1033.0,84.0,27.49,38.5,487.4,5.67,33738.0,33.9,Medium,39.21648,-67.0112
S0088,East,944,Regulatory,True,2,67.0,1200.4,60.4,,22.7,444.4,6.11,35609.0,25.6,High,44.50553,-96.15294
S0089,East,659,Mobile,True,5,47.0,849.5,59.9,32.46,37.1,440.8,6.02,49758.0,32.8,Low,43.51733,-112.51157
S0090,Central,092,Regulatory,True,1,53.2,728.0,58.9,37.93,34.4,425.8,5.39,52978.0,34.7,Medium,44.26433,-115.13632
S0091,Central,851,Community,True,5,63.5,1141.3,60.2,23.67,41.0,384.1,6.07,52030.0,28.0,Severe,45.90545,-122.06489
S0092,South,785,Regulatory,True,3,86.6,1475.7,71.4,23.6,38.6,438.9,4.5,43731.0,19.0,Low,47.16017,-92.36801
S0093,North,466,Regulatory,True,2,51.5,868.5,57.7,24.57,33.1,414.5,5.15,70032.0,24.4,High,35.7187,-93.1871
S0094,West,466,Mobile,True,2,61.1,1273.0,60.2,29.99,28.1,413.7,5.11,45539.0,32.0,Medium,39.22854,-112.69905
S0095,West,889,Regulatory,True,2,55.8,853.4,58.1,20.97,35.1,426.3,4.36,48034.0,31.6,Medium,43.99918,-84.51856
S0096,NORTH ,599,Regulatory,True,5,41.8,850.8,37.8,25.77,35.4,381.8,5.81,43519.0,40.2,High,41.98851,-81.88635
S0097,South,040,Regulatory,True,2,69.1,1209.7,53.4,17.06,24.2,403.7,5.23,48733.0,36.2,Medium,48.40368,-109.60185
S0098,South,690,Mobile,True,2,61.4,1071.5,60.3,21.2,-5.0,412.6,5.91,53491.0,22.2,Low,27.29407,-104.71426
S0099,East,329,Regulatory,False,5,61.7,1204.8,62.5,40.24,37.5,421.8,4.77,57400.0,36.2,Severe,34.63536,-67.54788
S0100,North,285,Mobile,True,1,59.1,1104.9,50.9,36.38,27.0,428.4,6.56,36456.0,23.7,High,33.0421,-102.97979
S0101,East,947,Community,True,2,39.0,770.6,49.4,23.95,27.6,398.9,6.95,48408.0,33.7,Low,32.63979,-80.7539
S0102,South,554,Mobile,True,2,60.9,1212.5,62.4,22.22,37.4,424.6,4.79,51299.0,42.0,Medium,31.78439,-98.46829
S0103,Central,797,Regulatory,True,2,54.8,947.3,44.2,19.5,22.0,392.8,6.3,54013.0,33.0,High,42.24616,-78.88267
S0104,East,066,Community,True,3,45.8,751.6,40.3,23.3,32.9,397.6,4.98,50543.0,21.3,Severe,28.82233,-80.28116
S0105,South,636,Regulatory,True,5,61.3,972.9,52.3,37.45,25.9,420.9,4.91,53502.0,27.6,Severe,42.94459,-86.10403
S0106,South,657,Mobile,True,2,59.5,971.2,61.5,43.48,-5.0,385.0,5.96,42701.0,40.7,Severe,41.90866,-75.35025
S0107,Central,632,Community,True,3,82.8,1844.4,69.7,29.74,56.1,460.7,6.22,56397.0,24.8,Low,32.39229,-70.49494
S0108,Central,109,Community,True,1,62.0,1266.1,67.6,21.93,30.0,463.2,4.51,55345.0,34.4,Severe,32.43593,-91.15096
S0109,Central,415,Community,True,1,69.6,1090.8,61.0,35.46,39.5,414.0,5.35,37696.0,22.1,Severe,40.5205,-110.84554
S0110,North,092,Regulatory,True,3,62.0,956.5,54.6,22.76,27.8,403.6,5.55,40660.0,27.0,Medium,43.38668,-101.57883
S0111,South,368,Community,False,1,36.8,720.7,24.3,19.59,34.4,357.0,4.98,42301.0,33.8,Medium,45.84444,-80.89742
S0112,NORTH ,820,Community,True,4,64.6,1228.3,44.2,45.73,20.9,388.2,6.7,53054.0,42.9,Medium,45.321,-87.0742
S0113,North,423,Community,True,1,69.1,1309.0,57.9,42.26,38.3,427.5,6.28,36868.0,26.6,High,47.74498,-114.2766
S0114,West,572,Community,True,4,92.9,1641.7,62.6,36.95,28.7,403.4,6.18,42502.0,16.2,Medium,39.49978,-121.55373
S0115,West,862,Mobile,True,3,57.8,1024.5,61.2,,33.6,413.4,4.7,52491.0,42.1,Low,46.53609,-85.22971
S0116,West,739,Regulatory,True,4,55.7,1042.8,56.8,32.52,25.9,445.2,5.79,48214.0,30.0,Low,44.38304,-110.06296
S0117,South,240,Regulatory,True,1,53.2,967.8,80.6,50.15,46.7,451.2,5.86,51264.0,27.8,Medium,46.23535,-95.76896
S0118,North,435,Community,True,2,44.1,528.3,61.8,26.35,28.7,449.8,6.22,43304.0,18.0,Medium,27.24997,-81.56206
S0119,North,212,Mobile,True,4,70.1,1233.4,65.0,53.14,40.7,442.3,6.21,52358.0,28.6,High,47.76691,-92.14666
S0120,West,400,Community,True,1,67.9,1120.1,61.7,,32.7,403.9,7.33,43374.0,27.8,Low,37.1809,-119.7101
S0121,East,610,Regulatory,True,2,69.8,1278.0,70.9,61.38,36.8,457.1,6.91,44735.0,20.0,Severe,44.16093,-113.82914
S0122,West,526,Regulatory,False,3,52.3,1299.0,59.5,33.81,36.1,425.4,5.83,49108.0,32.1,Severe,29.73489,-111.88863
S0123,South,730,Regulator,True,3,76.4,1419.5,55.9,39.27,27.9,413.8,5.62,47308.0,18.6,Severe,35.51273,-109.67281
S0124,West,468,Community,False,5,46.1,792.1,26.7,40.18,28.4,371.7,5.3,50439.0,28.8,High,32.8364,-91.9893
S0125,West,170,Community,True,3,67.4,1324.3,55.9,36.39,46.2,427.7,4.6,41049.0,36.1,Low,33.27066,-95.52197
S0126,North,819,Mobile,False,5,74.4,1397.7,81.6,31.1,34.2,477.4,4.82,44217.0,19.3,Medium,29.65,-112.8183
S0127,West,792,Mobile,True,3,42.5,815.0,49.1,23.69,41.6,426.0,4.96,50127.0,27.2,Low,44.32392,-120.6156
S0128,Central,875,Regulatory,True,3,52.3,1014.9,57.9,32.72,46.5,430.3,5.78,37910.0,29.0,Severe,27.19871,-114.64265
S0129,Central,210,Regulatory,True,3,53.9,1217.7,46.4,17.97,25.1,382.9,5.61,43994.0,28.5,Medium,33.71887,-67.89807
S0130,East,256,Mobile,True,5,57.6,900.3,31.4,24.81,16.2,369.5,4.93,52699.0,37.9,Medium,30.74983,-97.55855
S0131,South,683,Regulatory,True,5,50.6,967.2,46.4,41.0,34.0,447.6,5.43,38977.0,31.8,High,39.66434,-74.62763
S0132,South,073,Mobile,True,4,68.1,1115.3,49.1,13.9,27.9,419.2,3.69,57561.0,21.1,Severe,32.46643,-75.69673
S0133,North,147,Community,False,1,46.0,894.2,28.2,42.28,-5.0,406.4,6.45,59792.0,29.9,High,32.56847,-95.08763
S0134,South,340,Regulatory,True,1,74.6,1233.1,60.9,,35.5,450.5,7.39,37640.0,22.8,High,37.49927,-83.86546
S0135,East,317,Regulatory,True,1,49.9,847.4,52.2,24.57,26.6,417.5,6.11,60777.0,26.8,Medium,41.03281,-113.41676
S0136,Central,618,Regulator,True,3,76.6,1343.0,69.5,41.97,28.2,449.7,6.6,45794.0,26.8,High,29.60805,-84.91719
S0137,North,606,Community,True,1,46.9,961.7,43.5,27.19,39.6,397.8,5.81,52578.0,33.1,Low,30.7735,-108.83789
S0138,Central,575,Regulatory,True,5,54.3,1088.0,50.5,44.54,-5.0,384.8,7.42,44499.0,15.7,Severe,32.31426,-76.65643
S0139,East,154,Regulatory,True,4,67.4,1064.3,60.2,45.03,35.4,428.6,6.48,55998.0,34.1,Medium,47.93559,-119.68586
S0140,North,255,Mobile,False,2,46.3,839.1,31.9,,35.6,395.6,5.23,53214.0,33.1,Low,35.53878,-80.04453
S0141,West,351,Community,True,4,63.7,1061.3,51.6,36.82,29.0,403.8,5.62,42119.0,23.0,Severe,39.87829,-118.75363
S0142,South,547,Mobile,True,1,75.7,1211.7,72.2,32.74,37.7,456.2,4.68,38408.0,31.3,Medium,32.19317,-73.83162
S0143,East,835,Community,True,1,43.3,753.9,41.5,27.33,30.2,407.5,4.89,38794.0,19.1,Severe,37.54488,-107.00824
S0144,North,312,Community,False,5,69.4,1211.5,58.2,24.59,40.0,411.1,5.22,49235.0,18.9,Severe,28.59356,-86.87238
S0145,Central,808,Mobile,True,4,68.8,1529.9,49.6,55.49,37.1,402.6,6.82,50400.0,42.8,High,27.74696,-96.46862
S0145,North,765,Mobile,False,5,60.5,1140.5,61.4,,33.6,415.2,7.61,53365.0,28.6,Low,37.07777,-103.43757
S0147,West,669,Community,True,5,29.8,371.7,25.2,17.85,26.8,353.1,4.95,51826.0,30.5,Low,35.57117,-87.38709
S0148,East,134,Mobile,True,2,49.8,827.9,43.2,17.14,27.8,378.5,5.68,40777.0,32.0,Severe,29.94293,-70.01743
S0149,North,948,Regulatory,True,5,58.1,1167.7,71.7,29.05,26.1,435.5,5.15,42537.0,24.6,Severe,41.78343,-122.12699
S0150,East,129,Regulatory,True,5,62.2,1370.5,46.2,33.64,33.6,424.4,5.46,55996.0,31.0,Medium,48.34743,-71.66596
S0151,East,436,Regulatory,True,2,56.0,817.4,52.8,32.1,48.3,401.3,4.67,46218.0,32.4,Medium,35.50641,-89.4778
S0152,Central,280,Regulatory,True,3,53.3,734.6,61.1,47.71,28.2,431.9,5.87,51740.0,26.6,Low,40.42801,-78.07943
S0152,South,358,Regulatory,True,3,55.1,1216.1,58.2,40.09,28.4,417.3,6.37,39098.0,30.5,Severe,47.70398,-102.42719
S0154,West,930,Mobile,False,2,67.3,1258.9,53.7,43.11,26.5,434.4,6.16,50139.0,28.3,Low,44.878,-97.36903
S0155,North,883,Community,False,5,60.1,976.8,52.4,33.41,38.9,434.0,6.33,45477.0,24.6,Low,36.96637,-74.54108
S0156,South,252,Mobile,False,1,35.9,710.0,32.1,15.09,31.6,390.8,4.88,59114.0,26.9,High,42.85602,-100.64624
S0157,Central,135,Regulatory,False,4,79.1,1107.7,74.5,33.64,37.4,458.7,5.44,54542.0,33.0,Low,29.7549,-93.75707
S0158,South,843,Regulatory,True,1,68.0,1225.1,76.1,50.99,31.7,453.5,8.05,43684.0,28.7,Severe,38.01023,-123.33879
S0159,East,523,Mobile,True,1,36.8,702.3,45.3,26.16,32.1,383.7,5.24,49773.0,37.2,Low,32.9998,-115.38061
S0160,East,804,Mobile,False,5,69.0,1352.5,61.4,38.53,22.8,459.7,6.74,42476.0,27.7,Low,30.46502,-87.60303
S0161,West,660,Community,True,4,48.2,746.1,47.8,25.03,33.1,394.7,4.97,39168.0,31.8,Medium,36.16504,-83.27383
S0162,NORTH ,319,Regulatory,True,4,72.9,1322.9,62.8,22.99,42.7,443.0,5.65,40203.0,26.4,Medium,29.81681,-91.00045
S0163,North,080,Mobile,True,3,74.6,1232.1,60.1,31.22,25.0,444.0,6.21,49193.0,34.9,Low,42.02818,-116.25967
S0164,NORTH ,191,Community,True,2,44.3,828.3,53.4,31.86,21.1,407.8,5.74,52632.0,27.3,Medium,36.80916,-98.88919
S0165,West,453,Regulatory,True,5,78.7,1309.9,66.4,27.26,49.2,455.2,3.71,48329.0,20.8,Medium,38.41961,-104.08205
S0166,North,344,Regulatory,True,4,64.0,1103.1,59.3,28.94,29.9,438.1,5.46,45968.0,31.3,Severe,30.14708,-95.99947
S0167,East,030,Regulatory,True,5,69.7,1135.1,55.4,,42.9,445.7,5.99,55654.0,28.0,Low,30.00509,-74.45608
S0168,West,414,Mobile,False,3,77.2,1467.1,84.4,56.24,39.9,464.9,7.18,46706.0,24.6,Severe,39.54343,-79.88797
S0169,South,871,Regulatory,True,1,54.4,1082.1,57.9,27.31,33.2,404.9,5.68,54133.0,32.7,High,48.17771,-119.6706
S0170,West,368,Regulatory,True,4,45.6,793.5,43.0,44.86,34.3,389.9,5.04,36049.0,27.9,Low,29.06939,-73.30722
S0171,NORTH ,741,Community,True,3,48.3,873.8,54.1,49.63,26.5,420.5,5.98,20000.0,27.9,Low,33.14323,-97.37339
S0172,North,993,Mobile,False,5,60.5,914.8,42.9,27.39,31.8,398.0,5.66,51781.0,29.6,Medium,45.69337,-81.72793
S0173,Central,596,Community,True,3,50.8,879.2,48.0,19.83,28.9,400.4,5.28,38327.0,38.1,Low,28.55385,-116.44774
S0174,Central,502,Mobile,True,3,54.4,973.4,52.3,14.11,22.5,385.6,5.56,47460.0,29.6,Medium,45.83154,-85.93363
S0175,North,662,Regulatory,False,3,72.1,1613.1,43.6,17.51,33.6,405.5,4.77,42904.0,32.2,Low,38.27215,-110.91125
S0176,North,873,Community,True,3,68.7,1102.6,67.0,20.64,34.7,470.3,5.32,61083.0,19.7,High,35.77774,-99.2931
S0177,North,701,Mobile,False,3,56.1,1186.2,40.5,44.42,28.9,399.8,6.23,51082.0,36.3,Medium,33.65813,-123.53038
S0178,Central,021,Mobile,True,3,83.7,1625.9,59.7,34.81,25.2,436.6,5.05,46571.0,30.6,Low,33.38802,-115.78239
S0179,North,549,Regulatory,True,2,53.2,991.1,35.7,30.28,41.7,392.9,3.93,55749.0,27.8,Medium,33.57476,-119.20537
S0180,NORTH ,246,Regulatory,True,5,95.0,1921.0,81.5,18.12,47.4,472.7,5.21,46422.0,35.2,High,46.02327,-110.71471
S0181,South,283,Community,True,1,71.6,1333.0,60.1,21.24,42.7,442.1,5.18,43341.0,30.0,Low,42.5616,-118.74896
S0182,East,614,Community,True,5,46.8,888.9,43.8,37.1,28.5,404.8,5.42,58239.0,27.5,Severe,41.39904,-84.71517
S0183,South,931,Mobile,False,4,60.1,1075.3,36.0,29.86,15.2,380.0,4.36,39670.0,32.8,Medium,44.17311,-122.83021
S0184,West,806,Community,False,4,62.2,1265.6,50.4,28.15,48.2,398.9,5.85,49992.0,27.7,Severe,32.52797,-88.97992
S0185,East,232,Regulatory,False,5,61.8,1243.5,56.5,37.41,33.6,417.9,5.68,35159.0,38.0,Low,40.28792,-116.4093
S0186,South,316,Community,True,3,70.4,1191.5,57.7,56.26,28.4,428.6,7.2,49483.0,34.1,Severe,36.89142,-70.15322
S0187,West,838,Community,False,2,73.5,1164.5,62.3,30.47,38.9,427.3,6.83,49557.0,30.3,High,43.8225,-70.84709
S0188,South,800,Mobile,True,1,68.5,1208.6,47.2,30.35,41.1,409.7,4.02,61160.0,40.9,Medium,33.64901,-111.53357
S0189,West,336,Regulatory,False,3,50.0,804.5,48.0,30.13,31.8,413.0,5.02,37653.0,24.2,Medium,40.82834,-89.17078
S0190,North,988,Mobile,True,5,37.3,663.8,50.3,63.49,-5.0,423.0,7.03,46210.0,34.6,Low,45.96757,-122.88969
S0191,West,976,Regulatory,True,5,57.4,1181.7,55.2,14.42,42.5,438.6,5.74,54491.0,32.2,Severe,35.64624,-70.92216
S0192,North,411,Regulatory,False,2,66.2,1136.9,60.3,40.42,26.5,429.6,4.88,50861.0,26.6,High,28.43237,-94.42823
S0193,West,245,Mobile,False,2,74.6,1338.6,59.2,31.15,29.4,406.9,6.91,48411.0,26.8,Low,38.09509,-122.01467
S0194,West,387,Community,True,5,45.9,832.6,40.6,32.45,37.8,387.9,5.72,42355.0,37.4,Low,34.43841,-104.80625
S0195,South,689,Mobile,True,3,59.9,1179.8,56.8,24.3,12.5,422.9,5.15,43195.0,33.7,Low,41.45285,-120.08116
S0196,West,725,Community,True,3,65.7,913.5,56.2,30.49,32.9,393.7,5.39,59479.0,20.2,High,47.44721,-101.90569
S0197,South,358,Mobile,True,3,41.3,670.8,44.8,34.54,19.8,421.6,5.42,50563.0,41.9,High,37.44058,-85.97924
S0198,West,614,Mobile,True,1,56.0,1033.6,58.2,90.65,30.7,427.0,9.27,51801.0,35.2,Medium,37.02309,-97.48133
S0199,Central,798,Community,True,1,67.9,1366.2,47.6,39.34,29.5,411.5,5.22,45881.0,28.8,Medium,41.07357,-102.43597
S0200,East,022,Community,True,3,42.3,703.1,35.4,18.97,26.0,404.3,5.19,41316.0,28.2,Medium,29.2252,-117.64847
S0201,South,019,Community,True,5,58.0,819.0,47.5,,27.4,396.0,4.97,57556.0,37.2,Medium,32.45038,-110.416
S0202,South,287,Mobile,True,2,69.9,1333.5,47.8,25.48,23.2,414.7,4.74,51025.0,33.4,Low,46.75806,-118.74176
S0203,North,276,Community,True,4,80.1,1365.8,56.1,17.26,52.4,419.3,6.67,65251.0,33.1,Medium,41.40377,-78.06882
S0204,Central,659,Community,True,2,77.0,1242.5,66.8,30.45,-5.0,437.5,5.82,39420.0,30.1,Low,27.28905,-116.72371
S0205,North,898,Community,True,2,49.4,815.1,34.1,33.43,19.2,369.8,6.1,56690.0,40.5,Severe,31.39945,-90.26603
S0206,Central,552,Regulatory,True,4,44.2,773.6,49.7,17.9,45.1,434.5,5.69,39866.0,35.2,High,41.681,-104.79243
S0207,Central,679,Community,True,3,57.6,965.1,60.4,44.81,31.9,423.1,5.25,50468.0,24.7,Severe,43.43458,-111.50624
S0208,West,603,Community,True,2,75.2,1088.5,44.4,,32.1,410.4,6.99,56281.0,27.6,Medium,45.05698,-87.73056
S0209,North,072,Community,True,4,64.2,1264.0,65.4,25.23,35.8,409.6,3.51,30839.0,29.1,Severe,33.2818,-98.22237
S0210,East,365,Regulatory,True,5,95.0,1863.0,95.0,40.67,38.5,508.7,5.5,42183.0,34.7,High,47.01711,-101.49164
S0211,Central,950,Regulatory,True,5,74.8,1424.9,52.8,54.62,41.1,430.7,6.41,41945.0,28.5,Medium,38.88836,-90.41101
S0212,Central,795,Community,False,5,77.0,1248.8,69.7,44.97,38.4,447.0,6.66,41891.0,28.2,Low,41.97559,-96.25211
S0213,South,335,Community,True,3,74.2,1311.1,57.7,32.19,30.6,420.4,5.76,50215.0,33.8,High,39.82989,-107.04966
S0214,West,652,Community,True,2,80.8,1453.7,62.3,30.97,25.1,438.1,5.43,55243.0,25.0,Severe,29.63891,-92.35398
S0215,East,751,Community,True,2,52.4,1014.3,41.7,28.06,23.3,429.4,5.39,47848.0,36.4,Low,47.70697,-86.00383
S0216,Central,590,Regulatory,True,1,74.7,1424.3,48.2,25.39,18.9,380.4,4.58,48098.0,30.4,Low,29.64182,-122.96514
S0217,South,199,Community,False,5,51.1,831.1,44.2,13.22,31.2,411.3,3.61,50928.0,38.7,High,32.47996,-97.71238
S0218,North,017,Regulatory,True,3,58.8,1067.7,51.6,,23.3,399.3,7.53,48608.0,24.0,Severe,44.493,-121.18321
S0219,Central,218,Mobile,True,4,63.3,1195.1,47.0,30.76,29.6,404.2,6.02,39115.0,44.5,High,40.29983,-113.78169
S0220,South,741,Regulatory,True,3,64.0,1327.2,46.3,33.43,42.5,399.7,6.78,55904.0,28.9,Medium,45.02021,-92.27075
S0221,North,852,Mobile,True,2,91.0,1722.6,74.9,36.69,48.3,448.5,5.28,47026.0,28.1,Medium,38.08833,-74.69414
S0222,West,650,Regulatory,True,5,44.0,887.2,38.5,20.2,29.4,389.1,5.49,52836.0,32.3,Medium,35.10535,-73.73867
S0223,North,147,Regulatory,False,1,66.0,1198.9,61.5,30.03,34.7,413.7,5.3,41355.0,21.2,Severe,46.81968,-120.47822
S0224,Central,210,Regulatory,False,3,35.6,810.3,40.3,14.72,45.1,408.0,5.57,46465.0,36.9,High,27.77942,-100.40146
S0225,East,670,Community,True,1,48.1,914.4,44.9,60.99,35.4,373.9,7.76,48105.0,29.4,Medium,45.4068,-90.97713
S0226,North,414,Regulatory,False,2,61.3,999.5,75.3,22.27,36.2,463.6,5.26,36730.0,28.1,Medium,31.96258,-116.04348
S0227,East,665,Community,True,4,73.1,1484.4,46.2,20.81,20.2,398.3,4.8,32590.0,25.9,Severe,45.24783,-80.48765
S0228,East,856,Regulatory,False,3,40.4,811.8,48.1,23.48,35.2,389.1,5.85,45323.0,28.8,High,29.99273,-81.70647
S0229,North,330,Regulatory,False,2,50.1,848.4,57.3,46.75,41.0,426.2,6.79,54090.0,26.8,Severe,39.47471,-72.55789
S0230,West,895,Mobile,True,5,66.5,1139.4,65.6,33.06,31.4,414.8,5.17,42939.0,30.2,Medium,46.09432,-124.01205
S0231,North,962,Regulatory,True,3,53.1,991.0,46.1,18.23,33.8,403.5,3.98,40903.0,32.6,High,37.1811,-112.04066
S0232,South,870,Community,True,1,67.5,1270.4,52.9,47.42,30.3,393.9,6.17,40860.0,28.4,High,43.05118,-76.93676
S0233,East,352,Mobile,True,3,65.7,1206.4,63.7,41.91,34.5,441.7,7.16,44119.0,25.0,Medium,44.30044,-85.94165
S0234,Central,163,Mobile,True,2,48.7,913.6,37.1,31.72,9.4,372.9,6.39,46687.0,34.5,Severe,42.83463,-73.07258
S0235,East,819,Regulatory,False,2,84.7,1729.0,68.7,45.46,35.4,436.9,5.49,61950.0,27.5,Low,46.89459,-121.21217
S0236,Central,101,Regulatory,False,1,69.3,1376.0,58.2,73.32,42.3,429.1,6.85,55181.0,29.1,High,36.60694,-90.17457
S0237,South,327,Mobile,True,2,34.2,638.6,44.6,56.56,26.1,388.8,7.72,59367.0,42.9,Severe,30.7222,-91.77982
S0238,South,327,Community,False,3,71.9,1406.8,59.9,25.4,35.4,427.0,4.48,55908.0,31.3,Medium,28.02794,-122.44872
S0239,South,155,Regulatory,False,1,55.0,866.2,40.6,48.29,24.1,370.4,6.77,41812.0,43.4,High,32.29889,-94.97248
S0240,North,010,Mobile,True,2,74.6,1391.2,61.0,37.5,38.1,439.3,5.44,36874.0,27.4,Medium,30.07875,-89.45258
S0241,East,353,Community,True,2,54.5,1197.5,42.2,32.82,28.8,422.4,6.77,38960.0,31.3,High,38.9959,-113.50064
S0242,Central,939,Regulatory,True,3,65.7,1155.8,48.2,16.34,24.5,448.6,4.28,58741.0,27.3,Severe,30.97632,-108.78355
S0243,South,183,Mobile,True,2,67.1,1106.9,67.9,31.47,47.6,443.6,6.37,43981.0,28.2,High,27.83707,-87.68003
S0244,South,455,Mobile,True,3,62.6,1048.7,52.7,22.63,40.6,426.7,5.26,38697.0,27.5,High,27.77378,-97.5727
S0245,Central,646,Regulatory,True,5,48.0,733.1,55.9,39.21,29.1,393.9,6.14,47153.0,26.0,Medium,44.87874,-75.16421
S0246,NORTH ,006,Community,False,3,52.1,843.2,58.3,43.85,38.6,447.4,4.81,48032.0,16.9,Low,39.71617,-104.81305
S0247,East,333,Community,False,4,51.1,875.9,59.0,14.6,39.0,437.8,3.19,51892.0,37.0,Medium,34.69883,-109.16707
S0248,Central,944,Regulator,True,2,55.7,833.5,44.8,27.88,36.3,393.3,5.24,52006.0,28.7,High,46.2259,-67.87021
S0249,NORTH ,333,Community,False,5,88.6,1596.9,71.5,53.91,24.3,467.2,6.87,38793.0,34.6,Low,28.50923,-72.10969
S0250,East,258,Mobile,True,1,65.0,1278.0,47.6,27.53,39.9,401.8,4.59,52817.0,29.9,High,48.07692,-122.83292
S0251,Central,211,Regulatory,False,4,46.7,732.1,38.2,33.94,25.0,381.9,4.93,45494.0,36.2,Medium,40.25027,-80.1831
S0252,Central,051,Community,True,1,81.2,1644.4,68.1,39.46,34.2,449.8,6.37,43883.0,26.8,High,30.94448,-118.15575
S0253,South,445,Regulatory,True,4,86.9,1625.7,86.6,44.69,62.8,459.9,6.63,50740.0,25.2,Low,41.59999,-122.9196
S0254,Central,659,Mobile,False,5,88.0,1707.7,56.5,30.2,36.5,437.0,5.41,39619.0,22.7,High,43.4127,-108.76251
S0255,North,377,Regulatory,True,5,45.2,734.0,36.9,16.96,26.1,370.5,5.39,46041.0,39.7,High,36.23087,-109.01261
S0256,South,640,Community,True,5,43.6,887.8,48.9,18.77,14.6,392.4,4.12,54407.0,28.0,Severe,45.5251,-77.38917
S0257,South,486,Regulatory,True,4,79.7,1304.0,56.5,41.53,45.2,408.1,5.83,40314.0,34.3,High,30.24075,-83.63663
S0258,East,770,Community,True,3,53.8,1075.1,52.7,29.49,22.4,426.2,6.63,45471.0,20.7,High,32.99501,-68.05746
S0259,West,051,Community,False,1,73.1,1335.8,53.6,29.74,25.4,407.3,5.53,51431.0,24.7,Severe,29.01009,-83.58801
S0260,East,154,Community,True,3,73.3,1386.4,61.2,28.18,32.6,409.9,5.5,63114.0,30.0,High,31.53387,-100.45031
S0261,North,582,Community,False,3,48.0,723.8,42.1,24.29,41.9,386.7,6.83,55501.0,30.6,Medium,32.13267,-84.31166
S0262,South,788,Community,True,2,51.9,827.5,48.1,40.89,38.2,406.1,5.06,53816.0,33.1,Severe,46.72911,-67.0311
S0263,South,791,Mobile,True,1,19.9,429.0,22.5,19.64,24.4,342.8,5.54,56673.0,36.7,High,28.67936,-83.66684
S0264,Central,310,Regulatory,True,4,42.6,653.1,43.0,16.72,33.2,380.2,6.0,42496.0,42.4,Medium,36.18943,-80.70332
S0265,West,399,Mobile,True,2,53.5,1018.3,49.5,37.25,27.6,440.8,5.64,49815.0,33.3,High,38.44657,-70.54401
S0266,West,134,Regulatory,True,2,48.6,710.0,36.7,24.39,30.3,373.1,5.82,50502.0,30.1,Severe,46.3219,-117.96505
S0267,Central,220,Regulatory,True,5,89.6,1714.7,73.9,37.45,39.1,448.1,5.19,47284.0,22.9,Severe,48.45047,-83.9749
S0268,North,163,Regulatory,True,4,45.2,665.8,53.9,50.49,41.2,411.6,6.04,51937.0,36.4,Severe,43.19784,-75.57866
S0269,West,971,Mobile,True,3,47.5,922.1,51.7,28.38,40.7,406.8,5.69,52505.0,20.5,Medium,47.87201,-69.62323
S0270,South,648,Community,True,3,64.2,1231.3,64.3,35.86,-5.0,445.0,6.35,45120.0,30.5,Medium,43.92267,-112.36927
S0271,North,569,Community,True,3,84.5,1436.9,58.3,21.99,-5.0,439.1,5.88,46847.0,21.6,Low,47.70886,-95.52408
S0272,East,502,Mobile,True,5,39.1,773.8,41.9,24.33,36.4,390.8,6.32,40534.0,38.3,Low,42.20632,-85.3681
S0273,East,946,Community,True,3,73.2,1348.0,57.9,39.64,33.7,405.6,5.93,44353.0,25.8,Severe,28.71491,-110.27061
S0274,North,689,Regulatory,True,1,60.2,1019.1,43.3,16.38,22.2,417.0,5.65,60012.0,34.5,Medium,35.64128,-89.97281
S0275,South,115,Community,True,3,43.5,662.2,39.3,28.12,-5.0,389.3,5.17,53577.0,32.4,High,40.90184,-109.68922
S0276,East,499,Community,True,3,69.4,1014.3,69.2,35.11,38.0,470.4,6.39,48747.0,17.8,High,34.54045,-105.32622
S0277,South,472,Community,True,1,61.7,1151.9,64.6,32.69,43.4,402.6,5.78,63258.0,30.9,High,32.87775,-99.11267
S0278,Central,149,Regulatory,True,5,55.3,807.9,50.9,41.87,31.3,414.6,6.41,39266.0,25.5,Low,39.41408,-94.07157
S0279,West,241,Community,True,2,55.5,1010.7,43.4,31.32,21.2,427.0,5.86,40060.0,36.1,Medium,47.07029,-98.66146
S0280,North,123,Community,False,4,52.8,917.9,49.6,48.09,32.8,403.9,5.28,63194.0,24.1,Medium,27.75211,-96.14126
S0281,West,804,Community,True,5,65.7,1264.0,58.5,22.21,35.5,422.0,4.32,47783.0,29.7,Medium,43.53847,-107.33115
S0282,Central,839,Mobile,True,3,65.7,1146.5,63.0,33.88,37.2,437.9,5.77,46180.0,27.6,Severe,42.53864,-115.35951
S0283,East,069,Mobile,True,2,89.4,1569.6,56.1,34.27,41.4,412.6,4.53,35989.0,25.2,High,47.725,-121.77738
S0284,South,826,Community,True,4,42.7,857.3,35.5,17.58,37.0,379.2,5.46,53438.0,41.2,Medium,47.01029,-113.23122
S0285,South,063,Mobile,False,4,86.9,1605.2,75.8,51.96,34.2,451.4,7.21,49724.0,25.0,Severe,43.388,-91.03824
S0286,Central,733,Mobile,True,4,42.2,797.0,39.8,59.07,25.0,382.2,7.18,41462.0,29.5,Medium,38.18879,-79.29836
S0287,North,016,Regulatory,True,1,49.7,950.3,35.9,26.01,-5.0,403.1,4.52,48176.0,34.6,High,31.39175,-114.76826
S0288,West,390,Mobile,True,1,56.5,832.6,59.6,36.74,40.5,434.2,6.8,47320.0,19.3,Low,38.72257,-118.25807
S0289,East,590,Mobile,True,2,54.2,1066.7,59.0,,46.3,429.9,6.99,50647.0,42.9,High,43.45507,-81.4158
S0290,North,634,Community,True,3,60.1,1155.4,55.6,23.66,31.4,432.2,5.29,39114.0,22.4,Medium,46.25689,-106.9534
S0291,Central,948,Regulatory,True,2,54.2,853.4,58.5,,32.7,421.3,5.16,59895.0,31.6,Low,43.97881,-69.78878
S0292,Central,258,Regulator,True,3,69.4,1220.5,54.7,24.28,45.4,406.9,5.36,55004.0,29.4,Medium,31.19824,-83.42672
S0293,South,217,Regulatory,True,5,49.5,887.0,42.7,16.74,34.7,387.8,5.21,46772.0,38.5,Medium,39.89326,-105.71153
S0294,East,479,Mobile,False,4,71.3,1267.3,48.2,54.58,35.5,406.8,6.65,45665.0,31.4,High,34.14173,-107.85129
S0295,North,114,Community,False,4,73.5,1363.7,55.4,30.35,24.3,403.9,5.49,45726.0,25.1,Low,27.19792,-94.38734
S0296,South,882,Regulatory,True,1,63.7,1318.8,56.1,27.29,39.5,413.4,6.0,40861.0,17.6,High,31.30475,-119.94918
S0297,East,973,Regulatory,True,5,83.2,1626.8,75.1,49.98,31.4,447.5,8.14,41692.0,14.3,High,29.43424,-117.7336
S0298,West,380,Mobile,True,5,70.9,1119.4,63.8,22.26,26.9,466.6,4.13,46121.0,25.8,High,45.11846,-114.38817
S0299,West,658,Regulatory,True,3,75.9,1440.8,66.6,26.02,33.9,398.2,5.23,59258.0,34.9,High,32.55788,-79.95339
S0300,South,977,Community,False,5,71.1,1439.5,64.3,33.89,31.4,433.1,4.87,53936.0,17.1,Low,33.12101,-94.9532
S0301,North,237,Regulatory,True,1,54.7,1031.4,42.3,39.56,28.8,422.0,7.09,56289.0,42.6,Medium,47.63864,-123.89239
S0302,East,476,Community,True,3,50.0,1030.4,48.4,33.64,20.6,408.9,5.27,51777.0,36.9,Severe,35.15036,-85.7728
S0303,West,972,Community,False,2,64.1,1394.5,75.8,37.87,46.6,467.8,4.88,37694.0,16.7,High,27.20609,-100.13781
S0304,West,931,Community,False,3,67.3,1334.3,53.6,31.52,42.4,417.9,6.02,46662.0,22.8,High,33.10269,-95.12599
S0305,North,598,Mobile,True,2,58.7,1087.0,67.7,37.43,21.3,431.9,7.09,56242.0,20.6,High,29.56494,-112.18832
S0306,South,679,Mobile,True,3,58.7,1181.8,53.6,32.08,41.2,382.8,6.07,37843.0,31.1,Medium,29.21038,-92.77252
S0307,Central,129,Community,True,4,79.5,1448.6,78.4,25.75,33.1,464.2,5.43,51401.0,24.0,High,28.66598,-68.19869
S0308,East,510,Community,True,2,58.6,1058.3,37.8,27.63,36.3,376.5,5.67,67231.0,31.9,Severe,39.75508,-120.27693
S0309,West,165,Regulatory,False,1,67.1,1165.6,65.2,22.57,35.7,425.3,6.12,56501.0,23.9,Low,31.07098,-108.17475
S0310,Central,277,Regulatory,True,2,66.4,1383.5,47.1,30.27,32.0,397.3,4.9,58011.0,31.7,Severe,34.76672,-110.52764
S0311,North,257,Regulatory,True,2,50.5,811.5,41.5,22.93,28.9,420.9,5.07,51878.0,36.7,Low,45.53338,-110.20841
S0312,South,132,Mobile,True,3,72.0,1480.3,67.7,82.37,46.6,478.0,7.8,53862.0,25.7,Medium,36.12327,-102.72438
S0313,East,992,Regulatory,False,4,65.6,1240.9,71.3,33.48,27.9,451.7,4.86,41812.0,21.8,Severe,46.68736,-77.45869
S0314,North,570,Community,False,3,58.6,886.2,56.4,18.59,39.0,414.5,4.7,56050.0,34.7,High,37.70567,-72.01063
S0315,South,257,Community,False,3,75.2,1397.2,56.1,30.41,42.8,403.3,6.3,51852.0,27.5,Severe,35.57499,-112.87263
S0316,North,141,Mobile,True,4,59.5,819.4,54.5,36.13,-5.0,425.1,6.2,52403.0,32.4,Severe,43.13336,-93.28038
S0317,West,686,Mobile,False,3,77.3,1465.8,61.1,,53.9,456.8,7.42,56733.0,27.2,Medium,28.57326,-87.87831
S0318,West,687,Regulatory,True,4,60.1,1187.3,56.3,24.82,29.8,417.6,5.34,43566.0,35.3,High,28.92379,-94.49492
S0319,Central,209,Mobile,True,1,57.7,968.3,65.8,18.44,44.1,402.8,5.29,47694.0,34.2,Medium,41.01743,-99.54061
S0320,North,716,Community,True,4,69.6,1267.0,53.2,41.01,32.5,425.9,5.49,48162.0,36.5,Medium,37.46923,-113.46141
S0321,West,519,Community,False,5,68.5,1467.3,70.8,21.06,47.6,462.2,4.84,37959.0,22.5,Medium,43.99393,-96.42739
S0322,South,051,Mobile,False,4,70.6,1210.7,62.7,28.1,35.6,409.2,5.54,49551.0,24.1,High,46.69982,-101.43015
S0323,Central,503,Community,True,4,48.8,751.7,44.0,25.04,27.9,401.9,5.45,36738.0,36.4,Medium,35.34989,-78.75511
S0324,East,259,Mobile,True,5,79.4,1606.1,63.0,32.85,46.2,440.2,5.87,53739.0,27.0,High,39.82282,-80.59275
S0325,North,178,Community,False,4,45.7,1058.0,42.8,,26.8,396.0,5.62,49025.0,31.2,High,37.76498,-116.79508
S0326,West,922,Regulatory,True,2,52.0,935.8,40.2,21.28,18.7,380.4,4.8,45218.0,27.8,Low,48.10463,-119.41015
S0327,South,543,Mobile,False,3,85.2,1655.1,74.3,33.29,-5.0,468.9,7.88,38395.0,33.6,High,44.86831,-72.28115
S0328,North,356,Mobile,True,3,78.8,1578.6,66.6,34.16,41.6,433.9,6.34,43651.0,32.9,Medium,46.60236,-93.70827
S0329,South,318,Mobile,True,1,64.6,1072.9,51.8,31.72,44.1,391.0,5.88,54069.0,28.9,Medium,32.46831,-75.17645
S0330,Central,666,Community,True,1,60.8,1036.6,62.7,32.87,-5.0,402.0,5.48,53163.0,23.6,High,43.60932,-121.15631
S0331,West,963,Regulatory,True,5,60.7,1240.3,60.2,36.46,45.6,447.4,5.51,41914.0,23.8,Medium,32.70767,-94.22535
S0332,West,364,Mobile,True,2,38.6,897.4,58.3,38.89,23.7,434.1,5.85,42847.0,29.1,Severe,31.48796,-93.48298
S0333,Central,055,Community,True,1,62.8,1198.8,62.9,36.71,32.2,434.5,6.04,53062.0,29.7,High,47.30172,-75.00963
S0334,South,156,Mobile,True,3,51.0,812.2,54.3,34.38,31.3,411.2,4.4,44348.0,24.0,Medium,27.41504,-118.88743
S0335,North,044,Community,True,1,68.9,1478.7,65.2,19.0,35.4,429.5,3.85,46607.0,19.5,High,47.75586,-110.67438
S0336,South,593,Regulatory,False,1,48.7,812.3,56.6,30.07,34.8,405.8,5.06,51116.0,29.2,Low,30.20913,-101.12405
S0337,North,678,Community,True,4,53.2,916.9,56.7,35.44,39.7,415.7,5.92,51995.0,33.8,Low,44.61792,-74.71412
S0338,Central,542,Community,True,1,52.9,994.1,41.1,35.19,26.7,362.2,5.59,55901.0,32.2,Low,32.93233,-70.51421
S0339,NORTH ,322,Mobile,False,5,57.9,1229.3,56.3,23.8,35.2,410.4,6.22,37520.0,27.2,Medium,34.5401,-67.41833
S0340,North,648,Community,True,3,36.0,750.5,43.2,,30.4,393.1,4.0,35208.0,24.6,Low,31.66029,-69.34637
S0341,West,014,Mobile,True,5,50.0,949.2,49.8,23.29,25.0,418.8,4.64,44765.0,26.2,Severe,39.58855,-124.15835
S0342,West,357,Community,True,5,73.6,1379.6,67.3,40.94,35.9,440.5,7.11,61134.0,31.8,Medium,34.48405,-121.75677
S0343,West,483,Regulatory,False,2,72.9,1317.6,52.7,44.55,32.0,426.7,6.32,63272.0,21.9,High,41.13395,-116.01261
S0344,South,618,Community,False,4,51.2,988.1,30.8,22.1,26.4,395.7,5.72,63721.0,44.5,Medium,27.33642,-104.44043
S0345,South,359,Mobile,True,5,50.7,609.7,47.0,38.55,32.0,420.5,7.36,49798.0,31.1,Medium,28.38406,-76.77971
S0346,South,318,Community,False,2,65.6,1145.2,64.6,34.05,36.8,443.4,5.22,33872.0,17.6,Medium,29.14271,-73.17227
S0347,West,075,Community,True,3,36.6,688.3,44.8,25.41,27.7,400.9,5.2,32126.0,34.1,High,36.00836,-113.75702
S0348,North,959,Regulatory,True,3,44.9,670.5,44.4,25.2,41.3,385.1,5.07,46065.0,33.8,Medium,44.51812,-88.86931
S0349,West,591,Mobile,False,2,56.0,1053.9,45.6,36.7,22.0,413.1,4.47,47092.0,28.3,Medium,46.09583,-71.75169
S0350,North,194,Regulatory,True,5,64.8,1141.9,42.6,31.95,24.9,421.9,5.38,58554.0,37.1,Medium,32.26343,-97.83543
S0351,South,997,Community,False,5,63.1,1347.0,62.2,70.76,57.8,437.1,8.15,53860.0,23.8,High,39.34895,-118.54624
S0352,East,363,Regulatory,True,4,76.5,1565.4,63.1,24.77,27.5,462.3,5.62,47427.0,31.2,Low,43.51985,-98.17572
S0353,South,096,Community,True,4,65.0,1114.5,81.0,43.06,29.4,443.0,6.59,41194.0,23.6,High,33.20983,-102.89179
S0354,Central,040,Community,False,3,53.1,938.0,58.0,,40.4,407.0,4.99,41685.0,26.7,Medium,35.79367,-91.28467
S0355,North,768,Regulatory,True,4,58.4,1042.6,50.2,21.58,15.9,423.1,4.62,50778.0,38.0,High,38.26545,-99.27713
S0356,East,397,Regulatory,False,2,50.2,848.9,40.1,,28.1,396.1,6.23,55483.0,37.9,Medium,29.89981,-123.50261
S0357,South,107,Community,False,3,65.3,1198.1,54.1,32.08,50.7,437.0,5.26,50947.0,22.5,Medium,27.55862,-67.34513
S0358,East,017,Regulatory,False,5,51.7,839.9,50.2,79.65,20.2,410.1,8.19,41684.0,32.2,Low,30.28532,-93.24644
S0359,West,527,Regulatory,True,3,72.8,1175.2,67.2,31.72,20.9,427.9,5.7,53154.0,37.9,Severe,40.47735,-97.26623
S0360,North,929,Community,True,1,48.4,946.8,48.2,18.9,20.1,403.6,5.97,52727.0,38.6,Medium,28.58279,-69.6095
S0361,Central,784,Mobile,False,3,66.1,1265.4,54.3,33.78,40.8,394.8,6.37,38842.0,23.7,Severe,31.07847,-115.53803
S0362,West,499,Regulatory,True,4,73.9,1233.9,85.5,18.33,50.4,456.9,4.01,41322.0,32.5,Medium,34.26386,-113.61884
S0363,East,525,Regulatory,True,2,44.1,902.1,54.3,,29.5,432.3,4.56,55095.0,34.7,Low,28.67421,-78.03915
S0364,South,759,Mobile,False,5,70.1,1186.5,65.2,,41.8,450.4,6.07,46005.0,20.7,Medium,31.12153,-109.50221
S0365,North,726,Regulatory,True,5,72.7,1339.0,57.0,42.03,45.4,428.1,6.06,59679.0,29.8,Low,46.5923,-78.54444
S0366,Central,663,Community,False,4,53.5,1061.4,53.9,41.46,47.8,391.2,5.75,52641.0,32.1,Severe,27.41493,-108.88682
S0367,South,804,Regulatory,True,4,63.1,1131.6,59.7,26.35,-5.0,422.1,6.03,44317.0,21.6,High,41.04879,-122.59171
S0368,NORTH ,043,Community,True,4,63.2,1193.0,40.0,26.5,11.6,373.6,5.46,47760.0,36.2,High,35.26479,-94.77165
S0369,North,946,Mobile,True,1,51.8,870.4,72.1,25.02,31.5,467.4,5.29,50285.0,40.2,High,41.46195,-113.19053
S0370,East,626,Mobile,True,2,47.5,832.3,57.6,19.95,31.0,414.9,5.54,44179.0,36.7,Medium,39.65687,-80.92384
S0371,Central,842,Mobile,True,1,65.1,1146.4,52.1,33.65,30.9,397.4,5.42,40821.0,30.6,Severe,31.80522,-87.63102
S0372,North,593,Regulatory,True,4,58.5,962.5,51.2,18.85,31.3,412.5,6.04,54836.0,28.1,Medium,45.215,-71.39285
S0373,Central,350,Mobile,False,2,79.2,1403.9,72.3,30.76,47.0,440.5,4.99,53339.0,27.5,High,37.57672,-79.47817
S0374,South,653,Regulatory,True,4,63.4,954.9,65.3,22.95,46.5,459.8,5.61,54101.0,21.1,Medium,44.68452,-114.10538
S0375,Central,030,Regulatory,True,2,88.6,1536.5,79.4,46.27,38.5,451.9,7.32,57903.0,21.3,Severe,35.72927,-78.4909
S0376,South,441,Regulatory,True,5,50.6,876.2,48.9,53.27,41.0,387.0,5.7,45409.0,18.5,High,48.17074,-87.60012
S0377,South,542,Mobile,True,1,60.8,1063.2,67.8,20.77,39.8,409.7,4.8,62015.0,29.1,Severe,43.56552,-86.03528
S0378,North,455,Mobile,True,4,69.2,1216.4,68.4,17.63,37.6,442.7,5.68,40494.0,24.3,Medium,47.76793,-76.64488
S0379,West,778,Regulatory,True,4,81.9,1466.2,81.4,36.25,47.6,458.2,6.62,38101.0,27.4,Low,38.05802,-91.50512
S0380,NORTH ,611,Mobile,True,3,45.4,875.4,38.5,26.39,30.2,367.9,5.2,35668.0,33.0,Medium,37.18436,-97.7048
S0381,East,962,Regulatory,True,5,51.1,1025.2,57.5,32.3,50.8,441.3,5.1,45282.0,22.4,High,43.24226,-87.89314
S0382,NORTH ,094,Mobile,True,4,59.7,996.6,62.1,27.0,24.0,441.8,6.02,44991.0,28.8,High,45.92626,-107.36745
S0383,West,723,Community,True,1,28.4,367.1,59.0,26.28,30.6,425.7,6.14,57005.0,23.9,Low,47.72913,-114.00066
S0384,South,295,Mobile,True,5,54.1,848.1,40.8,31.04,29.2,413.8,4.74,51863.0,41.8,Medium,33.97787,-89.0462
S0385,West,549,Mobile,True,4,53.5,903.9,49.4,41.29,35.9,418.8,5.22,40033.0,25.1,Low,44.17215,-111.05372
S0386,West,899,Mobile,True,1,66.0,1145.1,39.8,14.19,40.1,379.4,4.87,44988.0,29.2,Severe,31.52888,-119.90488
S0387,East,089,Regulatory,True,3,65.2,1080.5,62.8,28.32,35.5,417.5,5.86,45545.0,21.3,Low,38.72985,-124.46813
S0388,West,930,Regulatory,True,3,80.3,1290.1,69.4,37.79,-5.0,457.1,5.68,33052.0,19.5,High,30.86674,-89.52163
S0389,East,503,Community,True,1,66.4,1141.2,79.9,25.98,46.7,469.8,5.77,40305.0,24.2,Medium,34.46904,-103.67644
S0390,North,767,Community,False,5,53.6,986.5,43.0,50.65,36.8,400.0,6.04,42915.0,23.9,Medium,47.0242,-81.24212
S0391,South,214,Community,False,1,42.8,841.6,32.5,20.11,12.6,365.8,3.52,61420.0,32.4,Severe,30.14095,-102.92736
S0392,East,422,Regulatory,True,1,48.4,803.9,56.1,29.01,34.0,430.2,5.15,51708.0,31.4,Low,40.59662,-96.5548
S0393,South,526,Community,False,3,46.8,792.4,26.0,29.69,13.8,355.5,5.53,55543.0,32.3,Low,39.74852,-101.09261
S0394,Central,192,Community,True,3,87.4,1462.0,79.3,30.91,34.5,461.3,5.35,34239.0,10.9,Low,29.59587,-87.09195
S0395,North,807,Mobile,True,3,60.0,1075.8,50.3,15.41,25.3,432.2,3.96,58099.0,37.9,Medium,34.00855,-104.022
S0396,Central,694,Community,True,4,48.3,767.8,50.5,,39.1,401.1,3.95,60802.0,31.5,High,39.1041,-69.08336
S0397,Central,642,Mobile,True,4,43.2,845.6,21.2,33.69,26.2,334.6,5.32,33940.0,37.4,Medium,31.02434,-70.67155
S0398,West,224,Regulatory,True,2,88.6,1380.3,66.0,31.3,-5.0,423.0,6.19,41075.0,25.4,High,44.21341,-75.7384
S0399,West,555,Regulatory,True,4,58.8,1014.3,67.0,24.1,43.8,455.5,6.08,52880.0,31.5,Low,47.90136,-71.58273
S0400,Central,693,Mobile,False,5,70.5,1304.9,70.3,47.32,26.1,450.3,7.2,52326.0,31.6,Severe,31.61733,-98.67447
S0401,West,387,Community,True,5,39.8,737.9,32.1,22.12,-5.0,375.9,4.53,45145.0,39.8,High,31.01861,-93.65525
S0402,South,681,Regulatory,True,3,61.1,1422.2,48.8,24.46,-5.0,400.1,4.42,44023.0,31.9,Severe,36.7811,-81.82968
S0403,West,776,Mobile,True,1,56.2,1053.3,55.2,31.57,30.9,426.6,5.93,43901.0,20.7,Severe,43.07695,-84.47161
S0404,Central,474,Regulatory,False,3,55.8,883.3,59.3,40.15,38.8,413.9,6.45,50583.0,30.6,Medium,33.05441,-73.28598
S0405,West,608,Regulatory,True,1,51.7,919.2,39.6,61.94,34.1,395.8,7.38,59062.0,33.7,Medium,27.42742,-83.31097
S0406,West,203,Community,True,3,61.8,898.4,66.0,43.41,47.2,427.8,4.76,43441.0,23.5,High,38.63624,-67.12163
S0407,East,447,Regulatory,True,3,47.9,853.0,22.7,36.08,25.0,347.4,5.2,57889.0,30.7,Low,47.56691,-104.46092
S0408,East,833,Mobile,True,5,68.0,1124.7,48.5,24.98,34.6,397.8,5.23,41998.0,33.6,Medium,35.41245,-76.60263
S0409,Central,847,Community,True,1,63.4,1250.7,52.3,21.01,29.6,408.5,5.39,40715.0,29.1,Low,36.03289,-84.386
S0410,South,900,Mobile,True,2,64.7,1097.9,65.2,33.35,37.8,436.6,6.2,54961.0,24.6,Medium,47.83139,-84.74528
S0411,North,068,Mobile,True,2,66.8,1188.2,62.3,33.5,39.1,435.7,5.78,55246.0,37.6,Medium,41.93406,-105.76445
S0412,North,092,Mobile,True,3,37.1,592.0,32.5,16.93,27.3,323.2,5.08,58259.0,37.5,Low,42.4622,-79.3279
S0413,Central,778,Community,True,3,46.9,1052.7,31.8,23.81,13.5,365.1,5.25,38158.0,36.3,Low,39.09809,-72.72838
S0414,South,843,Regulatory,True,5,74.9,1309.0,69.4,39.67,40.0,439.0,6.46,43418.0,33.4,High,47.9541,-111.93346
S0415,South,178,Mobile,True,1,62.9,1352.2,57.7,35.2,37.3,446.4,5.98,53471.0,30.4,Low,41.81063,-88.53393
S0416,South,663,Regulatory,True,3,70.2,1360.9,42.9,34.62,25.3,381.0,5.78,47167.0,27.2,Severe,46.2432,-101.95225
S0417,East,829,Regulatory,True,2,80.4,1505.2,66.7,38.21,26.4,442.4,5.72,37379.0,24.3,Low,42.03665,-67.60098
S0418,NORTH ,559,Mobile,False,1,56.9,1068.0,61.7,26.14,47.2,453.5,5.36,52258.0,32.0,High,42.80499,-96.96711
S0419,North,003,Regulatory,True,3,71.6,1335.9,62.7,27.41,39.6,413.1,5.71,41266.0,31.2,Medium,33.24383,-111.37159
S0420,South,103,Community,True,1,67.7,987.3,55.0,20.35,31.9,424.9,5.2,63432.0,31.7,Low,33.52479,-102.54319
S0421,Central,273,Community,True,5,85.4,1503.9,93.0,76.61,34.1,475.3,8.1,58335.0,14.6,Medium,43.83417,-86.90429
S0422,North,534,Regulatory,False,2,72.4,1405.2,61.2,32.75,28.7,422.5,6.58,51401.0,32.6,Medium,33.37919,-120.12486
S0423,East,116,Regulatory,True,1,62.5,1119.6,37.7,25.41,39.8,375.8,5.46,59170.0,32.1,Severe,39.09956,-89.79289
S0424,West,859,Community,True,2,67.6,1049.1,71.0,24.63,38.8,436.8,4.78,49224.0,29.4,High,32.36107,-70.95458
S0425,North,912,Regulatory,True,3,79.0,1415.4,56.0,90.07,29.6,461.7,9.12,52631.0,23.8,Low,44.56514,-75.60414
S0426,North,464,Regulatory,True,4,82.9,1696.8,66.1,23.8,40.6,451.7,4.23,56641.0,38.6,Low,29.37578,-120.60877
S0427,North,104,Regulatory,True,1,45.7,972.9,39.1,,23.3,406.9,4.38,51127.0,33.7,Medium,44.8331,-67.38008
S0428,West,259,Regulatory,False,2,75.9,1359.1,59.8,37.79,47.0,435.0,6.12,44804.0,25.5,Low,39.95869,-84.3232
S0429,South,308,Mobile,True,1,73.1,1430.1,78.4,44.68,50.4,437.0,6.6,32782.0,28.2,Medium,31.01855,-115.16885
S0430,West,367,Regulatory,True,3,44.0,748.2,43.8,37.72,27.2,404.8,5.01,49846.0,36.4,Severe,38.65376,-123.78607
S0431,North,929,Community,True,3,48.7,672.3,50.1,53.47,27.5,426.2,6.41,57554.0,33.8,Medium,33.07372,-114.65125
S0432,East,810,Mobile,True,2,30.5,437.2,23.3,27.34,5.0,349.1,4.94,59942.0,29.4,High,33.95455,-76.30488
S0433,North,642,Mobile,False,5,52.9,1139.9,43.1,19.06,18.9,412.1,4.61,52196.0,38.2,High,34.55785,-123.25574
S0434,East,807,Community,True,1,74.8,1313.3,39.5,26.34,19.1,401.6,5.98,42790.0,30.0,High,28.36136,-111.09403
S0435,Central,302,Regulatory,False,1,76.0,1339.1,63.5,37.23,37.0,462.2,6.36,31151.0,27.2,Low,48.19818,-80.95493
S0436,East,560,Mobile,True,3,58.5,1016.4,63.4,65.34,33.2,427.8,7.25,44940.0,14.1,High,27.67799,-90.79864
S0437,North,027,Mobile,True,1,73.8,1557.1,75.4,21.86,28.1,439.3,4.71,43222.0,22.1,Severe,41.24368,-79.4927
S0438,West,508,Regulatory,True,2,46.0,1022.8,39.4,40.26,27.6,385.5,5.07,46360.0,29.3,Low,34.98139,-81.59635
S0439,North,527,Regulatory,True,4,51.9,1201.1,37.8,28.37,33.5,409.6,6.41,52742.0,35.1,Medium,40.88922,-121.59042
S0440,North,775,Community,True,3,52.9,933.6,48.9,38.31,-5.0,380.7,6.33,65284.0,27.1,Severe,34.65934,-73.18059
S0441,Central,365,Mobile,True,4,64.8,1201.0,60.5,30.61,19.9,397.8,5.04,48782.0,18.2,High,41.48564,-111.44567
S0442,South,953,Regulatory,True,1,68.1,1043.5,60.8,23.91,34.2,430.8,5.7,47005.0,29.3,Medium,42.67856,-92.67993
S0443,North,298,Regulatory,True,5,34.7,802.1,21.4,29.82,14.3,351.9,5.44,48114.0,34.2,Medium,41.84688,-87.45343
S0444,Central,777,Community,True,2,61.6,969.5,56.5,38.59,41.3,421.8,5.73,50178.0,24.3,Medium,29.45018,-114.80388
S0445,West,361,Mobile,True,1,38.0,709.5,49.4,38.5,38.6,423.1,6.23,44117.0,30.6,Medium,41.1232,-68.3667
S0446,Central,646,Regulatory,True,2,70.6,1139.2,58.4,31.73,27.4,416.8,5.07,49126.0,17.6,Medium,33.01973,-96.43103
S0447,Central,504,Community,False,1,63.3,1068.3,64.3,26.19,29.9,407.6,5.07,52197.0,30.9,Medium,27.61923,-121.18555
S0448,East,953,Mobile,True,1,54.6,883.0,68.1,18.67,-5.0,473.3,5.02,51380.0,25.3,High,35.91886,-70.60743
S0449,South,588,Mobile,True,1,61.0,1024.3,49.0,39.01,14.2,393.3,5.6,52515.0,28.6,High,36.32118,-90.7896
S0450,South,030,Mobile,True,3,62.8,1066.2,47.6,33.86,34.6,389.7,6.16,52073.0,36.2,Severe,37.04424,-84.29639
S0451,West,439,Mobile,True,4,62.7,1063.3,48.5,20.93,29.9,423.8,6.35,34445.0,27.1,Low,42.15372,-94.30239
S0452,Central,340,Community,True,5,73.4,1421.5,66.0,27.88,44.3,433.0,4.87,51566.0,28.4,High,33.64014,-76.50257
S0453,West,126,Regulatory,False,4,49.3,755.5,48.8,23.99,23.4,406.9,4.03,45099.0,29.5,Medium,33.77853,-122.59483
S0454,West,596,Mobile,True,4,63.9,1177.2,61.6,,30.4,438.1,3.55,39170.0,47.0,Medium,28.30187,-109.06824
S0455,South,566,Mobile,True,2,55.7,1148.2,41.5,20.7,18.3,411.0,4.93,39275.0,34.6,Severe,41.76666,-97.49522
S0456,South,366,Regulatory,True,3,48.7,815.3,48.7,18.95,24.1,402.7,4.48,53577.0,23.4,Medium,39.20826,-120.09529
S0457,South,795,Mobile,True,3,59.7,988.9,65.6,,27.0,460.9,5.54,47286.0,37.4,Low,34.51264,-83.91037
S0458,NORTH ,852,Mobile,True,1,55.5,971.0,48.2,22.14,40.0,374.8,5.2,35718.0,36.6,Low,42.16156,-101.86435
S0459,Central,443,Regulatory,False,4,47.3,993.3,57.2,16.7,28.7,434.3,3.71,52865.0,28.8,Medium,38.55319,-108.82159
S0460,West,263,Regulatory,True,5,52.5,967.7,41.1,55.26,31.3,381.4,5.49,37677.0,29.2,High,37.08877,-124.30572
S0461,Central,936,Mobile,False,2,91.5,1582.9,80.6,60.14,37.1,485.7,7.21,46621.0,15.9,Severe,37.99348,-83.10976
S0462,West,872,Regulatory,True,3,59.7,1132.9,57.6,23.38,24.2,425.8,5.26,50110.0,31.1,High,40.68148,-76.55596
S0463,West,222,Community,True,1,38.9,567.4,40.4,28.63,28.8,382.6,5.13,58680.0,27.9,Severe,41.19006,-101.78517
S0464,West,840,Community,True,5,58.9,1142.3,59.7,35.91,39.7,437.4,4.64,62399.0,22.8,High,33.21259,-92.05747
S0465,West,002,Mobile,True,4,66.4,1244.8,45.9,44.34,21.8,416.1,6.55,36614.0,35.5,Severe,30.02598,-111.40802
S0466,East,910,Mobile,False,5,57.2,992.9,47.7,21.57,38.4,415.5,5.97,48623.0,39.7,Low,30.36763,-88.72364
S0467,East,394,Regulatory,True,3,61.4,1004.1,62.7,46.63,28.9,417.3,6.53,46765.0,24.6,Severe,40.7469,-123.8021
S0468,North,306,Regulatory,False,2,66.1,1082.7,65.0,27.01,32.4,429.7,4.76,51974.0,31.8,Medium,45.76678,-96.40298
S0469,South,146,Mobile,True,4,58.7,1120.4,40.2,17.28,34.3,392.3,4.9,50003.0,33.2,Severe,35.80417,-87.45818
S0470,West,530,Mobile,True,2,56.4,1162.1,57.7,,29.1,423.2,5.0,45207.0,30.6,Low,30.64468,-71.70397
S0471,Central,528,Community,False,5,55.3,918.3,56.8,47.39,34.5,433.5,7.11,45963.0,23.7,High,43.26695,-102.57319
S0472,East,308,Regulatory,True,5,30.2,598.2,26.3,57.65,24.1,337.2,6.94,42479.0,33.5,High,44.89852,-80.50156
S0473,South,965,Mobile,False,1,39.5,460.0,27.5,15.86,27.9,374.6,3.56,60143.0,27.9,Severe,45.93252,-90.133
S0474,North,948,Mobile,True,4,70.9,1205.5,67.5,43.05,17.8,437.2,5.94,51441.0,19.2,High,40.04688,-71.1968
S0475,South,671,Regulatory,False,5,89.4,1606.0,67.9,30.94,22.3,429.6,5.87,52706.0,29.5,Medium,45.50566,-101.59328
S0476,West,997,Regulatory,True,3,55.1,882.2,53.4,38.86,38.3,405.0,5.71,47223.0,26.2,Medium,27.33142,-106.15202
S0477,NORTH ,340,Mobile,True,3,74.2,1223.6,57.9,19.2,42.8,420.9,4.77,42404.0,22.9,Medium,29.30557,-73.48934
S0478,West,919,Mobile,True,2,72.9,1231.4,42.1,18.71,23.2,341.7,4.08,38985.0,24.3,Low,28.99039,-121.66845
S0479,East,352,Mobile,True,3,95.0,1745.1,82.7,30.25,38.7,458.3,5.91,47401.0,14.4,Low,42.321,-116.65784
S0480,East,810,Regulatory,True,5,70.8,1252.7,63.8,33.88,38.3,421.6,5.24,39165.0,15.5,Low,28.49601,-119.76175
S0481,NORTH ,209,Mobile,True,3,60.9,827.4,58.8,24.8,40.2,433.8,3.73,64825.0,28.9,Medium,37.67183,-76.02118
S0482,Central,958,Mobile,True,4,48.4,616.5,39.9,33.62,13.7,379.7,5.42,40840.0,16.3,Severe,37.1632,-123.89007
S0483,East,205,Mobile,True,2,35.3,562.6,52.4,39.63,26.0,411.0,6.67,53814.0,32.4,Severe,33.68013,-74.95471
S0484,Central,625,Community,True,4,64.4,1213.9,41.7,34.93,27.8,418.3,5.48,60251.0,34.4,Low,45.71371,-98.5521
S0485,West,690,Community,True,5,43.8,459.6,57.9,51.71,40.1,439.2,7.8,57035.0,27.8,Low,30.66431,-124.26855
S0486,West,973,Regulatory,True,5,50.1,841.1,39.0,30.86,49.7,403.7,5.84,51359.0,32.6,Low,34.57795,-101.4054
S0487,East,721,Mobile,True,3,49.5,827.0,55.4,19.2,32.0,412.2,5.2,42290.0,27.2,Medium,43.64469,-113.75895
S0488,Central,636,Mobile,True,1,48.2,1034.7,44.8,44.29,-5.0,408.8,6.12,37738.0,32.4,Low,27.65408,-88.59697
S0489,West,015,Regulatory,True,1,81.9,1428.8,81.0,30.57,43.5,462.3,5.48,52588.0,25.1,Medium,41.46843,-85.43687
S0490,East,858,Regulatory,True,5,69.0,1288.4,60.7,44.26,45.7,426.4,6.03,59319.0,35.7,Medium,44.55255,-96.46716
S0491,West,428,Regulatory,False,5,63.4,1158.6,46.1,50.29,32.4,409.2,6.3,44538.0,40.0,Medium,47.04376,-122.17013
S0492,South,476,Mobile,True,2,74.9,1092.7,81.2,43.45,33.0,457.1,6.54,39331.0,32.8,Medium,45.84038,-86.77259
S0493,South,298,Community,True,5,66.2,1283.0,54.9,18.25,41.4,441.2,4.26,27637.0,24.2,Medium,33.86676,-76.08277
S0494,East,557,Regulatory,True,5,41.6,774.4,48.2,19.93,37.3,404.3,4.24,42507.0,34.9,High,39.60683,-83.08135
S0495,West,094,Mobile,True,2,79.0,1483.6,80.1,59.19,31.8,473.5,6.17,45189.0,27.0,High,28.66181,-76.77742
S0496,East,107,Regulatory,False,4,78.1,1877.0,52.1,,36.1,435.7,6.91,56531.0,25.7,Medium,32.54421,-112.9707
S0497,North,419,Mobile,False,4,41.6,497.8,49.4,28.47,40.3,424.4,5.79,57398.0,24.8,Low,29.02578,-73.38894
S0498,East,278,Regulatory,True,2,53.6,1172.7,48.4,37.22,41.5,385.9,6.07,50405.0,28.1,Medium,33.77653,-105.97388
S0499,East,128,Mobile,True,2,52.6,911.9,45.2,35.61,30.8,408.0,5.04,46328.0,24.6,Low,45.81653,-123.72922
S0500,South,970,Regulatory,True,4,44.5,835.2,41.8,29.42,27.6,407.9,5.91,45324.0,23.3,Medium,34.46409,-76.00498
S0501,South,459,Community,True,4,73.2,1312.5,52.3,28.79,42.9,427.4,5.36,58370.0,32.5,Low,39.08081,-70.34528
S0502,NORTH ,038,Regulatory,False,4,85.8,1494.4,67.9,31.67,27.3,425.5,5.73,47640.0,26.6,Medium,36.31769,-86.8054
S0503,East,609,Regulatory,True,4,47.0,778.1,51.8,38.56,36.5,403.4,5.24,33511.0,29.8,Low,36.86671,-111.19239
S0504,East,198,Community,True,3,73.4,1361.0,67.7,41.28,26.0,456.8,6.18,41446.0,32.0,High,47.8458,-110.02469
S0505,West,704,Regulatory,True,2,54.7,801.7,48.0,26.1,40.5,395.0,5.01,43324.0,29.2,Low,33.36732,-97.67091
S0506,Central,357,Community,True,1,52.7,1038.8,52.1,42.49,31.0,409.2,5.59,44397.0,34.6,Medium,40.48748,-72.87471
S0507,West,007,Mobile,True,3,56.9,974.7,46.7,27.27,41.8,427.7,5.88,53655.0,26.2,Low,36.03135,-115.89813
S0508,South,556,Community,False,1,61.0,963.0,57.2,22.83,38.2,422.3,4.07,48363.0,24.1,Low,28.31464,-77.00651
S0509,South,332,Community,True,1,59.8,1022.2,53.9,23.03,23.7,406.1,5.55,48252.0,29.3,Severe,37.52061,-107.75009
S0510,East,519,Mobile,False,5,44.2,946.1,48.5,19.71,43.5,394.2,5.46,59831.0,43.0,High,44.48688,-78.0063
S0511,South,194,Community,True,2,69.9,1193.7,66.9,,49.1,445.4,4.91,42266.0,34.3,Low,29.12319,-71.58441
S0512,West,316,Community,True,3,58.7,1099.2,48.3,44.59,39.1,386.9,5.66,63319.0,36.9,High,28.49622,-99.9191
S0513,East,001,Mobile,True,2,44.1,706.0,65.1,23.13,30.2,433.4,5.0,45393.0,18.8,High,30.30308,-103.50959
S0514,West,062,Regulatory,True,4,54.2,1066.4,33.7,27.96,26.0,385.6,5.6,49315.0,34.1,Medium,43.4346,-78.37227
S0515,West,343,Regulatory,False,2,49.9,979.9,62.3,24.37,36.7,451.6,5.11,46871.0,32.5,Medium,42.5659,-94.05473
S0516,East,601,Community,True,1,68.5,1455.2,59.6,29.13,29.3,437.2,5.76,47256.0,40.6,Severe,39.14788,-85.14418
S0517,Central,018,Regulatory,True,4,68.0,1203.0,58.1,18.61,48.1,413.8,6.16,51339.0,18.3,Low,37.06687,-88.68732
S0518,South,620,Regulatory,True,2,49.4,969.7,30.1,23.38,28.7,391.9,4.81,52653.0,38.4,Medium,46.09901,-115.70889
S0519,North,647,Community,True,2,65.4,1189.8,52.4,,11.5,409.7,4.21,41836.0,35.9,Medium,43.484,-75.92455
S0520,North,371,Mobile,True,1,66.4,1350.8,54.2,37.1,36.3,399.0,6.43,37912.0,31.9,High,44.45676,-113.24293
S0521,North,822,Regulatory,True,4,43.0,688.6,33.4,,25.6,377.6,6.54,70894.0,25.2,Severe,44.48514,-70.89378
S0522,South,579,Community,True,1,65.0,1258.7,59.3,20.73,34.2,448.4,5.31,43576.0,29.7,High,40.81842,-110.09215
S0523,Central,605,Mobile,True,2,56.5,993.3,56.0,44.04,31.1,423.3,5.44,54634.0,31.4,High,36.84731,-82.30184
S0524,West,650,Regulatory,True,3,70.5,1262.0,62.4,35.14,42.0,432.4,5.67,34567.0,28.6,Severe,45.59057,-108.13231
S0525,East,701,Mobile,True,3,45.2,825.1,49.8,30.09,41.4,434.3,4.72,47812.0,25.9,High,46.90916,-106.22734
S0526,Central,571,Community,True,5,44.9,837.7,28.2,24.54,29.3,349.3,5.68,48956.0,29.5,High,27.51183,-106.67489
S0527,North,699,Mobile,True,3,37.3,656.6,31.7,20.5,25.2,357.7,4.08,54843.0,36.4,Severe,28.10843,-81.4962
S0528,South,235,Mobile,True,4,65.4,1203.4,69.9,36.3,37.1,421.5,5.6,26000.0,22.0,Low,47.61298,-92.48313
S0529,South,069,Community,True,5,65.3,1365.1,51.7,35.61,33.1,418.7,5.08,48138.0,25.7,High,32.95895,-73.73023
S0530,East,447,Regulatory,True,4,60.2,1201.4,59.2,16.85,28.4,429.1,4.93,38593.0,27.3,High,45.77744,-106.82607
S0531,NORTH ,610,Regulatory,True,3,66.3,1298.1,59.4,26.23,39.5,450.1,5.06,49806.0,29.1,Severe,35.3591,-84.71043
S0532,Central,008,Mobile,True,3,38.0,628.7,38.4,23.46,33.3,392.8,5.3,42937.0,38.6,Severe,29.56065,-81.20546
S0533,Central,462,Mobile,True,2,59.1,956.9,62.9,,48.0,427.2,5.75,42415.0,20.2,High,28.72953,-115.78978
S0534,Central,311,Mobile,True,4,43.6,900.3,53.1,43.25,43.3,415.5,5.47,47409.0,21.6,Severe,30.36492,-101.46611
S0535,West,134,Mobile,True,1,57.0,1130.7,47.6,21.9,26.4,407.4,5.53,39797.0,28.2,Medium,32.3727,-96.73799
S0536,NORTH ,385,Regulatory,True,2,50.9,1092.4,52.4,24.35,39.7,389.2,5.18,44641.0,18.7,Low,37.50314,-104.04798
S0537,West,056,Community,False,4,43.4,707.9,45.9,22.79,23.9,443.4,4.45,41206.0,34.3,Low,42.0822,-105.97853
S0538,East,993,Community,True,5,49.0,854.1,53.9,21.97,39.0,424.7,6.67,35210.0,17.3,Medium,48.20757,-85.03086
S0539,South,360,Regulator,False,4,77.8,1203.3,72.2,31.34,33.9,453.1,5.9,55924.0,29.8,Medium,36.49239,-112.08768
S0540,North,971,Mobile,True,5,63.3,1093.0,49.3,38.68,24.1,417.9,5.83,38073.0,36.8,Medium,38.14098,-83.71003
S0541,West,114,Mobile,True,5,69.4,1368.8,68.3,23.32,39.3,453.6,6.16,45358.0,27.9,Medium,38.21904,-70.73496
S0542,South,088,Community,True,3,45.4,761.8,56.8,34.02,12.8,420.1,6.99,56453.0,17.5,Severe,38.59784,-92.00114
S0543,West,138,Regulatory,True,1,66.8,1278.9,63.3,17.9,21.8,424.6,4.79,42407.0,28.0,Medium,38.13142,-89.34253
S0544,North,108,Community,True,4,84.3,1494.0,71.9,29.6,36.6,458.4,5.72,39435.0,20.8,Severe,27.18866,-120.53637
S0545,West,500,Regulatory,True,1,24.8,484.9,18.1,19.45,25.2,358.4,4.28,53901.0,29.2,Severe,27.03708,-74.79258
S0546,South,535,Mobile,False,5,51.9,795.9,26.0,,23.5,354.6,6.13,59168.0,38.3,Medium,29.09983,-108.08675
S0547,East,144,Community,True,3,72.8,1320.2,63.9,30.13,23.3,456.3,5.37,37724.0,31.8,Medium,29.18347,-89.13456
S0548,North,869,Community,False,1,60.6,731.3,52.2,13.8,26.5,418.4,4.82,49411.0,37.3,High,42.15528,-68.20105
S0549,South,656,Mobile,True,2,65.6,1158.2,54.6,15.25,36.8,429.2,5.0,34191.0,27.4,High,31.40569,-90.2586
S0550,Central,056,Regulatory,True,5,58.8,862.0,50.9,29.77,37.4,432.5,5.88,46682.0,30.8,Medium,46.23635,-82.8292
S0551,Central,620,Community,True,2,44.8,951.5,55.4,35.93,33.7,420.0,5.96,49565.0,38.9,Low,46.96504,-98.89412
S0552,Central,863,Community,True,1,62.2,1212.9,62.5,36.34,-5.0,437.2,4.97,40886.0,40.1,Medium,47.98171,-121.02896
S0553,East,006,Regulatory,True,1,70.1,1317.6,67.4,35.63,40.0,453.4,5.12,43438.0,33.0,Low,47.19025,-78.63804
S0554,West,542,Community,False,1,52.1,1119.8,51.6,43.48,26.9,402.0,5.79,37016.0,27.6,Medium,32.8456,-122.48757
S0555,West,447,Community,True,4,67.1,1094.3,66.3,27.39,34.3,440.1,5.17,49051.0,26.8,Medium,37.9602,-84.21217
S0556,West,997,Mobile,True,5,63.3,1349.1,49.1,,21.1,410.3,6.75,55351.0,29.1,High,30.77228,-123.18201
S0557,East,385,Regulatory,True,5,53.3,1071.7,54.3,16.69,32.7,403.5,4.02,39793.0,33.4,Severe,44.33351,-74.91745
S0558,Central,307,Community,True,5,60.5,1061.1,46.9,21.03,40.6,439.1,4.8,43652.0,25.7,High,46.10128,-115.43593
S0559,West,874,Community,True,4,74.4,1475.6,53.7,16.66,38.9,395.6,5.5,50167.0,31.2,Severe,45.30271,-94.92939
S0560,East,857,Mobile,True,1,62.8,998.3,51.5,27.14,44.1,393.2,5.15,58707.0,31.7,High,36.31739,-90.16383
S0561,East,639,Community,True,1,73.3,1220.8,58.0,31.56,32.1,444.1,5.9,35730.0,30.7,High,43.31149,-98.19114
S0562,South,302,Mobile,True,2,89.4,1535.4,79.6,39.87,50.7,474.0,5.9,44437.0,17.9,Medium,29.09795,-104.9061
S0563,West,633,Community,True,4,70.9,1212.8,61.6,33.24,33.8,415.4,5.84,49988.0,29.2,Medium,27.86526,-97.60068
S0564,Central,405,Mobile,True,3,46.5,709.8,37.0,18.86,41.0,395.8,4.78,49925.0,43.2,High,43.19458,-106.59359
S0565,North,611,Regulatory,True,4,72.9,1459.7,63.5,30.99,35.7,456.4,6.02,26428.0,24.5,Severe,36.14514,-99.30797
S0566,NORTH ,678,Regulatory,True,2,50.0,869.7,57.3,17.63,40.0,422.6,3.8,53790.0,30.1,Medium,48.40431,-103.8625
S0567,South,837,Community,True,2,48.6,916.5,32.2,41.11,39.9,417.0,5.8,61656.0,22.5,Low,29.09097,-91.94322
S0568,North,831,Community,False,2,46.8,774.8,42.9,24.34,29.2,371.4,5.42,51284.0,32.9,High,45.396,-110.81936
S0569,East,753,Mobile,False,1,38.3,470.7,44.2,22.4,32.8,409.9,5.49,43927.0,32.5,Medium,37.31964,-67.65225
S0570,South,562,Mobile,True,3,59.1,1096.0,45.8,49.81,41.8,419.9,7.54,44319.0,31.5,Low,44.78373,-95.69998
S0571,West,780,Regulatory,False,2,60.5,859.2,42.8,18.24,29.6,410.5,4.64,64004.0,35.8,High,44.56824,-113.33568
S0572,South,837,Community,True,5,90.3,1616.9,70.5,24.53,27.1,443.8,6.26,52578.0,24.2,Medium,46.69383,-97.06866
S0573,East,510,Mobile,True,1,60.2,919.2,54.4,20.56,50.7,413.6,4.57,54605.0,36.2,High,33.40378,-74.68113
S0574,West,073,Regulatory,True,3,58.5,1292.2,45.1,27.72,27.5,407.8,6.32,50098.0,25.7,Severe,47.42069,-123.24611
S0575,Central,812,Regulatory,False,5,65.5,1288.3,61.9,37.3,36.7,443.6,6.44,41981.0,36.3,Medium,30.26084,-85.42564
S0576,South,564,Mobile,True,3,25.5,472.5,36.8,31.7,38.5,395.3,4.95,50560.0,33.9,Medium,28.76233,-92.99185
S0577,North,265,Community,False,3,59.2,1216.5,57.3,75.29,29.5,438.7,7.98,47078.0,28.1,Medium,36.27973,-114.75042
S0578,West,227,Regulatory,False,5,69.0,1140.9,65.2,15.04,28.2,422.0,4.72,52551.0,18.4,Medium,44.80894,-77.4951
S0579,West,193,Mobile,True,4,39.7,779.5,54.7,35.18,35.7,415.1,6.2,62394.0,22.4,High,37.17855,-103.28913
S0580,Central,374,Regulatory,True,3,69.6,1276.2,63.7,27.0,21.6,420.5,5.19,56289.0,29.4,Medium,44.82966,-107.60638
S0581,South,751,Community,True,4,55.6,1032.9,60.6,,32.8,423.3,5.04,37447.0,23.6,Low,42.68827,-76.8828
S0582,North,010,Mobile,True,3,54.5,1134.0,46.8,22.81,33.7,419.4,6.1,49988.0,36.6,Low,31.50271,-87.78481
S0583,Central,302,Community,True,5,58.6,1142.1,54.6,21.87,31.5,419.8,5.02,54042.0,30.8,Medium,47.40095,-72.8501
S0584,South,359,Community,True,3,91.8,1687.2,73.0,66.9,25.9,490.6,7.92,49828.0,16.8,Medium,28.3068,-88.28169
S0585,North,740,Regulatory,True,2,62.7,929.6,53.0,40.48,46.0,418.3,5.87,44389.0,34.0,High,46.31301,-81.90298
S0586,NORTH ,954,Community,True,2,54.2,861.0,60.4,30.97,35.9,429.5,6.72,73147.0,27.0,Medium,33.54553,-76.40436
S0587,East,805,Regulatory,True,3,52.6,932.7,69.2,51.73,48.7,446.2,6.11,39187.0,25.9,Low,37.75318,-121.35247
S0588,North,052,Mobile,True,5,45.3,826.4,40.8,15.66,28.1,383.8,4.35,41376.0,38.1,Medium,36.08057,-79.87718
S0589,South,752,Mobile,True,5,71.9,1158.2,60.0,20.28,28.0,427.1,6.08,49920.0,19.6,Severe,30.69444,-89.21188
S0590,Central,099,Regulatory,True,1,57.8,1329.3,45.9,13.28,33.6,419.6,4.35,63959.0,24.1,Low,34.70016,-120.5033
S0591,Central,593,Regulatory,True,5,49.6,1074.9,58.9,23.51,33.0,427.7,6.3,41861.0,30.2,High,31.14809,-95.25677
S0592,East,013,Regulatory,False,4,55.0,1061.5,52.3,31.05,23.7,402.3,6.18,46504.0,19.3,Medium,31.38356,-119.75866
S0593,South,390,Community,True,3,64.8,1174.8,70.1,34.84,49.3,432.2,5.63,56569.0,22.3,High,31.02172,-82.18304
S0594,North,954,Mobile,True,2,68.0,1199.1,38.9,29.66,24.8,383.3,4.21,47662.0,38.1,Low,37.51387,-93.07615
S0595,East,357,Mobile,False,5,73.7,1212.9,46.3,18.27,16.8,404.4,4.9,45046.0,30.1,Severe,44.15552,-69.66952
S0596,West,640,Community,True,2,49.4,897.9,45.9,36.77,42.1,420.6,5.91,54138.0,22.6,High,39.23286,-113.96972
S0597,NORTH ,816,Regulatory,True,1,54.8,1018.2,61.1,33.61,31.2,409.8,6.5,51071.0,28.9,High,46.20394,-89.65308
S0598,East,928,Mobile,True,3,43.5,633.6,32.7,32.56,23.3,374.0,6.74,59442.0,31.0,Low,40.68571,-112.33403
S0599,Central,011,Community,False,5,61.1,1140.3,26.5,13.2,12.5,369.9,4.18,58490.0,30.5,High,41.82081,-89.19126
S0600,East,081,Regulatory,False,2,64.7,1145.2,63.3,,49.8,406.5,6.36,50585.0,48.7,High,41.35356,-82.94764
S0601,NORTH ,261,Mobile,True,5,80.5,1219.9,64.5,22.49,25.8,423.6,5.66,50014.0,30.5,Medium,36.66337,-82.9675
S0602,South,006,Regulatory,True,1,48.6,771.0,37.1,22.85,29.7,376.5,5.89,52087.0,30.9,Medium,41.82078,-77.63325
S0603,East,458,Community,False,2,66.2,1141.7,55.8,37.35,41.3,408.5,6.22,52063.0,34.2,High,28.49872,-75.42086
S0604,North,373,Mobile,True,2,67.2,1435.9,60.8,33.06,38.6,432.3,4.29,46826.0,26.1,Low,45.48681,-120.05688
S0605,South,481,Regulatory,True,3,54.1,1041.3,60.0,22.75,34.5,425.6,5.03,48747.0,24.9,High,43.72296,-104.76214
S0606,East,222,Regulatory,True,3,73.0,1154.0,68.8,34.25,23.6,435.4,4.9,57649.0,28.0,Low,32.27244,-84.99046
S0607,East,917,Regulatory,True,2,52.3,1000.0,51.2,16.92,26.3,418.6,4.7,61129.0,32.8,Low,43.5127,-95.83129
S0608,South,810,Community,True,3,48.1,680.4,19.7,,26.4,381.3,6.45,38857.0,41.6,High,27.27182,-113.53613
S0609,Central,081,Regulatory,True,2,29.2,655.0,30.4,22.15,21.3,399.2,5.32,51150.0,42.5,Low,31.6708,-92.7192
S0610,North,923,Mobile,True,4,83.3,1443.3,61.0,49.76,36.9,400.9,7.29,40831.0,34.9,Severe,28.40045,-101.07245
S0611,South,515,Mobile,True,5,65.0,1157.9,59.5,26.25,40.3,435.7,5.55,45565.0,33.2,Severe,43.77488,-102.0728
S0612,North,060,Regulatory,True,4,60.2,1242.9,50.1,24.49,40.2,407.6,4.32,50762.0,35.7,High,43.25129,-77.93916
S0613,North,221,Community,True,4,73.0,1160.1,64.2,25.45,26.2,437.9,3.51,53395.0,34.3,High,44.49317,-101.0631
S0614,South,962,Mobile,True,5,51.9,766.1,28.9,34.31,44.8,366.0,5.82,49506.0,38.5,Severe,27.09636,-122.97887
S0614,East,349,Mobile,True,2,87.7,1509.2,79.8,29.78,46.1,465.4,5.34,30638.0,14.5,Medium,37.7765,-121.16136
S0616,Central,561,Mobile,False,2,56.2,1136.3,60.8,38.81,35.2,431.6,5.26,40462.0,30.8,High,42.15398,-75.26597
S0617,North,228,Regulatory,True,3,48.4,688.9,70.9,28.14,46.5,439.0,4.22,58039.0,34.1,Low,30.34112,-69.26545
S0618,North,290,Mobile,True,1,64.4,819.2,58.4,15.67,53.5,411.7,4.27,28161.0,23.5,Medium,40.9705,-84.91646
S0619,East,293,Regulatory,True,2,64.5,1107.0,62.4,26.27,24.1,425.6,5.18,57858.0,25.2,Medium,28.80837,-103.54882
S0620,South,810,Regulatory,True,5,56.8,1088.0,42.8,18.44,28.9,400.6,5.39,52642.0,31.1,High,30.89851,-70.53048
S0621,Central,193,Regulatory,True,1,49.7,1039.1,28.0,25.25,8.0,379.3,5.39,59295.0,35.5,Low,37.22963,-86.38882
S0622,North,956,Regulatory,True,5,66.1,1134.6,66.5,21.77,38.2,452.5,6.21,46604.0,23.4,Medium,41.05165,-75.95082
S0623,North,474,Regulatory,True,5,81.2,1412.9,73.8,49.92,41.4,445.4,5.77,30032.0,25.6,High,30.13619,-80.46349
S0624,South,257,Mobile,False,5,72.2,1438.9,77.9,34.89,39.2,464.4,6.36,49810.0,27.5,Medium,30.9823,-102.69949
S0625,East,955,Regulatory,True,1,80.1,1218.0,59.9,31.12,29.7,442.3,5.59,57889.0,15.9,High,31.3956,-96.97462
S0626,West,506,Regulatory,True,4,56.5,970.7,54.0,37.46,17.1,434.8,6.36,56574.0,29.6,High,32.13207,-113.7974
S0627,East,388,Regulatory,True,5,41.6,771.3,60.1,41.37,38.0,427.2,5.76,45070.0,25.7,Low,31.87091,-107.70919
S0628,North,615,Regulatory,True,3,67.0,1259.1,57.1,31.08,45.9,419.5,6.3,48139.0,18.3,Low,35.49571,-79.75777
S0629,North,398,Regulatory,True,2,60.1,1020.2,57.8,23.5,29.7,426.9,5.38,44616.0,31.8,High,41.05648,-73.09624
S0630,Central,366,Regulatory,True,2,73.2,1322.5,66.0,18.08,40.0,421.6,4.43,40511.0,28.7,Medium,36.41768,-82.84353
S0630,East,658,Mobile,True,2,43.9,492.3,25.5,19.01,13.8,363.0,4.94,59689.0,35.9,Low,43.68344,-97.75251
S0632,West,290,Regulatory,True,1,79.8,1356.6,81.1,30.27,43.9,477.2,5.35,37280.0,27.4,Medium,42.46427,-119.52572
S0633,Central,769,Regulatory,True,3,63.8,1203.2,48.5,30.57,29.0,417.0,5.87,40630.0,32.2,Medium,29.72033,-121.22549
S0634,West,309,Mobile,True,3,56.6,900.9,54.8,26.51,27.6,414.5,4.5,40762.0,24.6,Low,28.05009,-102.97628
S0635,Central,278,Mobile,False,3,44.2,802.3,32.4,32.06,22.0,381.5,5.58,38264.0,37.9,Medium,45.87574,-97.83025
S0636,East,464,Community,True,3,42.3,815.2,29.0,19.82,-5.0,359.9,5.27,51280.0,39.6,High,28.71637,-89.47556
S0637,North,189,Mobile,True,3,63.0,1093.2,74.7,33.7,41.7,465.0,5.71,57733.0,18.5,Medium,30.18929,-124.12685
S0638,West,918,Mobile,True,4,61.5,1128.0,53.0,45.45,22.7,414.2,7.22,46753.0,34.7,High,27.47587,-67.59093
S0639,East,178,Regulatory,False,3,44.3,682.3,53.7,32.3,-5.0,412.6,6.16,38861.0,27.6,Low,40.50923,-103.57351
S0640,West,528,Community,False,3,43.2,753.0,41.4,25.98,30.0,389.1,5.29,57202.0,35.4,Medium,39.52097,-75.73456
S0641,East,924,Regulatory,True,1,55.2,1066.8,36.9,21.68,20.4,385.5,5.24,62085.0,33.5,High,48.21843,-93.73941
S0642,Central,988,Community,False,1,68.7,1256.1,78.8,28.72,54.1,455.2,5.64,42293.0,23.2,High,46.06905,-116.99973
S0643,East,375,Regulatory,True,3,53.6,894.3,47.7,21.1,25.1,415.7,5.34,45806.0,33.7,High,35.83313,-78.63998
S0644,Central,598,Mobile,False,4,42.5,792.3,45.6,22.46,26.0,396.1,3.84,54372.0,28.9,High,34.9891,-83.68494
S0645,North,760,Mobile,True,3,58.0,1129.9,52.7,38.67,25.4,438.8,5.72,61195.0,35.9,High,33.38232,-94.17243
S0646,Central,454,Community,True,3,50.6,664.1,39.9,24.87,44.4,413.8,4.2,46857.0,39.5,Low,30.27675,-94.9132
S0647,South,217,Regulatory,True,3,35.2,773.3,29.3,15.02,31.8,359.4,5.65,39701.0,30.8,High,29.9688,-119.46992
S0648,North,042,Regulatory,True,5,54.2,934.4,72.0,61.16,30.5,450.7,7.02,54445.0,24.6,High,29.8441,-86.78869
S0649,East,194,Mobile,True,4,63.0,1185.9,56.6,34.5,43.0,412.2,5.59,54277.0,26.4,Severe,29.45347,-72.1034
S0650,East,327,Mobile,True,2,70.9,1420.2,61.5,19.87,37.0,425.8,5.62,46528.0,30.0,High,32.17101,-119.13842
S0651,South,373,Community,True,3,78.3,1245.0,82.1,32.23,42.6,497.8,5.91,43065.0,31.4,High,33.59338,-109.34809
S0652,East,465,Mobile,True,2,84.2,1429.9,68.0,36.56,34.2,437.7,5.04,54375.0,16.4,Medium,47.67395,-72.61729
S0653,North,163,Community,True,4,49.6,858.4,54.0,52.95,27.5,422.6,6.6,54074.0,20.7,Severe,39.43717,-108.15023
S0654,North,276,Community,False,3,52.2,846.2,35.2,17.82,31.5,391.5,4.66,43775.0,32.5,Severe,48.23331,-86.89824
S0655,Central,364,Community,False,2,95.0,1918.2,82.6,,36.3,453.7,5.57,43884.0,24.6,High,35.00804,-93.74796
S0656,West,642,Community,False,2,56.7,917.6,63.9,51.58,50.5,422.1,6.1,38681.0,21.6,High,36.83897,-90.21116
S0657,East,775,Mobile,True,4,68.5,1166.7,48.5,23.96,22.0,389.1,5.07,53487.0,31.4,Low,33.97844,-100.59214
S0658,South,480,Community,True,3,58.2,1072.3,66.2,29.21,48.8,425.8,5.38,46468.0,22.3,High,30.93208,-107.25049
S0659,North,689,Mobile,True,5,64.1,1009.7,56.2,21.48,33.2,378.5,4.04,45456.0,26.1,High,30.07804,-121.70933
S0660,North,979,Community,True,4,59.8,1029.5,46.5,26.76,34.0,411.8,6.14,48560.0,38.3,High,47.3192,-81.70385
S0661,North,460,Mobile,True,5,52.3,979.7,57.2,29.59,41.0,453.9,5.41,49444.0,26.5,Low,48.21643,-81.59963
S0662,West,265,Community,True,3,58.3,1009.5,47.2,36.21,26.8,407.2,5.84,56102.0,28.4,High,27.96555,-85.93327
S0663,West,539,Mobile,False,2,64.4,1147.4,60.7,46.49,42.1,408.1,6.6,52844.0,28.6,Medium,30.23244,-87.49106
S0664,East,974,Regulatory,True,4,43.0,710.3,47.2,21.13,10.1,395.4,4.5,49487.0,37.1,High,36.10577,-110.48626
S0665,South,386,Community,False,4,59.3,885.2,47.4,14.49,26.1,398.4,5.04,55798.0,30.3,Low,31.00617,-123.21517
S0666,West,085,Community,True,4,51.3,962.0,60.0,30.16,27.6,412.8,5.25,52434.0,24.6,High,34.82343,-77.99886
S0667,Central,708,Regulatory,True,1,63.1,1347.0,54.8,33.81,23.7,431.5,5.06,43505.0,32.5,Medium,29.77557,-96.25953
S0668,West,316,Regulatory,True,3,84.8,1528.8,54.1,35.38,31.8,429.5,6.17,44830.0,34.1,Low,36.815,-106.85681
S0669,North,243,Community,True,1,21.6,416.6,19.5,19.45,28.0,337.8,6.02,51315.0,43.0,High,32.84143,-118.63892
S0670,South,469,Mobile,False,4,70.6,1354.5,73.4,36.44,44.0,462.9,6.33,50915.0,25.1,Low,34.56596,-120.89351
S0671,East,880,Community,True,4,68.3,1077.4,66.4,56.47,38.5,462.4,7.47,45599.0,29.6,High,29.02772,-104.44016
S0672,West,342,Mobile,True,5,33.8,813.2,30.1,27.54,22.2,402.7,5.01,46997.0,38.7,Severe,36.20475,-78.22762
S0673,North,177,Regulatory,True,1,54.0,997.0,40.7,23.94,33.1,436.2,4.08,64768.0,33.0,Severe,48.14004,-71.67338
S0674,Central,130,Mobile,True,2,60.2,1279.8,42.6,23.61,31.7,383.2,6.22,54839.0,39.4,Low,34.06991,-72.9368
S0675,NORTH ,657,Community,True,3,51.0,829.5,24.8,23.15,33.7,406.9,6.6,43938.0,39.0,High,45.84323,-71.59995
S0676,East,083,Regulatory,True,2,59.0,1280.9,46.4,50.83,37.8,398.2,7.62,51882.0,42.0,Medium,45.12878,-72.30579
S0677,East,360,Regulatory,True,2,43.3,872.4,39.1,24.54,30.0,381.5,4.99,50712.0,37.7,Severe,47.46926,-94.18458
S0678,West,088,Community,True,3,79.8,1502.3,64.8,33.82,29.0,441.5,4.88,49119.0,15.5,High,43.98735,-111.8836
S0679,East,532,Community,True,4,61.1,1128.4,63.8,27.04,30.7,426.1,4.61,49328.0,24.8,Low,41.18133,-78.61232
S0680,North,742,Regulatory,False,5,70.4,1237.8,70.6,50.38,33.3,453.1,5.34,57090.0,16.2,Medium,45.41657,-112.2115
S0681,North,972,Mobile,True,4,74.4,1484.1,79.0,72.46,37.2,442.3,7.55,48860.0,20.4,Medium,28.62636,-109.13558
S0682,North,985,Mobile,True,4,56.1,1027.5,31.6,30.44,30.0,373.3,6.65,48339.0,31.4,High,36.95086,-111.08788
S0683,West,638,Mobile,True,1,46.3,597.3,59.0,30.63,40.5,445.5,5.43,59753.0,33.4,Medium,48.26901,-94.88851
S0684,West,471,Community,True,2,62.3,987.7,67.7,33.31,36.5,441.0,5.88,50940.0,23.8,High,43.5464,-105.99492
S0685,East,498,Regulatory,True,2,45.2,790.9,36.5,11.25,29.3,387.9,5.53,51227.0,41.1,High,47.68462,-115.63603
S0686,West,507,Mobile,True,2,70.2,1301.5,63.8,,37.1,441.9,5.85,49703.0,23.2,Severe,43.76214,-98.44253
S0687,North,354,Regulatory,False,5,52.3,933.9,48.9,,28.1,425.6,6.92,48648.0,28.5,Severe,45.80996,-74.25033
S0688,South,416,Mobile,True,5,58.0,1191.1,52.7,34.48,25.8,390.1,7.12,47927.0,22.0,Medium,42.19039,-91.69321
S0689,North,051,Regulatory,True,5,65.7,948.3,74.2,26.93,24.5,462.3,5.25,44617.0,33.8,High,43.35079,-73.9957
S0690,South,600,Community,True,3,65.2,1191.6,64.3,,30.5,431.7,5.02,41841.0,36.6,High,38.24833,-113.23735
S0691,East,682,Community,True,5,58.9,842.9,55.5,26.2,37.6,422.3,5.8,41954.0,28.1,Severe,46.87111,-114.899
S0692,Central,063,Community,True,1,74.0,1422.3,63.2,,30.2,449.6,6.13,35330.0,18.5,Low,44.73834,-91.40432
S0693,West,089,Mobile,True,1,44.4,788.0,32.3,22.08,26.2,360.3,4.29,43234.0,32.3,Medium,45.14353,-97.85859
S0694,West,701,Community,True,4,66.7,1251.6,59.5,65.76,38.6,411.9,8.19,46097.0,29.5,Medium,41.4697,-86.54007
S0695,North,190,Community,True,4,66.6,1094.9,70.6,39.41,41.8,418.0,6.82,49256.0,22.1,Medium,33.54847,-78.80896
S0696,North,899,Community,False,4,54.1,1126.7,39.7,17.35,21.3,383.2,4.98,46069.0,46.2,Low,27.76604,-81.29983
S0697,South,601,Regulatory,True,4,62.4,1247.5,49.8,28.25,40.4,429.6,4.53,28669.0,41.0,Medium,47.11659,-70.31998
S0698,West,348,Regulatory,False,1,54.6,1052.4,43.5,22.12,39.9,396.5,4.25,61282.0,20.8,High,39.60159,-101.60026
S0699,East,844,Regulatory,False,4,74.5,1324.6,56.4,14.78,25.1,401.4,4.81,55744.0,21.8,Medium,33.41007,-112.63276
S0700,North,538,Regulatory,False,1,56.0,1077.7,46.8,49.83,25.1,397.0,6.14,52100.0,33.4,High,30.2064,-92.82252
S0701,West,176,Regulatory,True,5,57.9,957.5,46.4,36.53,41.1,381.2,5.59,64515.0,24.3,Low,44.83475,-118.13227
S0702,Central,364,Regulatory,False,5,70.6,1373.2,54.6,37.55,32.5,401.3,6.59,38942.0,30.2,Severe,44.98518,-107.89106
S0703,South,776,Regulatory,True,3,58.6,1252.5,40.2,29.21,12.3,398.1,5.97,62586.0,32.0,Severe,44.51192,-112.54644
S0704,North,901,Community,True,4,45.3,944.2,46.5,16.97,20.4,386.2,5.81,41613.0,30.5,High,40.86928,-101.69759
S0705,NORTH ,907,Community,True,5,40.7,644.6,29.0,20.63,25.2,388.8,4.34,53042.0,40.3,Severe,34.86933,-118.10505
S0706,East,554,Mobile,True,5,70.0,1302.6,48.3,40.21,-5.0,405.8,5.77,36994.0,41.2,Low,33.53751,-122.6691
S0707,North,483,Community,False,2,35.2,478.6,37.2,17.47,26.0,388.2,5.4,52246.0,34.9,High,27.18393,-86.73434
S0708,West,987,Regulatory,True,2,74.3,1406.0,78.4,14.99,39.9,457.0,5.06,49653.0,17.0,Low,44.92256,-89.41068
S0709,West,119,Regulatory,True,1,27.9,555.4,32.6,22.19,39.8,390.3,6.18,50430.0,34.3,Medium,28.8798,-83.76936
S0710,West,169,Mobile,True,3,81.2,1237.5,68.2,33.23,34.7,454.6,5.96,53286.0,22.8,Medium,40.56123,-86.52778
S0711,Central,620,Community,False,2,72.9,1173.3,57.5,33.48,42.9,428.5,6.97,48752.0,40.5,Medium,37.83761,-117.92806
S0712,Central,998,Community,True,3,72.2,1266.1,40.1,37.04,41.4,400.6,6.23,43224.0,36.1,Medium,38.32382,-107.76296
S0713,North,147,Mobile,True,5,57.3,995.1,53.5,37.19,44.9,413.1,6.6,44495.0,31.7,High,46.92433,-117.05222
S0714,NORTH ,688,Regulatory,True,1,67.8,1075.2,62.1,35.39,37.8,439.8,5.54,55036.0,31.5,Medium,27.67972,-76.02909
S0715,Central,437,Regulatory,True,3,48.7,924.0,51.3,43.5,17.1,407.4,6.18,44226.0,29.5,Severe,43.62793,-81.55304
S0716,East,439,Regulatory,True,2,70.0,1289.9,74.1,20.55,42.2,453.4,5.67,54584.0,32.7,High,28.11913,-112.9122
S0717,Central,888,Regulatory,True,5,56.6,996.3,47.1,34.1,40.2,400.7,6.83,58804.0,27.2,Low,27.8203,-104.87472
S0718,South,189,Mobile,False,4,58.1,954.7,65.5,39.91,35.7,431.1,6.51,35922.0,32.7,Medium,36.24108,-68.91964
S0719,NORTH ,160,Community,True,5,54.6,1109.1,52.6,19.02,47.1,404.3,4.89,57409.0,39.0,High,28.35612,-90.33584
S0720,South,814,Regulatory,True,2,56.5,1215.4,51.7,17.35,39.8,420.1,5.83,64191.0,24.8,Medium,43.96659,-78.43355
S0721,North,860,Community,True,2,51.8,874.7,57.9,23.15,39.0,443.9,3.62,51768.0,30.4,Medium,38.38561,-109.28602
S0722,West,932,Community,False,4,44.0,717.9,37.0,20.54,38.0,404.2,4.03,55485.0,35.1,High,27.62433,-112.42196
S0723,East,402,Regulatory,False,5,37.4,731.9,51.3,36.0,35.5,393.5,6.28,58905.0,23.3,Medium,27.87076,-79.42478
S0724,North,586,Regulatory,True,3,70.4,1223.4,53.8,25.0,13.5,436.2,5.26,45456.0,21.0,Medium,40.17237,-85.06233
S0724,West,864,Regulatory,False,3,74.5,1324.2,50.6,22.81,28.7,406.3,5.56,48513.0,24.4,Medium,44.3314,-85.34377
S0726,East,018,Regulator,True,5,52.3,1029.7,61.5,24.82,44.9,439.6,5.29,38308.0,27.4,Low,36.41269,-92.72351
S0727,East,140,Mobile,True,3,45.0,581.6,50.4,41.64,26.1,397.2,6.48,52620.0,32.4,Medium,38.92348,-92.09425
S0728,East,115,Regulatory,True,5,62.5,1282.4,65.7,32.66,34.6,440.4,5.06,51291.0,24.6,Low,44.19633,-82.19739
S0729,South,328,Community,True,5,60.1,1091.0,63.2,29.87,27.4,438.5,5.89,52583.0,38.9,Medium,40.12588,-108.97486
S0730,South,225,Community,True,2,62.4,1074.0,44.0,27.46,45.3,376.9,6.07,57079.0,37.4,Medium,31.83235,-104.21581
S0731,South,558,Regulatory,True,1,55.0,978.8,62.4,48.99,49.1,441.5,7.3,42929.0,30.2,Severe,40.18062,-74.38089
S0732,East,439,Mobile,False,2,51.2,917.8,36.0,20.24,21.9,405.0,6.42,45232.0,30.2,Medium,40.50801,-106.74025
S0733,East,550,Regulatory,True,3,62.1,910.2,65.1,51.29,37.5,434.6,6.74,64703.0,27.4,High,42.7833,-93.0872
S0734,South,718,Regulatory,True,1,38.9,880.2,39.6,27.88,24.4,411.6,5.59,48516.0,38.7,Low,40.3488,-84.09823
S0735,East,386,Mobile,True,5,88.2,1592.8,69.1,33.88,42.2,441.5,4.63,47043.0,31.7,Low,47.83871,-67.00432
S0736,South,521,Regulatory,True,3,56.7,1072.9,54.6,,37.7,431.0,7.21,48026.0,34.5,High,31.2417,-99.47075
S0737,South,253,Regulatory,False,4,64.6,1276.9,44.3,19.88,37.6,366.4,4.86,40765.0,29.3,High,47.44845,-99.88466
S0738,South,620,Mobile,True,3,74.6,1220.2,68.9,30.36,39.9,480.2,6.25,60667.0,23.1,Low,38.5743,-76.05117
S0739,West,901,Community,False,1,86.5,1613.8,55.1,21.31,57.3,441.7,4.64,41095.0,20.4,Medium,41.44706,-78.18357
S0740,East,098,Community,True,1,72.8,1277.6,62.6,45.94,27.4,428.4,6.85,38316.0,30.7,Medium,29.13842,-82.46314
S0741,North,787,Community,True,5,39.8,817.3,44.1,48.19,17.3,369.8,6.41,46491.0,22.1,High,35.18238,-97.8643
S0742,South,071,Community,True,4,42.3,506.0,43.7,48.12,27.8,403.1,6.28,35950.0,31.2,Low,43.54165,-105.8735
S0743,North,551,Community,True,5,54.1,962.2,64.3,48.27,23.5,414.2,6.59,44016.0,24.6,Medium,42.19859,-89.498
S0744,West,810,Regulatory,True,4,58.3,976.2,63.5,29.56,23.9,440.9,5.2,41398.0,28.6,High,27.863,-74.11716
S0745,East,913,Mobile,True,4,69.9,1310.8,54.9,27.43,25.7,425.1,5.07,52075.0,36.0,Severe,38.75178,-73.6828
S0746,South,447,Community,True,5,49.1,939.7,48.0,15.64,24.6,392.2,3.59,43974.0,38.5,High,28.89798,-118.26135
S0747,South,090,Mobile,True,3,64.5,1076.2,56.5,63.12,26.5,438.5,6.98,55646.0,32.9,Medium,48.41091,-99.86986
S0748,South,430,Community,True,2,50.8,828.2,34.8,30.73,32.8,394.7,5.2,61219.0,28.5,High,46.29188,-97.77849
S0749,North,219,Regulatory,True,4,59.4,1056.2,41.4,23.44,26.3,409.1,4.81,54912.0,31.6,High,27.45323,-68.28712
S0750,West,107,Community,True,1,42.8,663.0,36.4,40.93,27.7,385.7,6.34,49299.0,27.5,High,45.46097,-85.51511
S0751,East,476,Community,True,5,38.3,790.1,29.5,17.31,34.5,351.8,5.33,51388.0,30.2,High,46.76774,-101.08333
S0752,West,916,Mobile,True,3,51.4,880.0,41.9,31.42,24.3,410.0,5.73,37520.0,34.5,Severe,34.60129,-123.00167
S0753,South,454,Mobile,True,4,42.9,422.6,43.2,25.22,28.7,393.8,5.96,51394.0,25.5,Low,42.46929,-91.99035
S0754,West,904,Regulatory,False,3,68.7,1192.0,52.2,38.19,36.0,393.0,6.31,40964.0,26.8,Low,36.50523,-118.97563
S0755,North,608,Mobile,False,5,45.0,686.0,48.7,,16.7,428.0,5.16,56439.0,23.8,High,41.0875,-76.51913
S0756,Central,915,Mobile,True,1,95.0,1514.2,87.1,24.52,22.7,508.2,4.9,66497.0,26.5,Medium,34.31682,-81.23018
S0757,Central,544,Mobile,True,4,53.1,807.4,61.7,31.7,38.2,430.5,5.8,54154.0,25.5,Low,33.93502,-98.02072
S0758,East,126,Regulatory,True,4,81.0,1471.9,54.3,46.33,37.5,450.0,6.72,30239.0,15.9,Medium,36.12533,-99.82038
S0759,East,147,Regulatory,True,3,56.0,1168.1,51.1,28.93,49.3,413.4,6.42,45102.0,39.6,High,30.12971,-72.90301
S0760,West,280,Regulatory,False,5,69.7,1293.0,67.4,,38.1,435.7,7.04,48222.0,32.6,Low,44.86949,-107.91364
S0761,East,024,Mobile,False,2,52.8,877.0,51.7,20.14,39.5,403.6,4.63,50437.0,17.6,High,34.497,-110.18135
S0762,North,952,Mobile,False,4,63.2,1191.9,49.6,29.31,30.8,433.9,5.39,42002.0,34.5,Low,35.60322,-70.49615
S0763,South,721,Regulatory,True,1,93.8,1634.2,82.8,31.81,43.1,457.4,6.06,47157.0,32.6,Low,46.22217,-77.96836
S0764,South,120,Mobile,False,4,62.7,1045.6,63.6,,49.2,445.5,6.83,38786.0,26.2,Medium,37.67741,-77.31403
S0765,West,786,Mobile,True,4,77.1,1249.7,61.7,33.54,18.4,422.7,6.33,39942.0,28.6,Low,38.70146,-113.27636
S0766,South,652,Community,False,2,52.1,727.6,64.8,39.9,39.5,429.6,5.95,55801.0,25.1,High,47.56471,-116.26048
S0767,West,297,Regulatory,True,2,58.4,1004.3,50.4,42.89,49.7,426.3,5.27,40849.0,33.0,Severe,46.06462,-123.0033
S0768,East,855,Regulatory,True,5,80.3,1465.1,73.0,45.65,40.5,445.6,5.58,50515.0,31.6,High,30.64353,-110.87011
S0769,East,944,Mobile,True,4,51.3,911.9,43.4,30.25,44.0,392.0,5.7,38573.0,24.2,Low,37.17412,-79.98405
S0770,North,082,Mobile,True,4,88.6,1544.0,74.9,26.2,33.7,471.8,5.55,59854.0,20.8,Medium,47.88287,-110.69779
S0771,South,448,Community,True,3,72.1,1183.5,48.1,30.08,31.8,430.6,4.74,41705.0,31.0,Low,35.00588,-82.57656
S0772,North,912,Regulatory,False,3,35.6,713.9,45.0,,31.5,410.7,5.13,48927.0,32.9,Medium,34.98882,-110.01527
S0773,NORTH ,720,Regulatory,True,1,71.5,1129.4,52.6,27.38,15.4,404.8,5.81,50869.0,31.9,Medium,31.19315,-101.77068
S0774,North,996,Mobile,True,1,72.8,1404.2,65.8,29.44,27.1,430.8,4.67,42052.0,25.7,High,29.45795,-67.96817
S0775,West,919,Regulatory,True,3,67.3,1092.0,69.2,,28.5,445.7,5.97,49595.0,20.9,Low,42.91655,-110.42333
S0776,West,470,Mobile,True,1,38.8,608.6,44.5,13.44,37.7,404.9,4.41,55951.0,37.0,Medium,43.55566,-102.85869
S0777,North,423,Community,False,4,58.0,868.3,28.8,,34.2,356.9,5.9,57475.0,26.9,Severe,47.83378,-107.18749
S0778,East,545,Mobile,True,2,62.7,1068.7,68.9,35.48,39.8,454.8,5.4,54920.0,23.3,Medium,43.62849,-118.19656
S0779,Central,024,Community,True,4,54.5,1097.5,56.6,18.75,40.7,423.2,4.22,47041.0,28.8,Severe,32.23208,-96.33109
S0780,North,061,Mobile,False,3,69.9,1319.9,55.0,31.35,32.4,393.3,5.25,45908.0,31.9,Severe,27.86251,-102.72529
S0781,East,823,Community,False,5,56.3,1130.9,58.0,59.28,44.1,410.5,6.9,67008.0,26.6,Medium,48.1869,-84.54399
S0781,North,701,Community,True,5,35.7,705.2,43.1,37.47,30.8,389.9,5.6,58368.0,35.9,Medium,34.31969,-77.48831
S0782,South,084,Regulatory,True,3,60.8,962.0,53.5,53.43,33.8,415.1,6.52,41853.0,36.8,High,33.70739,-93.20564
S0784,West,225,Mobile,True,4,72.5,1265.3,62.7,37.73,33.5,461.2,6.12,48208.0,23.7,Low,46.47804,-122.64871
S0785,South,991,Regulatory,True,1,72.4,1210.2,55.7,47.48,39.4,423.9,6.25,45057.0,31.2,Medium,39.57965,-88.91196
S0786,South,680,Regulatory,True,1,76.0,1528.5,62.6,25.8,32.3,420.0,5.24,44746.0,29.0,High,31.61973,-121.31503
S0787,Central,186,Mobile,False,5,74.4,1194.8,57.8,25.65,42.3,427.4,4.09,37995.0,26.4,Medium,46.11557,-89.05951
S0788,East,375,Regulatory,True,3,68.6,1342.2,48.1,,23.0,401.4,4.85,43652.0,18.9,Low,48.35726,-85.11078
S0789,NORTH ,072,Regulatory,True,3,55.3,1102.7,55.5,45.33,25.1,424.7,6.2,62876.0,31.0,High,28.86359,-113.12836
S0790,South,074,Regulatory,True,2,42.7,987.4,43.1,,36.3,406.2,7.42,53708.0,34.2,High,45.53841,-77.3876
S0791,West,897,Mobile,True,5,70.0,1210.1,63.4,27.02,35.1,452.3,4.69,27810.0,33.8,Low,35.39609,-72.1126
S0792,East,341,Regulatory,False,3,67.0,1291.8,63.6,29.78,32.3,434.2,4.22,56983.0,25.3,Medium,38.26756,-77.7475
S0793,North,153,Regulatory,True,2,70.4,1540.9,60.3,24.76,42.2,453.1,5.67,54472.0,23.9,Low,46.66854,-106.95622
S0793,South,096,Regulatory,True,1,48.9,806.6,38.0,30.22,24.6,402.0,5.75,47286.0,26.9,Medium,47.92765,-90.76803
S0795,East,565,Mobile,True,5,49.1,700.2,50.9,42.38,31.1,401.0,5.41,56537.0,11.8,High,32.63652,-71.89813
S0796,West,445,Community,True,5,79.1,1197.5,54.7,17.38,-5.0,451.6,3.8,40940.0,26.6,High,31.57629,-106.06178
S0797,East,686,Community,False,3,59.4,1154.1,47.4,33.31,-5.0,410.2,6.74,44313.0,47.1,High,28.73111,-77.3484
S0798,North,110,Community,True,3,62.9,906.0,54.1,27.56,46.1,404.9,6.37,61552.0,36.8,Low,39.07865,-123.95518
S0799,East,458,Community,True,4,59.4,1023.8,63.9,33.16,33.7,459.9,3.92,46683.0,21.3,Low,27.29249,-124.29031
S0800,West,828,Regulatory,True,1,55.9,1058.5,62.8,36.79,45.6,464.3,5.52,33691.0,24.3,Low,35.85581,-80.81658
S0801,South,051,Mobile,True,1,67.2,1232.0,68.3,31.36,29.5,442.4,6.73,47102.0,23.2,Medium,28.57776,-80.71676
S0802,South,377,Regulatory,True,2,52.9,1004.0,58.4,29.17,27.3,417.6,5.13,48347.0,36.7,Low,35.71235,-79.13381
S0803,Central,765,Mobile,True,2,56.4,1041.9,48.9,,13.4,405.5,5.0,58336.0,43.6,Medium,27.85854,-71.02346
S0804,West,073,Regulatory,False,4,52.6,1100.4,53.2,41.12,46.7,426.4,5.86,48513.0,29.9,Low,44.95717,-117.72039
S0805,Central,212,Community,True,1,43.4,667.4,49.7,32.29,-5.0,428.5,4.83,47623.0,31.7,High,31.50939,-111.16086
S0806,Central,432,Community,True,2,57.6,955.0,58.7,33.18,33.7,434.2,4.47,57630.0,31.4,High,34.05864,-72.53582
S0807,North,724,Mobile,False,1,62.7,1035.4,56.3,19.71,26.8,422.9,5.72,49754.0,28.6,Medium,45.70603,-114.30892
S0808,West,763,Regulatory,False,1,49.4,988.0,47.1,,37.3,427.3,3.93,43072.0,32.3,Low,43.04472,-85.27182
S0809,South,168,Community,False,2,79.0,1530.5,71.9,48.57,35.0,444.7,6.6,55057.0,25.9,Severe,31.70932,-93.99838
S0810,West,775,Mobile,False,3,54.9,1042.2,53.1,29.85,22.8,431.0,6.11,50296.0,32.3,Severe,28.54584,-119.71636
S0811,North,331,Regulatory,True,3,48.1,1008.0,47.8,35.23,35.5,401.7,4.75,48975.0,18.4,Low,42.38699,-108.09734
S0812,West,981,Mobile,True,2,50.1,761.3,50.1,52.95,21.1,416.7,6.0,51856.0,27.1,High,35.4001,-94.5786
S0813,West,742,Regulatory,True,4,72.7,1509.5,61.0,,28.6,428.1,7.19,37377.0,20.7,High,43.47072,-75.48987
S0814,Central,751,Regulatory,True,5,56.7,1203.7,37.0,27.79,12.4,385.7,5.76,43556.0,36.7,Medium,36.57384,-83.81654
S0815,West,787,Regulatory,False,1,77.4,1480.7,66.9,,25.3,434.8,5.0,46144.0,21.9,Medium,34.43905,-88.74172
S0816,Central,494,Mobile,True,5,41.0,952.0,45.0,11.02,32.7,421.2,5.39,47731.0,21.6,Medium,36.70092,-95.97811
S0817,Central,143,Mobile,True,2,61.6,910.3,59.8,29.5,19.2,416.6,6.32,59718.0,17.3,Medium,43.09402,-107.32567
S0818,East,582,Regulatory,False,1,58.7,992.8,48.3,25.83,20.2,395.8,5.48,50782.0,33.0,Medium,46.39774,-117.64342
S0819,North,445,Community,True,5,64.8,1078.2,53.0,34.78,33.2,447.2,5.11,55370.0,23.8,Severe,28.06999,-100.97813
S0820,Central,824,Regulatory,True,3,65.4,1262.9,47.9,27.93,27.6,420.9,5.11,47498.0,29.6,High,38.2684,-122.86019
S0821,West,394,Mobile,True,4,54.2,848.7,60.8,27.52,51.1,393.6,5.58,58358.0,37.3,Low,27.70596,-112.36429
S0822,Central,512,Regulatory,True,5,78.6,1505.3,60.4,17.73,49.8,420.3,4.75,49149.0,30.2,Medium,37.07081,-99.63221
S0823,Central,686,Mobile,True,4,95.0,1874.5,88.0,29.49,35.1,451.3,6.13,43861.0,19.3,High,46.03358,-100.4302
S0824,Central,848,Regulatory,False,3,47.8,943.7,58.9,35.3,-5.0,411.8,4.69,49232.0,21.2,Low,34.77419,-121.95301
S0825,South,621,Regulatory,True,5,36.5,691.7,43.3,47.95,36.8,350.9,5.35,43214.0,33.9,Medium,47.04768,-90.62904
S0826,South,715,Community,False,2,78.5,1295.2,60.5,31.95,30.3,426.8,5.72,51284.0,27.1,Severe,40.55808,-92.89316
S0827,South,697,Community,True,1,89.8,1514.0,73.6,41.5,26.4,435.3,5.73,45594.0,28.8,Medium,47.08434,-120.009
S0828,South,803,Mobile,True,3,61.2,1250.8,43.0,39.45,30.7,398.3,5.53,43479.0,17.1,Low,43.27908,-70.26812
S0829,East,328,Regulatory,True,4,56.2,1105.4,51.6,22.08,31.5,388.5,3.87,57219.0,36.5,Low,29.22386,-118.78549
S0830,Central,604,Mobile,True,4,53.7,961.4,48.3,32.44,28.6,408.2,5.64,39230.0,20.1,Medium,31.96975,-75.34704
S0831,East,259,Regulatory,False,3,48.7,826.6,27.3,19.12,30.4,362.9,4.92,46660.0,31.6,Medium,35.47466,-124.48219
S0832,West,834,Regulatory,True,2,43.1,533.3,28.0,33.11,21.0,392.9,6.11,60022.0,42.7,Medium,30.6573,-73.76884
S0833,North,437,Regulatory,False,2,50.8,786.0,46.8,29.55,22.5,425.4,5.53,52808.0,17.2,High,37.6406,-123.36612
S0834,East,718,Community,False,4,53.8,1198.1,42.8,30.66,31.6,408.9,5.44,47428.0,30.9,Low,37.13442,-80.92581
S0835,South,564,Mobile,False,3,65.9,1033.4,50.2,22.77,-5.0,405.5,5.96,50808.0,28.3,Low,47.55957,-103.70278
S0836,South,349,Regulatory,True,3,79.4,1451.4,62.9,43.08,26.3,463.0,5.24,47727.0,27.2,Medium,36.32515,-82.05253
S0837,West,693,Regulatory,False,1,81.0,1578.2,79.9,77.62,47.4,440.5,8.26,33398.0,26.2,Low,43.89098,-101.39965
S0838,Central,950,Mobile,True,4,45.0,658.8,42.8,18.9,16.5,376.1,3.78,48253.0,31.5,Severe,47.25108,-120.42279
S0839,North,815,Mobile,True,2,71.7,1312.0,62.1,29.04,30.9,430.6,4.87,60060.0,19.5,Low,45.85526,-80.36837
S0840,East,515,Regulatory,True,5,46.8,955.3,56.9,,32.2,456.2,4.75,43994.0,29.2,High,31.48635,-120.40297
S0841,Central,449,Community,False,2,55.2,995.8,43.6,36.7,25.8,395.5,6.38,46479.0,31.2,Medium,37.66464,-71.47807
S0842,Central,399,Community,True,2,65.6,1525.8,63.5,,31.4,431.6,5.29,41512.0,26.9,Medium,34.47641,-121.56899
S0843,East,596,Regulatory,True,5,43.4,580.7,48.2,10.25,47.0,385.1,4.5,50820.0,42.9,High,35.59696,-96.9388
S0844,East,214,Community,True,4,65.5,1306.1,64.3,52.34,29.3,449.9,5.84,42498.0,35.2,Medium,34.75735,-82.92552
S0845,East,546,Mobile,True,1,57.1,1006.4,41.2,36.03,49.8,408.4,5.59,52856.0,42.7,High,44.76672,-101.88833
S0846,East,562,Community,True,2,72.6,1400.1,53.8,16.96,37.0,428.7,4.31,48178.0,31.3,Medium,36.72099,-112.00908
S0847,South,289,Mobile,False,2,63.5,1195.4,50.9,24.12,33.5,402.1,5.47,54016.0,40.5,Medium,38.25943,-80.85227
S0848,Central,841,Mobile,True,4,89.4,1521.4,80.4,66.63,43.9,454.0,6.64,37464.0,18.8,High,48.12262,-79.40305
S0849,Central,259,Mobile,False,4,50.4,934.3,52.5,48.07,53.4,395.0,7.33,46671.0,27.4,High,28.28955,-71.44504
S0850,South,258,Mobile,True,3,54.6,759.1,61.7,43.04,27.5,432.3,4.98,48640.0,24.2,High,37.49109,-102.87051
S0851,Central,388,Community,False,4,57.5,1106.9,44.8,26.57,22.2,384.4,4.76,52004.0,28.1,High,43.64233,-95.39053
S0852,East,784,Mobile,True,4,48.1,902.1,45.5,28.4,25.3,384.2,6.59,43241.0,31.2,Severe,30.24998,-103.62011
S0853,North,694,Regulatory,True,2,48.4,947.9,57.8,28.4,34.7,417.7,5.12,56638.0,29.7,Medium,40.14793,-109.7178
S0854,Central,545,Mobile,True,1,72.4,1431.0,69.3,50.8,23.5,437.3,5.62,55905.0,28.7,Medium,32.14849,-81.3156
S0855,North,265,Regulatory,True,2,69.0,1285.6,79.3,26.48,40.0,454.8,5.48,39375.0,34.6,Low,45.64919,-104.97002
S0856,North,313,Mobile,False,4,48.2,886.0,51.6,21.59,46.4,419.9,4.75,45757.0,20.5,Medium,34.03264,-99.88141
S0857,South,040,Regulator,True,3,47.2,743.1,37.4,37.32,30.6,388.5,5.28,46286.0,25.3,Medium,34.07485,-101.28876
S0858,West,998,Community,False,1,70.9,1190.8,49.0,29.71,29.9,404.0,4.72,68914.0,15.5,High,39.86117,-83.52198
S0859,Central,820,Mobile,True,3,54.9,1131.5,37.1,43.37,24.3,389.5,8.11,44772.0,27.5,Medium,30.9466,-71.72675
S0860,South,210,Mobile,True,5,68.8,1410.0,66.6,26.34,43.8,425.1,5.14,59961.0,24.0,High,33.12511,-86.16153
S0861,South,272,Community,True,3,67.5,1187.2,66.5,32.55,30.0,441.3,4.28,37744.0,22.5,Low,35.95758,-97.384
S0862,North,136,Community,True,3,41.0,743.3,54.6,20.65,48.4,420.6,6.08,42623.0,22.2,Medium,34.60321,-79.69571
S0863,Central,599,Regulatory,True,4,80.9,1347.9,77.2,36.92,54.8,436.5,6.27,41420.0,25.1,Severe,38.28486,-87.64415
S0864,South,060,Community,True,4,80.9,1597.5,82.3,22.62,42.6,483.0,4.59,38650.0,21.2,Low,39.89226,-121.0149
S0865,East,510,Regulatory,False,4,54.2,1056.1,44.2,23.51,31.0,386.4,4.52,46520.0,25.8,Low,39.18335,-118.99934
S0866,South,676,Mobile,True,4,51.9,1166.3,41.9,16.51,38.7,396.7,5.3,42332.0,32.5,Medium,41.06462,-122.31978
S0867,East,515,Regulatory,True,4,48.8,773.0,64.7,39.54,44.9,453.9,5.8,43808.0,23.6,High,33.61661,-98.23306
S0868,West,015,Community,True,3,63.2,1092.4,61.7,40.88,29.0,444.9,4.7,57713.0,34.6,Medium,29.71816,-77.01343
S0869,East,614,Mobile,True,5,76.4,1403.7,62.4,18.15,31.4,432.9,6.16,56368.0,26.5,Medium,43.35736,-106.49772
S0870,East,255,Regulatory,False,4,89.7,1691.8,78.2,60.65,29.0,455.3,6.73,52443.0,22.3,High,45.29178,-102.41079
S0871,North,737,Regulatory,False,5,63.7,1120.2,55.8,73.7,-5.0,434.7,8.73,52471.0,30.4,Medium,32.52563,-72.20507
S0872,South,722,Regulatory,True,5,57.8,936.3,57.3,30.98,39.7,433.2,6.44,50124.0,16.5,High,35.75248,-76.37805
S0873,West,535,Mobile,False,2,44.0,897.4,51.6,22.58,22.1,403.5,4.43,45639.0,37.0,Low,37.71924,-86.25973
S0874,South,235,Regulatory,True,2,52.4,1030.0,52.0,78.1,29.4,401.8,8.63,41195.0,34.3,Medium,38.46653,-109.15878
S0875,East,131,Regulatory,True,1,55.9,896.2,61.4,19.58,24.6,399.5,4.52,52527.0,23.0,High,41.17904,-117.77011
S0876,East,670,Community,True,2,79.6,1596.1,77.1,,32.1,461.0,4.54,36034.0,17.8,High,27.89447,-123.57662
S0877,South,685,Regulatory,False,4,57.5,1175.1,46.1,30.33,35.9,401.8,5.22,39998.0,24.7,High,42.51176,-118.34689
S0878,West,017,Mobile,True,5,69.9,1274.5,63.3,52.47,30.0,451.0,6.9,56576.0,18.9,High,28.33238,-107.6757
S0879,West,882,Community,True,1,59.0,1070.9,43.7,31.97,28.5,404.0,5.27,63780.0,21.1,Medium,37.0682,-92.77207
S0880,North,954,Mobile,True,2,71.6,1354.6,75.3,29.73,25.8,475.6,5.27,50019.0,16.3,Low,44.79493,-120.82
S0881,East,826,Community,True,3,90.3,1522.5,70.7,26.11,39.2,436.8,6.11,54717.0,10.0,Low,36.70113,-116.6669
S0882,East,992,Community,False,1,57.2,1033.9,52.0,26.15,32.6,430.6,5.38,46830.0,27.4,Severe,30.20543,-114.08786
S0883,North,878,Regulatory,True,4,45.5,560.1,43.3,18.99,25.0,390.1,4.36,40938.0,30.5,Severe,48.17823,-88.16103
S0883,South,185,Mobile,True,5,58.8,1162.7,69.9,33.52,36.0,457.4,6.17,52921.0,33.7,Severe,46.11964,-89.09209
S0885,East,391,Regulatory,True,4,64.9,980.5,61.5,26.22,36.8,408.9,5.45,53672.0,33.6,Low,43.58324,-92.83097
S0886,South,423,Community,True,4,74.8,1527.5,60.7,19.41,28.7,432.8,3.21,46409.0,23.5,Medium,35.8475,-110.09617
S0887,West,846,Regulatory,True,3,64.0,1111.6,64.2,,24.2,405.8,6.81,46391.0,25.7,High,30.95268,-103.16062
S0888,Central,442,Community,True,3,54.8,961.0,46.8,23.83,46.1,400.2,5.47,56931.0,37.3,High,47.24034,-118.94034
S0889,North,696,Community,True,5,64.4,1083.3,68.0,21.26,31.9,448.9,5.08,40614.0,23.7,High,38.44555,-111.47852
S0890,East,655,Mobile,True,2,82.0,1441.8,66.1,32.58,35.8,431.2,6.25,40159.0,27.8,High,45.32564,-72.88195
S0891,North,556,Mobile,True,4,71.8,1462.7,66.4,34.38,44.7,423.7,5.25,38159.0,23.1,Medium,34.35504,-68.16772
S0892,West,012,Mobile,True,2,67.9,923.5,52.4,16.56,61.3,427.0,5.06,50139.0,29.8,Low,34.2087,-87.25957
S0893,West,520,Mobile,True,5,76.5,1530.8,61.0,37.02,25.3,428.2,4.75,37112.0,28.3,Low,48.18912,-71.78266
S0894,West,080,Regulatory,True,4,67.2,1250.1,63.0,22.49,39.4,426.1,5.41,42025.0,25.3,Low,38.21941,-87.54234
S0895,West,809,Mobile,True,2,82.8,1345.9,75.7,66.78,33.3,456.8,8.71,41278.0,31.3,Medium,30.02495,-122.5912
S0896,Central,674,Mobile,True,4,67.3,1082.9,74.9,41.88,34.4,494.4,5.4,46418.0,19.8,Low,31.72301,-67.18615
S0897,South,302,Mobile,True,3,62.0,1317.5,46.9,25.21,-5.0,421.7,4.73,35196.0,31.3,Medium,37.3618,-118.81024
S0898,South,216,Community,False,3,55.3,882.5,65.1,24.43,27.3,454.6,4.72,50403.0,37.7,High,27.91312,-85.2481
S0899,Central,248,Community,True,1,65.2,1034.4,49.7,,32.1,416.0,5.53,58772.0,31.9,Severe,36.94448,-109.96192
S0900,South,541,Mobile,False,5,55.1,1128.4,37.3,33.23,17.5,389.6,4.92,49314.0,27.8,High,36.00723,-101.96109
S0901,West,272,Community,False,2,66.7,1240.9,51.0,29.88,40.3,375.9,5.79,59885.0,31.9,Medium,43.75573,-87.35878
S0902,South,133,Community,True,4,49.9,785.1,40.2,24.91,30.5,382.3,5.84,60962.0,46.5,Low,34.63125,-99.40198
S0903,North,005,Regulatory,True,1,55.1,1018.3,42.6,28.26,34.0,389.5,5.79,55112.0,31.7,Low,48.1248,-110.0936
S0904,South,756,Community,True,5,82.1,1354.6,71.1,28.83,34.0,419.8,4.2,47470.0,30.5,Severe,30.88655,-105.26934
S0905,North,542,Regulatory,True,5,55.2,1124.9,55.2,26.48,30.9,402.0,6.02,48430.0,29.0,Medium,39.70621,-104.86098
S0906,East,629,Community,False,5,70.4,1394.8,58.5,15.37,36.9,395.6,5.42,52742.0,30.0,Low,28.92853,-69.33888
S0907,North,690,Mobile,True,2,38.3,752.8,46.9,37.98,22.4,403.9,6.48,47350.0,30.1,High,42.77808,-78.57975
S0908,North,773,Community,True,3,72.8,1353.5,64.6,36.98,33.3,448.5,6.11,31819.0,21.0,Medium,48.3872,-98.13345
S0909,West,747,Community,True,1,65.8,1395.3,66.7,25.2,29.8,456.7,5.41,50564.0,28.9,Severe,44.61148,-113.0103
S0910,West,141,Regulatory,False,2,89.6,1612.4,76.1,72.95,31.9,463.2,8.37,36277.0,17.4,Medium,38.94763,-77.86657
S0911,West,483,Mobile,True,4,53.0,812.9,42.4,28.34,-5.0,381.9,6.76,42425.0,29.6,Medium,37.42194,-115.46201
S0912,North,305,Regulatory,True,2,61.7,1163.7,65.7,22.56,47.1,409.2,4.46,48020.0,38.3,Medium,44.95314,-112.39842
S0913,Central,345,Mobile,True,4,63.2,1388.6,52.8,40.7,27.7,388.7,6.79,45907.0,29.0,Severe,47.12344,-103.45423
S0914,West,562,Mobile,True,4,72.9,1190.7,63.3,,45.1,414.9,5.84,36559.0,21.8,Severe,48.26794,-73.87998
S0915,West,270,Regulatory,True,5,63.3,1096.0,52.6,34.6,41.7,401.4,5.64,49748.0,30.9,Medium,35.52559,-116.92227
S0916,North,108,Community,True,2,60.3,1134.8,50.5,25.4,22.3,408.5,4.19,55920.0,26.6,Low,48.30473,-117.47153
S0917,East,558,Mobile,True,3,65.9,1180.1,57.7,36.67,25.7,408.7,5.63,38892.0,29.1,Medium,30.35241,-96.09644
S0918,East,474,Community,True,4,56.3,895.0,59.6,28.08,55.4,432.4,4.71,59810.0,21.0,Severe,32.45132,-108.60639
S0919,South,082,Regulatory,True,5,39.3,841.5,53.3,34.2,47.3,412.5,5.39,37470.0,34.0,High,28.91385,-91.79814
S0920,East,638,Regulatory,True,3,61.2,1379.7,49.8,15.11,32.2,409.7,3.99,63660.0,30.8,High,32.84238,-98.53089
S0921,West,084,Regulatory,True,2,87.4,1596.0,61.8,29.41,37.5,448.4,5.16,42134.0,21.6,Medium,43.51066,-99.48985
S0922,Central,290,Regulatory,True,3,52.4,834.5,53.3,53.51,28.3,398.3,6.39,51158.0,31.5,Medium,45.33787,-118.06155
S0923,South,071,Mobile,True,2,61.5,920.8,60.3,23.99,38.5,434.8,5.27,34339.0,39.6,Medium,43.74619,-116.38964
S0924,Central,175,Regulatory,True,4,50.0,931.3,64.6,25.19,30.4,436.1,4.13,48915.0,22.3,High,40.56791,-77.28798
S0925,Central,828,Community,True,1,74.5,1473.0,76.4,30.72,-5.0,452.5,4.52,47990.0,29.3,Severe,38.05028,-73.56174
S0926,West,842,Community,True,1,45.0,867.1,48.9,18.24,21.7,421.3,5.17,49108.0,32.7,Medium,42.23714,-111.0057
S0927,North,463,Mobile,True,4,46.2,831.5,38.3,12.13,29.7,402.1,4.05,45507.0,34.8,Medium,35.40292,-117.97602
S0928,North,849,Regulatory,True,3,71.2,1211.1,64.9,30.64,27.2,422.6,6.28,40161.0,32.4,Medium,45.08813,-121.42854
S0929,NORTH ,395,Mobile,True,2,83.1,1364.4,70.2,37.27,37.0,443.7,6.02,55858.0,24.3,Low,41.55959,-89.52289
S0930,East,866,Mobile,True,1,63.5,1243.5,49.9,29.13,23.9,414.1,5.88,47785.0,30.9,Severe,42.0028,-83.36719
S0931,North,091,Mobile,True,2,56.0,1117.1,50.8,27.71,26.4,407.3,6.37,60624.0,30.4,Medium,38.52262,-103.06343
S0932,West,469,Regulator,True,4,82.7,1303.0,81.4,38.53,47.2,475.2,5.71,42970.0,18.6,High,46.03242,-85.41864
S0933,East,863,Community,False,3,46.7,1030.7,44.5,39.06,33.1,404.4,5.55,45338.0,33.8,High,32.41832,-83.50487
S0934,North,434,Community,True,2,37.2,737.9,26.0,22.21,26.4,394.3,5.72,57098.0,32.6,High,35.19467,-70.71782
S0935,Central,249,Mobile,True,3,63.2,1304.8,65.3,26.59,43.4,414.7,5.69,34188.0,37.9,Severe,43.71932,-120.76977
S0936,West,644,Mobile,False,1,50.5,748.6,44.9,25.09,35.1,398.9,5.12,40801.0,28.0,High,37.5941,-113.44323
S0937,West,681,Community,True,2,48.4,706.5,46.5,34.02,43.2,390.1,6.68,59541.0,22.8,Severe,46.1181,-120.55976
S0938,South,955,Community,False,5,77.8,1382.4,59.7,53.81,31.2,436.4,6.54,37330.0,34.8,Low,34.44759,-74.59035
S0939,West,572,Regulatory,True,1,55.5,1059.2,55.7,24.06,30.5,396.0,5.23,34093.0,24.4,High,34.9406,-78.92624
S0940,Central,881,Mobile,True,3,44.4,1015.2,55.5,29.99,23.5,425.1,5.51,63857.0,21.6,High,46.10782,-91.45808
S0941,West,849,Regulatory,True,4,45.6,906.0,33.9,28.75,25.0,371.5,4.78,38414.0,35.6,Medium,36.98396,-119.68935
S0942,South,241,Community,True,5,70.8,1244.8,79.3,25.55,47.5,451.7,5.33,49004.0,32.1,High,38.09668,-108.78454
S0943,West,702,Community,True,2,68.8,1116.0,46.9,29.82,42.1,382.8,6.47,48857.0,35.0,High,34.15442,-107.38111
S0944,West,496,Community,True,1,60.3,1232.5,49.2,17.52,40.0,401.6,5.19,25120.0,26.7,High,32.9484,-92.25727
S0945,South,340,Community,True,2,80.8,1339.0,76.4,19.72,24.8,473.8,5.01,44827.0,25.5,Medium,41.1029,-109.66248
S0946,West,793,Regulatory,False,2,56.1,1205.2,49.0,32.8,40.9,407.8,5.53,51356.0,28.5,High,29.57657,-120.30481
S0947,East,744,Community,True,5,32.1,543.5,38.9,22.1,15.0,399.5,5.34,54574.0,42.2,Medium,45.90436,-82.48117
S0948,West,471,Mobile,True,5,46.7,1031.9,47.6,29.87,39.1,430.7,6.02,56037.0,27.9,High,43.75287,-107.30289
S0949,North,463,Community,True,5,58.8,1140.5,57.8,30.48,31.5,428.0,5.95,45057.0,29.0,Medium,31.10109,-98.48848
S0950,North,801,Mobile,True,5,53.1,938.7,55.6,21.14,39.5,411.7,4.82,55068.0,29.9,Medium,41.92143,-117.15917
S0951,East,275,Community,True,4,56.1,946.6,63.7,,25.3,441.7,5.78,43806.0,20.3,Medium,39.95661,-78.35347
S0952,West,825,Regulatory,True,3,74.2,1294.6,65.2,21.81,45.7,429.3,5.43,35949.0,25.8,Low,30.9675,-91.98192
S0953,Central,015,Mobile,True,5,45.1,863.3,49.5,45.56,20.6,401.5,5.57,39438.0,29.0,Low,32.87388,-72.65883
S0954,West,041,Regulatory,True,1,78.7,1426.0,61.7,20.73,-5.0,408.3,5.15,34747.0,35.9,Low,35.79321,-96.01039
S0955,North,965,Community,False,2,51.5,854.9,53.5,27.31,25.4,430.3,3.85,57947.0,30.5,High,42.03372,-70.36802
S0956,South,208,Regulatory,True,5,69.7,1234.9,63.8,22.8,21.9,429.0,5.48,35474.0,25.0,High,40.73255,-73.21758
S0957,East,060,Community,True,1,61.9,1122.9,50.4,36.14,-5.0,413.4,6.27,50455.0,29.1,Low,38.44305,-91.35356
S0958,South,365,Regulatory,True,4,63.6,888.9,62.4,28.49,50.1,416.9,5.95,47539.0,27.1,Low,43.52083,-70.80113
S0959,Central,240,Regulatory,True,1,74.5,1396.5,56.4,26.59,55.4,428.1,5.05,45800.0,28.5,Medium,43.29566,-105.9224
S0960,West,608,Mobile,True,1,68.7,1119.4,64.7,44.39,37.0,425.1,6.44,59193.0,32.6,High,40.28397,-103.47558
S0961,Central,790,Community,True,4,61.0,960.4,52.9,30.28,42.1,413.0,6.51,45730.0,35.3,Low,43.92029,-121.88502
S0962,South,939,Regulatory,False,4,77.4,1191.2,82.0,44.94,42.4,480.8,7.24,52745.0,17.6,Medium,34.18666,-90.62095
S0963,West,160,Community,True,2,65.3,961.0,49.8,21.14,36.4,421.5,5.04,49535.0,36.4,Low,45.94686,-82.98937
S0964,Central,397,Mobile,True,5,75.3,1193.6,63.8,20.44,33.2,434.6,5.12,46622.0,31.7,Medium,40.22057,-80.02265
S0965,North,934,Regulatory,True,1,68.4,1146.2,60.4,33.29,36.7,402.3,6.44,66522.0,27.6,Low,44.68082,-115.88556
S0966,North,794,Community,True,3,71.2,1515.8,64.8,29.7,40.5,481.6,4.43,34374.0,18.2,Medium,38.745,-98.96085
S0967,East,500,Regulatory,True,3,47.0,783.2,55.1,,29.1,445.3,5.59,60614.0,30.3,High,31.69642,-114.33037
S0968,North,209,Regulatory,True,2,74.1,1354.5,63.2,,35.2,444.6,6.55,52124.0,25.2,High,38.66182,-86.42768
S0969,North,133,Regulatory,True,3,58.1,1094.1,66.2,34.58,36.1,427.9,6.41,44599.0,30.1,Low,34.9789,-115.41808
S0970,South,381,Regulatory,True,2,45.6,837.0,40.8,15.08,36.8,391.7,5.01,63012.0,35.7,High,41.99623,-72.51059
S0971,North,433,Mobile,True,5,67.5,1205.0,51.5,58.7,24.3,404.6,5.88,32985.0,37.6,Medium,37.22957,-111.23851
S0972,North,609,Mobile,True,2,51.4,781.3,45.8,26.35,31.0,421.4,5.28,46138.0,24.5,Severe,44.97643,-107.74437
S0973,South,731,Community,True,4,68.2,1401.1,69.9,43.29,52.8,449.7,5.75,36925.0,38.9,Medium,41.57856,-75.57289
S0974,North,389,Community,True,4,53.1,1172.3,43.8,20.68,40.3,387.1,5.27,51263.0,36.6,High,41.71771,-98.13811
S0975,North,997,Regulatory,True,4,49.6,691.5,44.5,30.69,41.9,393.1,4.97,41946.0,35.4,High,31.66884,-123.12023
S0976,East,583,Regulatory,True,4,49.9,774.6,34.3,16.44,28.8,398.6,4.1,53817.0,44.6,Low,48.16137,-96.06129
S0977,North,432,Regulatory,True,4,44.9,775.1,41.1,31.17,32.8,417.9,4.11,48858.0,33.7,Severe,45.09602,-119.63876
S0978,North,274,Mobile,True,4,32.0,460.6,45.3,23.18,39.3,424.5,6.01,48401.0,37.1,Medium,43.96361,-67.84268
S0979,East,351,Regulatory,True,4,53.1,1017.1,34.6,26.51,41.1,393.7,5.05,52006.0,34.1,High,34.09963,-90.68358
S0980,South,134,Community,False,4,69.2,1157.6,69.3,43.26,21.7,440.9,6.27,45905.0,31.2,Low,38.51608,-109.74937
S0981,North,066,Regulatory,True,4,68.3,1489.0,64.5,21.34,25.6,387.5,5.07,37357.0,34.1,Medium,29.94772,-92.08623
S0982,Central,639,Mobile,False,5,63.0,1276.2,51.4,23.51,43.3,416.9,4.43,69754.0,36.1,Medium,38.57723,-120.08014
S0983,South,205,Regulatory,True,4,47.3,877.2,45.3,32.26,29.1,401.5,4.73,45840.0,21.9,Medium,30.13662,-78.50625
S0984,South,298,Mobile,True,2,67.7,1341.2,60.8,66.83,29.8,431.5,6.64,29212.0,25.4,Medium,38.89031,-71.29364
S0985,North,117,Mobile,True,5,46.7,973.0,53.5,27.45,23.3,417.0,4.87,42425.0,36.3,Medium,40.94752,-74.21945
S0986,East,948,Mobile,True,3,55.3,927.7,53.0,36.25,28.8,395.4,6.07,39295.0,32.4,High,35.38921,-104.84894
S0987,South,267,Mobile,False,1,69.5,1153.0,78.2,34.48,-5.0,469.1,5.17,54691.0,24.1,Medium,37.71871,-105.76833
S0988,East,794,Community,True,5,68.9,1250.1,71.1,67.58,54.5,457.5,8.6,50073.0,28.8,Low,45.82655,-122.48246
S0989,Central,149,Mobile,True,4,54.8,1089.3,49.1,15.6,32.1,418.6,5.5,51654.0,23.6,High,29.33411,-87.04448
S0990,East,194,Community,True,5,63.9,1166.1,46.6,30.1,31.2,418.1,6.07,45043.0,35.4,Medium,44.02226,-93.74297
S0991,West,680,Community,True,1,52.9,763.2,52.2,16.49,37.7,423.0,4.74,48186.0,31.8,Medium,30.67122,-98.08758
S0992,East,824,Regulatory,True,1,38.3,592.6,36.2,10.53,36.7,378.9,5.59,48477.0,33.3,Low,27.78922,-72.31122
S0993,South,886,Regulatory,True,4,69.2,1236.4,56.9,34.92,41.8,421.3,5.59,46932.0,27.5,Low,30.98985,-114.84696
S0994,East,179,Mobile,True,4,43.6,776.4,30.8,26.17,36.3,376.8,5.29,57024.0,35.2,Low,43.44843,-123.94419
S0995,East,148,Regulatory,False,2,49.1,1120.8,44.9,24.96,26.2,402.5,5.37,50964.0,29.4,Severe,35.71021,-120.2843
S0996,West,465,Mobile,True,1,52.7,781.5,53.5,28.26,31.0,431.2,5.9,54312.0,27.4,Medium,45.75919,-111.65614
S0997,West,976,Regulatory,True,4,84.1,1575.0,70.8,105.78,43.8,457.0,9.73,49547.0,36.6,Low,38.28121,-122.58608
S0998,North,569,Mobile,True,1,67.8,1399.2,71.7,31.3,33.7,480.3,5.23,53680.0,16.1,Low,27.47838,-95.58649
S0999,South,005,Regulatory,False,2,49.3,1159.9,52.7,34.55,33.1,447.9,5.35,50346.0,20.1,Low,42.40934,-106.4398
S1000,North,526,Regulatory,True,3,69.8,1207.8,71.2,27.37,41.0,449.4,5.82,50624.0,30.4,Medium,29.37001,-114.12223
S1001,West,280,Community,True,1,87.6,1636.1,67.3,39.24,43.1,383.5,6.46,54694.0,19.2,Low,43.97166,-81.37017
S1002,East,499,Regulatory,False,2,70.0,1327.5,71.7,31.72,-5.0,467.7,5.31,41715.0,13.6,Medium,30.6142,-112.74405
S1003,West,836,Regulatory,True,2,65.0,1194.1,68.7,28.89,42.9,435.5,4.33,40990.0,32.4,Medium,34.4271,-84.96271
S1004,Central,436,Mobile,True,2,44.5,788.7,59.0,55.94,32.9,414.2,6.65,40780.0,35.8,High,43.36734,-104.41727
S1005,East,816,Community,True,5,62.6,1179.8,53.2,45.58,39.0,409.9,6.72,49384.0,21.5,Medium,47.51597,-95.0699
S1006,North,216,Mobile,False,4,67.6,912.1,56.9,32.85,40.4,415.7,6.91,34697.0,17.8,Medium,34.98583,-70.80265
S1007,East,687,Regulatory,False,1,79.6,1515.5,61.2,14.87,48.2,439.3,3.91,49604.0,20.4,High,44.8321,-122.35228
S1008,Central,828,Mobile,False,5,69.8,1270.7,65.3,29.21,47.1,414.1,5.16,46502.0,22.7,Medium,31.10203,-95.73479
S1009,West,969,Community,True,1,70.7,1246.2,71.0,88.6,48.5,431.6,8.16,56600.0,37.3,High,44.35437,-75.37068
S1010,South,515,Mobile,True,5,53.6,1209.9,42.9,25.47,42.3,402.4,6.22,42365.0,28.8,High,41.13612,-90.69148
S1011,South,887,Regulatory,True,4,68.3,1148.5,68.7,,39.5,453.0,6.45,46482.0,31.2,Medium,31.14399,-108.57995
S1012,South,137,Mobile,False,2,66.0,1139.6,40.8,46.88,-5.0,403.1,5.71,57140.0,36.2,Medium,33.50384,-101.63333
S1013,West,978,Regulatory,False,1,90.2,1862.5,87.3,43.42,48.8,465.3,6.56,54890.0,30.5,Severe,29.83307,-85.38473
S1014,South,612,Community,True,2,49.0,782.5,44.0,20.42,36.9,384.5,4.74,44864.0,27.4,High,35.23379,-73.27832
S1015,Central,595,Community,True,4,78.0,1338.2,72.8,15.16,35.7,443.5,3.9,48425.0,25.4,Severe,31.37845,-122.13868
S1016,West,280,Mobile,True,1,64.0,1133.8,54.5,38.8,36.9,421.7,5.31,50552.0,27.8,Low,40.84596,-120.38652
S1017,South,132,Community,True,3,49.6,993.0,57.7,22.41,34.1,446.1,6.33,52031.0,31.7,Medium,48.38186,-105.80954
S1018,North,393,Mobile,True,3,53.8,993.3,27.5,,20.0,338.7,5.61,46940.0,41.8,Severe,27.2582,-111.11517
S1019,West,481,Regulatory,True,3,68.8,1082.5,51.7,19.66,43.2,409.7,5.06,58756.0,42.7,Medium,38.62978,-109.26647
S1020,West,513,Mobile,True,4,63.6,1081.1,58.4,28.46,35.0,405.1,5.25,33396.0,26.0,Severe,39.33383,-111.77698
S1021,East,628,Regulatory,True,3,64.1,1081.3,56.6,31.3,-5.0,397.1,5.77,45143.0,29.5,Low,46.65549,-113.24006
S1022,South,419,Community,False,1,49.2,876.9,63.1,,22.8,448.0,5.89,53322.0,32.6,Severe,37.87911,-116.98912
S1023,North,202,Regulatory,False,3,64.2,1206.2,47.7,19.85,27.5,414.0,5.2,51421.0,34.1,Medium,38.68958,-70.79764
S1024,Central,652,Regulatory,False,1,84.6,1573.3,82.6,58.46,40.9,475.4,7.0,56382.0,33.8,Low,37.14054,-116.20911
S1025,West,658,Regulatory,True,4,76.8,1169.9,75.1,29.15,47.9,469.0,6.07,57566.0,24.3,Severe,32.78144,-112.74678
S1026,Central,462,Regulatory,True,2,73.2,1444.6,69.5,19.11,40.6,437.8,4.97,44048.0,23.7,Medium,28.20463,-110.33972
S1027,Central,778,Regulatory,True,5,69.0,1271.8,50.0,29.05,35.0,403.6,4.77,57768.0,38.2,Low,35.78614,-70.85164
S1028,Central,202,Mobile,False,3,57.8,1207.2,50.3,29.59,23.6,443.4,5.05,42044.0,31.8,Low,28.13072,-81.04644
S1029,East,914,Regulatory,True,5,56.2,1064.2,69.9,34.61,28.2,442.1,4.35,56062.0,29.3,High,38.83559,-79.09228
S1030,Central,152,Regulatory,True,2,53.8,1100.0,48.2,45.93,34.6,417.7,7.72,62884.0,29.9,Severe,33.60681,-118.4764
S1031,NORTH ,897,Regulatory,True,4,52.8,1006.5,40.1,24.93,19.1,392.2,5.85,58681.0,37.5,Low,38.47245,-76.41218
S1032,South,222,Regulatory,False,4,44.7,966.5,34.0,24.44,24.2,353.5,4.64,50047.0,28.0,Medium,29.88738,-101.0289
S1033,North,079,Regulatory,True,2,53.0,1016.1,62.1,21.02,39.5,401.1,4.85,46249.0,24.8,Low,47.05154,-109.38768
S1034,NORTH ,200,Regulatory,True,5,73.1,1304.4,68.2,45.4,29.2,434.0,5.82,34945.0,10.5,High,46.23221,-91.39437
S1035,Central,762,Community,True,3,46.9,1117.5,44.7,29.19,44.0,416.4,6.54,50779.0,27.3,Low,31.08492,-77.22448
S1036,Central,099,Mobile,False,1,83.3,1605.6,47.4,26.77,41.6,417.2,4.34,36445.0,36.1,Low,34.38405,-79.7275
S1037,East,978,Regulatory,True,4,45.4,885.6,46.9,14.17,19.2,418.2,4.79,43341.0,30.9,Low,40.19009,-73.32514
S1037,Central,912,Mobile,True,2,36.7,507.5,30.6,40.42,20.2,360.3,5.94,42429.0,28.3,Medium,29.05725,-71.1324
S1039,Central,213,Community,True,5,60.3,929.9,41.1,18.13,12.0,418.2,5.49,45737.0,40.4,Severe,34.62321,-110.80798
S1040,Central,143,Community,True,3,76.7,1415.4,42.8,24.05,24.4,382.6,5.13,46284.0,32.3,Medium,32.39891,-100.12817
S1041,West,702,Regulatory,True,5,80.8,1472.6,78.4,42.02,45.7,464.2,4.87,48353.0,34.5,Low,46.68361,-123.65886
S1042,West,389,Mobile,True,3,58.0,970.3,51.4,19.37,29.5,412.4,4.79,44374.0,34.9,Medium,45.32898,-73.939
S1043,East,813,Regulatory,True,1,84.8,1543.4,64.0,20.4,39.7,432.6,4.34,54294.0,28.3,High,39.4664,-115.6121
S1044,East,374,Community,False,1,50.2,1093.4,65.7,14.9,24.3,458.4,4.8,46774.0,37.9,Low,38.18745,-74.9652
S1045,South,052,Community,True,2,67.6,1300.8,58.4,40.67,41.0,414.5,7.04,40893.0,26.1,Low,47.0106,-105.56023
S1046,East,967,Mobile,True,2,71.2,1145.2,76.8,29.47,34.8,437.9,4.26,49939.0,18.1,Low,47.0472,-103.33232
S1047,South,624,Regulatory,True,3,62.4,1110.5,50.4,82.61,32.7,411.0,7.57,64046.0,39.5,High,47.8406,-122.2499
S1048,Central,135,Mobile,True,3,33.1,499.2,39.0,17.9,29.0,384.1,4.51,54686.0,35.8,Medium,29.69565,-105.70447
S1049,East,411,Mobile,False,3,76.6,1332.0,56.8,23.29,24.0,473.0,4.9,44105.0,37.0,Medium,30.45199,-73.41909
S1050,East,985,Community,True,3,82.1,1428.0,67.0,28.51,27.5,450.7,5.94,34212.0,31.9,Low,41.54984,-123.03102
S1051,East,470,Mobile,True,1,51.7,873.8,46.8,30.59,39.4,398.0,5.41,48002.0,40.5,Medium,38.64084,-101.13617
S1052,South,112,Community,True,2,73.8,1178.1,64.0,28.24,39.2,419.3,5.7,49811.0,24.1,Severe,27.39702,-122.69452
S1053,NORTH ,525,Regulatory,True,2,57.2,1014.7,60.3,38.39,43.5,400.3,5.48,45811.0,26.8,Low,28.33246,-103.1719
S1054,North,785,Mobile,True,4,63.1,1067.7,62.6,22.7,38.2,417.3,5.3,35271.0,26.3,Severe,46.09373,-114.57316
S1055,South,745,Mobile,True,2,45.9,474.3,55.1,17.9,34.9,420.9,5.44,45349.0,27.9,Medium,45.68072,-109.99744
S1056,South,044,Regulatory,False,2,54.1,1220.6,65.5,16.88,22.6,459.4,4.33,59313.0,17.5,Low,34.68132,-74.03809
S1057,West,397,Mobile,True,5,65.0,1300.9,52.2,13.88,30.9,430.8,5.24,58667.0,30.5,Medium,46.15759,-99.42717
S1058,East,986,Regulatory,True,5,71.5,1242.7,59.2,26.8,34.6,430.0,5.38,40451.0,32.9,Severe,39.76401,-108.75662
S1059,South,585,Community,True,4,50.9,918.4,62.4,27.71,-5.0,427.5,6.12,54872.0,23.4,Medium,44.32697,-90.61304
S1060,East,261,Community,False,3,56.7,880.8,44.9,22.61,36.7,404.8,4.99,40286.0,25.5,Severe,36.18977,-116.32885
S1061,East,743,Mobile,True,4,71.9,1497.3,74.6,54.5,50.9,446.5,6.99,57250.0,24.3,Medium,29.43806,-109.58498
S1062,West,545,Community,True,4,28.2,736.1,24.2,35.16,30.8,389.4,5.73,52546.0,39.9,Medium,36.32513,-93.09074
S1063,East,388,Community,True,1,81.2,1480.4,62.0,29.91,29.8,428.7,5.43,53715.0,21.2,High,36.83195,-110.84243
S1064,South,476,Regulatory,False,2,32.7,711.4,33.8,13.11,29.4,379.6,4.84,37011.0,47.2,Severe,38.8453,-85.45016
S1065,East,410,Community,True,1,59.7,1096.2,57.1,25.12,36.2,389.6,5.63,53844.0,20.8,Medium,29.27003,-96.23925
S1066,North,580,Community,True,2,53.7,806.5,42.5,22.34,23.1,393.6,4.24,50099.0,28.1,High,48.31514,-80.11063
S1067,North,016,Community,True,4,33.8,558.8,36.9,19.94,26.2,399.0,6.0,58462.0,39.4,Low,32.24894,-69.97594
S1068,West,997,Regulatory,False,2,75.8,1381.1,79.9,28.87,38.3,447.9,4.14,54032.0,29.8,Medium,31.26888,-117.84122
S1069,South,662,Mobile,True,3,51.4,870.0,43.5,21.89,43.7,387.0,4.62,50306.0,36.6,Medium,38.32626,-105.25676
S1070,West,804,Regulatory,False,3,63.7,1119.8,58.7,,18.0,437.6,5.3,43475.0,24.1,Low,38.54998,-106.12593
S1071,North,102,Mobile,True,4,61.5,1096.4,59.7,25.04,44.6,405.4,5.54,54659.0,25.1,Medium,36.45615,-115.80698
S1072,South,186,Mobile,True,5,62.8,1120.7,46.7,31.24,24.2,420.0,6.67,47794.0,25.5,Medium,43.59568,-77.90757
S1073,East,951,Community,True,3,56.9,1029.9,59.6,34.97,23.9,419.3,4.45,41838.0,26.2,Severe,38.10807,-80.80697
S1074,South,931,Community,True,4,44.8,679.3,33.7,18.51,37.9,374.9,4.57,43563.0,35.6,High,40.10845,-96.64554
S1075,Central,025,Regulatory,True,1,65.4,1091.7,71.5,53.01,-5.0,431.9,5.16,36632.0,20.5,Medium,42.56055,-93.57818
S1076,South,072,Regulatory,True,5,47.6,701.9,42.4,19.18,40.6,401.9,4.98,46706.0,21.0,Severe,27.53804,-121.07621
S1077,East,593,Regulatory,True,3,45.4,934.5,45.0,15.48,37.6,437.9,4.96,58215.0,38.0,Low,39.26885,-92.55833
S1078,Central,573,Community,True,4,48.0,610.8,59.6,34.28,51.4,438.9,6.83,52758.0,27.0,Medium,46.01018,-78.99786
S1079,NORTH ,018,Mobile,True,4,82.0,1614.6,76.9,27.7,43.7,445.5,5.47,41075.0,29.1,High,27.37386,-91.50491
S1080,South,754,Regulatory,True,1,73.0,1480.0,65.5,37.5,35.1,455.0,6.61,52559.0,25.0,Low,35.71142,-109.24488
S1081,West,570,Mobile,False,1,45.5,782.0,49.7,12.1,35.2,404.6,5.01,43648.0,33.3,High,46.91389,-86.11597
S1082,South,332,Community,True,5,51.7,619.0,46.9,45.79,41.7,425.0,5.98,52049.0,44.6,Low,34.59282,-103.71442
S1083,North,889,Community,True,3,63.3,1096.1,63.6,,29.7,446.5,5.05,46986.0,20.4,Low,36.86267,-93.16979
S1084,North,569,Community,True,4,79.0,1414.9,70.2,20.76,32.3,402.2,5.23,52744.0,21.3,Low,48.10314,-96.46499
S1085,East,097,Community,True,5,61.8,991.1,50.5,17.65,30.2,395.9,3.84,36436.0,24.5,Severe,31.28546,-102.58244
S1086,North,727,Mobile,True,5,67.9,1161.0,64.6,58.96,19.3,450.5,7.85,41233.0,39.7,High,28.40299,-83.16452
S1087,Central,831,Mobile,False,1,77.1,1570.8,58.9,25.2,-5.0,428.4,5.15,32469.0,28.1,High,45.47759,-73.67712
S1088,Central,012,Regulatory,False,4,61.4,1184.2,49.8,22.0,17.4,394.3,5.94,45818.0,35.4,Medium,45.672,-124.20028
S1089,South,011,Mobile,True,2,53.3,848.6,40.9,12.33,30.6,384.0,4.28,59600.0,16.0,Medium,37.14967,-70.81705
S1090,West,909,Mobile,True,1,66.2,999.5,49.2,26.33,39.2,379.9,5.5,44959.0,32.4,High,38.05545,-95.08788
S1091,Central,163,Mobile,True,4,69.6,1213.1,53.6,28.52,29.6,415.2,5.57,43636.0,27.1,Medium,44.96984,-84.20792
S1092,South,283,Regulatory,True,5,65.4,1152.1,56.6,39.89,47.6,455.0,5.96,55061.0,37.0,Low,42.87903,-75.30159
S1093,West,729,Mobile,True,5,69.2,1305.9,69.9,20.85,25.8,457.9,4.74,55713.0,30.0,High,32.7007,-97.64154
S1094,North,872,Mobile,True,3,55.8,939.7,59.7,18.06,44.5,460.4,5.18,48653.0,25.5,Low,27.36321,-76.48899
S1095,South,835,Mobile,True,2,63.8,1209.9,60.8,37.12,40.6,442.7,5.21,53218.0,37.3,Low,37.31355,-114.28686
S1096,West,241,Community,True,1,62.2,1351.2,52.6,42.71,19.4,430.1,5.29,38277.0,39.5,High,45.46662,-115.34787
S1097,East,857,Mobile,True,3,63.5,1240.0,59.9,18.17,56.7,457.4,5.78,58584.0,37.1,High,46.26045,-86.6954
S1098,East,045,Regulatory,True,3,44.4,794.0,45.2,39.77,30.8,407.0,6.5,67426.0,35.5,High,47.55886,-74.46678
S1099,Central,970,Regulatory,True,2,74.9,1326.2,65.2,34.09,29.3,434.5,5.75,51213.0,25.3,Medium,45.91061,-73.18549
S1100,West,593,Regulatory,True,1,55.1,949.7,54.7,43.63,22.4,434.0,7.35,32627.0,30.5,Medium,39.47094,-87.48492
S1101,East,255,Regulatory,True,1,78.3,1550.9,57.0,31.58,32.5,444.5,5.39,41229.0,26.1,High,36.55902,-94.28437
S1102,Central,067,Community,False,5,19.3,271.3,14.5,8.69,22.6,338.9,5.36,58275.0,38.4,High,43.65927,-105.4449
S1103,NORTH ,918,Regulatory,False,1,82.8,1495.0,81.2,35.96,41.1,455.4,5.92,42658.0,20.2,Medium,42.90617,-68.14998
S1104,South,614,Community,True,3,59.8,1083.0,58.2,44.7,32.2,426.9,5.52,58680.0,27.3,Severe,38.57008,-106.1175
S1105,West,974,Community,True,5,85.3,1474.7,70.7,,42.7,459.7,6.61,50857.0,38.7,Severe,28.87754,-81.7093
S1106,West,603,Community,True,1,66.2,1026.6,43.6,25.13,27.8,410.4,5.95,43189.0,33.2,Medium,46.91075,-93.91105
S1107,West,042,Regulatory,True,2,71.0,1316.6,72.4,32.64,22.6,428.9,5.55,47358.0,22.9,High,36.79545,-89.51054
S1108,West,788,Regulatory,True,3,46.3,825.4,40.6,9.66,29.0,421.7,4.99,42897.0,25.3,Medium,34.81168,-101.87487
S1109,East,816,Community,True,4,55.7,1063.0,56.4,54.09,15.2,411.9,6.42,47161.0,28.1,Medium,40.5357,-69.02267
S1110,East,786,Community,True,2,88.3,1525.3,73.8,,41.3,448.9,5.93,41412.0,29.7,Low,41.48752,-91.62827
S1111,Central,384,Regulatory,True,2,55.8,1150.7,48.2,34.25,24.2,393.3,4.04,57494.0,31.2,Medium,31.52979,-70.57721
S1112,East,589,Mobile,False,1,73.4,1215.6,61.9,31.86,36.8,471.9,4.88,64634.0,27.3,Severe,44.99419,-124.06349
S1113,South,234,Mobile,True,5,71.8,1498.2,67.0,52.33,47.3,444.2,7.3,34561.0,29.2,High,33.23365,-91.57144
S1114,Central,966,Mobile,True,5,68.9,1031.1,62.8,37.55,28.1,420.3,5.7,33428.0,29.8,High,31.0137,-83.26175
S1115,East,714,Regulatory,True,3,65.8,1236.6,57.2,28.73,42.8,435.8,5.58,45619.0,32.8,Low,35.7376,-81.65789
S1116,West,485,Regulatory,True,1,66.9,1261.4,58.3,23.06,31.1,436.6,4.21,35284.0,32.7,Medium,42.70704,-72.46383
S1117,East,733,Community,True,5,93.9,1594.3,95.0,56.31,-5.0,488.2,8.11,45804.0,20.5,Low,47.75735,-124.24691
S1118,North,774,Regulatory,True,4,55.6,1051.8,63.9,16.35,33.1,447.6,5.65,54681.0,26.4,Medium,44.39955,-124.48102
S1119,Central,039,Regulator,True,1,59.1,1216.7,62.8,39.65,29.0,420.6,5.84,59653.0,27.4,Medium,47.21749,-97.34485
S1120,East,011,Regulatory,False,1,66.0,922.1,66.4,22.46,42.1,432.1,4.84,51079.0,30.1,Medium,30.02302,-122.81561
S1121,East,624,Community,True,5,75.9,1426.6,74.1,55.18,35.0,423.2,7.48,44895.0,31.9,Medium,28.5303,-68.46438
S1122,South,409,Community,False,2,78.9,1121.3,71.0,37.31,31.0,428.0,7.25,32445.0,23.8,Medium,38.99065,-111.73125
S1123,West,108,Mobile,True,1,70.4,1151.5,61.6,40.7,31.6,458.0,6.7,48300.0,26.7,Medium,33.2414,-97.32178
S1124,West,094,Mobile,True,2,56.3,1209.5,41.1,28.35,29.9,418.7,6.94,48314.0,26.9,Low,44.80318,-120.98459
S1125,South,823,Regulatory,True,3,79.6,1362.4,70.7,19.1,48.4,448.2,4.31,51937.0,16.9,Severe,41.44774,-94.48222
S1126,South,084,Regulatory,True,3,50.3,763.7,18.2,17.44,9.1,377.7,4.3,44750.0,28.9,Low,47.87066,-102.65252
S1127,North,058,Community,True,5,57.1,1003.7,59.7,39.05,35.1,425.1,5.12,45497.0,22.0,Low,32.47804,-121.93205
S1128,Central,293,Mobile,True,3,48.6,1123.4,43.5,28.95,35.9,394.7,5.76,36435.0,27.3,High,37.44436,-105.23035
S1129,West,016,Mobile,True,5,63.4,921.5,67.1,49.71,38.3,441.6,6.61,31141.0,29.3,Severe,37.77667,-101.99243
S1130,South,991,Mobile,True,5,69.0,1116.6,58.4,36.56,45.1,423.3,5.72,39433.0,21.9,High,32.1423,-67.57951
S1131,South,477,Regulatory,True,2,62.1,1297.4,48.7,20.91,31.6,404.4,5.61,34653.0,30.4,Low,39.68701,-112.54656
S1132,Central,838,Regulatory,True,2,64.6,1386.3,58.8,,33.2,443.0,6.05,49376.0,33.3,Low,36.53065,-93.17517
S1133,South,605,Regulatory,True,3,70.3,1252.2,62.8,33.9,40.4,435.2,4.63,43342.0,22.5,Severe,36.60451,-67.72936
S1134,North,992,Community,True,2,63.3,990.7,63.3,14.3,36.6,444.7,4.3,44750.0,24.4,High,34.79884,-78.9589
S1135,Central,969,Mobile,True,1,62.4,1374.9,54.9,54.72,30.6,434.3,7.31,38875.0,21.1,Medium,27.36398,-67.38137
S1136,North,165,Community,True,4,75.0,1541.7,72.3,41.0,42.2,456.0,5.72,20000.0,19.8,Low,38.22505,-68.82285
S1137,East,437,Mobile,True,1,77.3,1472.5,60.6,50.64,-5.0,414.5,5.97,58232.0,36.1,Low,34.20783,-96.35148
S1138,West,727,Regulatory,True,1,45.6,722.7,43.0,15.51,25.9,377.1,5.49,42661.0,34.4,Low,27.02838,-84.45839
S1139,South,656,Community,False,5,67.2,1203.9,50.1,46.41,28.3,412.3,5.42,44477.0,42.9,High,33.62079,-118.14952
S1140,Central,786,Community,True,4,64.5,1140.9,67.6,72.25,47.7,439.2,7.4,36515.0,22.1,Low,32.99051,-99.13394
S1141,North,403,Regulatory,True,5,60.6,1130.9,56.2,19.23,8.3,422.4,5.19,55990.0,37.8,Severe,35.45914,-77.98143
S1142,West,940,Mobile,True,2,79.0,1596.7,72.7,46.69,41.3,450.7,5.93,46567.0,21.1,Low,29.83482,-95.44322
S1143,West,386,Mobile,True,2,61.2,1206.3,53.5,30.11,33.7,455.1,6.05,41152.0,26.3,High,37.9152,-84.09481
S1144,South,954,Mobile,True,4,58.4,921.0,59.6,18.03,21.4,407.3,4.5,46336.0,44.4,Low,41.88747,-81.6193
S1145,West,138,Mobile,True,3,45.0,975.2,66.1,36.75,39.0,409.1,6.82,62574.0,21.8,Medium,40.54899,-109.92552
S1146,South,716,Regulatory,True,2,66.8,1239.4,52.9,40.83,37.0,420.2,5.95,46980.0,38.9,Low,44.28073,-74.14729
S1147,East,814,Regulatory,True,1,44.0,873.9,45.1,,36.0,395.6,5.57,48303.0,30.8,High,36.71818,-98.06021
S1148,South,722,Regulatory,False,4,37.5,851.8,31.9,37.05,6.8,382.2,6.37,42358.0,27.2,Medium,38.16047,-112.41436
S1149,North,531,Regulatory,True,4,83.3,1365.9,64.0,19.12,46.9,444.0,4.52,31648.0,18.6,Low,44.42364,-74.73859
S1150,West,806,Community,True,2,47.5,850.4,47.3,16.5,25.9,424.4,3.39,48617.0,31.2,High,36.19558,-100.47542
S1151,West,293,Community,True,2,54.5,916.6,53.9,31.02,39.0,394.4,5.8,52105.0,22.5,Medium,42.08439,-81.35703
S1152,West,475,Community,True,5,37.9,493.4,31.4,,33.8,368.2,5.29,60837.0,31.9,Severe,36.34395,-92.9881
S1153,South,880,Regulatory,True,5,56.4,1057.4,46.7,22.17,24.7,410.5,5.5,30668.0,19.2,Severe,35.98133,-102.54237
S1154,NORTH ,462,Mobile,True,1,35.9,948.1,38.5,33.86,34.9,400.9,5.53,40311.0,34.4,Severe,43.34442,-77.93211
S1155,South,813,Community,True,4,87.0,1344.8,67.1,42.5,33.7,473.8,5.82,42286.0,17.3,Low,30.75899,-90.89298
S1156,North,373,Community,True,3,73.7,1322.5,67.5,45.89,20.3,455.8,7.7,47037.0,26.1,Low,34.2796,-102.04268
S1157,South,162,Regulatory,False,3,49.5,968.3,36.1,25.09,38.4,384.2,4.22,48030.0,24.5,Severe,31.8197,-118.19812
S1158,West,642,Mobile,True,4,87.9,1596.8,87.8,49.46,35.7,464.6,6.99,44446.0,29.8,Medium,34.72086,-73.01189
S1159,East,044,Mobile,True,1,61.1,1086.7,59.5,,28.0,418.6,4.93,51745.0,15.4,Low,31.95306,-122.4605
S1160,North,865,Mobile,True,5,58.6,898.1,57.5,62.78,31.2,414.7,6.9,42385.0,26.8,High,39.45722,-74.86673
S1161,East,083,Regulatory,False,5,23.8,456.9,19.8,16.55,27.1,365.6,4.61,59732.0,39.4,Medium,44.16067,-103.80221
S1162,North,892,Mobile,True,5,79.4,1337.9,83.3,79.4,40.4,473.7,7.41,50440.0,25.5,High,43.91218,-87.73802
S1163,North,636,Community,False,3,34.2,352.6,46.5,26.94,36.0,383.8,5.75,50325.0,23.2,High,34.83677,-71.47352
S1164,West,539,Community,True,3,46.9,988.1,41.6,16.59,19.7,388.4,5.8,61879.0,21.2,High,48.25835,-115.77687
S1165,South,816,Community,True,1,68.5,1347.9,57.3,50.8,28.4,436.2,6.87,59364.0,33.2,Medium,39.76787,-91.90035
S1166,NORTH ,862,Regulatory,True,3,95.0,1716.2,81.4,41.16,39.4,471.8,6.13,52166.0,23.0,Medium,35.58711,-80.54511
S1167,West,519,Mobile,True,2,73.4,1348.6,59.4,43.57,50.0,435.4,5.49,22760.0,21.7,Medium,44.96409,-80.93893
S1168,West,411,Regulatory,True,3,56.5,1146.3,58.6,46.98,33.7,431.3,6.71,60754.0,33.2,Medium,42.69229,-94.27616
S1169,East,341,Mobile,True,5,60.4,1114.8,69.2,,46.0,468.9,7.37,54669.0,22.8,Low,43.10942,-88.57748
S1170,North,711,Regulatory,True,1,77.7,1506.3,69.9,28.36,37.8,449.4,5.15,62014.0,22.1,Medium,31.217,-80.9422
S1171,Central,624,Community,True,4,68.2,1191.4,62.7,,31.8,427.1,6.02,57751.0,22.3,Medium,37.06897,-76.14091
S1172,South,089,Regulatory,True,4,60.1,1239.0,50.0,29.39,30.5,396.3,5.08,60193.0,25.4,Medium,45.5293,-80.69575
S1173,West,640,Regulatory,False,1,62.2,1158.3,61.2,,34.0,433.9,5.67,55080.0,23.0,High,37.83682,-104.14472
S1174,North,230,Regulatory,False,2,62.3,1144.0,54.5,14.3,38.5,381.5,2.79,58926.0,31.1,Medium,41.69423,-67.18823
S1175,South,018,Community,True,4,57.7,885.4,28.9,30.05,38.2,369.3,5.79,65640.0,43.5,Low,39.64058,-99.5161
S1176,Central,801,Regulatory,False,5,65.3,1210.2,58.5,25.11,37.5,422.1,4.66,49471.0,19.9,High,45.11067,-123.09328
S1177,Central,673,Regulator,True,4,37.5,575.6,37.9,45.54,39.0,367.7,5.15,38968.0,30.4,High,33.11806,-103.64953
S1178,West,864,Community,True,4,50.9,839.0,63.6,38.57,28.2,420.6,6.46,47507.0,26.3,Medium,39.37272,-117.15248
S1179,Central,890,Mobile,True,5,45.7,724.0,36.4,28.19,25.8,397.6,4.65,53776.0,35.5,High,29.64955,-117.51705
S1180,Central,281,Regulatory,True,3,48.3,741.8,18.6,27.84,18.8,356.9,5.15,51148.0,42.2,Low,41.83953,-108.31174
S1181,South,910,Community,True,2,56.4,1269.7,59.0,21.63,37.3,427.8,6.11,37409.0,27.2,Medium,42.73731,-121.43091
S1182,South,422,Regulatory,True,5,71.0,1437.1,71.3,60.86,34.9,452.8,6.06,33329.0,21.9,Severe,27.921,-84.91055
S1183,West,678,Community,True,5,73.1,1545.9,50.7,61.57,38.5,412.6,6.01,39795.0,33.3,Severe,41.52951,-120.24564
S1184,North,772,Mobile,True,1,40.9,588.8,31.5,28.47,20.4,395.3,5.61,57929.0,23.9,Medium,35.91584,-112.81085
S1185,West,876,Mobile,False,2,48.3,878.3,67.1,54.84,37.1,442.7,7.55,62373.0,13.7,High,29.66808,-119.15827
S1186,East,702,Regulatory,False,3,66.7,1046.1,62.0,26.38,41.0,409.7,4.22,56056.0,43.1,Severe,36.02801,-120.86786
S1187,Central,338,Community,True,5,46.8,759.4,51.0,21.49,16.2,436.3,5.36,58903.0,24.9,Severe,31.17601,-109.10428
S1188,North,266,Mobile,True,3,51.8,821.5,47.5,28.64,48.9,411.1,5.84,49425.0,28.0,Medium,35.93453,-91.61581
S1189,South,803,Mobile,True,5,71.9,1443.7,43.8,34.15,28.7,390.0,4.27,32401.0,34.5,Medium,35.26329,-69.03058
S1190,East,355,Community,True,5,54.6,935.1,44.0,24.28,14.8,380.3,5.77,45748.0,33.3,Medium,42.87542,-74.15549
S1191,East,360,Regulatory,True,1,50.2,1031.6,53.9,,34.7,423.0,6.38,46740.0,34.5,Low,43.64563,-74.1338
S1192,Central,791,Mobile,True,4,38.4,764.0,38.5,28.6,-5.0,387.5,5.21,46440.0,37.9,Medium,40.05112,-114.37615
S1193,South,217,Mobile,True,2,43.8,1064.9,48.1,19.5,31.4,430.1,5.85,49048.0,21.7,High,27.48777,-109.26784
S1194,North,321,Mobile,True,1,59.9,901.3,60.3,37.46,43.0,423.4,6.67,53123.0,35.6,High,47.01698,-120.10738
S1195,South,850,Regulatory,False,3,40.4,878.0,37.9,34.83,35.4,375.6,5.81,56556.0,35.5,Severe,41.75402,-79.73807
S1196,Central,719,Mobile,False,5,56.6,1156.2,49.3,30.74,34.7,422.2,5.22,45838.0,32.4,Low,27.7352,-120.48556
S1197,East,665,Community,True,5,54.2,859.4,58.7,45.53,-5.0,439.5,5.6,34614.0,30.8,Medium,44.60491,-92.49
S1198,Central,992,Regulatory,True,2,60.6,1211.8,44.9,18.64,30.4,403.4,4.91,43866.0,17.6,Low,31.30572,-110.24715
S1199,West,693,Mobile,False,1,63.9,1191.1,40.8,33.14,-5.0,403.7,6.06,48203.0,30.6,Low,39.45326,-110.50188
S1200,East,212,Community,True,1,76.8,1354.8,74.6,,26.8,453.6,4.96,56653.0,19.3,Severe,37.03264,-67.53331
