fuel_type,station_name,street_address,city,state,zip,phone_number,status_code,expected_date,station_group,ev_lvl_1,ev_lvl_2,ev_dc_fast_count,ev_other,ev_network_type,latitude,longitude,last_confirmed,id,updated_at,access_code,restricted,ev_workplace
ELEC,Seattle-Tacoma International Airport - General Parking,17801 Pacific Hwy S,Seattle,WA,98188,206-787-5388,E,,Public,,68,,,Non-Networked,47.443377,-122.296229,6/6/2025,33717,2025-06-06 18:42:11 UTC,public,FALSE,FALSE
ELEC,Avista Corp,1411 E Mission Ave,Spokane,WA,99252,509-489-0500,E,,Public,1,2,,,Non-Networked,47.673347,-117.388933,6/12/2023,35620,2025-11-04 20:46:59 UTC,public,FALSE,FALSE
ELEC,Steam Plant Parking,130 S Post St,Spokane,WA,99201,800-227-9187,E,,Public,,6,,,Non-Networked,47.65579218,-117.4236637,4/6/2023,35621,2025-11-04 20:46:40 UTC,public,FALSE,FALSE
ELEC,BELLEVUE BELLEVUE CH 1,450 110th Ave NE,Bellevue,WA,98004,888-758-4389,E,,Public,,2,,,ChargePoint Network,47.614744,-122.193162,2/1/2026,37181,2026-02-01 01:28:06 UTC,public,FALSE,FALSE
ELEC,KING COUNTY DES ISSAQUAH P&R 2,1755 Highlands Dr NE,Issaquah,WA,98027,888-758-4389,E,,Public,,2,,,ChargePoint Network,47.545324,-122.0195,2/1/2026,38082,2026-02-01 02:01:15 UTC,public,FALSE,FALSE
ELEC,King County - King County Van Distribution Center,18655 NE Union Hill Rd,Redmond,WA,98052,,E,,Private,,3,,,Non-Networked,47.675897,-122.091237,7/3/2025,38083,2025-07-03 19:15:09 UTC,private,,FALSE
ELEC,UWB CASCADIA CC NORTH LEVEL 3 N,18500 Campus Way NE,Bothell,WA,98011,888-758-4389,E,,Public,,2,,,ChargePoint Network,47.761878,-122.191915,2/1/2026,38952,2026-02-01 01:22:21 UTC,public,FALSE,FALSE
ELEC,CITY OF REDMOND CITY HALL DUAL,15670 NE 85th St,Redmond,WA,98052,888-758-4389,E,,Public,,2,,,ChargePoint Network,47.679224,-122.12995,2/1/2026,38959,2026-02-01 01:13:08 UTC,public,FALSE,FALSE
ELEC,CITY OF REDMOND MOC #1 PUBLIC,18080 NE 76th St,Redmond,WA,98052,888-758-4389,E,,Public,,2,,,ChargePoint Network,47.672359,-122.099034,2/1/2026,38966,2026-02-01 01:13:08 UTC,public,FALSE,FALSE
ELEC,WILLOWS LODGE WILLOWS #2,14580 NE 145th St,Woodinville,WA,98072,888-758-4389,E,,Public,,2,,,ChargePoint Network,47.734211,-122.147041,2/1/2026,38976,2026-02-01 01:34:56 UTC,public,FALSE,FALSE
ELEC,Rairdon's Nissan - Auburn,713 35th St NE,Auburn,WA,98002,253-833-4700,E,,Private,,3,1,,Non-Networked,47.33876,-122.22087,1/13/2026,39776,2026-01-13 01:16:14 UTC,private,,FALSE
ELEC,Burien Nissan,16042 1st Ave S,Burien,WA,98148,206-242-7070,E,,Public - Call ahead,,2,1,,Non-Networked,47.458152,-122.333513,1/13/2026,39780,2026-01-13 01:16:14 UTC,public,FALSE,FALSE
ELEC,Olympia Nissan,2220 Carriage Dr SW,Olympia,WA,98502,360-352-8558,E,,Public - Call ahead,,1,1,,Non-Networked,47.030919,-122.930155,1/13/2026,39786,2026-01-13 01:16:14 UTC,public,FALSE,FALSE
ELEC,Tacoma Nissan,4030 S Tacoma Way,Tacoma,WA,98409,253-473-6200,E,,Public - Call ahead,,1,1,,Non-Networked,47.21973,-122.485672,1/13/2026,39797,2026-01-13 01:16:14 UTC,public,FALSE,FALSE
ELEC,O'Brien Nissan,1395 Dalles Military Rd,Walla Walla,WA,99362,509-529-7000,E,,Private,,1,,,Non-Networked,46.047279,-118.353882,1/13/2026,39799,2026-01-13 01:16:14 UTC,private,,FALSE
ELEC,KEY CENTER KEY CENTER 6,601 108th Ave NE,Bellevue,WA,98004,888-758-4389,E,,Public,,2,,,ChargePoint Network,47.616104,-122.19696,2/1/2026,40383,2026-02-01 01:50:46 UTC,public,FALSE,FALSE
ELEC,KRC SKYLINE SKYLINE #1,10900 NE 4th St,Bellevue,WA,98004,888-758-4389,E,,Public,,2,,,ChargePoint Network,47.61434,-122.194037,2/1/2026,40384,2026-02-01 01:40:37 UTC,public,FALSE,FALSE
ELEC,Caplan's Rainbow Parking,214 Columbia St,Seattle,WA,98104,206-682-2991,E,,Public,,2,,,Non-Networked,47.604115,-122.332907,6/13/2024,41579,2025-02-12 00:16:32 UTC,public,FALSE,FALSE
ELEC,CITY OF SEATAC CITY HALL 1,4800 S 188th St,SeaTac,WA,98188,888-758-4389,E,,Public,,2,,,ChargePoint Network,47.434029,-122.273288,2/1/2026,41776,2026-02-01 01:22:12 UTC,public,FALSE,FALSE
ELEC,Puget Sound Energy,3130 S 38th St,Tacoma,WA,98409,,E,,Private,,1,,,Non-Networked,47.22213,-122.478493,10/11/2024,41779,2025-10-10 13:29:22 UTC,private,,FALSE
ELEC,City of Tacoma - Municipal Building,747 Market St,Tacoma,WA,98402,,E,,Private,,2,,,Non-Networked,47.255854,-122.44172,8/10/2023,42044,2025-10-14 15:52:47 UTC,private,,FALSE
ELEC,BELLEVUE SBCC #2,14509 SE Newport Way,Bellevue,WA,98006,888-758-4389,E,,Public,,2,,,ChargePoint Network,47.568886,-122.145268,2/1/2026,42228,2026-02-01 01:52:46 UTC,public,FALSE,FALSE
ELEC,VALLEY MED CTR MAIN LOT #5,400 S 43rd St,Renton,WA,98055,888-758-4389,E,,Public,,2,,,ChargePoint Network,47.443255,-122.212445,2/1/2026,43303,2026-02-01 01:02:26 UTC,public,FALSE,FALSE
ELEC,City of Renton - City Shops,3555 NE 2nd St,Renton,WA,98056,,E,,Private,,2,,,Non-Networked,47.483635,-122.170748,9/12/2025,43795,2025-09-12 21:22:13 UTC,private,,FALSE
ELEC,TAC PW PARKING GLASS MSM CP 01,1801 Dock St,Tacoma,WA,98402,888-758-4389,T,12/4/2025,TEMPORARILY UNAVAILABLE (Public),,2,,,ChargePoint Network,47.245934,-122.43398,2/1/2026,43806,2026-02-01 01:26:04 UTC,public,FALSE,FALSE
ELEC,Campbell Nissan - Everett,10500 Highway 99 S,Everett,WA,98204,,E,,Private,,1,,,Non-Networked,47.90272982,-122.2469884,2/12/2024,44137,2025-02-12 00:16:32 UTC,private,,FALSE
ELEC,Karmart Nissan,655 Auto Blvd,Burlington,WA,98233,360-757-2277,E,,Public,,,1,,IN_CHARGE,48.45009,-122.34423,1/13/2026,44143,2026-01-13 01:16:14 UTC,public,TRUE,FALSE
ELEC,Bill Robertson Nissan,928 N 28th Ave,Pasco,WA,99301,509-545-3000,E,,Private,,1,,,Non-Networked,46.236757,-119.129685,1/13/2026,44148,2026-01-13 01:16:14 UTC,private,,FALSE
ELEC,Bill Korum's Puyallup Nissan,101 Valley Ave NW,Puyallup,WA,98371,253-848-4507,E,,Private,,1,,,Non-Networked,47.207791,-122.294492,1/13/2026,44150,2026-01-13 01:16:14 UTC,private,,FALSE
ELEC,Younker Nissan,3401 E Valley Rd,Renton,WA,98058,,E,,Private,,1,,,Non-Networked,47.448416,-122.218892,1/13/2026,44151,2026-01-13 01:16:14 UTC,private,,FALSE
ELEC,City of Seattle - Central Library,1000 4th Ave,Seattle,WA,98104,206-386-4636,E,,Public,,3,,,Non-Networked,47.606684,-122.332664,11/6/2024,44153,2025-10-29 13:53:23 UTC,public,FALSE,FALSE
ELEC,City of Seattle - Muni Tower,700 5th Ave,Seattle,WA,98124,,E,,Private,,32,,,Non-Networked,47.604906,-122.330278,11/6/2024,44156,2025-10-29 13:53:23 UTC,private,,FALSE
ELEC,City of Seattle - Parking Enforcement Division,2203 Airport Way S,Seattle,WA,98134,,E,,Private,,13,,,Non-Networked,47.582934,-122.323106,11/6/2024,44158,2025-10-29 13:53:23 UTC,private,,FALSE
ELEC,City of Seattle - Seattle Center,516 Harrison St,Seattle,WA,98109,206-684-7340,E,,Public - Credit card at all times,,6,,,Non-Networked,47.622085,-122.347124,11/6/2024,44159,2025-10-29 13:53:23 UTC,public,FALSE,FALSE
ELEC,City of Seattle - Seattle City Light North Service Center,1300 N 97th St,Seattle,WA,98103,,E,,Private,,4,,,Non-Networked,47.699613,-122.341922,11/6/2024,44160,2025-10-29 13:53:23 UTC,private,,FALSE
ELEC,City of Seattle - Seattle Water Ops,2700 Airport Way S,Seattle,WA,98134,,E,,Private,,4,,,Non-Networked,47.57952,-122.321401,11/6/2024,44162,2025-10-29 13:53:23 UTC,private,,FALSE
ELEC,City of Seattle - West Bridge,4209 W Marginal Way SW,Seattle,WA,98106,,E,,Private,,2,,,Non-Networked,47.565149,-122.353024,11/6/2024,44163,2025-10-29 13:53:23 UTC,private,,FALSE
ELEC,Advantage Nissan,5101 Auto Center Blvd,Bremerton,WA,98312,360-373-6300,E,,Private,,1,,,Non-Networked,47.562322,-122.684362,1/13/2026,44270,2026-01-13 01:16:14 UTC,private,,FALSE
ELEC,Alan Webb Nissan,3608 NE Auto Mall Dr,Vancouver,WA,98662,360-892-9004,E,,Private,,1,,,Non-Networked,45.64775,-122.598185,1/13/2026,44506,2026-01-13 01:16:14 UTC,private,,FALSE
ELEC,Valley Nissan,1010 S 1st St,Yakima,WA,98901,509-453-3125,E,,Public,,1,,,Non-Networked,46.590221,-120.500923,1/13/2026,44509,2026-01-13 01:16:14 UTC,public,TRUE,FALSE
ELEC,Valley Nissan,1010 S 1st St,Yakima,WA,98901,509-453-3125,E,,Private,,1,,,Non-Networked,46.590221,-120.500923,1/13/2026,44510,2026-01-13 01:16:14 UTC,private,,FALSE
ELEC,Snohomish County - Evergreen Fairgrounds,14405 179th Ave SE,Monroe,WA,98272,425-388-6619,E,,Public,,2,,,Non-Networked,47.868914,-121.987449,8/10/2023,45209,2025-07-11 18:39:24 UTC,public,FALSE,FALSE
ELEC,Puget Sound Energy,6500 Ursula Pl S,Seattle,WA,98108,,E,,Private,,1,,,Non-Networked,47.54527283,-122.3087234,10/11/2024,48605,2025-10-10 13:29:22 UTC,private,,TRUE
ELEC,KING COUNTY DES KSC STATION #1,201 S Jackson St,Seattle,WA,98104,888-758-4389,E,,Public,,1,,,ChargePoint Network,47.598663,-122.331009,2/1/2026,49230,2026-02-01 01:16:55 UTC,public,FALSE,FALSE
ELEC,Evergreen Ford,1500 18th Ave NW,Issaquah,WA,98027,,E,,Private,,2,,,Non-Networked,47.547047,-122.063633,9/14/2023,51904,2025-10-09 16:19:01 UTC,private,,FALSE
ELEC,Nikola Broadband,615 N 5th Ave,Sequim,WA,98382,360-582-1051,E,,Public,,1,,,Non-Networked,48.08536,-123.1135,6/12/2023,51905,2025-10-09 16:39:57 UTC,public,FALSE,FALSE
ELEC,King County - Roads Maintenance Facility,155 Monroe Ave NE,Renton,WA,98056,,E,,Private,,4,,,Non-Networked,47.4847291,-122.1774112,7/3/2025,52142,2025-07-03 19:15:09 UTC,private,,FALSE
ELEC,Mazama Country Inn,15 Country Rd,Mazama,WA,98833,800-843-7951,E,,Public - Call ahead,2,1,,,Non-Networked,48.594482,-120.406494,1/9/2024,53702,2024-01-31 22:07:01 UTC,public,TRUE,FALSE
ELEC,VIA6 VIA6-SOUTH,2121 6th Ave,Seattle,WA,98121,888-758-4389,E,,Public,,2,,,ChargePoint Network,47.613883,-122.339405,2/1/2026,55995,2026-02-01 01:36:04 UTC,public,FALSE,FALSE
ELEC,800 FIFTH AVE STATION 2,800  5th Ave,Seattle,WA,98104,888-758-4389,E,,Public,,2,,,ChargePoint Network,47.605599,-122.330626,2/1/2026,56870,2026-02-01 01:02:26 UTC,public,FALSE,FALSE
ELEC,Campbell's Lake Chelan Resort,104 W Woodin Ave,Chelan,WA,98816,800-553-8225,E,,Public,10,1,,,Non-Networked,47.8399,-120.0199,7/3/2025,60002,2025-07-03 19:15:09 UTC,public,TRUE,FALSE
ELEC,Pine Near RV Park,316 Castle Ave,Winthrop,WA,98862,509-341-4062,E,,Public,,1,,,Non-Networked,48.476543,-120.180796,1/9/2024,60004,2024-01-31 22:07:01 UTC,public,FALSE,FALSE
ELEC,Omak Inn,912 Koala Dr,Omak,WA,98841,800-204-4800  509-826-3822,E,,Public,,1,,,Non-Networked,48.421424,-119.503978,1/9/2024,60005,2024-01-31 22:07:01 UTC,public,FALSE,FALSE
ELEC,59er Diner,15361 US 2,Leavenworth,WA,98826,509-763-2267,E,,Public,,1,,,Non-Networked,47.758434,-120.742416,1/9/2024,60006,2024-01-31 22:07:01 UTC,public,FALSE,FALSE
ELEC,PARKMETRO1 PARK METRO #1,11101 NE 12th St,Bellevue,WA,98004,888-758-4389,E,,Public,,2,,,ChargePoint Network,47.620793,-122.192469,2/1/2026,60241,2026-02-01 01:02:34 UTC,public,FALSE,FALSE
ELEC,VALLEY MED CTR MAIN LOT #8,4109-4251 Talbot Rd S,Renton,WA,98055,888-758-4389,E,,Public,,2,,,ChargePoint Network,47.443123,-122.212538,2/1/2026,60331,2026-02-01 01:01:50 UTC,public,FALSE,FALSE
ELEC,Haselwood Chevrolet Buick GMC,501 W Hills Blvd,Bremerton,WA,98312,360-479-4910,E,,Public,,2,,,Non-Networked,47.557801,-122.675335,7/3/2025,60718,2025-07-03 19:15:09 UTC,public,TRUE,FALSE
ELEC,Lakeside 24 Hour Fuel,16835 Lewis River Rd,Cougar,WA,98616,360-238-5202,E,,Public,,1,,,Non-Networked,46.051228,-122.301754,6/6/2025,60814,2025-06-06 18:42:11 UTC,public,FALSE,FALSE
ELEC,Kitsap Transit Harborside Garage,60 Washington Ave,Bremerton,WA,98337,855-885-9571,E,,Public,,4,,,OpConnect,47.56358,-122.62531,2/1/2026,61877,2026-02-01 04:47:48 UTC,public,FALSE,FALSE
ELEC,Mount Rainier National Park,Highway 706 E,Longmire,WA,98397,,E,,Private - Government only,,1,,,Non-Networked,46.761214,-122.040397,1/13/2026,61947,2026-01-13 01:16:14 UTC,private,,TRUE
ELEC,Mount Rainier National Park,55210 238th Ave E,Ashford,WA,98304,,E,,Private - Government only,,1,,,Non-Networked,46.755816,-122.120894,1/13/2026,61948,2026-01-13 01:16:14 UTC,private,,TRUE
ELEC,Semiahmoo Resort,9565 Semiahmoo Pkwy,Blaine,WA,98230,360-318-2000,E,,Public,,1,,,Non-Networked,48.989751,-122.773271,11/13/2025,62286,2025-11-13 20:02:17 UTC,public,TRUE,FALSE
ELEC,Best Western Plus - Heritage Inn,151 E McLeod Rd,Bellingham,WA,98226,360-647-1912,E,,Public,,1,,,Non-Networked,48.783478,-122.484131,7/3/2025,62692,2025-07-03 19:15:09 UTC,public,TRUE,FALSE
ELEC,UDR TEN20 #1,1020 108th Ave NE,Bellevue,WA,98004,888-758-4389,E,,Public,,2,,,ChargePoint Network,47.61984,-122.19603,2/1/2026,62728,2026-02-01 01:03:45 UTC,public,FALSE,FALSE
ELEC,City of Chelan,137 E Johnson Ave,Chelan,WA,98816,509-682-8019,E,,Public,,2,,,Non-Networked,47.840838,-120.018402,1/9/2024,62973,2024-01-31 22:07:01 UTC,public,FALSE,FALSE
ELEC,LCC LCC H&S #1,1810 Maple Street,Longview,WA,98632,888-758-4389,E,,Public,,2,,,ChargePoint Network,46.141922,-122.940192,2/1/2026,63088,2026-02-01 01:02:47 UTC,public,FALSE,FALSE
ELEC,UWMC UWMC #1,3100 Northup Way,Bellevue,WA,98004,888-758-4389,E,,Public,,2,,,ChargePoint Network,47.638269,-122.191294,2/1/2026,63110,2026-02-01 01:03:17 UTC,public,FALSE,FALSE
ELEC,UWMC 4245 UWMC 4245 #1,4245 Roosevelt Ave NE,Seattle,WA,98105,888-758-4389,E,,Public,,2,,,ChargePoint Network,47.658961,-122.3185,2/1/2026,63313,2026-02-01 01:04:53 UTC,public,FALSE,FALSE
ELEC,UWMC 4225 UWMC 4225 #1,4225 Roosevelt Way NE,Seattle,WA,98105,888-758-4389,E,,Public,,2,,,ChargePoint Network,47.658409,-122.318392,2/1/2026,63338,2026-02-01 01:04:42 UTC,public,FALSE,FALSE
ELEC,Town Nissan,555 3rd St SE,East Wenatchee,WA,98802,509-662-5125,E,,Public - Call ahead,,1,1,,Non-Networked,47.400716,-120.278842,1/13/2026,63444,2026-01-13 01:16:14 UTC,public,FALSE,FALSE
ELEC,MAIN HOSPITAL SILVER PARKING,11300-11398 128th Ave NE,Kirkland,WA,98034,888-758-4389,E,,Public,,2,,,ChargePoint Network,47.716056,-122.179455,2/1/2026,63780,2026-02-01 01:04:20 UTC,public,FALSE,FALSE
ELEC,MAIN HOSPITAL DEYOUNG1,12039 NE 128th St,Kirkland,WA,98034,888-758-4389,E,,Public,,2,,,ChargePoint Network,47.714435,-122.179399,2/1/2026,63781,2026-02-01 01:04:20 UTC,public,FALSE,FALSE
ELEC,MAIN HOSPITAL BLUE PARKING,12040 NE 128th St,Kirkland,WA,98034,888-758-4389,E,,Public,,2,,,ChargePoint Network,47.714793,-122.176869,2/1/2026,63782,2026-02-01 01:04:20 UTC,public,FALSE,FALSE
ELEC,Leskovar Mitsubishi,3020 W Clearwater Ave,Kennewick,WA,99336,509-783-6141,E,,Public - Call ahead,,3,,,Non-Networked,46.213233,-119.162367,11/13/2025,64135,2025-11-13 20:02:17 UTC,public,TRUE,FALSE
ELEC,Mellisoni Vineyard,3155 US 97A,Chelan,WA,98816,509-293-1891,E,,Public,,1,,,Non-Networked,47.83522282,-120.0689834,1/9/2024,64500,2024-01-31 22:07:01 UTC,public,FALSE,FALSE
ELEC,Snoqualmie Casino,37500 SE N Bend,Issaquah,WA,98065,425-888-1234,E,,Public,,8,,,Non-Networked,47.519113,-121.841787,7/3/2025,65414,2025-07-03 19:15:09 UTC,public,TRUE,FALSE
ELEC,WCEH Wenatchee,200 N Columbia St,Wenatchee,WA,98801,866-300-3827,E,,Public,,1,2,,EVCS,47.427713,-120.312139,2/1/2026,65859,2026-02-01 05:47:28 UTC,public,FALSE,FALSE
ELEC,WCEH Centralia,817 Harrison Avenue,Centralia,WA,98531,866-300-3827,E,,Public,,1,2,,EVCS,46.7252937,-122.9742834,2/1/2026,65861,2026-02-01 05:47:22 UTC,public,FALSE,FALSE
ELEC,WCEH Bellingham,222 36th St,Bellingham,WA,98225,866-300-3827,E,,Public,,1,2,,EVCS,48.731184,-122.4712335,2/1/2026,65862,2026-02-01 05:47:23 UTC,public,FALSE,FALSE
ELEC,WCEH Castle Rock,204 Cowlitz Street West,Castle Rock,WA,98511,866-300-3827,E,,Public,,1,2,,EVCS,46.2757149,-122.910486,2/1/2026,65864,2026-02-01 05:47:23 UTC,public,FALSE,FALSE
ELEC,WCEH Burlington,448 Fashion Way,Burlington,WA,98233,866-300-3827,E,,Public,,1,1,,EVCS,48.4554794,-122.3407875,2/1/2026,65865,2026-02-01 05:47:22 UTC,public,FALSE,FALSE
ELEC,WCEH Ridgefield,"6370 N 1st Circle,",Ridgefield,WA,98642,866-300-3827,E,,Public,,1,2,,EVCS,45.8176127,-122.683566,2/1/2026,65866,2026-02-01 05:47:22 UTC,public,FALSE,FALSE
ELEC,WCEH Skykomish,148 5th St N,Skykomish,WA,98288,866-300-3827,E,,Public,,1,1,,EVCS,47.7111533,-121.360832,2/1/2026,65869,2026-02-01 05:47:28 UTC,public,FALSE,FALSE
ELEC,525 NORTHGATE RETAIL #1,525 NE Northgate Way,Seattle,WA,98125,888-758-4389,T,1/26/2026,TEMPORARILY UNAVAILABLE (Public),,2,,,ChargePoint Network,47.707951,-122.321496,2/1/2026,66221,2026-02-01 01:06:57 UTC,public,FALSE,FALSE
ELEC,Power Trip Energy Corp,83 Denny Ave,Port Townsend,WA,98368,360-643-3080,E,,Public,,2,,,Non-Networked,48.093634,-122.813252,10/11/2024,66418,2025-02-12 00:16:32 UTC,public,FALSE,FALSE
ELEC,GreenPod Development,1531 W Sims Way,Port Townsend,WA,98368,360-358-5614,E,,Public,,2,,,Non-Networked,48.103061,-122.794143,10/11/2024,66421,2025-02-12 00:16:32 UTC,public,FALSE,FALSE
ELEC,Windermere Real Estate,1220 Water St,Port Townsend,WA,98368,360-385-9344,E,,Public - Call ahead,,1,,,Non-Networked,48.113018,-122.760544,10/11/2024,66422,2025-02-12 00:16:32 UTC,public,FALSE,FALSE
ELEC,SIA W GARAGE F.1 #1,9000 W Airport Dr,Spokane,WA,99224,888-758-4389,E,,Public,,2,,,ChargePoint Network,47.625092,-117.53956,2/1/2026,66622,2026-02-01 01:09:08 UTC,public,FALSE,FALSE
ELEC,MAIN HOSPITAL SILVER #2,12001-12099 NE 130th Ln,Kirkland,WA,98034,888-758-4389,E,,Public,,2,,,ChargePoint Network,47.716066,-122.179613,2/1/2026,66645,2026-02-01 01:07:27 UTC,public,FALSE,FALSE
ELEC,WINSLOW WAY WINSLOW #1,232-240 Winslow Way E,Bainbridge Island,WA,98110,888-758-4389,E,,Public,,2,,,ChargePoint Network,47.624921,-122.51934,2/1/2026,66696,2026-02-01 01:07:13 UTC,public,FALSE,FALSE
ELEC,The Co-op Farm and Garden,216 E Washington St,Sequim,WA,98382,360-683-4111,E,,Public,,1,,,Non-Networked,48.079897,-123.098996,11/13/2025,67125,2025-11-13 20:02:17 UTC,public,FALSE,FALSE
ELEC,VISITOR GARAGE PEDESTAL UNIT,1201 Pacific Ave,Tacoma,WA,98402,888-758-4389,E,,Public,,1,,,ChargePoint Network,47.252117,-122.437452,2/1/2026,67692,2026-02-01 01:09:38 UTC,public,FALSE,FALSE
ELEC,Banks Lake Brew and Bistro,695 N 2nd St,Coulee City,WA,99115,509-632-5510,E,,Public,,1,,,Non-Networked,47.616684,-119.287843,1/9/2024,68846,2024-01-31 22:07:01 UTC,public,FALSE,FALSE
ELEC,VM CHARGERS VIRGINIA MASON2,1012 Terry Ave,Seattle,WA,98101,888-758-4389,E,,Public,,1,,,ChargePoint Network,47.609528,-122.326393,2/1/2026,68940,2026-02-01 01:09:53 UTC,public,FALSE,FALSE
ELEC,INSIGNIA 953 EV216,588 Bell St,Seattle,WA,98121,888-758-4389,E,,Public,,1,,,ChargePoint Network,47.616552,-122.342727,2/1/2026,69853,2026-02-01 01:11:28 UTC,public,FALSE,FALSE
ELEC,UWB CASCADIA CC TRULY HOUSE #1,18140 Campus Way NE,Bothell,WA,98011,888-758-4389,E,,Public,,2,,,ChargePoint Network,47.759501,-122.193075,2/1/2026,70092,2026-02-01 01:12:06 UTC,public,FALSE,FALSE
ELEC,UWB CASCADIA CC SOUTH L 3 N,11237-11299 NE 180th St,Bothell,WA,98011,888-758-4389,E,,Public,,2,,,ChargePoint Network,47.757842,-122.190719,2/1/2026,70095,2026-02-01 01:09:54 UTC,public,FALSE,FALSE
ELEC,Best Western Plus - Tacoma Dome Hotel,2611 East E St,Tacoma,WA,98421,253-272-7737,E,,Public - Card key after hours,,2,,,Non-Networked,47.238785,-122.426722,6/13/2024,71774,2025-02-12 00:16:32 UTC,public,TRUE,FALSE
ELEC,ESSEX SAMMAMISH VIEW,16160 SE Eastgate Way,Bellevue,WA,98008,888-758-4389,E,,Public,,2,,,ChargePoint Network,47.577051,-122.125164,2/1/2026,71918,2026-02-01 01:11:34 UTC,public,FALSE,FALSE
ELEC,MADISON GARAGE MADISON GARAGE2,1229 Madison St,Seattle,WA,98104,888-758-4389,E,,Public,,2,,,ChargePoint Network,47.610087,-122.322114,2/1/2026,72656,2026-02-01 01:11:05 UTC,public,FALSE,FALSE
ELEC,SIA CELL LOT,8909 W Airport Dr,Spokane,WA,99224,888-758-4389,T,1/29/2026,TEMPORARILY UNAVAILABLE (Public),,2,,,ChargePoint Network,47.630989,-117.540534,2/1/2026,73219,2026-02-01 01:11:34 UTC,public,FALSE,FALSE
ELEC,WCEH Tumwater,6131 Capital Blvd,Tumwater,WA,98501,866-300-3827,E,,Public,,1,2,,EVCS,46.993561,-122.907761,2/1/2026,73412,2026-02-01 05:47:21 UTC,public,FALSE,FALSE
ELEC,WCEH Leavenworth,700 US Hwy 2,Leavenworth,WA,98826,866-300-3827,E,,Public,,1,2,,EVCS,47.5955952,-120.6642262,2/1/2026,73413,2026-02-01 05:47:29 UTC,public,FALSE,FALSE
ELEC,WCEH Sultan,320 Main St,Sultan,WA,98294,866-300-3827,E,,Public,,1,1,,EVCS,47.8621458,-121.8166013,2/1/2026,73415,2026-02-01 05:47:22 UTC,public,FALSE,FALSE
ELEC,WCEH Cle Elum,3600 Suncadia Trail,Cle Elum,WA,98922,866-300-3827,E,,Public,,1,6,,EVCS,47.207769,-121.0193577,2/1/2026,73431,2026-02-01 05:47:28 UTC,public,FALSE,FALSE
ELEC,WCEH Snoqualmie,519 SR 906,Snoqualmie Pass,WA,98068,866-300-3827,E,,Public,,1,2,,EVCS,47.4231982,-121.4126014,2/1/2026,73433,2026-02-01 05:47:28 UTC,public,FALSE,FALSE
ELEC,Bedrooms & More,300 NE 45th St,Seattle,WA,98105,206-633-4505,E,,Public,,1,,,Non-Networked,47.66159,-122.324877,7/3/2025,74301,2025-07-03 19:15:09 UTC,public,TRUE,FALSE
ELEC,UWB CASCADIA CC UW PLANT,1125 NE 180th Street,Bothell,WA,98011,888-758-4389,E,,Public,,2,,,ChargePoint Network,47.757747,-122.191662,2/1/2026,74717,2026-02-01 01:11:19 UTC,public,FALSE,FALSE
ELEC,SAFECO PLAZA SAFECO PLAZA #1,1001 4th Ave Safeco Plaza,Seattle,WA,98154,888-758-4389,E,,Public,,2,,,ChargePoint Network,47.606106,-122.333782,2/1/2026,75391,2026-02-01 01:13:43 UTC,public,FALSE,FALSE
ELEC,City of Tacoma - Fleet Operations,3639 S Pine St,Tacoma,WA,98409,,E,,Private,,1,,,Non-Networked,47.225367,-122.47265,8/10/2023,75723,2025-10-14 15:52:47 UTC,private,,FALSE
ELEC,Lee Johnson Nissan of Kirkland,11930 124th Ave NE,Kirkland,WA,98034,425-821-1400,E,,Public,,1,,,Non-Networked,47.707294,-122.174855,2/12/2024,75997,2025-02-12 00:16:32 UTC,public,FALSE,FALSE
ELEC,Lee Johnson Nissan of Kirkland,11930 124th Ave NE,Kirkland,WA,98034,425-821-1400,E,,Private,,1,,,Non-Networked,47.707294,-122.174855,2/12/2024,76084,2025-02-12 00:16:32 UTC,private,,FALSE
ELEC,Washington Department of Transportation - Parking Garage,310 Maple Park Ave SE,Olympia,WA,98501,,E,,Private,,,1,,Non-Networked,47.034344,-122.89857,9/14/2023,76251,2025-10-10 13:16:56 UTC,private,,TRUE
ELEC,MI SCHOOLS NORTHWOOD #1,4030 86th Ave SE,Mercer Island,WA,98040,888-758-4389,E,,Public,,2,,,ChargePoint Network,47.573641,-122.223648,2/1/2026,76839,2026-02-01 01:14:40 UTC,public,FALSE,FALSE
ELEC,TRANS SERVICES TERRELL,Terrell Parking Garage Cougar Way,Pullman,WA,99163,888-758-4389,E,,Public,,2,,,ChargePoint Network,46.732394,-117.164374,2/1/2026,76857,2026-02-01 01:14:57 UTC,public,FALSE,FALSE
ELEC,TRANS SERVICES SCUE,Smith Center Parking Garage Stadium Way,Pullman,WA,99163,888-758-4389,E,,Public,,2,,,ChargePoint Network,46.729675,-117.161393,2/1/2026,76858,2026-02-01 01:14:49 UTC,public,FALSE,FALSE
ELEC,WASHINGTON ST LACONNER #1,100 Washington Ave,La Conner,WA,98257,888-758-4389,E,,Public,,2,,,ChargePoint Network,48.391109,-122.496837,2/1/2026,76993,2026-02-01 01:15:29 UTC,public,FALSE,FALSE
ELEC,NBK Bremerton / N68436-B850A,1402 Farragut Ave,Bremerton,WA,98314,,E,,Private - Government only,,4,,,Non-Networked,47.5501,-122.6401,12/12/2025,77671,2025-12-12 22:54:41 UTC,private,,TRUE
ELEC,NBK Bremerton / N68436-B850,1401 Farragut Ave,Bremerton,WA,98314,,E,,Private - Government only,6,,,,Non-Networked,47.5501,-122.6401,12/12/2025,77674,2025-12-12 22:54:41 UTC,private,,TRUE
ELEC,Washington State University - Pullman Plant Materials Center,Johnson Hall 113,Pullman,WA,99164,,E,,Private - Government only,,1,,,Non-Networked,46.731746,-117.157928,12/12/2025,77678,2025-12-12 22:54:41 UTC,private,,TRUE
ELEC,TwispWorks,503 S Glover St,Twisp,WA,98856,509-997-3300,E,,Public,,1,,,Non-Networked,48.362102,-120.121376,1/9/2024,77771,2024-01-31 22:07:01 UTC,public,FALSE,FALSE
ELEC,Wellspring Spa at Mount Rainier,54922 Kernahan Rd E,Ashford,WA,98304,,E,,Private,4,,,,Non-Networked,46.759919,-121.981984,8/12/2025,77990,2025-08-12 16:52:28 UTC,private,,FALSE
ELEC,PUBLIC CHARGING ANGLE LAKE #2,2702 S 200th St,SeaTac,WA,98188,888-758-4389,E,,Public,,1,,,ChargePoint Network,47.423319,-122.298723,2/1/2026,78570,2026-02-01 01:11:29 UTC,public,FALSE,FALSE
ELEC,PUBLIC CHARGING ANGLE LAKE #4,2702 S 200th St,SeaTac,WA,98198,888-758-4389,E,,Public,,1,,,ChargePoint Network,47.42327,-122.298719,2/1/2026,78571,2026-02-01 01:11:29 UTC,public,FALSE,FALSE
ELEC,Town of Concrete - Park and Ride,7503 N Superior,Concrete,WA,98237,360-853-8401,E,,Public,,2,,,Non-Networked,48.537035,-121.758653,8/12/2025,78783,2025-08-12 16:52:28 UTC,public,FALSE,FALSE
ELEC,DUAL EV SOUTH 1,2616 NE 46th St,Seattle,WA,98105,888-758-4389,E,,Public,,2,,,ChargePoint Network,47.661471,-122.299298,2/1/2026,79670,2026-02-01 01:18:52 UTC,public,FALSE,FALSE
ELEC,KING COUNTY DES KSC STATION #5,253-295 S Jackson St,Seattle,WA,98104,888-758-4389,E,,Public,,1,,,ChargePoint Network,47.599,-122.330804,2/1/2026,79748,2026-02-01 01:16:54 UTC,public,FALSE,FALSE
ELEC,RSS-1 RSS #1,485 Rainier Blvd N,Issaquah,WA,98027,888-758-4389,T,1/13/2026,TEMPORARILY UNAVAILABLE (Public),,2,,,ChargePoint Network,47.534915,-122.037552,2/1/2026,79902,2026-02-01 01:17:30 UTC,public,FALSE,FALSE
ELEC,BELLINGHAM CITY COMMERCIAL ST 2,1300 Commercial St,Bellingham,WA,98225,888-758-4389,E,,Public,,2,,,ChargePoint Network,48.750857,-122.479518,2/1/2026,80022,2026-02-01 01:14:21 UTC,public,FALSE,FALSE
ELEC,TRANS SERVICES PACCAR,2000 Grimes Way,Pullman,WA,99164,888-758-4389,E,,Public,,2,,,ChargePoint Network,46.729734,-117.156333,2/1/2026,80116,2026-02-01 01:16:50 UTC,public,FALSE,FALSE
ELEC,LINC SQUARE EXP LSE P2 #2,432-492 Bellevue Way NE,Bellevue,WA,98004,888-758-4389,E,,Public,,2,,,ChargePoint Network,47.614294,-122.201255,2/1/2026,81023,2026-02-01 01:14:25 UTC,public,FALSE,FALSE
ELEC,LINC SQUARE EXP P5 1,410 Bellevue Way NE,Bellevue,WA,98004,888-758-4389,E,,Public,,2,,,ChargePoint Network,47.614098,-122.200729,2/1/2026,81024,2026-02-01 01:26:03 UTC,public,FALSE,FALSE
ELEC,Skagit General Store,500 Newhalem St,Rockport,WA,98283,,E,,Private,,1,,,Non-Networked,48.6735,-121.244711,11/6/2024,81080,2025-06-11 18:17:34 UTC,private,,TRUE
ELEC,Lincoln County Museum,600 7th St,Davenport,WA,99122,509-725-6711,E,,Public,,1,,,Non-Networked,47.652922,-118.150361,1/9/2024,81083,2025-06-11 18:17:57 UTC,public,FALSE,FALSE
ELEC,Kitsap Transit-George’s Corner Park & Ride,27618 Hansville Rd. NE,Kingston,WA,98346,855-885-9571,E,,Public,,4,,,OpConnect,47.812524,-122.540217,2/1/2026,81779,2026-02-01 04:47:51 UTC,public,FALSE,FALSE
ELEC,Kitsap Transit - Harper Church,10384 SE Sedgwick Rd.,Port Orchard,WA,98366,855-885-9571,E,,Public,,2,,,OpConnect,47.504444,-122.516388,2/1/2026,81780,2026-02-01 04:47:52 UTC,public,FALSE,FALSE
ELEC,SAMMAMISH SAMM VILLAGE #1,301 - 228th Avenue SE,Sammamish,WA,98074,888-758-4389,E,,Public,,2,,,ChargePoint Network,47.605953,-122.037391,2/1/2026,82271,2026-02-01 01:17:30 UTC,public,FALSE,FALSE
ELEC,THE SUMMIT P2,10885 NE 4th St,Bellevue,WA,98004,888-758-4389,E,,Public,,2,,,ChargePoint Network,47.613367,-122.194775,2/1/2026,82346,2026-02-01 01:19:48 UTC,public,FALSE,FALSE
ELEC,City of Tonasket - City Hall,209 N Whitcomb,Tonasket,WA,98855,509-486-2132,E,,Public,,1,,,Non-Networked,48.705586,-119.438406,1/9/2024,82397,2024-01-31 22:07:01 UTC,public,FALSE,FALSE
ELEC,ESSEX BELLCENTERE 01,10822 NE 2nd Pl,Bellevue,WA,98004,888-758-4389,E,,Public,,2,,,ChargePoint Network,47.612468,-122.194308,2/1/2026,82499,2026-02-01 01:19:52 UTC,public,FALSE,FALSE
ELEC,SAMMAMISH SAM VILLAGE #2,22612 SE 4th St,Sammamish,WA,98074,888-758-4389,E,,Public,,2,,,ChargePoint Network,47.606215,-122.037426,2/1/2026,82585,2026-02-01 01:17:30 UTC,public,FALSE,FALSE
ELEC,Rocky Reach Dam Visitor Center,6151 US 97 Alternate,Wenatchee,WA,98801,509-661-4460,E,,Public,,1,,,Non-Networked,47.531819,-120.300871,10/11/2024,82594,2025-02-12 00:16:32 UTC,public,FALSE,FALSE
ELEC,City of Seattle - Sunny Jim,4200 Airport Way S,Seattle,WA,98134,,E,,Private,,3,,,Non-Networked,47.565076,-122.32205,11/6/2024,85410,2025-10-29 13:53:23 UTC,private,,FALSE
ELEC,City of Seattle - SeaPark Garage,609 6th Ave,Seattle,WA,98124,,E,,Private,,17,,,Non-Networked,47.604394,-122.328735,11/6/2024,85411,2025-10-29 13:53:23 UTC,private,,FALSE
ELEC,City of Seattle - Seattle Department of Transportation,9200 8th Ave SW,Seattle,WA,98106,,E,,Private,,1,,,Non-Networked,47.520043,-122.344155,11/6/2024,85412,2025-10-29 13:53:23 UTC,private,,FALSE
ELEC,City of Seattle - North Precinct,10049 Collget Way N,Seattle,WA,98133,,E,,Private,,1,,,Non-Networked,47.702714,-122.334822,11/6/2024,85413,2025-10-29 13:53:23 UTC,private,,FALSE
ELEC,City of Seattle - South Precinct,3001 S Myrtle St,Seattle,WA,98108,,E,,Private,,2,,,Non-Networked,47.538387,-122.293403,11/6/2024,85414,2025-10-29 13:53:23 UTC,private,,FALSE
ELEC,BELLEVUE DOWNTOWN PARK 2,10201 NE 4th St,Bellevue,WA,98004,888-758-4389,E,,Public,,2,,,ChargePoint Network,47.61309,-122.206569,2/1/2026,85540,2026-02-01 01:20:17 UTC,public,FALSE,FALSE
ELEC,SKAGIT STATION SS1,105 E Kincaid St,Mount Vernon,WA,98273,888-758-4389,E,,Public,,2,,,ChargePoint Network,48.418198,-122.334391,2/1/2026,85568,2026-02-01 01:21:46 UTC,public,FALSE,FALSE
ELEC,400 DEXTER AVE 400 DEXTER 1,400 Dexter Ave N,Seattle,WA,98109,888-758-4389,E,,Public,,2,,,ChargePoint Network,47.622264,-122.342164,2/1/2026,86014,2026-02-01 01:20:36 UTC,public,FALSE,FALSE
ELEC,Bellevue Nissan,14762 SE Eastgate Way,Bellevue,WA,98007,855-315-0206,E,,Public - Call ahead,,1,2,,Non-Networked,47.58065,-122.14343,2/12/2024,86025,2025-02-12 00:16:32 UTC,public,FALSE,FALSE
ELEC,UWB CASCADIA CC SOUTH LEVEL 3 W,South Parking GarageCampus Way NE,Bothell,WA,98011,888-758-4389,E,,Public,,2,,,ChargePoint Network,47.757838,-122.190947,2/1/2026,86225,2026-02-01 01:21:30 UTC,public,FALSE,FALSE
ELEC,E_SOFI SOFI #1,13180 SE Newport Way,Bellevue,WA,98006,888-758-4389,E,,Public,,2,,,ChargePoint Network,47.571386,-122.164808,2/1/2026,86962,2026-02-01 01:16:50 UTC,public,FALSE,FALSE
ELEC,BELLEVUE SQUARE BELL SQ NORTH 1,Bellevue Square - North Building104th Ave NE,Bellevue,WA,98004,888-758-4389,E,,Public,,2,,,ChargePoint Network,47.616971,-122.203009,2/1/2026,87711,2026-02-01 01:22:10 UTC,public,FALSE,FALSE
ELEC,MERCER ISLAND MI COMMUN CTR,8236 SE 24th MI Community Center,Mercer Island,WA,98040,888-758-4389,E,,Public,,2,,,ChargePoint Network,47.590057,-122.228541,2/1/2026,87937,2026-02-01 01:23:16 UTC,public,FALSE,FALSE
ELEC,COLLEGE HALL PARKING GARAGE,821 E Boone Ave,Spokane,WA,99202,888-758-4389,E,,Public,,2,,,ChargePoint Network,47.668201,-117.397214,2/1/2026,88084,2026-02-01 01:22:26 UTC,public,FALSE,FALSE
ELEC,EV RETAIL SOMA CP 1,288 106th Ave NE,Bellevue,WA,98004,888-758-4389,E,,Public,,2,,,ChargePoint Network,47.612706,-122.198654,2/1/2026,88290,2026-02-01 01:22:47 UTC,public,FALSE,FALSE
ELEC,PUBLIC WORKS 1 MARITIME PIER,3025 Harborview Dr,Gig Harbor,WA,98335,888-758-4389,E,,Public,,2,,,ChargePoint Network,47.329291,-122.578979,2/1/2026,88546,2026-02-01 01:18:59 UTC,public,FALSE,FALSE
ELEC,DUAL EV SOUTH 2,2623 NE University Village St,Seattle,WA,98105,888-758-4389,E,,Public,,2,,,ChargePoint Network,47.661361,-122.298284,2/1/2026,88696,2026-02-01 01:18:04 UTC,public,FALSE,FALSE
ELEC,PUBLIC WORKS 1 GH FINHOLM 1,8828-8844 N Harborview Dr,Gig Harbor,WA,98332,888-758-4389,E,,Public,,2,,,ChargePoint Network,47.339342,-122.590314,2/1/2026,88827,2026-02-01 01:18:59 UTC,public,FALSE,FALSE
ELEC,"Kitsap Transit - North Viking Poulsbo Park N Ride, WA",21711 Vetter Rd NW,Poulsbo,WA,98370,855-885-9571,E,,Public,,4,,,OpConnect,47.75946,-122.661047,2/1/2026,92108,2026-02-01 04:47:52 UTC,public,FALSE,FALSE
ELEC,530 Guard St,530 Guard St,Friday Harbor,WA,98250,360-378-6621,E,,Public,,1,,,Non-Networked,48.536489,-123.021351,1/10/2022,93840,2025-11-25 19:41:47 UTC,public,FALSE,TRUE
ELEC,Avalon Business Park,322 Daniel Ln,Friday Harbor,WA,98250,360-378-2288,E,,Public,,1,,,Non-Networked,48.514655,-123.028884,9/14/2023,93841,2025-12-10 19:50:37 UTC,public,FALSE,FALSE
ELEC,Earthbox Inn and Spa,410 Spring St,Friday Harbor,WA,98250,360-378-4000,E,,Public - Call ahead,,2,,,Non-Networked,48.532963,-123.019311,6/6/2025,93842,2025-06-06 18:42:11 UTC,public,TRUE,FALSE
ELEC,Friday Harbor Grand Bed and Breakfast,345 Blair Ave,Friday Harbor,WA,98250,,E,,Private - Call ahead,,1,,,Non-Networked,48.532844,-123.021001,7/3/2025,93843,2025-07-03 19:15:09 UTC,private,,FALSE
ELEC,Odd Fellows Hall,112 Haven Rd,Eastsound,WA,98245,360-376-5640,E,,Public,,1,,,Non-Networked,48.692979,-122.904798,10/11/2024,93846,2025-02-12 00:16:32 UTC,public,FALSE,FALSE
ELEC,Doe Bay Resort,107 Doe Bay Rd,Olga,WA,98279,360-376-2291,E,,Public,,1,,,Non-Networked,48.641279,-122.781015,6/13/2024,93848,2025-02-12 00:16:32 UTC,public,FALSE,FALSE
ELEC,Lopez Island Library,2225 Fisherman Bay Rd,Lopez,WA,98261,360-468-2265,E,,Public,,1,,,Non-Networked,48.521863,-122.909571,8/12/2025,93849,2025-08-12 16:52:28 UTC,public,FALSE,FALSE
ELEC,Lopez Community Land Trust,25 Tuatara Rd,Lopez,WA,98261,360-468-3723,E,,Public - Call ahead,,1,,,Non-Networked,48.530774,-122.914874,8/10/2023,93850,2025-11-24 20:59:43 UTC,public,TRUE,TRUE
ELEC,Thurston County Juvenile Court,1520 Irving St SW,Tumwater,WA,98512,888-998-2546,E,,Public,,2,,,Blink Network,47.023179,-122.922337,2/1/2026,95134,2026-02-01 00:30:02 UTC,public,FALSE,FALSE
ELEC,Port of Poulsbo,19133 Jensen Way NE,Poulsbo,WA,98370,888-998-2546,E,,Public,,4,,,Blink Network,47.736632,-122.647204,2/1/2026,95259,2026-02-01 00:10:56 UTC,public,FALSE,FALSE
ELEC,Haselwood Family YMCA Silverdale,3909 NW Randall Way,Silverdale,WA,98383,888-998-2546,E,,Public,,2,,,Blink Network,47.65330663,-122.6948141,2/1/2026,95368,2026-02-01 00:22:11 UTC,public,FALSE,FALSE
ELEC,Skagit Valley College - Annex,2405 E. College Way,Mt. Vernon,WA,98273,888-998-2546,T,1/11/2026,TEMPORARILY UNAVAILABLE (Public),,2,,,Blink Network,48.436423,-122.3088327,2/1/2026,95464,2026-02-01 00:15:54 UTC,public,FALSE,FALSE
ELEC,Bellevue College - Garage,3000 Landerholm Cir SE,Bellevue,WA,98007,888-998-2546,E,,Public,,2,,,Blink Network,47.585655,-122.147284,2/1/2026,95496,2026-02-01 00:09:20 UTC,public,FALSE,FALSE
ELEC,Legacy Salmon Creek Hospital,2211 Northeast 139th Street,Vancouver,WA,98686,888-998-2546,E,,Public,,2,,,Blink Network,45.7208083,-122.6467578,2/1/2026,95594,2026-02-01 00:05:56 UTC,public,FALSE,FALSE
ELEC,McLendon Hardware Tacoma,1015 N Pearl St,Tacoma,WA,98406,888-998-2546,E,,Public,,2,,,Blink Network,47.25914,-122.514596,2/1/2026,95640,2026-02-01 00:15:52 UTC,public,FALSE,FALSE
ELEC,First Hill Medical Building,515 Minor Ave,Seattle,WA,98104,888-998-2546,T,12/12/2025,TEMPORARILY UNAVAILABLE (Public),,1,,,Blink Network,47.60636,-122.321639,2/1/2026,95703,2026-02-01 00:14:16 UTC,public,FALSE,FALSE
ELEC,McLendon Hardware,440 Rainier Ave South,Renton,WA,98057,888-998-2546,E,,Public,,1,,,Blink Network,47.477362,-122.215347,2/1/2026,95749,2026-02-01 00:43:01 UTC,public,FALSE,FALSE
ELEC,Sumner School District - Parking Lot,1099 Wood Ave,Sumner,WA,98390,888-998-2546,E,,Public,,3,,,Blink Network,47.203981,-122.237313,2/1/2026,95831,2026-02-01 00:28:30 UTC,public,FALSE,FALSE
ELEC,Lake Washington Institute of Technology,11605 132nd Ave NE,Kirkland,WA,98034,888-998-2546,E,,Public,,2,,,Blink Network,47.704069,-122.167006,2/1/2026,95959,2026-02-01 00:10:58 UTC,public,FALSE,FALSE
ELEC,520 Pike Tower,520 Pike St.,Seattle,WA,98101,888-998-2546,E,,Public,,4,,,Blink Network,47.611102,-122.334893,2/1/2026,96348,2026-02-01 00:43:05 UTC,public,FALSE,FALSE
ELEC,Bellevue College - Lot C7 Snoqualmie River Road,3036 Snoqualmie River Road,Bellevue,WA,98005,888-998-2546,E,,Public,,2,,,Blink Network,47.58495,-122.15043,2/1/2026,96400,2026-02-01 00:09:21 UTC,public,FALSE,FALSE
ELEC,Lake Union Building,1700 Westlake Ave N,Seattle,WA,98109,888-998-2546,E,,Public,,2,,,Blink Network,47.633992,-122.339684,2/1/2026,96480,2026-02-01 00:15:52 UTC,public,FALSE,FALSE
ELEC,Clark County - Public Service Center (1st Floor),1300 Franklin Street,Vancouver,WA,98660,888-998-2546,E,,Public,,4,,,Blink Network,45.6313841,-122.677588,2/1/2026,96620,2026-02-01 00:33:09 UTC,public,FALSE,FALSE
ELEC,VM CHARGERS VM BAINBRIDGE 1,1329 Wintergreen Lane Northeast,Bainbridge Island,WA,98110,888-758-4389,E,,Public,,2,,,ChargePoint Network,47.637692,-122.513582,2/1/2026,96877,2026-02-01 01:27:38 UTC,public,FALSE,FALSE
ELEC,Multicare Health Systems,17700 SE 272nd Street,Covington,WA,98042,888-998-2546,E,,Public,,3,,,Blink Network,47.359935,-122.103668,2/1/2026,96971,2026-02-01 00:14:16 UTC,public,FALSE,FALSE
ELEC,Highline Community College,2400 S 240th St,Des Moines,WA,98198,888-998-2546,E,,Public,,2,,,Blink Network,47.389529,-122.301609,2/1/2026,96972,2026-02-01 00:54:31 UTC,public,FALSE,FALSE
ELEC,BARKLEY VILLAGE REGAL CINEMA 2,3011 Cinema Pl,Bellingham,WA,98226,888-758-4389,E,,Public,,2,,,ChargePoint Network,48.7707,-122.448772,2/1/2026,97018,2026-02-01 01:28:05 UTC,public,FALSE,FALSE
ELEC,Camaray Motel,1320 Main St,Oroville,WA,98844,509-476-3684,E,,Public,,1,,,Non-Networked,48.938283,-119.436456,1/9/2024,98553,2024-01-31 22:07:01 UTC,public,FALSE,FALSE
ELEC,Smokiam Park,334 Daisy St N,Soap Lake,WA,98851,509-246-1211,E,,Public,,1,,,Non-Networked,47.39125,-119.483647,1/9/2024,98554,2024-01-31 22:07:01 UTC,public,FALSE,FALSE
ELEC,Mountain View Lodge & Resort,25 Wapato Way,Manson,WA,98831,509-687-9505,E,,Public,,1,,,Non-Networked,47.883847,-120.154608,1/9/2024,98555,2024-01-31 22:07:01 UTC,public,TRUE,FALSE
ELEC,Seattle-Tacoma International Airport - Terminal Direct Parking,17801 Pacific Hwy S,Seattle,WA,98188,206-787-5308,E,,Public,,28,,,Non-Networked,47.443363,-122.296428,12/12/2025,98583,2025-12-12 22:54:41 UTC,public,FALSE,FALSE
ELEC,Bonneville Power Administration,5411 NE Highway 99,Vancouver,WA,98663,,E,,Private - Government only,,4,,,Non-Networked,45.662257,-122.664489,9/14/2023,98605,2025-12-12 22:42:56 UTC,private,,TRUE
ELEC,National Park Service - Longmire Administration Building,47015 Paradise Rd E,Ashford,WA,98304,,E,,Private - Government only,,1,,,Non-Networked,46.750241,-121.812778,1/13/2026,98666,2026-01-13 01:16:14 UTC,private,,TRUE
ELEC,Environmental Protection Agency,1200 6th Ave,Seattle,WA,98101,,E,,Private - Government only,,1,,,Non-Networked,47.609095,-122.332012,12/12/2025,98676,2025-12-12 22:54:41 UTC,private,,TRUE
ELEC,LHM HONDA STATION 01,1208 W 3rd Ave,Spokane,WA,99201,888-758-4389,T,9/19/2025,TEMPORARILY UNAVAILABLE (Public),,2,,,ChargePoint Network,47.653614,-117.430179,2/1/2026,98810,2026-02-01 01:28:23 UTC,public,FALSE,FALSE
ELEC,CITY LIGHT N BEACON HILL 1,2535 16th Avenue South,Seattle,WA,98144,888-758-4389,E,,Public,,,1,,ChargePoint Network,47.579789,-122.3122,2/1/2026,99282,2026-02-01 03:54:48 UTC,public,FALSE,FALSE
ELEC,UWB CASCADIA CC SOUTH LEVEL 4 S,Campus Way NE,Bothell,WA,98011,888-758-4389,E,,Public,,2,,,ChargePoint Network,47.757824,-122.190681,2/1/2026,99405,2026-02-01 01:25:14 UTC,public,FALSE,FALSE
ELEC,LINC SQUARE EXP LSS P2 106-107,440 Bellevue Way NE,Bellevue,WA,98004,888-758-4389,E,,Public,,2,,,ChargePoint Network,47.614503,-122.201196,2/1/2026,99407,2026-02-01 01:22:54 UTC,public,FALSE,FALSE
ELEC,LINC SQUARE EXP LSS P2 109-110,424 104th Ave NE,Bellevue,WA,98004,888-758-4389,E,,Public,,2,,,ChargePoint Network,47.614311,-122.201051,2/1/2026,99408,2026-02-01 01:22:54 UTC,public,FALSE,FALSE
ELEC,LINC SQUARE EXP LSS P2 100-101,414 104th Ave NE,Bellevue,WA,98004,888-758-4389,E,,Public,,2,,,ChargePoint Network,47.614752,-122.200829,2/1/2026,99409,2026-02-01 01:22:36 UTC,public,FALSE,FALSE
ELEC,LINC SQUARE EXP LSS P2 92-93,500 Bellevue Way NE,Bellevue,WA,98004,888-758-4389,E,,Public,,2,,,ChargePoint Network,47.614649,-122.200751,2/1/2026,99410,2026-02-01 01:22:35 UTC,public,FALSE,FALSE
ELEC,QBRC QBRC 1,78 SR 115,Ocean Shores,WA,98569,888-758-4389,E,,Public,,2,,,ChargePoint Network,47.042642,-124.170682,2/1/2026,99705,2026-02-01 01:25:03 UTC,public,FALSE,FALSE
ELEC,ESSEX HIGHLANDS,1460 NE Hawthorne Street,Issaquah,WA,98029,888-758-4389,E,,Public,,2,,,ChargePoint Network,47.545075,-122.008911,2/1/2026,100055,2026-02-01 01:16:36 UTC,public,FALSE,FALSE
ELEC,BLACKRIVER JSH DUAL #1,923 Powell Ave SW,Renton,WA,98057,888-758-4389,E,,Public,,2,,,ChargePoint Network,47.471546,-122.232002,2/1/2026,100346,2026-02-01 01:30:02 UTC,public,FALSE,FALSE
ELEC,BLACKRIVER BLACKRIVER #3,620 Naches Ave SW,Renton,WA,98057,888-758-4389,E,,Public,,1,,,ChargePoint Network,47.474427,-122.233381,2/1/2026,100365,2026-02-01 01:30:02 UTC,public,FALSE,FALSE
ELEC,MTE EDMONDS SCHOOL,21975 52nd Ave W,Mountlake Terrace,WA,98043,888-758-4389,E,,Public,,2,,,ChargePoint Network,47.798901,-122.3025,2/1/2026,100416,2026-02-01 01:27:37 UTC,public,FALSE,FALSE
ELEC,"Aberdeen, WA - Tesla Supercharger",416 Wishkah Street,Aberdeen,WA,98520,877-798-3752,E,,Public,,,8,,Tesla,46.976679,-123.813485,7/1/2024,102483,2025-05-06 21:07:47 UTC,public,,FALSE
ELEC,Angel of the Winds Casino - Tesla Supercharger,3438 Stoluckquamish Lane,Arlington,WA,98223,877-798-3752,E,,Public,,,16,,Tesla,48.212441,-122.183491,7/1/2024,102484,2025-05-06 21:07:47 UTC,public,,FALSE
ELEC,Fairfield Inn & Suites Burlington - Tesla Supercharger,9384 Old Highway 99 North,Burlington,WA,98233,877-798-3752,E,,Public,,,10,,Tesla,48.509743,-122.338681,7/1/2024,102485,2025-05-06 21:07:47 UTC,public,,FALSE
ELEC,Centralia Outlets - Tesla Supercharger,1200 Lum Rd,Centralia,WA,98531,877-798-3752,E,,Public,,,20,,Tesla,46.729872,-122.977392,7/1/2024,102486,2025-05-06 21:07:47 UTC,public,,FALSE
ELEC,Holiday Inn Express - Tesla Supercharger,1620 Canyon Rd,Ellensburg,WA,98926,877-798-3752,E,,Public,,,5,,Tesla,46.976918,-120.54162,7/1/2024,102487,2025-05-06 21:07:47 UTC,public,,FALSE
ELEC,Fred Meyer - Tesla Supercharger,2811 West 10th Ave.,Kennewick,WA,99336,877-798-3752,E,,Public,,,8,,Tesla,46.198035,-119.162687,7/1/2024,102488,2025-05-06 21:07:47 UTC,public,,FALSE
ELEC,Fred Meyer - Tesla Supercharger,2902 164th Street SW,Lynnwood,WA,98087,877-798-3752,E,,Public,,,10,,Tesla,47.846714,-122.271389,7/1/2024,102489,2025-05-06 21:07:47 UTC,public,,FALSE
ELEC,Best Western Plus Bronco Inn - Tesla Supercharger,105 W Galbreath Way,Ritzville,WA,99169,877-798-3752,E,,Public,,,4,,Tesla,47.116294,-118.368328,7/1/2024,102491,2025-05-06 21:07:47 UTC,public,,FALSE
ELEC,Holiday Inn Express & Suites - Tesla Supercharger,1441 E Washington Street,Sequim,WA,98382,877-798-3752,E,,Public,,,8,,Tesla,48.071064,-123.074581,7/1/2024,102492,2025-05-06 21:07:47 UTC,public,,FALSE
ELEC,Fred Meyer Salmon Creek - Tesla Supercharger,800 NE Tenney Road,Vancouver,WA,98685,877-798-3752,E,,Public,,,12,,Tesla,45.721613,-122.663762,7/1/2024,102493,2025-05-06 21:07:47 UTC,public,,FALSE
ELEC,Dan's Food Market - Tesla Supercharger,1329 US-2,Leavenworth,WA,98826,877-798-3752,E,,Public,,,16,,Tesla,47.598476,-120.656055,7/1/2024,102594,2025-05-06 21:07:47 UTC,public,,FALSE
ELEC,Fort Lewis,McKinley Ave & Garfield St,Fort Lewis,WA,98433,,E,,Private - Government only,,1,,,Non-Networked,47.10579,-122.539,9/12/2024,102639,2025-12-12 22:42:56 UTC,private,,TRUE
ELEC,Olympic National Park - Sol Duc Hot Springs Resort,12076 Sol Duc Hot Springs Rd,Port Angeles,WA,98363,,E,,Public,,2,,,Non-Networked,47.96937,-123.86338,1/13/2026,103554,2026-01-13 01:16:14 UTC,public,FALSE,FALSE
ELEC,Olympic National Park - Sol Duc Hot Springs Resort,12076 Sol Duc Hot Springs Rd,Port Angeles,WA,98363,,E,,Private,,2,,,Non-Networked,47.96937,-123.86338,1/13/2026,103555,2026-01-13 01:16:14 UTC,private,,FALSE
ELEC,Starbucks Pasco,2411 W Court Street,Pasco,WA,99301,855-885-9571,E,,Public,,1,2,,OpConnect,46.2418243,-119.1241826,2/1/2026,103586,2026-02-01 04:49:07 UTC,public,FALSE,FALSE
ELEC,WA Trust Bank - Wandermere,438 E. Hastings Rd.,Spokane,WA,99218,866-816-7584,E,,Public,,,2,,EV Connect,47.769047,-117.401633,2/1/2026,103612,2026-02-01 04:56:55 UTC,public,FALSE,FALSE
ELEC,1101 WESTLAKE WESTLAKE 2,1101 Westlake Ave N,Seattle,WA,98109,888-758-4389,E,,Public,,2,,,ChargePoint Network,47.6289,-122.341536,2/1/2026,103654,2026-02-01 01:21:37 UTC,public,FALSE,FALSE
ELEC,Gull Wing Inn,4852 Pacific Ave,Moclips,WA,98562,360-276-0014,E,,Public,,1,,,Non-Networked,47.24044,-124.216904,6/14/2022,103925,2025-10-16 19:53:19 UTC,public,FALSE,FALSE
ELEC,Washington State Department of Ecology - Public Parking Lot,4601 N Monroe St,Spokane,WA,99205,509-329-3400  888-758-4389,E,,Public,,6,,,Non-Networked,47.700624,-117.425573,8/15/2024,104058,2025-02-12 00:16:32 UTC,public,FALSE,FALSE
ELEC,DC CORRIDOR SEATTLE MINI,11536 Lake City Way NE,Seattle,WA,98125,888-758-4389,E,,Public,,,1,,ChargePoint Network,47.713224,-122.298415,2/1/2026,104285,2026-02-01 01:16:40 UTC,public,FALSE,FALSE
ELEC,EVROADWAY WA-PACSCI-L2-1,200 Denny Wy,Seattle,WA,98109,888-758-4389,E,,Public,,2,,,ChargePoint Network,47.61906,-122.35235,2/1/2026,104286,2026-02-01 01:59:15 UTC,public,FALSE,FALSE
ELEC,BMGF P1 STATION 2,500 5th Ave N,Seattle,WA,98109,888-758-4389,E,,Public,,2,,,ChargePoint Network,47.623424,-122.345872,2/1/2026,104381,2026-02-01 01:30:53 UTC,public,FALSE,FALSE
ELEC,Pacific Raceways,31001 144th Ave SE,Kent,WA,98042,253-639-5927,E,,Public - Call ahead,,2,,,Non-Networked,47.320954,-122.13822,1/13/2025,104408,2025-02-12 00:16:32 UTC,public,TRUE,FALSE
ELEC,Fred Meyer - Tesla Supercharger,6100 East Lake Sammamish Parkway SE,Issaquah,WA,98029,877-798-3752,E,,Public,,,8,,Tesla,47.548081,-122.039955,7/1/2024,104446,2025-05-06 21:07:47 UTC,public,,FALSE
ELEC,Bedrooms & More,324 NE 45th St,Seattle,WA,98105,206-633-4505,E,,Public,,1,,,Non-Networked,47.661582,-122.32426,7/3/2025,104475,2025-07-03 19:15:09 UTC,public,TRUE,FALSE
ELEC,Guy Waring Guest House,110 Riverside Ave,Winthrop,WA,98862,425-742-0843,E,,Public,,1,,,Non-Networked,48.479357,-120.186033,5/12/2025,104823,2025-05-12 16:15:59 UTC,public,TRUE,FALSE
ELEC,Grand Mound Liquor Store,19947 Old Highway 99 SW,Rochester,WA,98579,360-273-6748,E,,Public,,2,,,Non-Networked,46.798453,-123.0123,6/13/2024,104981,2025-02-12 00:16:32 UTC,public,FALSE,FALSE
ELEC,KING COUNTY DES FACTORIA TRANSF,13800 SE 32nd St,Bellevue,WA,98005,888-758-4389,E,,Public,,2,,,ChargePoint Network,47.582336,-122.158644,2/1/2026,105066,2026-02-01 01:21:03 UTC,public,FALSE,FALSE
ELEC,ALJOYA 1 EV CHARGER,2430 76th Ave SE,Mercer Island,WA,98040,888-758-4389,E,,Public,,2,,,ChargePoint Network,47.588122,-122.237206,2/1/2026,105118,2026-02-01 01:31:42 UTC,public,FALSE,FALSE
ELEC,Bud Clary Chevrolet,1030 Commerce Ave,Longview,WA,98632,,E,,Private,,,1,,Non-Networked,46.132245,-122.935179,12/12/2025,105359,2025-12-12 22:54:41 UTC,private,,FALSE
ELEC,Harvest Chevrolet,1600 E Yakima Ave,Yakima,WA,98901,509-731-3938,E,,Public - Call ahead,,2,1,,Non-Networked,46.604239,-120.481583,11/13/2025,105361,2025-11-13 20:02:17 UTC,public,FALSE,FALSE
ELEC,Cascade Chevrolet,148 Easy St,Wenatchee,WA,98801,509-888-2985,E,,Public,,1,1,,Non-Networked,47.467463,-120.336918,11/13/2025,105362,2025-11-13 20:02:17 UTC,public,FALSE,FALSE
ELEC,Angel of the Winds Casino - Tesla Destination,3438 Stoluckquamish Ln,Arlington,WA,98223,877-798-3752,E,,Public,,3,,,Tesla Destination,48.214249,-122.184142,7/1/2024,116073,2025-02-12 00:16:32 UTC,public,,FALSE
ELEC,Alexander's Lodge & Restaurant - Tesla Destination,37515 SR 706 E,Ashford,WA,98304,877-798-3752,E,,Public,,2,,,Tesla Destination,46.751382,-121.937189,7/1/2024,116074,2025-02-12 00:16:32 UTC,public,,FALSE
ELEC,Courtyard by Marriott Seattle Bellevue/Downtown - Tesla Destination,11010 NE 8th St,Bellevue,WA,98004,877-798-3752,E,,Public,,2,,,Tesla Destination,47.617601,-122.193492,7/1/2024,116075,2025-02-12 00:16:32 UTC,public,,FALSE
ELEC,Marriott Bellevue - Tesla Destination,200 110th Ave,Bellevue,WA,98004,877-798-3752,E,,Public,,3,,,Tesla Destination,47.611844,-122.193618,7/1/2024,116076,2025-02-12 00:16:32 UTC,public,,FALSE
ELEC,Marriott AC Bellevue - Tesla Destination,208 106th Pl NE,Bellevue,WA,98004,877-798-3752,E,,Public,,4,,,Tesla Destination,47.612345,-122.197702,7/1/2024,116077,2025-02-12 00:16:32 UTC,public,,FALSE
ELEC,Hilton Bellevue - Tesla Destination,300 112th Ave SE,Bellevue,WA,98004,877-798-3752,E,,Public,,2,,,Tesla Destination,47.607592,-122.189582,7/1/2024,116078,2025-02-12 00:16:32 UTC,public,,FALSE
ELEC,Hotel Bellwether - Tesla Destination,1 Bellwether Way,Bellingham,WA,98225,877-798-3752,E,,Public,,3,,,Tesla Destination,48.754197,-122.496675,7/1/2024,116079,2025-02-12 00:16:32 UTC,public,,FALSE
ELEC,Best Western Plus Heritage Inn - Tesla Destination,151 McLeod Rd,Bellingham,WA,98226,877-798-3752,E,,Public,,1,,,Tesla Destination,48.783141,-122.484001,7/1/2024,116080,2025-02-12 00:16:32 UTC,public,,FALSE
ELEC,Oxford Suites Bellingham - Tesla Destination,4051 Meridian St,Bellingham,WA,98226,877-798-3752,E,,Public,,2,,,Tesla Destination,48.788325,-122.48746,7/1/2024,116081,2025-02-12 00:16:32 UTC,public,,FALSE
ELEC,Hamilton Cellars - Tesla Destination,55410 N Sunset Rd,Benton City,WA,99320,877-798-3752,E,,Public,,3,,,Tesla Destination,46.296071,-119.451487,7/1/2024,116082,2025-02-12 00:16:32 UTC,public,,FALSE
ELEC,Semiahmoo Resort & Spa - Tesla Destination,9565 Semiahmoo Pkwy,Blaine,WA,98230,877-798-3752,E,,Public,,1,,,Tesla Destination,48.990486,-122.774447,7/1/2024,116083,2025-02-12 00:16:32 UTC,public,,FALSE
ELEC,Hotel Cathlamet - Tesla Destination,69 Main St,Cathlamet,WA,98612,877-798-3752,E,,Public,,1,,,Tesla Destination,46.202588,-123.384133,7/1/2024,116085,2025-02-12 00:16:32 UTC,public,,FALSE
ELEC,Fielding Hills Winery - Tesla Destination,565 S Lakeshore Dr,Chelan,WA,98816,877-798-3752,E,,Public,,1,,,Tesla Destination,47.842476,-120.098099,7/1/2024,116086,2025-02-12 00:16:32 UTC,public,,FALSE
ELEC,Suncadia Resort - Tesla Destination,3600 Suncadia Trl,Cle Elum,WA,98922,877-798-3752,E,,Public,,3,,,Tesla Destination,47.207984,-121.019499,7/1/2024,116087,2025-02-12 00:16:32 UTC,public,,FALSE
ELEC,The Four Points by Sheraton Seattle Airport South - Tesla Destination,22406 Pacific Highway S,Des Moines,WA,98198,877-798-3752,E,,Public,,6,,,Tesla Destination,47.400629,-122.296834,7/1/2024,116088,2025-02-12 00:16:32 UTC,public,,FALSE
ELEC,"Staybridge Suites Federal Way - Seattle South, an IHG Hotel - Tesla Destination",32124 25th Ave S,Federal Way,WA,98003,877-798-3752,E,,Public,,4,,,Tesla Destination,47.314052,-122.300982,7/1/2024,116089,2025-05-06 21:10:23 UTC,public,,FALSE
ELEC,Quillayute River Resort - Tesla Destination,473 Mora Rd,Forks,WA,98331,877-798-3752,E,,Public,,2,,,Tesla Destination,47.914774,-124.544249,7/1/2024,116090,2025-02-12 00:16:32 UTC,public,,FALSE
ELEC,Island Athletic Club - Tesla Destination,5511 S Freeland Ave,Freeland,WA,98249,877-798-3752,E,,Public,,2,,,Tesla Destination,48.010539,-122.534798,7/1/2024,116091,2025-02-12 00:16:32 UTC,public,,FALSE
ELEC,Ocean5 - Tesla Destination,5268 Point Fosdick Dr NW,Gig Harbor,WA,98335,877-798-3752,E,,Public,,3,,,Tesla Destination,47.305772,-122.579191,7/1/2024,116092,2025-02-12 00:16:32 UTC,public,,FALSE
ELEC,Best Western Wesley Inn - Tesla Destination,6575 Kimball Dr,Gig Harbor,WA,98335,877-798-3752,E,,Public,,1,,,Tesla Destination,47.318391,-122.585326,7/1/2024,116093,2025-02-12 00:16:32 UTC,public,,FALSE
ELEC,"Issaquah, WA - 12th Ave NW - Tesla Destination",1801 12th Ave NW,Issaquah,WA,98027,877-798-3752,E,,Public,,12,,,Tesla Destination,47.550744,-122.057467,7/1/2024,116094,2025-05-06 21:10:23 UTC,public,,FALSE
ELEC,Badger Mountain Vineyard & Powers Winery - Tesla Destination,1106 N Jurupa St,Kennewick,WA,99338,877-798-3752,E,,Public,,3,,,Tesla Destination,46.213187,-119.286497,7/1/2024,116095,2025-02-12 00:16:32 UTC,public,,FALSE
ELEC,Hampton Inn Kennewick at Southridge - Tesla Destination,3715 Plaza Wy,Kennewick,WA,99338,877-798-3752,E,,Public,,2,,,Tesla Destination,46.178019,-119.189427,7/1/2024,116096,2025-02-12 00:16:32 UTC,public,,FALSE
ELEC,Saratoga Inn - Tesla Destination,201 Cascade Ave,Langley,WA,98260,877-798-3752,E,,Public,,2,,,Tesla Destination,48.039607,-122.406131,7/1/2024,116097,2025-02-12 00:16:32 UTC,public,,FALSE
ELEC,The Inn at Langley - Tesla Destination,400 1st St.,Langley,WA,98260,877-798-3752,E,,Public,,2,,,Tesla Destination,48.041105,-122.410772,7/1/2024,116098,2025-02-12 00:16:32 UTC,public,,FALSE
ELEC,Mountain Springs Lodge - Tesla Destination,19115 Chiwawa Loop Rd,Leavenworth,WA,98826,877-798-3752,E,,Public,,1,,,Tesla Destination,47.767473,-120.653187,7/1/2024,116099,2025-02-12 00:16:32 UTC,public,,FALSE
ELEC,Sleeping Lady Mountain Resort - Tesla Destination,7375 Icicle Rd,Leavenworth,WA,98826,877-798-3752,E,,Public,,4,,,Tesla Destination,47.551769,-120.680327,7/1/2024,116100,2025-02-12 00:16:32 UTC,public,,FALSE
ELEC,Alta Cellars - Tesla Destination,135 Wapato Wy,Manson,WA,98831,877-798-3752,E,,Public,,2,,,Tesla Destination,47.884887,-120.156959,7/1/2024,116101,2025-02-12 00:16:32 UTC,public,,FALSE
ELEC,Hard Row to Hoe Vineyards - Tesla Destination,300 Ivan Morse Rd,Manson,WA,98831,877-798-3752,E,,Public,,1,,,Tesla Destination,47.896557,-120.132386,7/1/2024,116102,2025-02-12 00:16:32 UTC,public,,FALSE
ELEC,Moonstone Beach Motel - Tesla Destination,4849 Pacific Ave,Moclips,WA,98562,877-798-3752,E,,Public,,3,,,Tesla Destination,47.240392,-124.217215,7/1/2024,116103,2025-02-12 00:16:32 UTC,public,,FALSE
ELEC,Fairfield Inn & Suites by Marriott Moses Lake - Tesla Destination,2380 S Maiers Rd,Moses Lake,WA,98837,877-798-3752,E,,Public,,1,,,Tesla Destination,47.10335,-119.251036,7/1/2024,116104,2025-02-12 00:16:32 UTC,public,,FALSE
ELEC,Adytum Sanctuary - Tesla Destination,186 Skyview Dr,Mossyrock,WA,98564,877-798-3752,E,,Public,,3,,,Tesla Destination,46.545331,-122.508967,7/1/2024,116105,2025-02-12 00:16:32 UTC,public,,FALSE
ELEC,Hobuck Beach  Resort - Tesla Destination,2726 Makah Passage,Neah Bay,WA,98357,877-798-3752,E,,Public,,2,,,Tesla Destination,48.340723,-124.662924,7/1/2024,116106,2025-02-12 00:16:32 UTC,public,,FALSE
ELEC,Hobuck Beach Resort  RV Camping - Tesla Destination,3346 Makah Passage,Neah Bay,WA,98357,877-798-3752,E,,Public,,2,,,Tesla Destination,48.333479,-124.659368,7/1/2024,116107,2025-02-12 00:16:32 UTC,public,,FALSE
ELEC,Swantown Inn & Spa - Tesla Destination,1431 11th Ave SE,Olympia,WA,98501,877-798-3752,E,,Public,,2,,,Tesla Destination,47.03909,-122.882327,7/1/2024,116108,2025-02-12 00:16:32 UTC,public,,FALSE
ELEC,Hotel RL by Red Lion - Tesla Destination,2300 Evergreen Park Dr SW,Olympia,WA,98502,877-798-3752,E,,Public,,3,,,Tesla Destination,47.027278,-122.912415,7/1/2024,116109,2025-02-12 00:16:32 UTC,public,,FALSE
ELEC,Veranda Beach Resort - Tesla Destination,299 Eastlake Rd,Oroville,WA,98844,877-798-3752,E,,Public,,4,,,Tesla Destination,48.987053,-119.425912,7/1/2024,116110,2025-02-12 00:16:32 UTC,public,,FALSE
ELEC,Red Lion Hotel Pasco - Tesla Destination,2525 North 20th Ave,Pasco,WA,99301,877-798-3752,E,,Public,,3,,,Tesla Destination,46.250235,-119.116144,7/1/2024,116111,2025-02-12 00:16:32 UTC,public,,FALSE
ELEC,Camaraderie Cellars - Tesla Destination,334 Benson Rd,Port Angeles,WA,98363,877-798-3752,E,,Public,,2,,,Tesla Destination,48.101579,-123.477119,7/1/2024,116112,2025-02-12 00:16:32 UTC,public,,FALSE
ELEC,Colette's Bed and Breakfast - Tesla Destination,339 Finn Hall Rd,Port Angeles,WA,98362,877-798-3752,E,,Public,,1,,,Tesla Destination,48.114921,-123.268398,7/1/2024,116113,2025-02-12 00:16:32 UTC,public,,FALSE
ELEC,"George Washington Inn, a Select Registry Property - Tesla Destination",939 Finn Hall Rd,Port Angeles,WA,98362,877-798-3752,E,,Public,,2,,,Tesla Destination,48.116414,-123.255357,7/1/2024,116114,2025-02-12 00:16:32 UTC,public,,FALSE
ELEC,Holiday Inn Express Pullman - Tesla Destination,1190 SE Bishop Blvd,Pullman,WA,99163,877-798-3752,E,,Public,,3,,,Tesla Destination,46.715837,-117.166626,7/1/2024,116115,2025-02-12 00:16:32 UTC,public,,FALSE
ELEC,Hampton Inn and Suites Puyallup - Tesla Destination,1515 S Meridian,Puyallup,WA,98371,877-798-3752,E,,Public,,2,,,Tesla Destination,47.17669,-122.2931,7/1/2024,116116,2025-02-12 00:16:32 UTC,public,,FALSE
ELEC,Cave B Estate Winery & Resort - Tesla Destination,344 Silica Rd NW,Quincy,WA,98848,877-798-3752,E,,Public,,3,,,Tesla Destination,47.098792,-119.996204,7/1/2024,116117,2025-02-12 00:16:32 UTC,public,,FALSE
ELEC,Seattle Marriott Redmond - Tesla Destination,7401 164th Ave NE,Redmond,WA,98052,877-798-3752,E,,Public,,3,,,Tesla Destination,47.671225,-122.122192,7/1/2024,116118,2025-02-12 00:16:32 UTC,public,,FALSE
ELEC,Homewood Suites Richland - Tesla Destination,1060 George Washington Wy,Richland,WA,99352,877-798-3752,E,,Public,,4,,,Tesla Destination,46.281294,-119.273452,7/1/2024,116119,2025-02-12 00:16:32 UTC,public,,FALSE
ELEC,Hampton Inn Richland/Tri-Cities - Tesla Destination,486 Bradley Blvd,Richland,WA,99352,877-798-3752,E,,Public,,3,,,Tesla Destination,46.271849,-119.269167,7/1/2024,116120,2025-02-12 00:16:32 UTC,public,,FALSE
ELEC,Thompson Seattle - Tesla Destination,100 Stewart St,Seattle,WA,98101,877-798-3752,E,,Public,,2,,,Tesla Destination,47.610335,-122.341261,7/1/2024,116121,2025-02-12 00:16:32 UTC,public,,FALSE
ELEC,Hotel 1000 - Tesla Destination,1000 1st Ave,Seattle,WA,98104,877-798-3752,E,,Public,,3,,,Tesla Destination,47.604904,-122.336189,7/1/2024,116122,2025-02-12 00:16:32 UTC,public,,FALSE
ELEC,Motif Seattle - Tesla Destination,1415 5th Ave,Seattle,WA,98101,877-798-3752,E,,Public,,4,,,Tesla Destination,47.610166,-122.335179,7/1/2024,116123,2025-02-12 00:16:32 UTC,public,,FALSE
ELEC,Hotel Theodore - Tesla Destination,1531 7th Ave,Seattle,WA,98101,877-798-3752,E,,Public,,3,,,Tesla Destination,47.612347,-122.334168,7/1/2024,116124,2025-02-12 00:16:32 UTC,public,,FALSE
ELEC,Cedarbrook Lodge - Tesla Destination,18525 36th Ave S,Seattle,WA,98188,877-798-3752,E,,Public,,2,,,Tesla Destination,47.437313,-122.287623,7/1/2024,116125,2025-02-12 00:16:32 UTC,public,,FALSE
ELEC,Seattle Marriott Waterfront - Tesla Destination,2100 Alaskan Way,Seattle,WA,98121,877-798-3752,E,,Public,,3,,,Tesla Destination,47.610845,-122.347258,7/1/2024,116126,2025-02-12 00:16:32 UTC,public,,FALSE
ELEC,Bedrooms & More - Tesla Destination,324 NE 45th St,Seattle,WA,98105,877-798-3752,E,,Public,,2,,,Tesla Destination,47.661523,-122.324913,7/1/2024,116128,2025-02-12 00:16:32 UTC,public,,FALSE
ELEC,400 Fairview - Tesla Destination,400 Fairview Ave N,Seattle,WA,98109,877-798-3752,E,,Public,,6,,,Tesla Destination,47.622544,-122.333913,7/1/2024,116129,2025-02-12 00:16:32 UTC,public,,FALSE
ELEC,Fairmont Olympic Hotel - Seattle - Tesla Destination,411 University St,Seattle,WA,98101,877-798-3752,E,,Public,,7,,,Tesla Destination,47.608197,-122.334028,7/1/2024,116130,2025-05-06 21:10:23 UTC,public,,FALSE
ELEC,Residence Inn by Marriott Seattle University Distric - Tesla Destination,4501 12th Ave NE,Seattle,WA,98105,877-798-3752,E,,Public,,2,,,Tesla Destination,47.661869,-122.315415,7/1/2024,116131,2025-02-12 00:16:32 UTC,public,,FALSE
ELEC,Hampton Inn and Suites Seattle-Downtown - Tesla Destination,500 5th Ave N,Seattle,WA,98109,877-798-3752,E,,Public,,2,,,Tesla Destination,47.625675,-122.346886,7/1/2024,116132,2025-02-12 00:16:32 UTC,public,,FALSE
ELEC,Four Points by Sheraton Downtown Seattle Center - Tesla Destination,601 Roy St,Seattle,WA,98109,877-798-3752,E,,Public,,2,,,Tesla Destination,47.625378,-122.344596,7/1/2024,116133,2025-02-12 00:16:32 UTC,public,,FALSE
ELEC,Hotel Max - Tesla Destination,620 Stewart St,Seattle,WA,98101,877-798-3752,E,,Public,,1,,,Tesla Destination,47.614141,-122.336357,7/1/2024,116134,2025-02-12 00:16:32 UTC,public,,FALSE
ELEC,Shafer Baillie Mansion Bed & Breakfast - Tesla Destination,907 14th Ave E,Seattle,WA,98112,877-798-3752,E,,Public,,1,,,Tesla Destination,47.627047,-122.314961,7/1/2024,116135,2025-02-12 00:16:32 UTC,public,,FALSE
ELEC,Four Seasons Hotel Seattle - Tesla Destination,99 Union St,Seattle,WA,98101,877-798-3752,E,,Public,,2,,,Tesla Destination,47.607651,-122.339418,7/1/2024,116136,2025-02-12 00:16:32 UTC,public,,FALSE
ELEC,Shelburne Inn Restaurant & Pub - Tesla Destination,4415 Pacific Way,Seaview,WA,98644,877-798-3752,E,,Public,,2,,,Tesla Destination,46.334855,-124.055074,7/1/2024,116137,2025-02-12 00:16:32 UTC,public,,FALSE
ELEC,Lost Mountain Lodge - Tesla Destination,303 Sunny View Dr,Sequim,WA,98382,877-798-3752,E,,Public,,2,,,Tesla Destination,48.06217,-123.168319,7/1/2024,116138,2025-02-12 00:16:32 UTC,public,,FALSE
ELEC,GreenHouse Inn by the Bay - Tesla Destination,630 Marine Dr,Sequim,WA,98382,877-798-3752,E,,Public,,2,,,Tesla Destination,48.149618,-123.153648,7/1/2024,116139,2025-02-12 00:16:32 UTC,public,,FALSE
ELEC,Snoqualmie Casino - Tesla Destination,37500 SE N Bend Wy,Snoqualmie,WA,98065,877-798-3752,E,,Public,,4,,,Tesla Destination,47.51865,-121.841773,7/1/2024,116141,2025-02-12 00:16:32 UTC,public,,FALSE
ELEC,The Davenport Hotel - Tesla Destination,10 S Post St,Spokane,WA,99201,877-798-3752,E,,Public,,1,,,Tesla Destination,47.656578,-117.424414,7/1/2024,116142,2025-02-12 00:16:32 UTC,public,,FALSE
ELEC,The Davenport Tower - Tesla Destination,111 Post St,Spokane,WA,99201,877-798-3752,E,,Public,,1,,,Tesla Destination,47.656306,-117.423487,7/1/2024,116143,2025-02-12 00:16:32 UTC,public,,FALSE
ELEC,Oxford Suites Spokane - Tesla Destination,115 W North River Dr,Spokane,WA,99201,877-798-3752,E,,Public,,3,,,Tesla Destination,47.663559,-117.412422,7/1/2024,116144,2025-02-12 00:16:32 UTC,public,,FALSE
ELEC,Hampton Inn Airport Spokane - Tesla Destination,2010 S Assembly Rd,Spokane,WA,99224,877-798-3752,E,,Public,,3,,,Tesla Destination,47.63666,-117.477532,7/1/2024,116145,2025-02-12 00:16:32 UTC,public,,FALSE
ELEC,DoubleTree by Hilton Spokane City Center - Tesla Destination,322 N Spokane Falls Ct,Spokane,WA,99201,877-798-3752,E,,Public,,2,,,Tesla Destination,47.66075,-117.414533,7/1/2024,116146,2025-02-12 00:16:32 UTC,public,,FALSE
ELEC,The Davenport Grand Hotel - Tesla Destination,333 W Spokane Falls Blvd,Spokane,WA,99201,877-798-3752,E,,Public,,1,,,Tesla Destination,47.659917,-117.417273,7/1/2024,116147,2025-02-12 00:16:32 UTC,public,,FALSE
ELEC,The Hotel Lusso - Tesla Destination,808 W Sprague Ave,Spokane,WA,99201,877-798-3752,E,,Public,,1,,,Tesla Destination,47.657247,-117.423946,7/1/2024,116148,2025-02-12 00:16:32 UTC,public,,FALSE
ELEC,Hilton Garden Inn Spokane Airport - Tesla Destination,9015 W Hwy 2,Spokane,WA,99224,877-798-3752,E,,Public,,3,,,Tesla Destination,47.642631,-117.537533,7/1/2024,116149,2025-02-12 00:16:32 UTC,public,,FALSE
ELEC,Oxford Suites Spokane Valley - Tesla Destination,15015 E Indiana Ave,Spokane Valley,WA,99216,877-798-3752,E,,Public,,3,,,Tesla Destination,47.673676,-117.201827,7/1/2024,116150,2025-02-12 00:16:32 UTC,public,,FALSE
ELEC,Skamania Lodge - Tesla Destination,1131 Skamania Lodge Way,Stevenson,WA,98648,877-798-3752,E,,Public,,8,,,Tesla Destination,45.685622,-121.905244,7/1/2024,116151,2025-02-12 00:16:32 UTC,public,,FALSE
ELEC,Hotel Murano - Tesla Destination,1320 Broadway Plaza,Tacoma,WA,98402,877-798-3752,E,,Public,,5,,,Tesla Destination,47.250577,-122.439947,7/1/2024,116152,2025-02-12 00:16:32 UTC,public,,FALSE
ELEC,Best Western Plus Tacoma Dome Hotel - Tesla Destination,2611 East E St,Tacoma,WA,98421,877-798-3752,E,,Public,,2,,,Tesla Destination,47.23853,-122.427213,7/1/2024,116153,2025-02-12 00:16:32 UTC,public,,FALSE
ELEC,Alderbrook Resort & Spa - Tesla Destination,10 E Alderbrook Dr,Union,WA,98592,877-798-3752,E,,Public,,3,,,Tesla Destination,47.347184,-123.06764,7/1/2024,116154,2025-02-12 00:16:32 UTC,public,,FALSE
ELEC,Heathman Lodge - Tesla Destination,7801 NE Greenwood Dr,Vancouver,WA,98662,877-798-3752,E,,Public,,6,,,Tesla Destination,45.653804,-122.591975,7/1/2024,116155,2025-02-12 00:16:32 UTC,public,,FALSE
ELEC,Dunham Wine Cellars - Tesla Destination,150 E Boeing,Walla Walla,WA,99362,877-798-3752,E,,Public,,1,,,Tesla Destination,46.089019,-118.278234,7/1/2024,116156,2025-02-12 00:16:32 UTC,public,,FALSE
ELEC,Pepper Bridge Winery - Tesla Destination,1704 J.B. George Rd,Walla Walla,WA,99362,877-798-3752,E,,Public,,2,,,Tesla Destination,47.734002,-122.141347,7/1/2024,116157,2025-02-12 00:16:32 UTC,public,,FALSE
ELEC,Inn at Abeja - Tesla Destination,2014 Mill Creek Rd,Walla Walla,WA,99362,877-798-3752,E,,Public,,1,,,Tesla Destination,46.088478,-118.227154,7/1/2024,116158,2025-02-12 00:16:32 UTC,public,,FALSE
ELEC,Amavi Cellars - Tesla Destination,3796 Peppers Bridge Rd,Walla Walla,WA,99362,877-798-3752,E,,Public,,2,,,Tesla Destination,46.016223,-118.38607,7/1/2024,116159,2025-02-12 00:16:32 UTC,public,,FALSE
ELEC,Marcus Whitman Hotel - Tesla Destination,6 W Rose St,Walla Walla,WA,99362,877-798-3752,E,,Public,,3,,,Tesla Destination,46.067913,-118.340899,7/1/2024,116160,2025-02-12 00:16:32 UTC,public,,FALSE
ELEC,Corvus Cellars - Tesla Destination,760 C St,Walla Walla,WA,99362,877-798-3752,E,,Public,,2,,,Tesla Destination,46.092016,-118.271808,7/1/2024,116161,2025-02-12 00:16:32 UTC,public,,FALSE
ELEC,Warm Springs Inn & Winery - Tesla Destination,1611 Love Ln,Wenatchee,WA,98801,877-798-3752,E,,Public,,1,,,Tesla Destination,47.476001,-120.376514,7/1/2024,116162,2025-02-12 00:16:32 UTC,public,,FALSE
ELEC,Cranberry Road Winery - Tesla Destination,2858 S Forrest St,Westport,WA,98595,877-798-3752,E,,Public,,3,,,Tesla Destination,46.859479,-124.108594,7/1/2024,116163,2025-02-12 00:16:32 UTC,public,,FALSE
ELEC,Willows Lodge - Tesla Destination,14850 NE 145th St,Woodinville,WA,98072,877-798-3752,E,,Public,,5,,,Tesla Destination,47.732864,-122.147196,7/1/2024,116165,2025-02-12 00:16:32 UTC,public,,FALSE
ELEC,Holiday Inn Downtown Yakima - Tesla Destination,802 E Yakima Ave,Yakima,WA,98901,877-798-3752,E,,Public,,4,,,Tesla Destination,46.604039,-120.494574,7/1/2024,116167,2025-02-12 00:16:32 UTC,public,,FALSE
ELEC,Cle Elum Business Park - Tesla Supercharger,811 WA-970,Cle Elum,WA,98922,877-798-3752,E,,Public,,,12,,Tesla,47.189262,-120.902714,7/1/2024,116820,2025-05-06 21:07:47 UTC,public,,FALSE
ELEC,Bellevue City Hall,450 110th Ave NE,Bellevue,WA,98004,,E,,Private,,6,,,Non-Networked,47.614293,-122.192294,7/3/2025,117286,2025-07-03 19:15:09 UTC,private,,TRUE
ELEC,ALLEN INSTITUTE SOUTH,615 Westlake Ave N,Seattle,WA,98109,888-758-4389,E,,Public,,2,,,ChargePoint Network,47.625077,-122.339032,2/1/2026,120879,2026-02-01 01:10:20 UTC,public,FALSE,FALSE
ELEC,RED 160,16015 Cleveland St,Redmond,WA,98052,888-998-2546,T,12/2/2025,TEMPORARILY UNAVAILABLE (Public),,1,,,Blink Network,47.674374,-122.127167,2/1/2026,120927,2026-02-01 00:54:33 UTC,public,FALSE,FALSE
ELEC,PACIFIC LUTH U STATION 3,508 122nd St S,Tacoma,WA,98447,888-758-4389,E,,Public,,2,,,ChargePoint Network,47.145098,-122.438741,2/1/2026,121095,2026-02-01 01:35:29 UTC,public,FALSE,FALSE
ELEC,PACIFIC LUTH U STATION 2,512 122nd St S,Tacoma,WA,98447,888-758-4389,E,,Public,,2,,,ChargePoint Network,47.145084,-122.438862,2/1/2026,121096,2026-02-01 01:35:41 UTC,public,FALSE,FALSE
ELEC,SIA ECO 3,W McFarlane rd,Spokane,WA,99224,888-758-4389,E,,Public,,2,,,ChargePoint Network,47.630363,-117.538616,2/1/2026,121126,2026-02-01 01:31:14 UTC,public,FALSE,FALSE
ELEC,T-MOBILE PARK GRIFFEY,1518 1st Ave S,Seattle,WA,98134,888-758-4389,E,,Public,,1,,,ChargePoint Network,47.589593,-122.332945,2/1/2026,121549,2026-02-01 01:35:03 UTC,public,FALSE,FALSE
ELEC,"Walmart 2539 (Spokane Valley, WA)",15727 E Broadway Ave,Spokane Valley,WA,99037,833-632-2778,E,,Public,,,8,,Electrify America,47.66565,-117.19014,2/1/2026,121703,2026-02-01 04:42:32 UTC,public,FALSE,FALSE
ELEC,North Bend Premium Outlets,461 S. Fork Avenue,North Bend,WA,98045,833-632-2778,E,,Public,,,4,,Electrify America,47.49129,-121.79356,2/1/2026,121704,2026-02-01 04:39:52 UTC,public,FALSE,FALSE
ELEC,Walmart 2947 Vancouver,9000 NE HIGHWAY 99,Vancouver,WA,98665,833-632-2778,E,,Public,,,6,,Electrify America,45.68739,-122.66091,2/1/2026,121709,2026-02-01 04:39:12 UTC,public,FALSE,FALSE
ELEC,Naval Facilities Engineering Command - Naval Air Station Whidbey Island - B103,1115 W Lexington St,Oak Harbor,WA,98278,,E,,Private - Government only,,2,,,Non-Networked,48.343208,-122.674995,12/12/2025,122106,2025-12-12 22:54:41 UTC,private,,TRUE
ELEC,Naval Facilities Engineering Command - Bangor Trident Base - Building 1100,1035 Trident Blvd,Silverdale,WA,98315,,E,,Private - Government only,1,,,,Non-Networked,47.658,-122.712,12/12/2025,122107,2025-12-12 22:54:41 UTC,private,,TRUE
ELEC,Naval Facilities Engineering Command - Bangor Trident Base - Building 1100,1036 Trident Blvd,Silverdale,WA,98315,,E,,Private - Government only,,1,,,Non-Networked,47.658,-122.712,12/12/2025,122108,2025-12-12 22:54:41 UTC,private,,TRUE
ELEC,Naval Facilities Engineering Command - Bangor Trident Base - Building 1101,1037 Trident Blvd,Silverdale,WA,98315,,E,,Private - Government only,1,,,,Non-Networked,47.658,-122.712,12/12/2025,122109,2025-12-12 22:54:41 UTC,private,,TRUE
ELEC,Naval Facilities Engineering Command - Bangor Trident Base - Building 1101,1038 Trident Blvd,Silverdale,WA,98315,,E,,Private - Government only,,1,,,Non-Networked,47.658,-122.712,12/12/2025,122110,2025-12-12 22:54:41 UTC,private,,TRUE
ELEC,Naval Facilities Engineering Command - Bangor Trident Base - Building 7000,1039 Trident Blvd,Silverdale,WA,98315,,E,,Private - Government only,3,,,,Non-Networked,47.658,-122.712,12/12/2025,122111,2025-12-12 22:54:41 UTC,private,,TRUE
ELEC,Naval Facilities Engineering Command - Bangor Trident Base - Building T51 2,1040 Trident Blvd,Silverdale,WA,98315,,E,,Private - Government only,2,,,,Non-Networked,47.658,-122.712,12/12/2025,122112,2025-12-12 22:54:41 UTC,private,,TRUE
ELEC,Naval Facilities Engineering Command - Bangor Trident Base - Building T51 2,1041 Trident Blvd,Silverdale,WA,98315,,E,,Private - Government only,,2,,,Non-Networked,47.658,-122.712,12/12/2025,122113,2025-12-12 22:54:41 UTC,private,,TRUE
ELEC,Naval Facilities Engineering Command - Bangor Trident Base - T-75,1042 Trident Blvd,Silverdale,WA,98315,,E,,Private - Government only,1,,,,Non-Networked,47.658,-122.712,12/12/2025,122114,2025-12-12 22:54:41 UTC,private,,TRUE
ELEC,Naval Facilities Engineering Command - Bangor Trident Base - T-75,1043 Trident Blvd,Silverdale,WA,98315,,E,,Private - Government only,,1,,,Non-Networked,47.658,-122.712,12/12/2025,122115,2025-12-12 22:54:41 UTC,private,,TRUE
ELEC,Naval Facilities Engineering Command - Naval Base Kitsap - Building 427,120 S Dewey St,Silverdale,WA,98315,,E,,Private - Government only,3,1,,,Non-Networked,47.563229,-122.646326,12/12/2025,122116,2025-12-12 22:54:41 UTC,private,,TRUE
ELEC,Naval Facilities Engineering Command - Port Hadlock-Irondale - 151,Chimacum Rd,Port Hadlock,WA,98339,,E,,Private - Government only,1,1,,,Non-Networked,48.0553,-122.6957,12/12/2025,122124,2025-12-12 22:54:41 UTC,private,,TRUE
ELEC,"Naval Facilities Engineering Command - Naval Station Everett - B2134-1,2,3,4,5,6",2000 W Marine View Dr,Everett,WA,98207,,E,,Private - Government only,,12,,,Non-Networked,47.993164,-122.221138,1/13/2025,122125,2025-02-12 00:16:32 UTC,private,,FALSE
ELEC,"Naval Facilities Engineering Command - Naval Station Everett B2003-1,2",2000 W Marine View Dr,Everett,WA,98207,,E,,Private - Government only,,2,,,Non-Networked,47.992104,-122.214104,12/12/2025,122126,2025-12-12 22:54:41 UTC,private,,TRUE
ELEC,Naval Facilities Engineering Command - Naval Sea Systems Command,610 Dowell Rd,Keyport,WA,98345,,E,,Private - Government only,4,,,,Non-Networked,47.70251,-122.62316,12/12/2025,122127,2025-12-12 22:54:41 UTC,private,,TRUE
ELEC,Naval Facilities Engineering Command - Naval Sea Systems Command,611 Dowell Rd,Keyport,WA,98345,,E,,Private - Government only,20,,,,Non-Networked,47.70224,-122.624811,12/12/2025,122128,2025-12-12 22:54:41 UTC,private,,TRUE
ELEC,3rd Street Parking,17 N 3rd St,Yakima,WA,98901,509-575-5570,E,,Public,,2,,,Non-Networked,46.603762,-120.503347,7/3/2025,122190,2025-07-03 19:15:09 UTC,public,FALSE,FALSE
ELEC,SKAGITYMCA ONE,1901 Hoag Rd,Mount Vernon,WA,98273,888-758-4389,E,,Public,,2,,,ChargePoint Network,48.443205,-122.316279,2/1/2026,122217,2026-02-01 01:31:51 UTC,public,FALSE,FALSE
ELEC,Fred Meyer - Tesla Supercharger,18805 US-2,Monroe,WA,98272,877-798-3752,E,,Public,,,12,,Tesla,47.862572,-121.976585,7/1/2024,122266,2025-05-06 21:07:47 UTC,public,,FALSE
ELEC,Blue Mountain Station - Tesla Destination,700 Artisan Wy,Dayton,WA,99328,877-798-3752,E,,Public,,3,,,Tesla Destination,46.31017,-117.99763,7/1/2024,122580,2025-02-12 00:16:32 UTC,public,,FALSE
ELEC,Washington Athletic Club Garage - Tesla Destination,1325 6th Ave,Seattle,WA,98101,877-798-3752,E,,Public,,5,,,Tesla Destination,47.609629,-122.333133,7/1/2024,122581,2025-02-12 00:16:32 UTC,public,,FALSE
ELEC,Hotel Interurban - Tesla Destination,223 Andover Park E,Tukwila,WA,98188,877-798-3752,E,,Public,,4,,,Tesla Destination,47.457152,-122.251628,7/1/2024,122582,2025-02-12 00:16:32 UTC,public,,FALSE
ELEC,Patterson Cellars - Tesla Destination,19501 144th Ave NE Suite D500,Woodinville,WA,98072,877-798-3752,E,,Public,,2,,,Tesla Destination,47.769459,-122.151217,7/1/2024,122583,2025-02-12 00:16:32 UTC,public,,FALSE
ELEC,LINCOLN SQUARE LS NORTH DUAL 4,700 Bellevue Way,Bellevue,WA,98004,888-758-4389,E,,Public,,2,,,ChargePoint Network,47.617024,-122.201104,2/1/2026,122765,2026-02-01 01:37:22 UTC,public,FALSE,FALSE
ELEC,188 BLAINE ATRIUM4,1818 Fairview Ave East,Seattle,WA,98102,888-758-4389,E,,Public,,2,,,ChargePoint Network,47.635213,-122.325845,2/1/2026,122773,2026-02-01 01:34:58 UTC,public,FALSE,FALSE
ELEC,188 BLAINE ATRIUM3,1823 Eastlake Ave E,Seattle,WA,98102,888-758-4389,E,,Public,,2,,,ChargePoint Network,47.635119,-122.325866,2/1/2026,122774,2026-02-01 01:34:58 UTC,public,FALSE,FALSE
ELEC,BELLEVUE PLACE BELL PLACE #2,575 Bellevue Way NE,Bellevue,WA,98004,888-758-4389,E,,Public,,2,,,ChargePoint Network,47.618421,-122.20129,2/1/2026,122781,2026-02-01 01:37:30 UTC,public,FALSE,FALSE
ELEC,BELLEVUE SQUARE BELL SQ WEST #4,600 100th Ave NE,Bellevue,WA,98004,888-758-4389,E,,Public,,2,,,ChargePoint Network,47.615943,-122.205532,2/1/2026,122957,2026-02-01 01:37:46 UTC,public,FALSE,FALSE
ELEC,BELLEVUE SQUARE BELL SQ WEST #3,2086 Bellevue Square,Bellevue,WA,98004,888-758-4389,E,,Public,,2,,,ChargePoint Network,47.615991,-122.205533,2/1/2026,122993,2026-02-01 01:37:46 UTC,public,FALSE,FALSE
ELEC,"Walmart 2596 - Mount Vernon, WA",2301 Freeway Dr.,Mount Vernon,WA,98273,833-632-2778,E,,Public,,,4,,Electrify America,48.44239,-122.34421,2/1/2026,123004,2026-02-01 04:39:54 UTC,public,FALSE,FALSE
ELEC,Lake Quinault Lodge,345 S Shore Rd,Quinault,WA,98575,360-288-2900,E,,Public,,2,,,Non-Networked,47.465555,-123.850735,11/13/2025,123007,2025-11-13 20:02:17 UTC,public,TRUE,FALSE
ELEC,"Target T2290 - Renton, WA",1215 N Landing Way,Renton,WA,98057,833-632-2778,E,,Public,,1,3,,Electrify America,47.49721,-122.19924,2/1/2026,123050,2026-02-01 04:42:58 UTC,public,FALSE,FALSE
ELEC,Verizon - Bellevue,3245 158th Ave SE,Bellevue,WA,98008,,E,,Private,,5,,,Non-Networked,47.579872,-122.135431,12/12/2025,123331,2025-12-12 22:54:41 UTC,private,,TRUE
ELEC,"Target T0338 - Lynnwood, WA",18305 Alderwood Mall Pkwy,Lynnwood,WA,98037,833-632-2778,E,,Public,,,3,,Electrify America,47.83199,-122.26733,2/1/2026,123446,2026-02-01 04:39:26 UTC,public,FALSE,FALSE
ELEC,"Walmart 3531 - Lacey, WA",1401 Galaxy Dr. NE,Lacey,WA,98516,833-632-2778,E,,Public,,,6,,Electrify America,47.05966,-122.77201,2/1/2026,123479,2026-02-01 04:42:52 UTC,public,FALSE,FALSE
ELEC,VALLEY MED CTR NE GARAGE #4,3917 Talbot Rd S,Renton,WA,98055,888-758-4389,E,,Public,,2,,,ChargePoint Network,47.444636,-122.21277,2/1/2026,123545,2026-02-01 01:38:28 UTC,public,FALSE,FALSE
ELEC,VALLEY MED CTR NE GARAGE #2,3921 Talbot Rd S,Renton,WA,98055,888-758-4389,E,,Public,,2,,,ChargePoint Network,47.444881,-122.212781,2/1/2026,123546,2026-02-01 01:38:28 UTC,public,FALSE,FALSE
ELEC,"Walmart 5073 - Covington, WA",17432 SE 270th PL,Covington,WA,98042,833-632-2778,E,,Public,,1,3,,Electrify America,47.36029,-122.10773,2/1/2026,124057,2026-02-01 04:39:25 UTC,public,FALSE,FALSE
ELEC,Seattle Premium Outlets,10600 Quil Ceda Blvd.,Tulalip,WA,98271,833-632-2778,E,,Public,,,4,,Electrify America,48.09546,-122.1869,2/1/2026,124683,2026-02-01 04:39:19 UTC,public,FALSE,FALSE
ELEC,Three Rivers Mall,351 Three Rivers Dr.,Kelso,WA,98626,833-632-2778,E,,Public,,,4,,Electrify America,46.13988,-122.90126,2/1/2026,124684,2026-02-01 04:39:37 UTC,public,FALSE,FALSE
ELEC,"Walmart 4137 - Tacoma, WA",1965 S Union Ave.,Tacoma,WA,98405,833-632-2778,E,,Public,,1,3,,Electrify America,47.23947,-122.48025,2/1/2026,135872,2026-02-01 04:39:18 UTC,public,FALSE,FALSE
ELEC,"Walmart 2269 - Yakima, WA",1600 East Chestnut Ave.,Yakima,WA,98901,833-632-2778,E,,Public,,,4,,Electrify America,46.60252,-120.47924,2/1/2026,136697,2026-02-01 04:39:30 UTC,public,FALSE,FALSE
ELEC,LAKEVIEW L&P 1 LLP 1,11509 Bridgeport Way SW,Lakewood,WA,98499,888-758-4389,E,,Public,,2,,,ChargePoint Network,47.153199,-122.504023,2/1/2026,143416,2026-02-01 01:39:23 UTC,public,FALSE,FALSE
ELEC,VIDA APARTMENTS VIDA 1,1205 NE 66th ST,Seattle,WA,98115,888-758-4389,E,,Public,,2,,,ChargePoint Network,47.678055,-122.314119,2/1/2026,143575,2026-02-01 01:35:53 UTC,public,FALSE,FALSE
ELEC,COLLEGE HALL MUSIC HALL,302 E Boone Ave,Spokane,WA,99202,888-758-4389,E,,Public,,2,,,ChargePoint Network,47.668051,-117.4063,2/1/2026,143885,2026-02-01 01:22:26 UTC,public,FALSE,FALSE
ELEC,Avista - Gonzaga School of Law DCFC,721 N. Cincinnati St.,Spokane,WA,99202,888-356-8911,E,,Public,,,2,,FLO,47.66355,-117.39822,2/1/2026,143939,2026-02-01 05:18:41 UTC,public,FALSE,FALSE
ELEC,"Walmart 3053 - Everett, WA",1605 SE Everett Mall Way,Everett,WA,98208,833-632-2778,E,,Public,,,10,,Electrify America,47.91349,-122.21331,2/1/2026,143970,2026-02-01 04:39:45 UTC,public,FALSE,FALSE
ELEC,Cow Creek Mercantile,1611 Smittys Blvd.,Ritzville,WA,99169,833-632-2778,E,,Public,,,4,,Electrify America,47.11948,-118.36271,2/1/2026,143971,2026-02-01 04:43:09 UTC,public,FALSE,FALSE
ELEC,"Walmart 5462 - Vancouver, WA",430 SE 192nd Ave.,Vancouver,WA,98683,833-632-2778,E,,Public,,1,3,,Electrify America,45.61776,-122.47814,2/1/2026,144090,2026-02-01 04:39:40 UTC,public,FALSE,FALSE
ELEC,"Target T1331 - Lake Stevens, WA",9601 Market Place,Lake Stevens,WA,98258,833-632-2778,E,,Public,,1,3,,Electrify America,47.99823,-122.10064,2/1/2026,145684,2026-02-01 04:39:34 UTC,public,FALSE,FALSE
ELEC,Simon Northgate Mall,401 NE Northgate Way,Seattle,WA,98125,833-632-2778,E,,Public,,1,3,,Electrify America,47.70846,-122.32489,2/1/2026,146948,2026-02-01 04:39:25 UTC,public,FALSE,FALSE
ELEC,"Target T0627 - Tukwila, WA",301 Strander Blvd.,Tukwila,WA,98188,833-632-2778,E,,Public,,,5,,Electrify America,47.45571,-122.25738,2/1/2026,147131,2026-02-01 04:43:00 UTC,public,FALSE,FALSE
ELEC,"Target T0996 - Issaquah, WA",755 NW Gillman Blvd.,Issaquah,WA,98027,833-632-2778,E,,Public,,1,3,,Electrify America,47.54187,-122.05203,2/1/2026,147227,2026-02-01 04:43:13 UTC,public,FALSE,FALSE
ELEC,UDR CHARGER 4,958 111th Ave NE,Bellevue,WA,98004,888-758-4389,E,,Public,,2,,,ChargePoint Network,47.618696,-122.191787,2/1/2026,147301,2026-02-01 01:46:37 UTC,public,FALSE,FALSE
ELEC,KW RADIUS RADIUS 1,400 Boren Ave N,Seattle,WA,98109,888-758-4389,E,,Public,,2,,,ChargePoint Network,47.622575,-122.335481,2/1/2026,147397,2026-02-01 01:46:00 UTC,public,FALSE,FALSE
ELEC,Ridgewood Corporate Square Building F,150 120th Ave NE,Bellevue,WA,98005,888-998-2546,E,,Public,,2,,,Blink Network,47.611815,-122.178134,2/1/2026,147519,2026-02-01 00:14:17 UTC,public,FALSE,FALSE
ELEC,Ridgewood Corporate Square Building C,330 120th Ave NE,Bellevue,WA,98005,888-998-2546,E,,Public,,4,,,Blink Network,47.612834,-122.178704,2/1/2026,147537,2026-02-01 00:39:44 UTC,public,FALSE,FALSE
ELEC,Bella Tess Apartments,17016 E Indiana Pkwy.,Spokane Valley,WA,99016,866-816-7584,E,,Public,,2,,,EV Connect,47.670893,-117.176698,2/1/2026,147574,2026-02-01 04:52:39 UTC,public,FALSE,FALSE
ELEC,Wingate By Wyndham Spokane,2726 S Flint Rd,Spokane,WA,99224,866-816-7584,T,1/28/2026,TEMPORARILY UNAVAILABLE (Public),,2,,,EV Connect,47.629619,-117.535903,2/1/2026,147575,2026-02-01 04:52:40 UTC,public,FALSE,FALSE
ELEC,"Walmart 5628 - Monroe, WA",19191 N Kelsey Street,Monroe,WA,98272,833-632-2778,E,,Public,,1,3,,Electrify America,47.86516,-121.97318,2/1/2026,147648,2026-02-01 04:39:28 UTC,public,FALSE,FALSE
ELEC,Island Hospital Behind M.O.B. Building,1211 24th Street,Anacortes,WA,98221,888-998-2546,E,,Public,,1,,,Blink Network,48.5006578,-122.6159562,2/1/2026,147675,2026-02-01 00:27:44 UTC,public,FALSE,FALSE
ELEC,Valley Supply - Woodinville,8310 Maltby Road,Woodinville,WA,98072,888-998-2546,E,,Public,,1,,,Blink Network,47.8045651,-122.1205486,2/1/2026,147685,2026-02-01 00:24:36 UTC,public,FALSE,FALSE
ELEC,Monte Villa,3830 Monte Villa Parkway,Bothell,WA,98021,888-998-2546,E,,Public,,2,,,Blink Network,47.776781,-122.181535,2/1/2026,147690,2026-02-01 00:24:37 UTC,public,FALSE,FALSE
ELEC,Public Safety #3,205 5th Avenue North,Edmonds,WA,98020,888-998-2546,E,,Public,,1,,,Blink Network,47.8124532,-122.3758246,2/1/2026,147692,2026-02-01 00:15:24 UTC,public,FALSE,FALSE
ELEC,City Park #1,600 3rd Avenue South,Edmonds,WA,98020,888-998-2546,E,,Public,,1,,,Blink Network,47.8051107,-122.3813841,2/1/2026,147698,2026-02-01 00:15:24 UTC,public,FALSE,FALSE
ELEC,Whitman College,147 South Park Street,Walla Walla,WA,99362,888-998-2546,E,,Public,,2,,,Blink Network,46.0705799,-118.3306351,2/1/2026,147706,2026-02-01 00:10:11 UTC,public,FALSE,FALSE
ELEC,Swedish Medical Center Issaquah Campus,751 N.E. Blakely Drive,Issaquah,WA,98027,888-998-2546,E,,Public,,3,,,Blink Network,47.536237,-122.0220539,2/1/2026,147717,2026-02-01 00:23:14 UTC,public,FALSE,FALSE
ELEC,Everest / Starvue,425 106th Avenue Northeast,Bellevue,WA,98004,888-998-2546,E,,Public,,6,,,Blink Network,47.6141795,-122.199362,2/1/2026,147719,2026-02-01 00:12:02 UTC,public,FALSE,FALSE
ELEC,531614 Sunset Corporate Campus,13810 Southeast Eastgate Way,Bellevue,WA,98005,888-998-2546,E,,Public,,6,,,Blink Network,47.5806355,-122.1564536,2/1/2026,147724,2026-02-01 00:11:41 UTC,public,FALSE,FALSE
ELEC,The Commons at Ballard,"5621 22nd Avenue, NW",Seattle,WA,98107,888-998-2546,E,,Public,,4,,,Blink Network,47.6699634,-122.3847489,2/1/2026,147727,2026-02-01 00:30:39 UTC,public,FALSE,FALSE
ELEC,Amelia/UrbanSea LLC.,501 Fairview Avenue North,Seattle,WA,98109,888-998-2546,E,,Public,,6,,,Blink Network,47.6233435,-122.334684,2/1/2026,147734,2026-02-01 00:08:53 UTC,public,FALSE,FALSE
ELEC,Troy Block,300 Boren Avenue North,Seattle,WA,98109,888-998-2546,E,,Public,,8,,,Blink Network,47.6211672,-122.3354501,2/1/2026,147737,2026-02-01 00:30:54 UTC,public,FALSE,FALSE
ELEC,Hill 7 Station,1099 Stewart Street,Seattle,WA,98101,888-998-2546,E,,Public,,7,,,Blink Network,47.6164918,-122.3324879,2/1/2026,147743,2026-02-01 00:08:44 UTC,public,FALSE,FALSE
ELEC,531628  2201 Westlake,2201 Westlake Avenue,Seattle,WA,98109,888-998-2546,E,,Public,,6,,,Blink Network,47.61809006,-122.33892,2/1/2026,147745,2026-02-01 00:10:28 UTC,public,FALSE,FALSE
ELEC,531622  818 Stewart Street Holdco LLC,818 Stewart Street,Seattle,WA,98101,888-998-2546,E,,Public,,6,,,Blink Network,47.6156458,-122.3350555,2/1/2026,147746,2026-02-01 00:10:29 UTC,public,FALSE,FALSE
ELEC,818 Stewart Street Holdco LLC,818 Stewart Street,Seattle,WA,98101,888-998-2546,E,,Public,,4,,,Blink Network,47.6156458,-122.3350555,2/1/2026,147747,2026-02-01 00:10:30 UTC,public,FALSE,FALSE
ELEC,531604  600 Broadway,600 Broadway,Seattle,WA,98122,888-998-2546,E,,Public,,6,,,Blink Network,47.6078691,-122.3196562,2/1/2026,147750,2026-02-01 00:08:52 UTC,public,FALSE,FALSE
ELEC,1201 Third,1201 Third Avenue,Seattle,WA,98101,888-998-2546,E,,Public,,4,,,Blink Network,47.6072826,-122.3360929,2/1/2026,147761,2026-02-01 00:30:56 UTC,public,FALSE,FALSE
ELEC,Pike Place Market,1901 Western Avenue,Seattle,WA,98101,888-998-2546,E,,Public,,7,,,Blink Network,47.6091582,-122.3418441,2/1/2026,147762,2026-02-01 00:30:54 UTC,public,FALSE,FALSE
ELEC,Second and Seneca Tower,1191 2nd Avenue,Seattle,WA,98101,888-998-2546,E,,Public,,4,,,Blink Network,47.6060061,-122.336716,2/1/2026,147765,2026-02-01 00:11:43 UTC,public,FALSE,FALSE
ELEC,Union Station Parking Garage (#USPG),550 4th Avenue South,Seattle,WA,98134,888-998-2546,E,,Public,,4,,,Blink Network,47.5975078,-122.328595,2/1/2026,147769,2026-02-01 00:16:42 UTC,public,FALSE,FALSE
ELEC,Slalom Hawk Tower,255 S. King Street,Seattle,WA,98104,888-998-2546,E,,Public,,8,,,Blink Network,47.5980919,-122.3309701,2/1/2026,147770,2026-02-01 00:13:30 UTC,public,FALSE,FALSE
ELEC,531610 Stadium Innovation Center,1531 Utah Avenue South,Seattle,WA,98134,888-998-2546,E,,Public,,6,,,Blink Network,47.5892477,-122.3358112,2/1/2026,147773,2026-02-01 00:08:46 UTC,public,FALSE,FALSE
ELEC,Four Lakes Apartments,6821 Udall Place Southeast,Auburn,WA,98092,888-998-2546,E,,Public,,2,,,Blink Network,47.24745539,-122.200549,2/1/2026,147790,2026-02-01 00:07:05 UTC,public,FALSE,FALSE
ELEC,Point Ruston - Main Street,5005 Main Street,Tacoma,WA,98407,888-998-2546,E,,Public,,2,,,Blink Network,47.29815874,-122.5034184,2/1/2026,147795,2026-02-01 00:23:03 UTC,public,FALSE,FALSE
ELEC,531617  Court C Parking Level - Charging Stations,1149 Market Street,Tacoma,WA,98402,888-998-2546,E,,Public,,4,,,Blink Network,47.2515929,-122.4407988,2/1/2026,147796,2026-02-01 00:11:42 UTC,public,FALSE,FALSE
ELEC,Steilacoom EV Station,207 Wilkes Street,Steilacoom,WA,98388,888-998-2546,E,,Public,,1,,,Blink Network,47.1727264,-122.5984377,2/1/2026,147808,2026-02-01 00:15:15 UTC,public,FALSE,FALSE
ELEC,DuPont Grocery Inc.,100 Barksdale Avenue,DuPont,WA,98327,888-998-2546,E,,Public,,2,,,Blink Network,47.093942,-122.6260623,2/1/2026,147809,2026-02-01 00:08:29 UTC,public,FALSE,FALSE
ELEC,Nisqually Red Wind Casino,12819 Yelm Hwy SE,Olympia,WA,98513,888-998-2546,T,11/28/2025,TEMPORARILY UNAVAILABLE (Public),,2,,,Blink Network,47.0002897,-122.6682861,2/1/2026,147813,2026-02-01 00:27:44 UTC,public,FALSE,FALSE
ELEC,Adrift Hotel,409 Sid Snyder Dr.,Long Beach,WA,98631,888-998-2546,E,,Public,,6,,,Blink Network,46.3455914,-124.060608,2/1/2026,147832,2026-02-01 00:27:55 UTC,public,FALSE,FALSE
ELEC,BSD501 SEHOME HIGH #1,2700 Bill McDonald Pkwy,Bellingham,WA,98225,888-758-4389,E,,Public,,2,,,ChargePoint Network,48.727512,-122.48124,2/1/2026,149119,2026-02-01 01:46:09 UTC,public,FALSE,FALSE
ELEC,TRANS SERVICES DANA WEST,305 NE Spokane Street,Pullman,WA,99163,888-758-4389,E,,Public,,2,,,ChargePoint Network,46.730066,-117.169086,2/1/2026,149208,2026-02-01 01:47:30 UTC,public,FALSE,FALSE
ELEC,"Fred Meyer 457 - Bothell, WA",21045 Bothell Everett Hwy.,Bothell,WA,98021,833-632-2778,E,,Public,,1,3,,Electrify America,47.80832,-122.20678,2/1/2026,149281,2026-02-01 04:39:30 UTC,public,FALSE,FALSE
ELEC,Union Square - Tesla Supercharger,601 Union Street,Seattle,WA,98101,877-798-3752,E,,Public,,,10,,Tesla,47.610024,-122.332078,7/1/2024,149358,2025-05-06 21:07:47 UTC,public,,FALSE
ELEC,Yakima Garage,910 N Yakima Ave,Tacoma,WA,98403,888-998-2546,E,,Public,,4,,,Blink Network,47.2662577,-122.4617665,2/1/2026,149439,2026-02-01 00:15:13 UTC,public,FALSE,FALSE
ELEC,Hilton Garden Inn Bellevue,10777 Northeast 10th Street,Bellevue,WA,98004,888-998-2546,E,,Public,,3,,,Blink Network,47.6188924,-122.1969419,2/1/2026,149501,2026-02-01 00:18:25 UTC,public,FALSE,FALSE
ELEC,CITY LIGHT SOUTH SERVICE 1,409 South Spokane Street,Seattle,WA,98134,888-758-4389,E,,Public,,,1,,ChargePoint Network,47.57121,-122.328762,2/1/2026,149609,2026-02-01 03:54:55 UTC,public,FALSE,FALSE
ELEC,DUAL EV STATION 5,2520 NE University Village St,Seattle,WA,98105,888-758-4389,E,,Public,,2,,,ChargePoint Network,47.663902,-122.300245,2/1/2026,149757,2026-02-01 01:48:01 UTC,public,FALSE,FALSE
ELEC,Ridgeline Dr - Kennewick WA,10799 Ridgeline Dr.,Kennewick,WA,99338,855-900-7584,T,12/13/2025,TEMPORARILY UNAVAILABLE (Public),,,1,,SHELL_RECHARGE,46.195469,-119.265621,2/1/2026,149893,2026-02-01 04:36:04 UTC,public,FALSE,FALSE
ELEC,The Outlet Collection - Tesla Supercharger,1101 Outlet Collection Way,Auburn,WA,98001,877-798-3752,E,,Public,,,12,,Tesla,47.29799,-122.248532,7/1/2024,150184,2025-05-06 21:07:47 UTC,public,,FALSE
ELEC,TA Petro - Tesla Supercharger,46600 SE North Bend Way,North Bend,WA,98045,877-798-3752,E,,Public,,,8,,Tesla,47.468033,-121.716442,7/1/2024,150235,2025-05-06 21:07:47 UTC,public,,FALSE
ELEC,THURSTON COUNTY COURTHOUSE 1,County Courthouse,Olympia,WA,98502,888-758-4389,E,,Public,,2,,,ChargePoint Network,47.028924,-122.913101,2/1/2026,150293,2026-02-01 01:49:11 UTC,public,FALSE,FALSE
ELEC,CCB CCB 1,500 108th Ave NE,Bellevue,WA,98004,888-758-4389,E,,Public,,2,,,ChargePoint Network,47.61479,-122.195543,2/1/2026,150466,2026-02-01 01:49:15 UTC,public,FALSE,FALSE
ELEC,"Windermere, Camano Island - Tesla Destination",818 N Sunrise Blvd,Camano,WA,98282,877-798-3752,E,,Public,,4,,,Non-Networked,48.240744,-122.455384,7/1/2024,150547,2025-02-12 00:16:32 UTC,public,,FALSE
ELEC,"Seattle, WA - Union Street (Wall Connector) - Tesla Destination",601 Union St,Seattle,WA,98101,877-798-3752,E,,Public,,10,,,Tesla Destination,47.610142,-122.331887,7/1/2024,150555,2025-02-12 00:16:32 UTC,public,,FALSE
ELEC,Freehand Cellars - Tesla Destination,420 Windy Point Dr,Wapato,WA,98951,877-798-3752,E,,Public,,1,,,Tesla Destination,46.495156,-120.420633,7/1/2024,150557,2025-02-12 00:16:32 UTC,public,,FALSE
ELEC,Doubleback Winery - Tesla Destination,3853 Powerline Rd,Walla Walla,WA,99362,877-798-3752,E,,Public,,1,,,Tesla Destination,46.014123,-118.310165,7/1/2024,150664,2025-02-12 00:16:32 UTC,public,,FALSE
ELEC,Majestic Inn & Spa - Tesla Destination,419 Commercial Ave,Anacortes,WA,98221,877-798-3752,E,,Public,,2,,,Tesla Destination,48.51854,-122.61215,7/1/2024,150675,2025-02-12 00:16:32 UTC,public,,FALSE
ELEC,Whitman College - Tesla Destination,345 Boyer Ave,Walla Walla,WA,99362,877-798-3752,E,,Public,,1,,,Tesla Destination,46.06843,-118.330297,7/1/2024,150681,2025-02-12 00:16:32 UTC,public,,FALSE
ELEC,A Room With a View - Tesla Destination,28 Roland Ct,Walla Walla,WA,99362,877-798-3752,E,,Public,,1,,,Tesla Destination,46.022244,-118.410638,7/1/2024,150709,2025-02-12 00:16:32 UTC,public,,FALSE
ELEC,TA Petro - Tesla Supercharger,10506 West Aero Road,Spokane,WA,99224,877-798-3752,E,,Public,,,8,,Tesla,47.591,-117.56193,7/1/2024,151949,2025-05-06 21:07:47 UTC,public,,FALSE
ELEC,Emerson Apartments,11010 NE 124th Lane,Kirkland,WA,98034,888-998-2546,E,,Public,,1,,,Blink Network,47.711826,-122.194719,2/1/2026,152095,2026-02-01 00:17:21 UTC,public,FALSE,FALSE
ELEC,VASHON TWAY THRIFTWAY #1,9740 SW Bank Rd,Vashon,WA,98070,888-758-4389,E,,Public,,2,,,ChargePoint Network,47.448013,-122.45897,2/1/2026,152273,2026-02-01 01:50:03 UTC,public,FALSE,FALSE
ELEC,Highland Village Apartments,14526 NE 7th Place,Bellevue,WA,98007,888-998-2546,E,,Public,,2,,,Blink Network,47.616737,-122.146188,2/1/2026,152374,2026-02-01 00:36:34 UTC,public,FALSE,FALSE
ELEC,Forks Community Hospital,390 Founders Way,Forks,WA,98331,888-998-2546,E,,Public,,2,,,Blink Network,47.94656729,-124.3944043,2/1/2026,152454,2026-02-01 00:45:43 UTC,public,FALSE,FALSE
ELEC,Lep Re Kon Harvest Foods - Tesla Supercharger,2709 West Broadway Avenue,Moses Lake,WA,98837,877-798-3752,E,,Public,,,12,,Tesla,47.103514,-119.310208,7/1/2024,152629,2025-02-12 00:16:32 UTC,public,,FALSE
ELEC,Port of Seattle - Shilshole Bay Marina North Lot,"7001 Seaview Ave, NW #100",Seattle,WA,98117,888-998-2546,E,,Public,,4,,,Blink Network,47.68080494,-122.4048611,2/1/2026,152996,2026-02-01 00:45:45 UTC,public,FALSE,FALSE
ELEC,EVERETT YMCA EVERETT YMCA #3,4730 Colby Ave,Everett,WA,98203,888-758-4389,E,,Public,,2,,,ChargePoint Network,47.954737,-122.208024,2/1/2026,153061,2026-02-01 01:47:56 UTC,public,FALSE,FALSE
ELEC,META_REDMOND 60 ACRES,11601 Willows Rd NE,Redmond,WA,98052,888-758-4389,E,,Public,,2,,,ChargePoint Network,47.704831,-122.154418,2/1/2026,153224,2026-02-01 01:51:25 UTC,public,FALSE,FALSE
ELEC,Birch Bay Square - Tesla Supercharger,8115 Birch Bay Square,Blaine,WA,98230,877-798-3752,E,,Public,,,14,,Tesla,48.937845,-122.667679,7/1/2024,153456,2025-05-06 21:07:47 UTC,public,,FALSE
ELEC,CAPITAL GATEWAY STATION 7,505 14th Ave SE,Olympia,WA,98501,888-758-4389,E,,Public,,1,,,ChargePoint Network,47.035837,-122.894963,2/1/2026,153586,2026-02-01 01:52:26 UTC,public,FALSE,FALSE
ELEC,Hampton Inn and Suites,1531 Kelly Place,Walla Walla,WA,99362,888-998-2546,T,11/8/2025,TEMPORARILY UNAVAILABLE (Public),,2,,,Blink Network,46.0459904,-118.3568298,2/1/2026,153928,2026-02-01 00:47:17 UTC,public,FALSE,FALSE
ELEC,BELLEVUE X-ROADS PARK 2,999 164th Ave NE,Bellevue,WA,98008,888-758-4389,E,,Public,,2,,,ChargePoint Network,47.618278,-122.122649,2/1/2026,154096,2026-02-01 01:52:51 UTC,public,FALSE,FALSE
ELEC,PORT OF OLYMPIA EAST,700 Capitol Way N,Olympia,WA,98501,888-758-4389,E,,Public,,2,,,ChargePoint Network,47.050914,-122.902502,2/1/2026,154184,2026-02-01 01:52:49 UTC,public,FALSE,FALSE
ELEC,CAPITAL GATEWAY STATION 5,505 14th Ave SE,Olympia,WA,98501,888-758-4389,E,,Public,,1,,,ChargePoint Network,47.035839,-122.895096,2/1/2026,154307,2026-02-01 01:52:26 UTC,public,FALSE,FALSE
ELEC,Pilot Travel Center - Tesla Supercharger,2430 93rd Avenue Southwest,Tumwater,WA,98512,877-798-3752,E,,Public,,,8,,Tesla,46.952938,-122.935249,7/1/2024,154791,2025-05-06 21:07:47 UTC,public,,FALSE
ELEC,Vancouver Mall - Tesla Supercharger,8700 NE Vancouver Mall Drive,Vancouver,WA,98662,877-798-3752,E,,Public,,,8,,Tesla,45.659583,-122.583536,7/1/2024,154794,2025-05-06 21:07:47 UTC,public,,FALSE
ELEC,Office Park,2404 Heritage Court SW,Olympia,WA,98502,888-998-2546,E,,Public,,2,,,Blink Network,47.02759,-122.920589,2/1/2026,155129,2026-02-01 00:30:02 UTC,public,FALSE,FALSE
ELEC,Dew Drop Inn - Tesla Supercharger,100 Fern Hill Road,Forks,WA,98331,877-798-3752,E,,Public,,,8,,Tesla,47.942921,-124.385236,7/1/2024,155169,2025-02-12 00:16:32 UTC,public,,FALSE
ELEC,"BOA 5-119 Kent, WA","311 4th. Ave. N. Kent, Washington 98032",Kent,WA,98032,833-632-2778,E,,Public,,1,3,,Electrify America,47.3833,-122.23618,2/1/2026,155325,2026-02-01 04:43:02 UTC,public,FALSE,FALSE
ELEC,531611  Amazon Phase VI - Bigness,515 Westlake Avenue North,Seattle,WA,98109,888-998-2546,E,,Public,,10,,,Blink Network,47.6241877,-122.3386584,2/1/2026,155333,2026-02-01 00:47:28 UTC,public,FALSE,FALSE
ELEC,Bigness,515 Westlake Avenue North,Seattle,WA,98109,888-998-2546,E,,Public,,9,,,Blink Network,47.6241877,-122.3386584,2/1/2026,155334,2026-02-01 00:47:29 UTC,public,FALSE,FALSE
ELEC,531618  Sidneysea LLC - Brazil,400 9th Avenue North,Seattle,WA,98109,888-998-2546,E,,Public,,4,,,Blink Network,47.6228746,-122.3394194,2/1/2026,155335,2026-02-01 00:47:28 UTC,public,FALSE,FALSE
ELEC,Apollo Eight LLC,325 9th Ave N,Seattle,WA,98104,888-998-2546,E,,Public,,3,,,Blink Network,47.6039634,-122.3241159,2/1/2026,155338,2026-02-01 00:47:28 UTC,public,FALSE,FALSE
ELEC,STCU Airway Heights,10811 W ST RT 2 HWY,Airway Heights,WA,99001,866-816-7584,E,,Public,,2,,,EV Connect,47.642531,-117.561399,2/1/2026,155375,2026-02-01 04:52:39 UTC,public,FALSE,FALSE
ELEC,Sunwest Automotive Engine Inc,210 S Broad St,Medical Lake,WA,99022,866-816-7584,E,,Public,,2,,,EV Connect,47.571612,-117.681838,2/1/2026,155376,2026-02-01 04:52:40 UTC,public,FALSE,FALSE
ELEC,CON PL PA WASHBAY,2125 1st Ave,Seattle,WA,98121,888-758-4389,E,,Public,,2,,,ChargePoint Network,47.6122,-122.345117,2/1/2026,155465,2026-02-01 01:51:42 UTC,public,FALSE,FALSE
ELEC,BELLEVUE X-ROADS CC,16000 NE 10th St,Bellevue,WA,98008,888-758-4389,E,,Public,,2,,,ChargePoint Network,47.619103,-122.127103,2/1/2026,155534,2026-02-01 01:52:52 UTC,public,FALSE,FALSE
ELEC,BELLEVUE X-ROADS PARK 1,999 164th Ave NE,Bellevue,WA,98008,888-758-4389,E,,Public,,2,,,ChargePoint Network,47.618255,-122.122606,2/1/2026,155535,2026-02-01 01:52:50 UTC,public,FALSE,FALSE
ELEC,Best Western - Wesley Inn & Suites,6575 Kimball Dr,Gig Harbor,WA,98335,253-858-9690,E,,Public,,1,,,Non-Networked,47.318046,-122.584772,11/13/2025,158634,2025-11-13 20:02:17 UTC,public,TRUE,FALSE
ELEC,Kitsap Transit - Harborside Parking Garage,100 Washinton Ave,Bremerton,WA,98337,360-377-2877,E,,Public,,4,,,Non-Networked,47.563883,-122.624526,12/12/2025,158635,2025-12-12 22:54:41 UTC,public,FALSE,FALSE
ELEC,Panera Bread - Tesla Supercharger,207 Three Rivers Drive,Kelso,WA,98626,877-798-3752,E,,Public,,,12,,Tesla,46.143261,-122.898533,7/1/2024,158651,2025-05-06 21:07:47 UTC,public,,FALSE
ELEC,ATRIUM GARAGE ATRIUM GARAGE,110 110th Ave NE,Bellevue,WA,98004,888-758-4389,E,,Public,,2,,,ChargePoint Network,47.611456,-122.193235,2/1/2026,162808,2026-02-01 01:01:46 UTC,public,FALSE,FALSE
ELEC,BELLEFIELD MADRONA 1,1300 114th Ave SE,Bellevue,WA,98004,888-758-4389,E,,Public,,2,,,ChargePoint Network,47.599757,-122.187281,2/1/2026,162810,2026-02-01 01:01:41 UTC,public,FALSE,FALSE
ELEC,SWD STATION  1 NORTH CITY #1,1519 NE 177th St,Shoreline,WA,98155,888-758-4389,E,,Public,,2,,,ChargePoint Network,47.756896,-122.312344,2/1/2026,162814,2026-02-01 01:01:24 UTC,public,FALSE,FALSE
ELEC,"Cafaro VANCOUVER PLAZA (Vancouver, WA)",7809 NE Vancouver Plaza Dr,Vancouver,WA,98663,833-632-2778,E,,Public,,,4,,Electrify America,45.64994,-122.59332,2/1/2026,163338,2026-02-01 04:39:38 UTC,public,FALSE,FALSE
ELEC,MOTORPOOL PRO ARTS 1,208 11th Ave SE,Olympia,WA,98501,888-758-4389,E,,Public,,2,,,ChargePoint Network,47.038242,-122.899229,2/1/2026,163684,2026-02-01 01:57:50 UTC,public,FALSE,FALSE
ELEC,CIBO POINT WHITE DR,4569 Point White Dr. NE,Bainbridge Island,WA,98110,888-758-4389,E,,Public,,2,,,ChargePoint Network,47.605226,-122.548468,2/1/2026,163737,2026-02-01 01:55:11 UTC,public,FALSE,FALSE
ELEC,Mead Chevron,3812 E Highland Rd,Mead,WA,99021,866-816-7584,E,,Public,,2,,,EV Connect,47.786952,-117.353857,2/1/2026,163972,2026-02-01 04:52:39 UTC,public,FALSE,FALSE
ELEC,Wenatchee Convention Center,121 N Wenatchee Ave,Wenatchee,WA,98801,509-662-4411,E,,Public - Credit card at all times,,2,,,Non-Networked,47.427475,-120.312078,11/13/2025,163990,2025-11-13 20:02:17 UTC,public,FALSE,FALSE
ELEC,Confluence Health - Stanley Building,730 N Emerson Ave,Wenatchee,WA,98801,509-663-8711,E,,Public - Credit card at all times,,2,,,Non-Networked,47.431945,-120.323007,8/10/2022,163991,2025-11-13 20:52:56 UTC,public,FALSE,FALSE
ELEC,Confluence Health - Mares Building,820 N Chelan Ave,Wenatchee,WA,98801,509-663-8711,E,,Public - Credit card at all times,,2,,,Non-Networked,47.432978,-120.322963,12/12/2025,163992,2025-12-12 22:54:41 UTC,public,FALSE,FALSE
ELEC,Confluence Health - Central Washington Hospital,933 Red Apple Rd,Wenatchee,WA,98801,509-663-8711,E,,Public - Credit card at all times,,2,,,Non-Networked,47.406469,-120.322576,8/10/2022,163993,2025-11-13 20:52:56 UTC,public,FALSE,FALSE
ELEC,Confluence Health - Central Washington Hospital Parking Garage,1201 S Miller St,Wenatchee,WA,98801,509-663-8711,E,,Public - Credit card at all times,,12,,,Non-Networked,47.407649,-120.323973,8/10/2022,163994,2025-11-13 20:52:56 UTC,public,FALSE,FALSE
ELEC,BROADWAY BLDG STATION 1,1641 Nagle Pl,Seattle,WA,98122,888-758-4389,E,,Public,,2,,,ChargePoint Network,47.616001,-122.32028,2/1/2026,164082,2026-02-01 01:59:12 UTC,public,FALSE,FALSE
ELEC,CAPRIO CELLARS STATION 1,1615 Whiteley Rd,Walla Walla,WA,99362,888-758-4389,E,,Public,,2,,,ChargePoint Network,46.011032,-118.36136,2/1/2026,164160,2026-02-01 01:46:51 UTC,public,FALSE,FALSE
ELEC,"Cafaro TARGET PLACE PLAZA (OLYMPIA, WA)",2925 Harrison Ave NW,Olympia,WA,98502,833-632-2778,E,,Public,,,4,,Electrify America,47.04545,-122.93618,2/1/2026,164163,2026-02-01 04:43:18 UTC,public,FALSE,FALSE
ELEC,Village at Beardslee Crossing - Tesla Supercharger,19128 112th Avenue NE,Bothell,WA,98011,877-798-3752,E,,Public,,,10,,Tesla,47.767687,-122.191482,7/1/2024,164168,2025-05-06 21:07:47 UTC,public,,FALSE
ELEC,Providence St. Mary Medical Center - Walla Walla,401 W Poplar St,Walla Walla,WA,99362,509-897-3320,E,,Public,,2,,,Non-Networked,46.062597,-118.34231,12/12/2025,164193,2025-12-12 22:54:41 UTC,public,FALSE,FALSE
ELEC,KOZ WEAVER WEAVER RD RIGHT,1925 Weaver Rd,Snohomish,WA,98290,888-758-4389,E,,Public,,2,,,ChargePoint Network,47.938312,-122.109156,2/1/2026,164277,2026-02-01 01:58:44 UTC,public,FALSE,FALSE
ELEC,600NINTH 600NINTH,600 9th Ave,Seattle,WA,98104,888-758-4389,E,,Public,,2,,,ChargePoint Network,47.605888,-122.324733,2/1/2026,164339,2026-02-01 01:59:43 UTC,public,FALSE,FALSE
ELEC,BELLINGHAM CITY NORTHWEST,3250 Northwest Ave,Bellingham,WA,98225,888-758-4389,E,,Public,,2,,,ChargePoint Network,48.775966,-122.497084,2/1/2026,164392,2026-02-01 01:58:23 UTC,public,FALSE,FALSE
ELEC,P-3000 Garage at Carillon Point,3000 Carillon Point,Kirkland,WA,98033,888-998-2546,E,,Public,,1,,,Blink Network,47.65753,-122.206519,2/1/2026,164476,2026-02-01 00:46:24 UTC,public,FALSE,FALSE
ELEC,P-2000 Garage at Carillon Point,2000 Carillon Point,Kirkland,WA,98033,888-998-2546,E,,Public,,2,,,Blink Network,47.65753,-122.206519,2/1/2026,164477,2026-02-01 00:46:23 UTC,public,FALSE,FALSE
ELEC,P-4000 Garage at Carillon Point,4000 Carillon Point,Kirkland,WA,98033,888-998-2546,E,,Public,,1,,,Blink Network,47.655327,-122.205254,2/1/2026,164479,2026-02-01 00:46:24 UTC,public,FALSE,FALSE
ELEC,CI&S COUNTRY INN #1,3100 S 192nd St,SeaTac,WA,98188,888-758-4389,E,,Public,,2,,,ChargePoint Network,47.431736,-122.29395,2/1/2026,164536,2026-02-01 01:56:42 UTC,public,FALSE,FALSE
ELEC,University of Washington - Husky Stadium,3800 Montlake Blvd NE,Seattle,WA,98195,206-221-3701,E,,Public,,2,,,Non-Networked,47.648934,-122.302389,8/10/2022,164565,2025-03-27 18:54:45 UTC,public,TRUE,FALSE
ELEC,University of Washington - Parking Area S1,3500 Columbia Rd,Seattle,WA,98195,206-221-3701,E,,Public,,1,,,Non-Networked,47.650072,-122.310852,8/10/2022,164566,2025-03-27 18:54:45 UTC,public,TRUE,FALSE
ELEC,University of Washington - Portage Bay Garage,3740 Brooklyn Ave NE,Seattle,WA,98105,206-221-3701,E,,Public,,4,,,Non-Networked,47.653047,-122.313915,8/10/2022,164567,2025-03-27 18:54:45 UTC,public,TRUE,FALSE
ELEC,University of Washington - Central Plaza Garage,4100 15th Ave NE,Seattle,WA,98105,206-221-3701,E,,Public,,5,,,Non-Networked,47.656832,-122.311626,8/10/2022,164568,2025-03-27 18:54:45 UTC,public,TRUE,FALSE
ELEC,University of Washington - Parking Area N2,4224 Memorial Way NE,Seattle,WA,98105,206-221-3701,E,,Public,,1,,,Non-Networked,47.658987,-122.309214,8/10/2022,164569,2025-03-27 18:54:45 UTC,public,TRUE,FALSE
ELEC,University of Washington - Parking Area N5,4324 Memorial Way NE,Seattle,WA,98105,206-221-3701,E,,Public,,1,,,Non-Networked,47.660311,-122.309086,1/10/2023,164570,2025-03-27 18:54:45 UTC,public,TRUE,FALSE
ELEC,University of Washington - Parking Area W46,4317 12th Ave NE,Seattle,WA,98105,206-221-3701,E,,Public,,2,,,Non-Networked,47.660696,-122.315595,8/10/2022,164571,2025-03-27 18:54:45 UTC,public,TRUE,FALSE
ELEC,InterCityTransit,2548 Hogum Bay Rd NE,Olympia,WA,98516,888-998-2546,E,,Public,,5,,,Blink Network,47.067908,-122.76289,2/1/2026,164740,2026-02-01 00:52:41 UTC,public,FALSE,FALSE
ELEC,VBG Seattle,901 Fifth Ave,Seattle,WA,98164,888-998-2546,E,,Public,,2,,,Blink Network,47.60578,-122.331858,2/1/2026,164762,2026-02-01 00:41:17 UTC,public,FALSE,FALSE
ELEC,CITY OF ZILLAH P&R NORTH,113 1st Ave,Zillah,WA,98953,888-758-4389,E,,Public,,2,,,ChargePoint Network,46.405066,-120.270721,2/1/2026,165113,2026-02-01 02:00:28 UTC,public,FALSE,FALSE
ELEC,Spokane City Credit Union,1930 N Monroe St,Spokane,WA,99205,509-325-7228,E,,Public,,1,,,Non-Networked,47.675571,-117.426269,1/13/2026,165136,2026-01-13 01:16:14 UTC,public,FALSE,FALSE
ELEC,"BELLEVUECOLLEGE BC SSC,U BLDG2","U Building, Parking lot 4",Bellevue,WA,98007,888-758-4389,E,,Public,,2,,,ChargePoint Network,47.583725,-122.145792,2/1/2026,165178,2026-02-01 01:59:45 UTC,public,FALSE,FALSE
ELEC,"BELLEVUECOLLEGE BC SSC,U BLDG1","U Building, Parking lot 4",Bellevue,WA,98007,888-758-4389,E,,Public,,2,,,ChargePoint Network,47.583738,-122.145777,2/1/2026,165179,2026-02-01 01:59:45 UTC,public,FALSE,FALSE
ELEC,KGIP BELL SOUTH STATION 6,316 116th Ave NE,Bellevue,WA,98114,888-758-4389,E,,Public,,2,,,ChargePoint Network,47.612677,-122.185136,2/1/2026,165275,2026-02-01 01:57:37 UTC,public,FALSE,FALSE
ELEC,KGIP BELL SOUTH STATION 1,376 116th Ave NE,Bellevue,WA,98114,888-758-4389,E,,Public,,2,,,ChargePoint Network,47.612661,-122.185158,2/1/2026,165276,2026-02-01 01:57:35 UTC,public,FALSE,FALSE
ELEC,KC AIRPORT KC AIRPORT 2,7259 King County Airport Access Rd,Seattle,WA,98108,888-758-4389,E,,Public,,2,,,ChargePoint Network,47.536812,-122.303923,2/1/2026,165290,2026-02-01 01:59:42 UTC,public,FALSE,FALSE
ELEC,KING COUNTY DES KC FAUNTLEROY3,4829 SW Barton St,Seattle,WA,98136,888-758-4389,E,,Public,,1,,,ChargePoint Network,47.523218,-122.393376,2/1/2026,165338,2026-02-01 02:01:17 UTC,public,FALSE,FALSE
ELEC,KING COUNTY DES KC FAUNTLEROY2,4829 SW Barton St,Seattle,WA,98136,888-758-4389,E,,Public,,2,,,ChargePoint Network,47.523056,-122.395735,2/1/2026,165339,2026-02-01 02:01:16 UTC,public,FALSE,FALSE
ELEC,SOUND TRANSIT TUKWILA 2,7301 Longacres Way,Tukwila,WA,98188,888-758-4389,E,,Public,,2,,,ChargePoint Network,47.460194,-122.240749,2/1/2026,165509,2026-02-01 02:01:22 UTC,public,FALSE,FALSE
ELEC,KING COUNTY DES SK P&R 4,10610 NE 38th PL,Kirkland,WA,98033,888-758-4389,E,,Public,,2,,,ChargePoint Network,47.643471,-122.196569,2/1/2026,165563,2026-02-01 02:01:33 UTC,public,FALSE,FALSE
ELEC,KING COUNTY DES SK P&R 1,10610 NE 38th PL,Kirkland,WA,98033,888-758-4389,E,,Public,,2,,,ChargePoint Network,47.643584,-122.195913,2/1/2026,165564,2026-02-01 02:01:32 UTC,public,FALSE,FALSE
ELEC,"Walmart 5195 - Everett, WA",11400 Hwy. 99,Everett,WA,98204,833-632-2778,E,,Public,,1,3,,Electrify America,47.8935,-122.256,2/1/2026,165647,2026-02-01 04:39:17 UTC,public,FALSE,FALSE
ELEC,Icicle Village Resort - Tesla Destination,505 Hwy 2,Leavenworth,WA,98826,877-798-3752,E,,Public,,1,,,Tesla Destination,47.589123,-120.672887,7/1/2024,165748,2025-02-12 00:16:32 UTC,public,,FALSE
ELEC,Icicle Village Resort,505 Highway 2,Leavenworth,WA,98826,800-961-0162,E,,Public,,1,,,Non-Networked,47.588981,-120.67331,8/10/2022,165749,2025-10-24 16:13:41 UTC,public,TRUE,FALSE
ELEC,Holiday Inn Express - Ellensburg,1620 Canyon Rd,Ellensburg,WA,98926,509-962-9400,E,,Public,,1,,,Non-Networked,46.976691,-120.541869,11/6/2024,165762,2025-02-12 00:16:32 UTC,public,TRUE,FALSE
ELEC,Obertal Inn,922 Commercial St,Leavenworth,WA,98826,509-548-5204,E,,Public,,1,,,Non-Networked,47.595741,-120.659917,8/12/2025,165765,2025-08-12 16:52:28 UTC,public,TRUE,FALSE
ELEC,Wilkommen Park & Ride,116 River Bend Dr,Leavenworth,WA,98826,509-548-5807,E,,Public,,1,,,Non-Networked,47.597602,-120.644466,11/6/2024,165766,2025-02-12 00:16:32 UTC,public,FALSE,FALSE
ELEC,Hampton Inn & Suites - Leavenworth,301 Ward Strasse,Leavenworth,WA,98826,509-470-9798,E,,Public,,1,,,Non-Networked,47.595939,-120.64403,11/6/2024,165767,2025-02-12 00:16:32 UTC,public,TRUE,FALSE
ELEC,Broadway Apartments - 1st Floor,3214 Broadway,Everett,WA,98201,888-998-2546,E,,Public,,6,,,Blink Network,47.9749,-122.2014,2/1/2026,165841,2026-02-01 00:54:33 UTC,public,FALSE,FALSE
ELEC,KING COUNTY DES ISSAQUAH P&R 6,1755 Highlands Dr NE,Issaquah,WA,98029,888-758-4389,E,,Public,,2,,,ChargePoint Network,47.545719,-122.015713,2/1/2026,166205,2026-02-01 02:01:56 UTC,public,FALSE,FALSE
ELEC,KING COUNTY DES ISSAQUAH P&R 5,1755 Highlands Dr NE,Issaquah,WA,98029,888-758-4389,E,,Public,,2,,,ChargePoint Network,47.545785,-122.018499,2/1/2026,166206,2026-02-01 02:01:56 UTC,public,FALSE,FALSE
ELEC,INSIGNIA 953 150 151N,583 Battery St,Seattle,WA,98164,888-758-4389,E,,Public,,2,,,ChargePoint Network,47.606202,-122.33208,2/1/2026,166923,2026-02-01 01:12:26 UTC,public,FALSE,FALSE
ELEC,INSIGNIA 953 144 145N,583 Battery St,Seattle,WA,98104,888-758-4389,E,,Public,,2,,,ChargePoint Network,47.606184,-122.332135,2/1/2026,166924,2026-02-01 01:12:19 UTC,public,FALSE,FALSE
ELEC,"The Hub at Lacey Office Space: 676 Woodland Square Loop SE, Lacey",676 Woodland Square Loop SE,Lacey,WA,98503,866-816-7584,E,,Public,,4,2,,EV Connect,47.041828,-122.825276,2/1/2026,166926,2026-02-01 04:57:20 UTC,public,FALSE,FALSE
ELEC,Tellus on Dexter Apartments,403 Dexter Ave N.,Seattle,WA,98109,888-998-2546,E,,Public,,4,,,Blink Network,47.622505,-122.34279,2/1/2026,167221,2026-02-01 00:11:00 UTC,public,FALSE,FALSE
ELEC,Audi Tri-Cities,1125 Aaron Dr,Richland,WA,99352,888-998-2546,E,,Public,,2,,,Blink Network,46.259655,-119.282117,2/1/2026,167222,2026-02-01 00:54:33 UTC,public,FALSE,FALSE
ELEC,KGIP BELL SOUTH STATION 2,316 116th Ave NE,Bellevue,WA,98004,888-758-4389,E,,Public,,2,,,ChargePoint Network,47.612419,-122.184446,2/1/2026,167379,2026-02-01 01:57:34 UTC,public,FALSE,FALSE
ELEC,1500 Orchard Street Apartments,1502 S Orchard Street,Tacoma,WA,98405,888-998-2546,E,,Public,,2,,,Blink Network,47.2469268,-122.5062726,2/1/2026,167404,2026-02-01 00:50:25 UTC,public,FALSE,FALSE
ELEC,CITY LIGHT WEST SEATTLE 1,4535 39th Avenue Southwest,Seattle,WA,98116,888-758-4389,E,,Public,,,1,,ChargePoint Network,47.562261,-122.381633,2/1/2026,167474,2026-02-01 03:55:29 UTC,public,FALSE,FALSE
ELEC,WOODIN CREEK WOODIN CREEK 2,13550 Village Square Dr.,Woodinville,WA,98072,888-758-4389,E,,Public,,2,,,ChargePoint Network,47.752026,-122.157877,2/1/2026,167520,2026-02-01 02:04:27 UTC,public,FALSE,FALSE
ELEC,"Target T0995 - Redmond, WA",NE 76th St.,Redmond,WA,98052,833-632-2778,E,,Public,,1,3,,Electrify America,47.67179,-122.10457,2/1/2026,167562,2026-02-01 04:41:01 UTC,public,FALSE,FALSE
ELEC,4DEGREES STATION 1,1309 W. First Avenue,Spokane,WA,99216,888-758-4389,E,,Public,,2,,,ChargePoint Network,47.65593,-117.43163,2/1/2026,167887,2026-02-01 01:51:16 UTC,public,FALSE,FALSE
ELEC,"Fred Meyer 667 (Bellingham, WA)",1225 W Bakerview Rd,Bellingham,WA,98226,833-632-2778,E,,Public,,,4,,Electrify America,48.78928,-122.5123,2/1/2026,168088,2026-02-01 04:40:57 UTC,public,FALSE,FALSE
ELEC,Stay Pineapple,155 108th Ave NE,Bellevue,WA,98004,888-998-2546,E,,Public,,2,,,Blink Network,47.61176,-122.19734,2/1/2026,168122,2026-02-01 00:11:00 UTC,public,FALSE,FALSE
ELEC,Kitsap Transit - Wheaton Way Transit Center,3915 Wheaton Way,Bremerton,WA,98310,855-885-9571,E,,Public,,2,,,OpConnect,47.600278,-122.630556,2/1/2026,168187,2026-02-01 04:47:57 UTC,public,FALSE,FALSE
ELEC,TAC ES TRTC ADMIN CP02,3510 S Mullen St SWM Admin Bldg,Tacoma,WA,98409,888-758-4389,E,,Public,,2,,,ChargePoint Network,47.227967,-122.499375,2/1/2026,168266,2026-02-01 01:46:41 UTC,public,FALSE,FALSE
ELEC,TAC PW PARKING CONV CTR CP 01,"1500 Commerce St Parking Garage, Parcel 20150",Tacoma,WA,98402,888-758-4389,E,,Public,,2,,,ChargePoint Network,47.24716,-122.440056,2/1/2026,168268,2026-02-01 01:26:06 UTC,public,FALSE,FALSE
ELEC,TAC ES CUW SE CP04,"303 East D St SE Pkg Lot, Center for Urban Wa",Tacoma,WA,98421,888-758-4389,E,,Public,,2,,,ChargePoint Network,47.25953,-122.4337,2/1/2026,168269,2026-02-01 01:01:30 UTC,public,FALSE,FALSE
ELEC,Target - Tesla Supercharger,665 Sleater Kinney Road SE,Lacey,WA,98503,877-798-3752,E,,Public,,,12,,Tesla,47.042158,-122.833946,7/1/2024,168277,2025-05-06 21:07:47 UTC,public,,FALSE
ELEC,Pioneer Crossing,712 Shaw Rd,Puyallup,WA,98372,866-816-7584,E,,Public,,2,,,EV Connect,47.184725,-122.257002,2/1/2026,168437,2026-02-01 04:52:55 UTC,public,FALSE,FALSE
ELEC,TAC PW PARKING CONV CTR CP 03,1548 Commerce St,Tacoma,WA,98402,888-758-4389,E,,Public,,2,,,ChargePoint Network,47.247578,-122.4388,2/1/2026,168479,2026-02-01 01:25:46 UTC,public,FALSE,FALSE
ELEC,SS Central Park,559 South 4th Street,Sunnyside,WA,98944,888-998-2546,E,,Public,,4,,,Blink Network,46.3227794,-120.015553,2/1/2026,168514,2026-02-01 00:50:31 UTC,public,FALSE,FALSE
ELEC,Archer Hotel at Redmond Town Center - Tesla Destination,7200 164th Ave NE,Redmond,WA,98052,877-798-3752,E,,Public,,3,,,Tesla Destination,47.680455,-122.121769,7/1/2024,168584,2025-02-12 00:16:32 UTC,public,,FALSE
ELEC,Equinix SE4 - Tesla Destination,6906 S 204th St,Kent,WA,98032,877-798-3752,E,,Private,,6,,,Tesla Destination,47.420627,-122.247527,7/1/2024,168761,2025-02-12 00:16:32 UTC,private,,FALSE
ELEC,Gift Tree - Tesla Destination,1800 W Fourth Plain Blvd #120b,Vancouver,WA,98660,877-798-3752,E,,Private,,4,,,Tesla Destination,45.641288,-122.689898,7/1/2024,168796,2025-02-12 00:16:32 UTC,private,,FALSE
ELEC,La Quinta Inn & Suites Walla Walla - Tesla Destination,776 Silverstone Dr,Walla Walla,WA,99362,877-798-3752,E,,Public,,4,,,Tesla Destination,46.067886,-118.370851,7/1/2024,168916,2025-02-12 00:16:32 UTC,public,,FALSE
ELEC,Montgomery East Commercial Center - Tesla Destination,11616 E Montgomery Dr,Spokane Valley,WA,99206,877-798-3752,E,,Public,,2,,,Tesla Destination,47.677124,-117.249314,7/1/2024,168973,2025-02-12 00:16:32 UTC,public,,FALSE
ELEC,Paine Field Airport - Tesla Destination,3220 100th St SW,Everett,WA,98204,877-798-3752,E,,Public,,2,,,Tesla Destination,47.907484,-122.262013,7/1/2024,169005,2025-02-12 00:16:32 UTC,public,,FALSE
ELEC,Ram Mounts - Tesla Destination,8410 Dallas Ave S,Seattle,WA,98108,877-798-3752,E,,Private,,2,,,Tesla Destination,47.528157,-122.317101,7/1/2024,169058,2025-02-12 00:16:32 UTC,private,,FALSE
ELEC,Seattle Seahawks Practice Facility - Tesla Destination,12 Seahawks Wy,Renton,WA,98056,877-798-3752,E,,Private,,8,,,Tesla Destination,47.535647,-122.197403,7/1/2024,169095,2025-02-12 00:16:32 UTC,private,,FALSE
ELEC,The Ridge Motorsports Park - Tesla Destination,1060 W. Eells Hill Rd,Shelton,WA,98584,877-798-3752,E,,Public,,3,,,Tesla Destination,47.254252,-123.197171,7/1/2024,169190,2025-02-12 00:16:32 UTC,public,,FALSE
ELEC,ILANI 1A-2 SINGLE,1 Cowlitz way,Ridgefield,WA,98642,888-758-4389,E,,Public,,1,,,ChargePoint Network,45.853035,-122.70889,2/1/2026,169292,2026-02-01 02:05:49 UTC,public,FALSE,FALSE
ELEC,Homewood Suites by Hilton - Lynnwood Seattle Everett,18123 Alderwood Mall Pkwy,Lynnwood,WA,98037,425-670-8943,E,,Public,,1,,,Non-Networked,47.833778,-122.268338,11/6/2024,169547,2025-02-12 00:16:32 UTC,public,TRUE,FALSE
ELEC,2+U - Tesla Supercharger,1201 Second Avenue,Seattle,WA,98101,877-798-3752,E,,Public,,,4,,Tesla,47.606601,-122.337495,7/1/2024,170078,2025-05-06 21:07:47 UTC,public,,FALSE
ELEC,"Cafaro SOUTH HILL MALL (PUYALLUP, WA)",3700 S. MERIDIAN,PUYALLUP,WA,98373,833-632-2778,E,,Public,,,4,,Electrify America,47.15598,-122.29757,2/1/2026,170297,2026-02-01 04:43:18 UTC,public,FALSE,FALSE
ELEC,"Woodinville WA4-151 (Woodinville, WA)",14003 NE Woodinville Duvall Rd,Woodinville,WA,98072,833-632-2778,E,,Public,,,4,,Electrify America,47.75414,-122.15115,2/1/2026,170316,2026-02-01 04:42:46 UTC,public,FALSE,FALSE
ELEC,Taco Bell Ellensburg,1406 Canyon Road,Ellensburg,WA,98926,833-632-2778,E,,Public,,,4,,Electrify America,46.9789,-120.54343,2/1/2026,170358,2026-02-01 04:39:49 UTC,public,FALSE,FALSE
ELEC,RPI PORTEMONS 2005 POPLAR 2,2005 NW Poplar Way,Issaquah,WA,98027,888-758-4389,E,,Public,,2,,,ChargePoint Network,47.550487,-122.068649,2/1/2026,170401,2026-02-01 02:04:31 UTC,public,FALSE,FALSE
ELEC,"Rainier Beach WA3-155 ( Seattle, WA)",9019 RAINIER AVE S,Seattle,WA,98118,833-632-2778,E,,Public,,,4,,Electrify America,47.52317,-122.27056,2/1/2026,170404,2026-02-01 04:39:29 UTC,public,FALSE,FALSE
ELEC,Ballard Blocks - Tesla Supercharger,1416 NW Ballard Way,Seattle,WA,98107,877-798-3752,E,,Public,,,8,,Tesla,47.662554,-122.37504,7/1/2024,170432,2025-05-06 21:07:47 UTC,public,,FALSE
ELEC,2+U,1201 Second Ave,Seattle,WA,98101,206-706-9600,E,,Public,,10,,,Non-Networked,47.606659,-122.337363,8/12/2025,170479,2025-08-12 16:52:28 UTC,public,FALSE,FALSE
ELEC,Shell Gas Station/BJ's - Tesla Supercharger,14579 US-97 Alt,Entiat,WA,98822,877-798-3752,E,,Public,,,8,,Tesla,47.684802,-120.206922,7/1/2024,170526,2025-05-06 21:07:47 UTC,public,,FALSE
ELEC,Roche Harbor Marina,160 Ruben Memorial Dr,Roche Harbor,WA,98250,800-586-3590,E,,Public,,4,,,Non-Networked,48.607282,-123.153777,12/12/2025,170580,2025-12-12 22:54:41 UTC,public,FALSE,FALSE
ELEC,Snug Harbor Resort,1997 Mitchell Bay Rd,Friday Harbor,WA,98250,360-378-4762,E,,Public,,1,,,Non-Networked,48.569915,-123.168265,11/13/2025,170581,2025-11-13 20:02:17 UTC,public,TRUE,FALSE
ELEC,Friday Harbor Airport,800 Franklin Rd,Friday Harbor,WA,98250,360-378-4724,E,,Public,,2,,,Non-Networked,48.524715,-123.026405,11/13/2025,170582,2025-11-13 20:02:17 UTC,public,FALSE,FALSE
ELEC,Burgermaster,2030 Freeway Dr,Mt. Vernon,WA,98273,360-899-4075,E,,Public,,1,,,Non-Networked,48.439781,-122.341794,11/13/2025,170583,2025-11-13 20:02:17 UTC,public,TRUE,FALSE
ELEC,Comfort Suites Burlington Near I-5,500 E George Hopper Rd,Burlington,WA,98233,360-255-5830,E,,Public,,3,,,Non-Networked,48.451871,-122.329766,7/3/2025,170584,2025-07-03 19:15:09 UTC,public,TRUE,FALSE
ELEC,Skagit Valley College,1800 N Laventure Rd,Mt. Vernon,WA,98273,360-416-7600,E,,Public,,4,,,Non-Networked,48.436733,-122.312699,9/14/2023,170585,2025-06-30 18:43:31 UTC,public,FALSE,FALSE
ELEC,Vision Plus,2520 James St,Bellingham,WA,98225,,E,,Private,,1,,,Non-Networked,48.763595,-122.464329,7/11/2023,170587,2025-06-26 15:51:25 UTC,private,,FALSE
ELEC,Bellingham International Airport,4255 Mitchell Way,Bellingham,WA,98226,360-671-5674,E,,Public,,4,,,Non-Networked,48.795524,-122.531874,7/3/2025,170588,2025-07-03 19:15:09 UTC,public,TRUE,FALSE
ELEC,Caboose Park - Dayton,120 N. 1st Street,Dayton,WA,99328,888-356-8911,E,,Public,,1,1,,FLO,46.320388,-117.980536,2/1/2026,170911,2026-02-01 05:18:48 UTC,public,FALSE,FALSE
ELEC,Pend Oreille PUD,130 North Washington Avenue,Newport,WA,99156,888-998-2546,E,,Public,,2,,,Blink Network,48.1817654,-117.043496,2/1/2026,171183,2026-02-01 00:50:21 UTC,public,FALSE,FALSE
ELEC,BARKLEY VILLAGE CORNERSTONE 1,Cornerstone Ln,Bellingham,WA,98226,888-758-4389,E,,Public,,2,,,ChargePoint Network,48.772296,-122.443265,2/1/2026,171199,2026-02-01 01:27:53 UTC,public,FALSE,FALSE
ELEC,CITY LIGHT TUKWILA 1,13050 Interurban Ave S,Tukwila,WA,98168,888-758-4389,E,,Public,,,1,,ChargePoint Network,47.485044,-122.272604,2/1/2026,171349,2026-02-01 03:53:02 UTC,public,FALSE,FALSE
ELEC,WILLOWS LODGE WILLOWS #1,14580 NE 145th St,Woodinville,WA,98072,888-758-4389,E,,Public,,2,,,ChargePoint Network,47.734159,-122.147041,2/1/2026,171505,2026-02-01 01:32:02 UTC,public,FALSE,FALSE
ELEC,BELLEVUE SBCC #1,14509 SE Newport Way,Bellevue,WA,98006,888-758-4389,E,,Public,,2,,,ChargePoint Network,47.568883,-122.145303,2/1/2026,171512,2026-02-01 01:52:45 UTC,public,FALSE,FALSE
ELEC,PUBLIC CHARGING ANGLE LAKE #1,2702 S 200th St,SeaTac,WA,98188,888-758-4389,E,,Public,,1,,,ChargePoint Network,47.423345,-122.298724,2/1/2026,171570,2026-02-01 01:11:24 UTC,public,FALSE,FALSE
ELEC,KEY CENTER KEY CENTER 5,601 108th Ave NE,Bellevue,WA,98004,888-758-4389,E,,Public,,2,,,ChargePoint Network,47.6161,-122.19692,2/1/2026,171659,2026-02-01 01:50:46 UTC,public,FALSE,FALSE
ELEC,KEY CENTER KEY CENTER 4,601 108th Ave NE,Bellevue,WA,98004,888-758-4389,E,,Public,,2,,,ChargePoint Network,47.616143,-122.19689,2/1/2026,171660,2026-02-01 01:50:46 UTC,public,FALSE,FALSE
ELEC,KEY CENTER STATION 3,601 108th Ave NE,Bellevue,WA,98004,888-758-4389,E,,Public,,2,,,ChargePoint Network,47.616057,-122.196775,2/1/2026,171661,2026-02-01 01:28:26 UTC,public,FALSE,FALSE
ELEC,KEY CENTER STATION 2,601 108th Ave NE,Bellevue,WA,98004,888-758-4389,E,,Public,,2,,,ChargePoint Network,47.616072,-122.196829,2/1/2026,171662,2026-02-01 01:28:26 UTC,public,FALSE,FALSE
ELEC,KEY CENTER STATION 1,601 108th Ave NE,Bellevue,WA,98004,888-758-4389,E,,Public,,2,,,ChargePoint Network,47.616101,-122.196893,2/1/2026,171663,2026-02-01 01:27:38 UTC,public,FALSE,FALSE
ELEC,KRC SKYLINE SKYLINE #2,10900 NE 4th St,Bellevue,WA,98004,888-758-4389,E,,Public,,2,,,ChargePoint Network,47.614334,-122.19401,2/1/2026,171665,2026-02-01 01:40:36 UTC,public,FALSE,FALSE
ELEC,KRC SKYLINE SKYLINE #3,10900 NE 4th St,Bellevue,WA,98004,888-758-4389,E,,Public,,2,,,ChargePoint Network,47.614305,-122.194097,2/1/2026,171666,2026-02-01 01:40:35 UTC,public,FALSE,FALSE
ELEC,SKAGIT STATION SS2,105 E Kincaid St,Mount Vernon,WA,98273,888-758-4389,E,,Public,,1,,,ChargePoint Network,48.417923,-122.334809,2/1/2026,171723,2026-02-01 01:19:10 UTC,public,FALSE,FALSE
ELEC,UWB CASCADIA CC SOUTH LEVEL 3 E,18140 Campus Way NE,Bothell,WA,98011,888-758-4389,E,,Public,,2,,,ChargePoint Network,47.75772,-122.190801,2/1/2026,171751,2026-02-01 01:02:32 UTC,public,FALSE,FALSE
ELEC,NISSAN-EVERETT DC STATION 2,10500 Evergreen Way,Everett,WA,98204,888-758-4389,E,,Public,,,1,,ChargePoint Network,47.902753,-122.246867,2/1/2026,171755,2026-02-01 02:04:37 UTC,public,FALSE,FALSE
ELEC,SAFECO PLAZA SAFECO PLAZA #2,1001 4th Ave Safeco Plaza,Seattle,WA,98154,888-758-4389,E,,Public,,2,,,ChargePoint Network,47.606218,-122.333842,2/1/2026,171758,2026-02-01 01:13:20 UTC,public,FALSE,FALSE
ELEC,UDR TEN20 #2,1020 108th Ave NE,Bellevue,WA,98004,888-758-4389,E,,Public,,2,,,ChargePoint Network,47.619855,-122.195919,2/1/2026,171795,2026-02-01 01:04:04 UTC,public,FALSE,FALSE
ELEC,VALLEY MED CTR MAIN LOT #7,4109-4251 Talbot Rd S,Renton,WA,98055,888-758-4389,E,,Public,,2,,,ChargePoint Network,47.443161,-122.212511,2/1/2026,171804,2026-02-01 01:01:45 UTC,public,FALSE,FALSE
ELEC,TAC ES CUW CP01 HQ #7,326 East D street,Tacoma,WA,98421,888-758-4389,E,,Public,,2,,,ChargePoint Network,47.260034,-122.434402,2/1/2026,171809,2026-02-01 01:30:25 UTC,public,FALSE,FALSE
ELEC,VALLEY MED CTR MAIN LOT #6,400 S 43rd St,Renton,WA,98055,888-758-4389,E,,Public,,2,,,ChargePoint Network,47.443215,-122.212479,2/1/2026,171879,2026-02-01 01:02:21 UTC,public,FALSE,FALSE
ELEC,HAMPTON INN NORTH FRONT,11505 NE 2nd Pl,Bellevue,WA,98004,888-758-4389,E,,Public,,2,,,ChargePoint Network,47.612051,-122.186391,2/1/2026,171930,2026-02-01 01:08:55 UTC,public,FALSE,FALSE
ELEC,VISITOR GARAGE WALL UNIT,1201 Pacific Ave,Tacoma,WA,98402,888-758-4389,E,,Public,,1,,,ChargePoint Network,47.252059,-122.437484,2/1/2026,172050,2026-02-01 01:08:51 UTC,public,FALSE,FALSE
ELEC,BELLEVUE DOWNTOWN PARK 1,10201 NE 4th St,Bellevue,WA,98004,888-758-4389,E,,Public,,2,,,ChargePoint Network,47.613224,-122.206542,2/1/2026,172053,2026-02-01 01:19:53 UTC,public,FALSE,FALSE
ELEC,400 DEXTER AVE 400 DEXTER #2,400 Dexter Ave N,Seattle,WA,98109,888-758-4389,E,,Public,,2,,,ChargePoint Network,47.622329,-122.342153,2/1/2026,172061,2026-02-01 01:13:13 UTC,public,FALSE,FALSE
ELEC,VM CHARGERS VIRGINIA MASON3,1012 Terry Ave,Seattle,WA,98101,888-758-4389,E,,Public,,1,,,ChargePoint Network,47.609553,-122.326337,2/1/2026,172108,2026-02-01 01:09:53 UTC,public,FALSE,FALSE
ELEC,VM CHARGERS VIRGINIA MASON1,1012 Terry Ave,Seattle,WA,98101,888-758-4389,T,1/13/2026,TEMPORARILY UNAVAILABLE (Public),,1,,,ChargePoint Network,47.609501,-122.326457,2/1/2026,172109,2026-02-01 01:09:53 UTC,public,FALSE,FALSE
ELEC,BELLINGHAM CITY COMMERCIAL ST 1,1300 Commercial St,Bellingham,WA,98225,888-758-4389,E,,Public,,2,,,ChargePoint Network,48.750815,-122.47958,2/1/2026,172343,2026-02-01 01:13:50 UTC,public,FALSE,FALSE
ELEC,MADISON GARAGE MADISON GARAGE1,1229 Madison St,Seattle,WA,98104,888-758-4389,E,,Public,,2,,,ChargePoint Network,47.61008,-122.322151,2/1/2026,172401,2026-02-01 01:11:00 UTC,public,FALSE,FALSE
ELEC,INSIGNIA 953 97 98,588 Bell St,Seattle,WA,98121,888-758-4389,E,,Public,,2,,,ChargePoint Network,47.616729,-122.342786,2/1/2026,172407,2026-02-01 01:10:14 UTC,public,FALSE,FALSE
ELEC,INSIGNIA 953 214 215,588 Bell St,Seattle,WA,98121,888-758-4389,E,,Public,,2,,,ChargePoint Network,47.616629,-122.342611,2/1/2026,172408,2026-02-01 01:10:13 UTC,public,FALSE,FALSE
ELEC,INSIGNIA 953 136 137,588 Bell St,Seattle,WA,98121,888-758-4389,E,,Public,,2,,,ChargePoint Network,47.616703,-122.342746,2/1/2026,172409,2026-02-01 01:10:13 UTC,public,FALSE,FALSE
ELEC,INSIGNIA 953 95 96,588 Bell St,Seattle,WA,98121,888-758-4389,E,,Public,,2,,,ChargePoint Network,47.616701,-122.342813,2/1/2026,172411,2026-02-01 01:10:02 UTC,public,FALSE,FALSE
ELEC,INSIGNIA 953 134 135,588 Bell St,Seattle,WA,98121,888-758-4389,E,,Public,,2,,,ChargePoint Network,47.616676,-122.342772,2/1/2026,172412,2026-02-01 01:10:02 UTC,public,FALSE,FALSE
ELEC,INSIGNIA 953 180 181,588 Bell St,Seattle,WA,98121,888-758-4389,E,,Public,,2,,,ChargePoint Network,47.616608,-122.342771,2/1/2026,172413,2026-02-01 01:10:02 UTC,public,FALSE,FALSE
ELEC,INSIGNIA 953 174 175,588 Bell St,Seattle,WA,98121,888-758-4389,E,,Public,,2,,,ChargePoint Network,47.616642,-122.34273,2/1/2026,172414,2026-02-01 01:10:01 UTC,public,FALSE,FALSE
ELEC,INSIGNIA 953 142 143,588 Bell St,Seattle,WA,98121,888-758-4389,E,,Public,,2,,,ChargePoint Network,47.616646,-122.3428,2/1/2026,172415,2026-02-01 01:10:01 UTC,public,FALSE,FALSE
ELEC,INSIGNIA 953 178 179,588 Bell St,Seattle,WA,98121,888-758-4389,E,,Public,,2,,,ChargePoint Network,47.61659,-122.342801,2/1/2026,172416,2026-02-01 01:10:01 UTC,public,FALSE,FALSE
ELEC,INSIGNIA 953 212 213,588 Bell St,Seattle,WA,98121,888-758-4389,E,,Public,,2,,,ChargePoint Network,47.616588,-122.342651,2/1/2026,172417,2026-02-01 01:10:00 UTC,public,FALSE,FALSE
ELEC,INSIGNIA 953 218 219,588 Bell St,Seattle,WA,98121,888-758-4389,E,,Public,,2,,,ChargePoint Network,47.616537,-122.342701,2/1/2026,172418,2026-02-01 01:09:59 UTC,public,FALSE,FALSE
ELEC,INSIGNIA 953 140 141,588 Bell St,Seattle,WA,98121,888-758-4389,E,,Public,,2,,,ChargePoint Network,47.616616,-122.342831,2/1/2026,172419,2026-02-01 01:09:59 UTC,public,FALSE,FALSE
ELEC,INSIGNIA 953 103 104,588 Bell St,Seattle,WA,98121,888-758-4389,E,,Public,,2,,,ChargePoint Network,47.616679,-122.342837,2/1/2026,172420,2026-02-01 01:09:58 UTC,public,FALSE,FALSE
ELEC,INSIGNIA 953 101 102,588 Bell St,Seattle,WA,98121,888-758-4389,E,,Public,,2,,,ChargePoint Network,47.616655,-122.34286,2/1/2026,172421,2026-02-01 01:09:57 UTC,public,FALSE,FALSE
ELEC,KING COUNTY DES ISSAQUAH P&R 1,1755 Highlands Dr NE,Issaquah,WA,98027,888-758-4389,E,,Public,,2,,,ChargePoint Network,47.545335,-122.019501,2/1/2026,172426,2026-02-01 02:01:15 UTC,public,FALSE,FALSE
ELEC,BELLEVUE SQUARE BELL SQ NORTH 2,Bellevue Square - North Building104th Ave NE,Bellevue,WA,98004,888-758-4389,E,,Public,,2,,,ChargePoint Network,47.616939,-122.203004,2/1/2026,172561,2026-02-01 01:21:40 UTC,public,FALSE,FALSE
ELEC,BELLEVUE SQUARE BELL SQ NORTH 3,Bellevue Square - North Building104th Ave NE,Bellevue,WA,98004,888-758-4389,E,,Public,,2,,,ChargePoint Network,47.616865,-122.202993,2/1/2026,172562,2026-02-01 01:21:40 UTC,public,FALSE,FALSE
ELEC,BELLEVUE SQUARE BELL SQ NORTH 4,Bellevue Square - North Building104th Ave NE,Bellevue,WA,98004,888-758-4389,E,,Public,,2,,,ChargePoint Network,47.61677,-122.203004,2/1/2026,172563,2026-02-01 01:21:40 UTC,public,FALSE,FALSE
ELEC,LINC SQUARE EXP LSS P6 1,410 Bellevue Way NE,Bellevue,WA,98004,888-758-4389,E,,Public,,2,,,ChargePoint Network,47.614098,-122.200748,2/1/2026,172572,2026-02-01 01:25:53 UTC,public,FALSE,FALSE
ELEC,LINC SQUARE EXP LSS P2 111-112,410 Bellevue Way NE,Bellevue,WA,98004,888-758-4389,E,,Public,,2,,,ChargePoint Network,47.614394,-122.200531,2/1/2026,172573,2026-02-01 01:23:36 UTC,public,FALSE,FALSE
ELEC,LINC SQUARE EXP LSS P2 104-105,410 Bellevue Way NE,Bellevue,WA,98004,888-758-4389,E,,Public,,2,,,ChargePoint Network,47.614456,-122.200654,2/1/2026,172574,2026-02-01 01:22:54 UTC,public,FALSE,FALSE
ELEC,LINC SQUARE EXP LSE P2 #1,410 Bellevue Way NE,Bellevue,WA,98004,888-758-4389,E,,Public,,2,,,ChargePoint Network,47.614157,-122.20117,2/1/2026,172575,2026-02-01 01:13:51 UTC,public,FALSE,FALSE
ELEC,PUBLIC CHARGING ANGLE LAKE #3,2702 S 200th St,SeaTac,WA,98198,888-758-4389,E,,Public,,1,,,ChargePoint Network,47.423292,-122.298719,2/1/2026,172633,2026-02-01 01:11:29 UTC,public,FALSE,FALSE
ELEC,KING COUNTY DES KSC STATION #6,201 S Jackson St,Seattle,WA,98104,888-758-4389,E,,Public,,1,,,ChargePoint Network,47.598754,-122.331002,2/1/2026,172658,2026-02-01 01:16:55 UTC,public,FALSE,FALSE
ELEC,KING COUNTY DES KSC STATION #7,201 S Jackson St,Seattle,WA,98104,888-758-4389,E,,Public,,1,,,ChargePoint Network,47.598758,-122.330972,2/1/2026,172659,2026-02-01 01:16:55 UTC,public,FALSE,FALSE
ELEC,KING COUNTY DES KSC STATION #3,201 S Jackson St,Seattle,WA,98104,888-758-4389,E,,Public,,1,,,ChargePoint Network,47.59856,-122.330929,2/1/2026,172660,2026-02-01 01:16:55 UTC,public,FALSE,FALSE
ELEC,KING COUNTY DES KSC STATION #2,201 S Jackson St,Seattle,WA,98104,888-758-4389,E,,Public,,1,,,ChargePoint Network,47.59855,-122.331009,2/1/2026,172661,2026-02-01 01:16:55 UTC,public,FALSE,FALSE
ELEC,KING COUNTY DES KSC STATION #4,201 S Jackson St,Seattle,WA,98104,888-758-4389,E,,Public,,1,,,ChargePoint Network,47.598665,-122.330941,2/1/2026,172662,2026-02-01 01:16:54 UTC,public,FALSE,FALSE
ELEC,DC CORRIDOR WALLYPARKDC2,18613 International Blvd,SeaTac,WA,98188,888-758-4389,E,,Public,,,1,,ChargePoint Network,47.43625,-122.296639,2/1/2026,172882,2026-02-01 01:16:40 UTC,public,FALSE,FALSE
ELEC,PARK77 PARK77 LEASING,20227 77th Ave NE,Arlington,WA,98223,888-758-4389,E,,Public,,2,,,ChargePoint Network,48.179818,-122.12624,2/1/2026,172887,2026-02-01 01:24:44 UTC,public,FALSE,FALSE
ELEC,SAMMAMISH CITY HALL LOT 1,801 228th Ave SE,Sammamish,WA,98075,888-758-4389,E,,Public,,2,,,ChargePoint Network,47.601564,-122.036305,2/1/2026,172912,2026-02-01 01:22:27 UTC,public,FALSE,FALSE
ELEC,SAMMAMISH CITY HALL LOT 2,801 228th Ave SE,Sammamish,WA,98075,888-758-4389,E,,Public,,2,,,ChargePoint Network,47.60161,-122.036303,2/1/2026,172914,2026-02-01 01:21:26 UTC,public,FALSE,FALSE
ELEC,UWB CASCADIA CC NORTH LEVEL 3 S,18500 Campus Way NE,Bothell,WA,98011,888-758-4389,T,1/27/2026,TEMPORARILY UNAVAILABLE (Public),,2,,,ChargePoint Network,47.761846,-122.191872,2/1/2026,172934,2026-02-01 01:21:30 UTC,public,FALSE,FALSE
ELEC,UWB CASCADIA CC SOUTH LEVEL 4 N,Campus Way NE,Bothell,WA,98011,888-758-4389,E,,Public,,2,,,ChargePoint Network,47.757748,-122.19073,2/1/2026,173267,2026-02-01 01:25:14 UTC,public,FALSE,FALSE
ELEC,LINC SQUARE EXP LSS P2 102-103,440 Bellevue Way NE,Bellevue,WA,98004,888-758-4389,E,,Public,,2,,,ChargePoint Network,47.614517,-122.200807,2/1/2026,173268,2026-02-01 01:22:35 UTC,public,FALSE,FALSE
ELEC,LINC SQUARE EXP LSS P2 96 97,424 104th Ave NE,Bellevue,WA,98004,888-758-4389,E,,Public,,2,,,ChargePoint Network,47.614302,-122.200871,2/1/2026,173269,2026-02-01 01:22:36 UTC,public,FALSE,FALSE
ELEC,LINC SQUARE EXP LSS P2 123-124,424 104th Ave NE,Bellevue,WA,98004,888-758-4389,E,,Public,,2,,,ChargePoint Network,47.614315,-122.201099,2/1/2026,173271,2026-02-01 01:22:35 UTC,public,FALSE,FALSE
ELEC,DC CORRIDOR SEAHAWK 12D,338 Weller St Bridge,Seattle,WA,98134,888-758-4389,E,,Public,,,1,,ChargePoint Network,47.597048,-122.330451,2/1/2026,173283,2026-02-01 01:16:40 UTC,public,FALSE,FALSE
ELEC,DC CORRIDOR SEAHAWK 12C,338 Weller St Bridge,Seattle,WA,98134,888-758-4389,E,,Public,,,1,,ChargePoint Network,47.597218,-122.330446,2/1/2026,173284,2026-02-01 01:16:39 UTC,public,FALSE,FALSE
ELEC,QBRC QBRC 2,78 SR 115,Ocean Shores,WA,98569,888-758-4389,E,,Public,,2,,,ChargePoint Network,47.042614,-124.170718,2/1/2026,173310,2026-02-01 01:24:58 UTC,public,FALSE,FALSE
ELEC,BLACKRIVER BLACKRIVER #2,620 Naches Ave SW,Renton,WA,98057,888-758-4389,E,,Public,,1,,,ChargePoint Network,47.474453,-122.233397,2/1/2026,173366,2026-02-01 01:30:02 UTC,public,FALSE,FALSE
ELEC,1101 WESTLAKE WESTLAKE 1,1101 Westlake Ave N,Seattle,WA,98109,888-758-4389,E,,Public,,2,,,ChargePoint Network,47.628886,-122.341407,2/1/2026,173451,2026-02-01 01:12:11 UTC,public,FALSE,FALSE
ELEC,UWMC SURGERY STATION 1,1959 NE Pacific St,Seattle,WA,98195,888-758-4389,E,,Public,,2,,,ChargePoint Network,47.64991,-122.307373,2/1/2026,173515,2026-02-01 01:30:48 UTC,public,FALSE,FALSE
ELEC,BMGF P1 STATION 1,500 5th Ave N,Seattle,WA,98109,888-758-4389,E,,Public,,2,,,ChargePoint Network,47.623464,-122.345818,2/1/2026,173516,2026-02-01 01:11:59 UTC,public,FALSE,FALSE
ELEC,ISD411 ADMIN CENTER 2,5150 220th Ave SE,Issaquah,WA,98029,888-758-4389,E,,Public,,2,,,ChargePoint Network,47.554889,-122.047456,2/1/2026,173539,2026-02-01 01:31:14 UTC,public,FALSE,FALSE
ELEC,INSIGNIA 953 190 191N,583 Battery St,Seattle,WA,98121,888-758-4389,E,,Public,,2,,,ChargePoint Network,47.616928,-122.343611,2/1/2026,173607,2026-02-01 01:12:13 UTC,public,FALSE,FALSE
ELEC,JLR BELLEVUE SHOP 01,13817 NE 20th St,Bellevue,WA,98005,888-758-4389,E,,Public,,1,,,ChargePoint Network,47.627472,-122.155871,2/1/2026,173871,2026-02-01 01:30:34 UTC,public,FALSE,FALSE
ELEC,PACIFIC LUTH U STATION 1,512 122nd St S,Tacoma,WA,98447,888-758-4389,E,,Public,,2,,,ChargePoint Network,47.145087,-122.438886,2/1/2026,173916,2026-02-01 01:35:29 UTC,public,FALSE,FALSE
ELEC,SIA ECO 2,W McFarlane Rd,Spokane,WA,99224,888-758-4389,E,,Public,,2,,,ChargePoint Network,47.630319,-117.538566,2/1/2026,173927,2026-02-01 01:31:14 UTC,public,FALSE,FALSE
ELEC,SIA ECO 1,W McFarlane Rd,Spokane,WA,99224,888-758-4389,E,,Public,,2,,,ChargePoint Network,47.630409,-117.538666,2/1/2026,173928,2026-02-01 01:31:14 UTC,public,FALSE,FALSE
ELEC,T-MOBILE PARK ICHIRO,1518 1st Ave S,Seattle,WA,98134,888-758-4389,E,,Public,,1,,,ChargePoint Network,47.589652,-122.332938,2/1/2026,173975,2026-02-01 01:35:03 UTC,public,FALSE,FALSE
ELEC,T-MOBILE PARK FELIX,1518 1st Ave S,Seattle,WA,98134,888-758-4389,E,,Public,,1,,,ChargePoint Network,47.589803,-122.332999,2/1/2026,173976,2026-02-01 01:35:03 UTC,public,FALSE,FALSE
ELEC,T-MOBILE PARK EDGAR,1518 1st Ave S,Seattle,WA,98134,888-758-4389,E,,Public,,1,,,ChargePoint Network,47.589701,-122.332937,2/1/2026,173977,2026-02-01 01:35:02 UTC,public,FALSE,FALSE
ELEC,SKAGITYMCA TWO,1901 Hoag Rd,Mount Vernon,WA,98273,888-758-4389,E,,Public,,2,,,ChargePoint Network,48.44309,-122.316904,2/1/2026,173994,2026-02-01 01:31:51 UTC,public,FALSE,FALSE
ELEC,SKAGITYMCA THREE,1901 Hoag Rd,Mount Vernon,WA,98273,888-758-4389,E,,Public,,2,,,ChargePoint Network,48.443125,-122.316511,2/1/2026,173995,2026-02-01 01:31:51 UTC,public,FALSE,FALSE
ELEC,LINCOLN SQUARE LS NORTH DUAL 3,700 Bellevue Way,Bellevue,WA,98004,888-758-4389,E,,Public,,2,,,ChargePoint Network,47.61705,-122.201056,2/1/2026,174037,2026-02-01 01:37:22 UTC,public,FALSE,FALSE
ELEC,LINCOLN SQUARE LS NORTH DUAL 2,700 Bellevue Way,Bellevue,WA,98004,888-758-4389,E,,Public,,2,,,ChargePoint Network,47.617081,-122.201091,2/1/2026,174038,2026-02-01 01:37:21 UTC,public,FALSE,FALSE
ELEC,LINCOLN SQUARE LS NORTH DUAL 1,700 Bellevue Way,Bellevue,WA,98004,888-758-4389,E,,Public,,2,,,ChargePoint Network,47.617038,-122.201082,2/1/2026,174039,2026-02-01 01:37:21 UTC,public,FALSE,FALSE
ELEC,188 BLAINE ATRIUM2,1818 Fairview Ave East,Seattle,WA,98102,888-758-4389,E,,Public,,2,,,ChargePoint Network,47.635115,-122.325799,2/1/2026,174040,2026-02-01 01:34:58 UTC,public,FALSE,FALSE
ELEC,BELLEVUE PLACE BELL PLACE #1,575 Bellevue Way NE,Bellevue,WA,98004,888-758-4389,E,,Public,,2,,,ChargePoint Network,47.618331,-122.201301,2/1/2026,174041,2026-02-01 01:37:30 UTC,public,FALSE,FALSE
ELEC,BELLEVUE SQUARE BELL SQ WEST 5,600 100th Ave NE,Bellevue,WA,98004,888-758-4389,E,,Public,,2,,,ChargePoint Network,47.615923,-122.20553,2/1/2026,174057,2026-02-01 01:37:41 UTC,public,FALSE,FALSE
ELEC,BELLEVUE SQUARE BELL SQ WEST #1,2088 Bellevue Square,Bellevue,WA,98004,888-758-4389,E,,Public,,2,,,ChargePoint Network,47.616107,-122.205532,2/1/2026,174084,2026-02-01 01:37:45 UTC,public,FALSE,FALSE
ELEC,VALLEY MED CTR NE GARAGE #3,3917 Talbot Rd S,Renton,WA,98055,888-758-4389,E,,Public,,2,,,ChargePoint Network,47.444763,-122.21277,2/1/2026,174123,2026-02-01 01:38:28 UTC,public,FALSE,FALSE
ELEC,COMMUNITY HOUSE COMMUNITY #1,1314 South L St,Tacoma,WA,98405,888-758-4389,E,,Public,,1,,,ChargePoint Network,47.248875,-122.45322,2/1/2026,174563,2026-02-01 01:46:32 UTC,public,FALSE,FALSE
ELEC,COMMUNITY HOUSE COMMUNITY #3,1314 S L St,Tacoma,WA,98405,888-758-4389,E,,Public,,1,,,ChargePoint Network,47.248898,-122.453094,2/1/2026,174564,2026-02-01 01:46:32 UTC,public,FALSE,FALSE
ELEC,UDR CHARGER 1,958 111th Ave NE,Bellevue,WA,98004,888-758-4389,E,,Public,,2,,,ChargePoint Network,47.61868,-122.191821,2/1/2026,174575,2026-02-01 01:46:36 UTC,public,FALSE,FALSE
ELEC,UDR CHARGER 3,958 111th Ave NE,Bellevue,WA,98004,888-758-4389,E,,Public,,2,,,ChargePoint Network,47.618669,-122.191761,2/1/2026,174576,2026-02-01 01:46:36 UTC,public,FALSE,FALSE
ELEC,BSD501 SEHOME HIGH #2,2700 Bill McDonald Pkwy,Bellingham,WA,98225,888-758-4389,E,,Public,,2,,,ChargePoint Network,48.72757,-122.48128,2/1/2026,174676,2026-02-01 01:44:48 UTC,public,FALSE,FALSE
ELEC,DUAL EV STATION 3,2520 NE University Village St,Seattle,WA,98105,888-758-4389,E,,Public,,2,,,ChargePoint Network,47.66392,-122.300272,2/1/2026,174772,2026-02-01 01:48:01 UTC,public,FALSE,FALSE
ELEC,DUAL EV STATION 4,2520 NE University Village St,Seattle,WA,98105,888-758-4389,E,,Public,,2,,,ChargePoint Network,47.663931,-122.300224,2/1/2026,174773,2026-02-01 01:48:01 UTC,public,FALSE,FALSE
ELEC,DUAL EV STATION 2,2520 NE University Village St,Seattle,WA,98105,888-758-4389,E,,Public,,2,,,ChargePoint Network,47.663935,-122.300285,2/1/2026,174774,2026-02-01 01:48:01 UTC,public,FALSE,FALSE
ELEC,DUAL EV STATION 1,2520 NE University Village St,Seattle,WA,98105,888-758-4389,E,,Public,,2,,,ChargePoint Network,47.663975,-122.300272,2/1/2026,174775,2026-02-01 01:48:00 UTC,public,FALSE,FALSE
ELEC,THURSTON COUNTY COURTHOUSE 2,County Courthouse,Olympia,WA,98502,888-758-4389,E,,Public,,2,,,ChargePoint Network,47.028924,-122.913068,2/1/2026,174836,2026-02-01 01:49:11 UTC,public,FALSE,FALSE
ELEC,CCB CCB 2,500 108th Ave NE,Bellevue,WA,98004,888-758-4389,E,,Public,,2,,,ChargePoint Network,47.614756,-122.195468,2/1/2026,174874,2026-02-01 01:49:15 UTC,public,FALSE,FALSE
ELEC,EVERETT YMCA EVERETT YMCA #2,4730 Colby Ave,Everett,WA,98203,888-758-4389,T,9/12/2025,TEMPORARILY UNAVAILABLE (Public),,2,,,ChargePoint Network,47.954665,-122.208368,2/1/2026,175031,2026-02-01 01:47:56 UTC,public,FALSE,FALSE
ELEC,EVERETT YMCA EVERETT YMCA #1,4730 Colby Ave,Everett,WA,98203,888-758-4389,E,,Public,,2,,,ChargePoint Network,47.954679,-122.208344,2/1/2026,175032,2026-02-01 01:47:55 UTC,public,FALSE,FALSE
ELEC,EVERETT YMCA EVERETT YMCA #4,4730 Colby Ave,Everett,WA,98203,888-758-4389,E,,Public,,1,,,ChargePoint Network,47.955032,-122.207117,2/1/2026,175033,2026-02-01 01:47:55 UTC,public,FALSE,FALSE
ELEC,CAPITAL GATEWAY STATION 4,505 14th Ave SE,Olympia,WA,98501,888-758-4389,E,,Public,,1,,,ChargePoint Network,47.035855,-122.894786,2/1/2026,175139,2026-02-01 01:52:13 UTC,public,FALSE,FALSE
ELEC,CAPITAL GATEWAY STATION 3,505 14th Ave SE,Olympia,WA,98501,888-758-4389,E,,Public,,1,,,ChargePoint Network,47.035858,-122.894738,2/1/2026,175140,2026-02-01 01:52:13 UTC,public,FALSE,FALSE
ELEC,CAPITAL GATEWAY STATION 1,505 14th Ave SE,Olympia,WA,98501,888-758-4389,T,12/13/2025,TEMPORARILY UNAVAILABLE (Public),,1,,,ChargePoint Network,47.035867,-122.894632,2/1/2026,175141,2026-02-01 01:52:13 UTC,public,FALSE,FALSE
ELEC,CAPITAL GATEWAY STATION 2,505 14th Ave SE,Olympia,WA,98501,888-758-4389,E,,Public,,1,,,ChargePoint Network,47.035865,-122.894692,2/1/2026,175142,2026-02-01 01:52:13 UTC,public,FALSE,FALSE
ELEC,CAPITAL GATEWAY STATION 8,505 14th Ave SE,Olympia,WA,98501,888-758-4389,E,,Public,,1,,,ChargePoint Network,47.035846,-122.8949,2/1/2026,175143,2026-02-01 01:52:27 UTC,public,FALSE,FALSE
ELEC,PORT OF OLYMPIA WEST,700 Capitol Way N,Olympia,WA,98501,888-758-4389,E,,Public,,2,,,ChargePoint Network,47.05093,-122.902434,2/1/2026,175288,2026-02-01 01:52:49 UTC,public,FALSE,FALSE
ELEC,CAPITAL GATEWAY STATION 6,505 14th Ave SE,Olympia,WA,98501,888-758-4389,E,,Public,,1,,,ChargePoint Network,47.035841,-122.895035,2/1/2026,175322,2026-02-01 01:52:26 UTC,public,FALSE,FALSE
ELEC,BELLEFIELD MADRONA 2,1300 114th Ave SE,Bellevue,WA,98004,888-758-4389,E,,Public,,2,,,ChargePoint Network,47.599721,-122.187136,2/1/2026,180340,2026-02-01 01:01:40 UTC,public,FALSE,FALSE
ELEC,KOZ WEAVER WEAVER RD MIDDL,1925 Weaver Rd,Snohomish,WA,98290,888-758-4389,E,,Public,,2,,,ChargePoint Network,47.938226,-122.108766,2/1/2026,180845,2026-02-01 01:58:44 UTC,public,FALSE,FALSE
ELEC,CI&S COUNTRY INN #2,3100 S 192nd St,SeaTac,WA,98188,888-758-4389,E,,Public,,2,,,ChargePoint Network,47.43163,-122.29393,2/1/2026,180915,2026-02-01 01:55:07 UTC,public,FALSE,FALSE
ELEC,CITY OF ZILLAH P&R SOUTH,113 1st Ave,Zillah,WA,98953,888-758-4389,E,,Public,,2,,,ChargePoint Network,46.405006,-120.270737,2/1/2026,180978,2026-02-01 01:56:51 UTC,public,FALSE,FALSE
ELEC,"BELLEVUECOLLEGE BC SSC,U BLDG3","U Building, Parking lot 4",Bellevue,WA,98007,888-758-4389,E,,Public,,2,,,ChargePoint Network,47.583738,-122.14582,2/1/2026,180988,2026-02-01 01:59:45 UTC,public,FALSE,FALSE
ELEC,KGIP BELL SOUTH STATION 5,316 116th Ave NE,Bellevue,WA,98114,888-758-4389,E,,Public,,2,,,ChargePoint Network,47.612704,-122.185139,2/1/2026,181036,2026-02-01 01:57:37 UTC,public,FALSE,FALSE
ELEC,KGIP BELL SOUTH STATION 4,316 116th Ave NE,Bellevue,WA,98114,888-758-4389,E,,Public,,2,,,ChargePoint Network,47.612706,-122.18514,2/1/2026,181037,2026-02-01 01:57:35 UTC,public,FALSE,FALSE
ELEC,KGIP BELL SOUTH STATION 3,11695 NE 4th St,Bellevue,WA,98004,888-758-4389,E,,Public,,2,,,ChargePoint Network,47.612737,-122.18436,2/1/2026,181038,2026-02-01 01:57:35 UTC,public,FALSE,FALSE
ELEC,KC AIRPORT KC AIRPORT 1,7259 King County Airport Access Rd,Seattle,WA,98108,888-758-4389,E,,Public,,2,,,ChargePoint Network,47.53681,-122.303923,2/1/2026,181042,2026-02-01 01:59:42 UTC,public,FALSE,FALSE
ELEC,SOUND TRANSIT TUKWILA 1,7301 Longacres Way,Tukwila,WA,98188,888-758-4389,E,,Public,,2,,,ChargePoint Network,47.460222,-122.240733,2/1/2026,181110,2026-02-01 02:01:22 UTC,public,FALSE,FALSE
ELEC,KING COUNTY DES SK P&R 5,10610 NE 38th PL,Kirkland,WA,98033,888-758-4389,E,,Public,,2,,,ChargePoint Network,47.643586,-122.195707,2/1/2026,181119,2026-02-01 02:01:32 UTC,public,FALSE,FALSE
ELEC,KING COUNTY DES SK P&R 3,10610 NE 38th PL,Kirkland,WA,98033,888-758-4389,E,,Public,,1,,,ChargePoint Network,47.643585,-122.195909,2/1/2026,181121,2026-02-01 02:01:32 UTC,public,FALSE,FALSE
ELEC,KING COUNTY DES ISSAQUAH P&R 7,1755 Highlands Dr NE,Issaquah,WA,98029,888-758-4389,E,,Public,,2,,,ChargePoint Network,47.545783,-122.018483,2/1/2026,181202,2026-02-01 02:01:56 UTC,public,FALSE,FALSE
ELEC,KING COUNTY DES ISSAQUAH P&R 4,1755 Highlands Dr NE,Issaquah,WA,98029,888-758-4389,E,,Public,,2,,,ChargePoint Network,47.54578,-122.018474,2/1/2026,181203,2026-02-01 02:01:55 UTC,public,FALSE,FALSE
ELEC,KING COUNTY DES ISSAQUAH P&R 3,1755 Highlands Dr NE,Issaquah,WA,98029,888-758-4389,E,,Public,,2,,,ChargePoint Network,47.545787,-122.018479,2/1/2026,181204,2026-02-01 02:01:55 UTC,public,FALSE,FALSE
ELEC,INSIGNIA 953 146 147N,583 Battery St,Seattle,WA,98164,888-758-4389,E,,Public,,2,,,ChargePoint Network,47.606191,-122.3321,2/1/2026,181305,2026-02-01 01:12:26 UTC,public,FALSE,FALSE
ELEC,INSIGNIA 953 228 229N,583 Battery St,Seattle,WA,98164,888-758-4389,E,,Public,,2,,,ChargePoint Network,47.606129,-122.332106,2/1/2026,181306,2026-02-01 01:12:26 UTC,public,FALSE,FALSE
ELEC,INSIGNIA 953 192 193N,583 Battery St,Seattle,WA,98164,888-758-4389,E,,Public,,2,,,ChargePoint Network,47.606171,-122.332083,2/1/2026,181307,2026-02-01 01:12:25 UTC,public,FALSE,FALSE
ELEC,INSIGNIA 953 152 153N,583 Battery St,Seattle,WA,98164,888-758-4389,E,,Public,,2,,,ChargePoint Network,47.606211,-122.332055,2/1/2026,181308,2026-02-01 01:12:25 UTC,public,FALSE,FALSE
ELEC,INSIGNIA 953 226 227N,583 Battery St,Seattle,WA,98164,888-758-4389,E,,Public,,2,,,ChargePoint Network,47.606119,-122.332135,2/1/2026,181309,2026-02-01 01:12:18 UTC,public,FALSE,FALSE
ELEC,INSIGNIA 953 186 187N,583 Battery St,Seattle,WA,98164,888-758-4389,E,,Public,,2,,,ChargePoint Network,47.60614,-122.332163,2/1/2026,181310,2026-02-01 01:12:18 UTC,public,FALSE,FALSE
ELEC,INSIGNIA 953 232 233N,583 Battery St,Seattle,WA,98164,888-758-4389,E,,Public,,2,,,ChargePoint Network,47.606148,-122.332065,2/1/2026,181311,2026-02-01 01:12:13 UTC,public,FALSE,FALSE
ELEC,INSIGNIA 953 234N,583 Battery St,Seattle,WA,98164,888-758-4389,E,,Public,,1,,,ChargePoint Network,47.606155,-122.332037,2/1/2026,181313,2026-02-01 01:11:50 UTC,public,FALSE,FALSE
ELEC,INSIGNIA 953 185N,583 Battery St,Seattle,WA,98164,888-758-4389,E,,Public,,1,,,ChargePoint Network,47.606126,-122.332195,2/1/2026,181314,2026-02-01 01:11:50 UTC,public,FALSE,FALSE
ELEC,INSIGNIA 953 194N,583 Battery St,Seattle,WA,98164,888-758-4389,E,,Public,,1,,,ChargePoint Network,47.606182,-122.33206,2/1/2026,181315,2026-02-01 01:11:49 UTC,public,FALSE,FALSE
ELEC,INSIGNIA 953 225N,583 Battery St,Seattle,WA,98164,888-758-4389,E,,Public,,1,,,ChargePoint Network,47.606111,-122.332163,2/1/2026,181316,2026-02-01 01:11:29 UTC,public,FALSE,FALSE
ELEC,INSIGNIA 953 143N,583 Battery St,Seattle,WA,98104,888-758-4389,E,,Public,,1,,,ChargePoint Network,47.606162,-122.332173,2/1/2026,181317,2026-02-01 01:11:49 UTC,public,FALSE,FALSE
ELEC,INSIGNIA 953 188 189N,583 Battery St,Seattle,WA,98104,888-758-4389,E,,Public,,2,,,ChargePoint Network,47.606153,-122.332134,2/1/2026,181318,2026-02-01 01:12:12 UTC,public,FALSE,FALSE
ELEC,WOODIN CREEK WOODIN CREEK 1,13550 Village Square Dr.,Woodinville,WA,98072,888-758-4389,E,,Public,,2,,,ChargePoint Network,47.752007,-122.157917,2/1/2026,181538,2026-02-01 02:02:03 UTC,public,FALSE,FALSE
ELEC,TAC ES TRTC ADMIN CP01,3510 S Mullen St SWM Admin Bldg,Tacoma,WA,98409,888-758-4389,E,,Public,,2,,,ChargePoint Network,47.228029,-122.499407,2/1/2026,181704,2026-02-01 01:46:12 UTC,public,FALSE,FALSE
ELEC,TAC PW PARKING CONV CTR CP 02,"1500 Commerce St Parking Garage, Parcel 20150",Tacoma,WA,98402,888-758-4389,T,12/11/2025,TEMPORARILY UNAVAILABLE (Public),,2,,,ChargePoint Network,47.247112,-122.43998,2/1/2026,181705,2026-02-01 01:25:46 UTC,public,FALSE,FALSE
ELEC,TAC ES CUW SE CP05,"303 East D St SE Pkg Lot, Center for Urban Wa",Tacoma,WA,98421,888-758-4389,E,,Public,,2,,,ChargePoint Network,47.259555,-122.433611,2/1/2026,181706,2026-02-01 01:01:30 UTC,public,FALSE,FALSE
ELEC,TAC ES CUW SE CP03,"303 East D St East Pkg Lot, Center for Urban",Tacoma,WA,98421,888-758-4389,E,,Public,,2,,,ChargePoint Network,47.259505,-122.433772,2/1/2026,181707,2026-02-01 01:01:26 UTC,public,FALSE,FALSE
ELEC,TAC PW PARKING CONV CTR CP 04,1548 Commerce St,Tacoma,WA,98402,888-758-4389,E,,Public,,2,,,ChargePoint Network,47.247723,-122.438,2/1/2026,181722,2026-02-01 01:25:46 UTC,public,FALSE,FALSE
ELEC,ILANI 3B-1 DUAL,1 Cowlitz Way,Ridgefield,WA,98642,888-758-4389,E,,Public,,2,,,ChargePoint Network,45.85314,-122.709076,2/1/2026,181733,2026-02-01 02:05:49 UTC,public,FALSE,FALSE
ELEC,ILANI 1B-1 DUAL,1 Cowlitz way,Ridgefield,WA,98642,888-758-4389,E,,Public,,2,,,ChargePoint Network,45.853153,-122.70891,2/1/2026,181734,2026-02-01 02:05:48 UTC,public,FALSE,FALSE
ELEC,ILANI 3B-2 DUAL,1 Cowlitz Way,Ridgefield,WA,98642,888-758-4389,E,,Public,,2,,,ChargePoint Network,45.853123,-122.70916,2/1/2026,181735,2026-02-01 02:05:48 UTC,public,FALSE,FALSE
ELEC,ILANI 3A-2 SINGLE,1 Cowlitz Way,Ridgefield,WA,98642,888-758-4389,E,,Public,,1,,,ChargePoint Network,45.8533,-122.70874,2/1/2026,181736,2026-02-01 02:05:48 UTC,public,FALSE,FALSE
ELEC,ILANI 3A-3 DUAL,1 Cowlitz Way,Ridgefield,WA,98642,888-758-4389,E,,Public,,2,,,ChargePoint Network,45.85321,-122.709045,2/1/2026,181737,2026-02-01 02:05:48 UTC,public,FALSE,FALSE
ELEC,ILANI 3C-1 SINGLE,1 Cowlitz Way,Ridgefield,WA,98642,888-758-4389,E,,Public,,1,,,ChargePoint Network,45.853115,-122.709,2/1/2026,181738,2026-02-01 02:05:48 UTC,public,FALSE,FALSE
ELEC,ILANI 3C-2 DUAL,1 Cowlitz Way,Ridgefield,WA,98642,888-758-4389,E,,Public,,2,,,ChargePoint Network,45.846938,-122.700172,2/1/2026,181739,2026-02-01 02:05:47 UTC,public,FALSE,FALSE
ELEC,ILANI 3A-4 DUAL,1 Cowlitz Way,Ridgefield,WA,98642,888-758-4389,E,,Public,,2,,,ChargePoint Network,45.850762,-122.708196,2/1/2026,181740,2026-02-01 02:05:47 UTC,public,FALSE,FALSE
ELEC,ILANI 3A-1 DUAL,1 Cowlitz Way,Ridgefield,WA,98642,888-758-4389,E,,Public,,2,,,ChargePoint Network,45.853176,-122.70878,2/1/2026,181741,2026-02-01 02:05:47 UTC,public,FALSE,FALSE
ELEC,ILANI 3B-3 SINGLE,1 Cowlitz Way,Ridgefield,WA,98642,888-758-4389,E,,Public,,1,,,ChargePoint Network,45.853138,-122.70895,2/1/2026,181742,2026-02-01 02:05:47 UTC,public,FALSE,FALSE
ELEC,SANDBERG VOLVO STATION 1,17025 Hwy 99,Lynnwood,WA,98037,888-758-4389,E,,Public,,2,,,ChargePoint Network,47.844271,-122.29492,2/1/2026,181763,2026-02-01 02:06:38 UTC,public,FALSE,FALSE
ELEC,RPI PORTEMONS 2005 POPLAR 1,2005 NW Poplar Way,Issaquah,WA,98027,888-758-4389,E,,Public,,2,,,ChargePoint Network,47.55054,-122.068955,2/1/2026,182004,2026-02-01 02:04:31 UTC,public,FALSE,FALSE
ELEC,RPI PORTEMONS 2005 POPLAR 3,2005 NW Poplar Way,Issaquah,WA,98027,888-758-4389,E,,Public,,1,,,ChargePoint Network,47.550508,-122.068641,2/1/2026,182005,2026-02-01 02:04:31 UTC,public,FALSE,FALSE
ELEC,AMPCAP 1003 VANCOUVE 1,17001 SE Mill Plain Blvd,Vancouver,WA,98684,888-758-4389,E,,Public,,1,,,ChargePoint Network,45.616152,-122.49766,2/1/2026,182863,2026-02-01 01:31:23 UTC,public,FALSE,FALSE
ELEC,AMPCAP 1003 VANCOUVE 2,17001 SE Mill Plain Blvd,Vancouver,WA,98684,888-758-4389,E,,Public,,1,,,ChargePoint Network,45.616461,-122.49669,2/1/2026,182864,2026-02-01 01:31:23 UTC,public,FALSE,FALSE
ELEC,FORT DENT STATION EV 1,6700 Fort Dent Way,Tukwila,WA,98188,888-758-4389,E,,Public,,2,,,ChargePoint Network,47.466305,-122.248888,2/1/2026,183469,2026-02-01 02:09:04 UTC,public,FALSE,FALSE
ELEC,188 BLAINE ATRIUM #1,1818 Fairview Ave East,Seattle,WA,98102,888-758-4389,E,,Public,,2,,,ChargePoint Network,47.635108,-122.325721,2/1/2026,183694,2026-02-01 01:34:58 UTC,public,FALSE,FALSE
ELEC,ALLEGRO 2019 ASH CREEK,16605 Ash Way,Lynnwood,WA,98037,888-758-4389,E,,Public,,2,,,ChargePoint Network,47.847481,-122.261384,2/1/2026,183848,2026-02-01 02:09:08 UTC,public,FALSE,FALSE
ELEC,CAPITOL CITY STATION 01,2370 Carriage Loop SW,Olympia,WA,98502,888-758-4389,E,,Public,,2,,,ChargePoint Network,47.03286,-122.92909,2/1/2026,184168,2026-02-01 01:36:23 UTC,public,FALSE,FALSE
ELEC,ALLEN INSTITUTE NORTH,615 Westlake Ave N,Seattle,WA,98109,888-758-4389,E,,Public,,2,,,ChargePoint Network,47.625256,-122.339032,2/1/2026,184210,2026-02-01 01:10:09 UTC,public,FALSE,FALSE
ELEC,Pacific Northwest National Laboratory PNNL/RTL,RTL,Richland,WA,99354,,E,,Private - Government only,1,1,,,Non-Networked,46.28042,-119.2752,12/12/2025,184241,2025-12-12 22:54:41 UTC,private,,TRUE
ELEC,Pacific Northwest National Laboratory PNNL/EMSL #1,3336 Innovation Blvd EMSL 1,Richland,WA,99354,,E,,Private,,1,,,Non-Networked,46.349989,-119.276458,1/13/2025,184242,2025-02-12 00:16:32 UTC,private,,TRUE
ELEC,Pacific Northwest National Laboratory PNNL/EMSL #4,3335 Innovation Blvd EMSL 4,Richland,WA,99354,,E,,Private,,1,,,Non-Networked,46.347582,-119.277892,1/13/2025,184244,2025-02-12 00:16:32 UTC,private,,TRUE
ELEC,Pacific Northwest National Laboratory PNNL/EMSL #5,3335 Innovation Blvd EMSL 5,Richland,WA,99354,,E,,Private,,1,,,Non-Networked,46.347582,-119.277892,1/13/2025,184245,2025-02-12 00:16:32 UTC,private,,TRUE
ELEC,Pacific Northwest National Laboratory PNNL/EMSL #6,3335 Innovation Blvd EMSL 6,Richland,WA,99354,,E,,Private,,1,,,Non-Networked,46.347582,-119.277892,1/13/2025,184246,2025-02-12 00:16:32 UTC,private,,TRUE
ELEC,Pacific Northwest National Laboratory PNNL/EMSL #7,3335 Innovation Blvd EMSL 7,Richland,WA,99354,,E,,Private,,1,,,Non-Networked,46.347582,-119.277892,1/13/2025,184247,2025-02-12 00:16:32 UTC,private,,TRUE
ELEC,Pacific Northwest National Laboratory PNNL/EMSL #8,3335 Innovation Blvd EMSL 8,Richland,WA,99354,,E,,Private,,1,,,Non-Networked,46.347582,-119.277892,1/13/2025,184248,2025-02-12 00:16:32 UTC,private,,TRUE
ELEC,Pacific Northwest National Laboratory PNNL/EMSL #9,3335 Innovation Blvd EMSL 9,Richland,WA,99354,,E,,Private,,1,,,Non-Networked,46.347582,-119.277892,1/13/2025,184249,2025-02-12 00:16:32 UTC,private,,TRUE
ELEC,Pacific Northwest National Laboratory PNNL/ETB #1,3200 Innovation Blvd ETB 1,Richland,WA,99354,,E,,Private,,1,,,Non-Networked,46.34637,-119.275448,1/13/2025,184250,2025-02-12 00:16:32 UTC,private,,TRUE
ELEC,Pacific Northwest National Laboratory PNNL/ETB #2,3200 Innovation Blvd ETB 2,Richland,WA,99354,,E,,Private,,1,,,Non-Networked,46.34637,-119.275448,1/13/2025,184251,2025-02-12 00:16:32 UTC,private,,TRUE
ELEC,Pacific Northwest National Laboratory PNNL/SEB #1,820 Horn Rapids Rd SEB 1,Richland,WA,99354,,E,,Private,,1,,,Non-Networked,46.351004,-119.283139,1/13/2025,184252,2025-02-12 00:16:32 UTC,private,,TRUE
ELEC,Pacific Northwest National Laboratory PNNL/SEB #2,820 Horn Rapids Rd SEB 2,Richland,WA,99354,,E,,Private - Government only,,1,,,Non-Networked,46.351004,-119.283139,12/12/2025,184253,2025-12-12 22:54:41 UTC,private,,TRUE
ELEC,Pacific Northwest National Laboratory PNNL/3860 #1,860 Horn Rapids Rd 3860 1,Richland,WA,99354,,E,,Private,,1,,,Non-Networked,46.351004,-119.283199,1/13/2025,184254,2025-02-12 00:16:32 UTC,private,,TRUE
ELEC,Pacific Northwest National Laboratory PNNL/3860 #2,860 Horn Rapids Rd 3860 2,Richland,WA,99354,,E,,Private,,1,,,Non-Networked,46.351004,-119.283199,1/13/2025,184255,2025-02-12 00:16:32 UTC,private,,TRUE
ELEC,Pacific Northwest National Laboratory PNNL/3860 #3,860 Horn Rapids Rd 3860 3,Richland,WA,99354,,E,,Private,,1,,,Non-Networked,46.351004,-119.283199,1/13/2025,184256,2025-02-12 00:16:32 UTC,private,,TRUE
ELEC,FAA - Regional Office Building (ANM),2200 S 216th St,Des Moines,WA,98198,,E,,Private - Government only,,1,,,Non-Networked,47.409788,-122.305105,12/12/2025,184352,2025-12-12 22:54:41 UTC,private,,TRUE
ELEC,FHWA - Washington Division,711 Capitol Way,Olympia,WA,98501,,E,,Private - Government only,,1,,,Non-Networked,47.041738,-122.901763,12/12/2025,184353,2025-12-12 22:54:41 UTC,private,,TRUE
ELEC,NOAA,2725 Miontlake Blvd E,SEATTLE,WA,98112,,E,,Private - Government only,,1,,,Non-Networked,47.63197,-122.28741,12/12/2025,184355,2025-12-12 22:54:41 UTC,private,,TRUE
ELEC,NAS Whidbey Island / N00620-B1973-1,1115 West Lexington St,Oak Harbor,WA,98207,,E,,Private - Government only,,2,,,Non-Networked,48.343166,-122.674942,12/12/2025,184462,2025-12-12 22:54:41 UTC,private,,TRUE
ELEC,Mission Support Alliance,2490 Garlick Blvd,Richland,WA,99354,,E,,Private - Government only,,2,,,Non-Networked,46.321933,-119.276827,12/12/2025,184463,2025-12-12 22:54:41 UTC,private,,TRUE
ELEC,Gifford Pinchot National Forest,501 E 5th St,VANCOUVER,WA,98661,,E,,Private - Government only,,2,,,Non-Networked,45.624407,-122.667352,1/13/2026,184468,2026-01-13 01:16:14 UTC,private,,TRUE
ELEC,District 13,915 2nd Ave,Seattle,WA,98134,,E,,Private - Government only,,2,2,,Non-Networked,47.604596,-122.335458,12/12/2025,184573,2025-12-12 22:54:41 UTC,private,,TRUE
ELEC,Pacific Northwest National Laboratory PNNL/PSL,908 Battelle Rd,Richland,WA,99354,,E,,Private - Government only,1,,,,Non-Networked,46.345176,-119.281309,1/13/2025,184654,2025-02-12 00:16:32 UTC,private,,FALSE
ELEC,Pacific Northwest National Laboratory PNNL/EMSL #1,3335 Innovation Blvd,Richland,WA,99354,,E,,Private - Government only,1,1,,,Non-Networked,46.347582,-119.277892,12/12/2025,184671,2025-12-12 22:54:41 UTC,private,,TRUE
ELEC,Pacific Northwest National Laboratory PNNL/EMSL #10,3335 Innovation Blvd,Richland,WA,99354,,E,,Private - Government only,1,1,,,Non-Networked,46.347582,-119.277892,1/13/2025,184672,2025-02-12 00:16:32 UTC,private,,FALSE
ELEC,Pacific Northwest National Laboratory PNNL/EMSL #4,3335 Innovation Blvd,Richland,WA,99354,,E,,Private - Government only,1,1,,,Non-Networked,46.347582,-119.277892,12/12/2025,184673,2025-12-12 22:54:41 UTC,private,,TRUE
ELEC,Pacific Northwest National Laboratory PNNL/EMSL #5,3335 Innovation Blvd,Richland,WA,99354,,E,,Private - Government only,1,1,,,Non-Networked,46.347582,-119.277892,12/12/2025,184674,2025-12-12 22:54:41 UTC,private,,TRUE
ELEC,Pacific Northwest National Laboratory PNNL/EMSL #6,3335 Innovation Blvd,Richland,WA,99354,,E,,Private - Government only,1,1,,,Non-Networked,46.347582,-119.277892,12/12/2025,184675,2025-12-12 22:54:41 UTC,private,,TRUE
ELEC,Pacific Northwest National Laboratory PNNL/EMSL #7,3335 Innovation Blvd,Richland,WA,99354,,E,,Private - Government only,1,1,,,Non-Networked,46.347582,-119.277892,12/12/2025,184676,2025-12-12 22:54:41 UTC,private,,TRUE
ELEC,Pacific Northwest National Laboratory PNNL/EMSL #8,3335 Innovation Blvd,Richland,WA,99354,,E,,Private - Government only,1,1,,,Non-Networked,46.347582,-119.277892,12/12/2025,184677,2025-12-12 22:54:41 UTC,private,,TRUE
ELEC,Pacific Northwest National Laboratory PNNL/EMSL #9,3335 Innovation Blvd,Richland,WA,99354,,E,,Private - Government only,1,1,,,Non-Networked,46.347582,-119.277892,12/12/2025,184678,2025-12-12 22:54:41 UTC,private,,TRUE
ELEC,Pacific Northwest National Laboratory PNNL/ETB #1,3200 Innovation Blvd,Richland,WA,99354,,E,,Private - Government only,,1,,,Non-Networked,46.34637,-119.275448,12/12/2025,184679,2025-12-12 22:54:41 UTC,private,,TRUE
ELEC,Pacific Northwest National Laboratory PNNL/ETB #2,3200 Innovation Blvd,Richland,WA,99354,,E,,Private - Government only,1,1,,,Non-Networked,46.34637,-119.275448,12/12/2025,184680,2025-12-12 22:54:41 UTC,private,,TRUE
ELEC,FHWA - Western Federal Lands,610 E 5th St,Vancouver,WA,98661,,E,,Private - Government only,2,,,,Non-Networked,45.625045,-122.667377,12/12/2025,184746,2025-12-12 22:54:41 UTC,private,,TRUE
ELEC,Pacific Northwest National Laboratory PNNL/350,350 Ash St,Richland,WA,99354,,E,,Private - Government only,4,,,,Non-Networked,46.270346,-119.299244,1/13/2025,184783,2025-02-12 00:16:32 UTC,private,,FALSE
ELEC,Pacific Northwest National Laboratory PNNL/LSL2,900 Battelle Blvd,Richland,WA,99354,,E,,Private - Government only,4,,,,Non-Networked,46.345657,-119.278,1/13/2025,184784,2025-02-12 00:16:32 UTC,private,,FALSE
ELEC,Pacific Northwest National Laboratory PNNL/3410,622 Horn Rapids Rd,Richland,WA,99354,,E,,Private - Government only,8,,,,Non-Networked,46.352234,-119.275874,1/13/2025,184792,2025-02-12 00:16:32 UTC,private,,FALSE
ELEC,Pacific Northwest National Laboratory PNNL/LSB,3350 George Washington Way,Richland,WA,99354,,E,,Private - Government only,8,,,,Non-Networked,46.34923,-119.271417,12/12/2025,184793,2025-12-12 22:54:41 UTC,private,,TRUE
ELEC,NUWC Keyport,610 Dowell St,Keyport,WA,98370,,E,,Private - Government only,20,,,,Non-Networked,47.70224,-122.624811,12/12/2025,184802,2025-12-12 22:54:41 UTC,private,,FALSE
ELEC,Pacific Northwest National Laboratory PNNL/EMSL #2 - Fleet,3335 Innovation Blvd,Richland,WA,99354,,E,,Private - Government only,,2,,,Non-Networked,46.347582,-119.277892,12/12/2025,184813,2025-12-12 22:54:41 UTC,private,,TRUE
ELEC,Pacific Northwest National Laboratory PNNL/EMSL #2 - Workplace,3335 Innovation Blvd EMSL 2,Richland,WA,99354,,E,,Private,,1,,,Non-Networked,46.347582,-119.277892,1/13/2025,184814,2025-02-12 00:16:32 UTC,private,,TRUE
ELEC,Pacific Northwest National Laboratory PNNL/MATH #1 - Station 1,906 Battelle Blvd,Richland,WA,99354,,E,,Private,,1,,,Non-Networked,46.344837,-119.280303,1/13/2025,184827,2025-02-12 00:16:32 UTC,private,,TRUE
ELEC,Pacific Northwest National Laboratory PNNL/MATH #1 - Station 2,906 Battelle Blvd,Richland,WA,99354,,E,,Private - Government only,,1,,,Non-Networked,46.344837,-119.280303,12/12/2025,184828,2025-12-12 22:54:41 UTC,private,,TRUE
ELEC,Pacific Northwest National Laboratory PNNL/EMSL #11 - Fleet,3335 Innovation Blvd,Richland,WA,99354,,E,,Private - Government only,,2,,,Non-Networked,46.347582,-119.277892,12/12/2025,184829,2025-12-12 22:54:41 UTC,private,,TRUE
ELEC,Pacific Northwest National Laboratory PNNL/EMSL #11 - Workplace,3335 Innovation Blvd,Richland,WA,99354,,E,,Private - Government only,,2,,,Non-Networked,46.347582,-119.277892,12/12/2025,184830,2025-12-12 22:54:41 UTC,private,,TRUE
ELEC,Pacific Northwest National Laboratory PNNL/BSF-CSF #1 - Station 1,3300 Stevens Dr,Richland,WA,99354,,E,,Private,,1,,,Non-Networked,46.347175,-119.280772,1/13/2025,184849,2025-02-12 00:16:32 UTC,private,,TRUE
ELEC,Pacific Northwest National Laboratory PNNL/BSF-CSF #1 - Station 2,3300 Stevens Dr,Richland,WA,99354,,E,,Private - Government only,1,1,,,Non-Networked,46.347175,-119.280772,12/12/2025,184850,2025-12-12 22:54:41 UTC,private,,TRUE
ELEC,"Safeway #1600 (Bellevue, WA)",300 BELLEVUE WAYNE,Bellevue,WA,98004,833-632-2778,E,,Public,,,4,,Electrify America,47.61332,-122.20062,2/1/2026,184914,2026-02-01 04:43:24 UTC,public,FALSE,FALSE
ELEC,"Walmart 3794 - Federal Way, WA",34520 16TH AVE S,Federal Way,WA,98003,833-632-2778,E,,Public,,1,3,,Electrify America,47.29149,-122.30889,2/1/2026,185190,2026-02-01 04:39:12 UTC,public,FALSE,FALSE
ELEC,TRU TUKWILA TUKWILA 1,395 Corporate Dr S,Tukwila,WA,98188,888-758-4389,E,,Public,,2,,,ChargePoint Network,47.449352,-122.254496,2/1/2026,185425,2026-02-01 02:09:47 UTC,public,FALSE,FALSE
ELEC,St. Michael Medical Center - East Garage,1800 NW Myhre Rd,Silverdale,WA,98383,888-998-2546,E,,Public,,3,,,Blink Network,47.65654521,-122.6737546,2/1/2026,185533,2026-02-01 00:17:25 UTC,public,FALSE,FALSE
ELEC,SAMISH NATION CANNERY SOUTH 1,715 Seafarers Way,Anacortes,WA,98221,888-758-4389,E,,Public,,2,,,ChargePoint Network,48.51004,-122.608116,2/1/2026,185648,2026-02-01 02:10:46 UTC,public,FALSE,FALSE
ELEC,SAMISH NATION CANNERY SOUTH 2,715 Seafarers Way,Anacortes,WA,98221,888-758-4389,E,,Public,,2,,,ChargePoint Network,48.510044,-122.608185,2/1/2026,185649,2026-02-01 02:10:47 UTC,public,FALSE,FALSE
ELEC,LODGES CHARGER OFFICE,901 S 72nd Ave,Yakima,WA,98908,888-758-4389,E,,Public,,1,,,ChargePoint Network,46.589108,-120.601588,2/1/2026,186036,2026-02-01 02:09:11 UTC,public,FALSE,FALSE
ELEC,Lucky Dog Casino,19330 US Hwy 101,Shelton,WA,98584,888-998-2546,E,,Public,,3,,,Blink Network,47.337269,-123.160611,2/1/2026,186262,2026-02-01 00:52:44 UTC,public,FALSE,FALSE
ELEC,Silver Fir Lodge,80 Tanner Way,Snoqualmie Pass,WA,98068,425-434-7669,E,,Public,,9,,,Non-Networked,47.401691,-121.407058,6/12/2023,186347,2025-07-09 21:04:26 UTC,public,FALSE,FALSE
ELEC,LODGES CHARGER GARAGES,901 S 72nd Ave,Yakima,WA,98908,888-758-4389,E,,Public,,1,,,ChargePoint Network,46.588986,-120.60055,2/1/2026,186538,2026-02-01 02:08:02 UTC,public,FALSE,FALSE
ELEC,NOJO 1288 NOJO 17,1288 123rd Ave NE,Bellevue,WA,98005,888-758-4389,E,,Public,,2,,,ChargePoint Network,47.622158,-122.176042,2/1/2026,186605,2026-02-01 02:05:07 UTC,public,FALSE,FALSE
ELEC,NOJO 1288 NOJO 15,1287 124th Ave NE,Bellevue,WA,98005,888-758-4389,E,,Public,,2,,,ChargePoint Network,47.622172,-122.175417,2/1/2026,186606,2026-02-01 02:05:07 UTC,public,FALSE,FALSE
ELEC,NOJO 1288 NOJO 8,1288 123rd Ave NE,Bellevue,WA,98005,888-758-4389,E,,Public,,2,,,ChargePoint Network,47.621787,-122.175997,2/1/2026,186607,2026-02-01 02:05:07 UTC,public,FALSE,FALSE
ELEC,NOJO 1288 NOJO 7,1288 123rd Ave NE,Bellevue,WA,98005,888-758-4389,E,,Public,,2,,,ChargePoint Network,47.621722,-122.175868,2/1/2026,186608,2026-02-01 02:05:08 UTC,public,FALSE,FALSE
ELEC,NOJO 1288 NOJO 11,1288 123rd Ave NE,Bellevue,WA,98005,888-758-4389,E,,Public,,2,,,ChargePoint Network,47.621671,-122.17589,2/1/2026,186609,2026-02-01 02:05:08 UTC,public,FALSE,FALSE
ELEC,NOJO 1288 NOJO 3,1288 123rd Ave NE,Bellevue,WA,98005,888-758-4389,E,,Public,,2,,,ChargePoint Network,47.621852,-122.175836,2/1/2026,186610,2026-02-01 02:05:08 UTC,public,FALSE,FALSE
ELEC,NOJO 1288 NOJO 9,1288 123rd Ave NE,Bellevue,WA,98005,888-758-4389,E,,Public,,2,,,ChargePoint Network,47.621751,-122.175943,2/1/2026,186611,2026-02-01 02:05:08 UTC,public,FALSE,FALSE
ELEC,NOJO 1288 NOJO 6,1288 123rd Ave NE,Bellevue,WA,98005,888-758-4389,E,,Public,,2,,,ChargePoint Network,47.621758,-122.175804,2/1/2026,186612,2026-02-01 02:05:08 UTC,public,FALSE,FALSE
ELEC,NOJO 1288 NOJO 13,1288 123rd Ave NE,Bellevue,WA,98005,888-758-4389,E,,Public,,2,,,ChargePoint Network,47.621743,-122.176008,2/1/2026,186613,2026-02-01 02:05:08 UTC,public,FALSE,FALSE
ELEC,NOJO 1288 NOJO 21,1288 123rd Ave NE,Bellevue,WA,98005,888-758-4389,E,,Public,,2,,,ChargePoint Network,47.62216,-122.176,2/1/2026,186614,2026-02-01 02:05:09 UTC,public,FALSE,FALSE
ELEC,NOJO 1288 NOJO 2,1288 123rd Ave NE,Bellevue,WA,98005,888-758-4389,E,,Public,,2,,,ChargePoint Network,47.621837,-122.175922,2/1/2026,186615,2026-02-01 02:05:09 UTC,public,FALSE,FALSE
ELEC,NOJO 1288 NOJO 16,1288 123rd Ave NE,Bellevue,WA,98005,888-758-4389,E,,Public,,2,,,ChargePoint Network,47.622008,-122.175897,2/1/2026,186616,2026-02-01 02:05:09 UTC,public,FALSE,FALSE
ELEC,NOJO 1288 NOJO 4,1288 123rd Ave NE,Bellevue,WA,98005,888-758-4389,E,,Public,,2,,,ChargePoint Network,47.62183,-122.175707,2/1/2026,186617,2026-02-01 02:05:09 UTC,public,FALSE,FALSE
ELEC,NOJO 1288 NOJO 10,1288 123rd Ave NE,Bellevue,WA,98005,888-758-4389,E,,Public,,2,,,ChargePoint Network,47.621748,-122.175959,2/1/2026,186618,2026-02-01 02:05:09 UTC,public,FALSE,FALSE
ELEC,NOJO 1288 NOJO 19,1288 123rd Ave NE,Bellevue,WA,98005,888-758-4389,E,,Public,,2,,,ChargePoint Network,47.621685,-122.176008,2/1/2026,186619,2026-02-01 02:05:10 UTC,public,FALSE,FALSE
ELEC,NOJO 1288 NOJO 22 ADA,1288 123rd Ave NE,Bellevue,WA,98005,888-758-4389,E,,Public,,2,,,ChargePoint Network,47.621826,-122.175977,2/1/2026,186620,2026-02-01 02:05:10 UTC,public,FALSE,FALSE
ELEC,NOJO 1288 NOJO 12,1288 123rd Ave NE,Bellevue,WA,98005,888-758-4389,E,,Public,,2,,,ChargePoint Network,47.621808,-122.176051,2/1/2026,186621,2026-02-01 02:05:10 UTC,public,FALSE,FALSE
ELEC,NOJO 1288 NOJO 23,1288 123rd Ave NE,Bellevue,WA,98005,888-758-4389,E,,Public,,2,,,ChargePoint Network,47.621657,-122.175954,2/1/2026,186622,2026-02-01 02:05:10 UTC,public,FALSE,FALSE
ELEC,NOJO 1288 NOJO 20,1288 123rd Ave NE,Bellevue,WA,98005,888-758-4389,E,,Public,,2,,,ChargePoint Network,47.622044,-122.175811,2/1/2026,186623,2026-02-01 02:05:11 UTC,public,FALSE,FALSE
ELEC,NOJO 1288 NOJO 18,1288 123rd Ave NE,Bellevue,WA,98005,888-758-4389,E,,Public,,2,,,ChargePoint Network,47.62211,-122.175807,2/1/2026,186624,2026-02-01 02:05:11 UTC,public,FALSE,FALSE
ELEC,NOJO 1288 NOJO 14,1288 123rd Ave NE,Bellevue,WA,98005,888-758-4389,E,,Public,,2,,,ChargePoint Network,47.621921,-122.176015,2/1/2026,186625,2026-02-01 02:05:11 UTC,public,FALSE,FALSE
ELEC,NOJO 1288 NOJO 1,1288 123rd Ave NE,Bellevue,WA,98005,888-758-4389,E,,Public,,1,,,ChargePoint Network,47.621942,-122.175942,2/1/2026,186626,2026-02-01 02:05:12 UTC,public,FALSE,FALSE
ELEC,SANDBERG VOLVO STATION 2,17025 Hwy 99,Lynnwood,WA,98037,888-758-4389,E,,Public,,2,,,ChargePoint Network,47.843755,-122.294874,2/1/2026,186833,2026-02-01 02:11:28 UTC,public,FALSE,FALSE
ELEC,"QFC 828 (Kirkland, WA)",11224 NE 124th St,Kirkland,WA,98034,833-632-2778,E,,Public,,1,3,,Electrify America,47.71142,-122.19086,2/1/2026,186859,2026-02-01 04:43:17 UTC,public,FALSE,FALSE
ELEC,Venn@Main - Tesla Supercharger,10333 NE 1st Street,Bellevue,WA,98004,877-798-3752,E,,Public,,,8,,Tesla,47.611048,-122.202181,7/1/2024,186869,2025-02-12 00:16:32 UTC,public,,FALSE
ELEC,Northgate Mall - Tesla Supercharger,401 NE Northgate Way,Seattle,WA,98125,877-798-3752,E,,Public,,,16,,Tesla,47.706589,-122.327778,7/1/2024,186871,2025-02-12 00:16:32 UTC,public,,FALSE
ELEC,Bob's Burgers & Brew - Tesla Supercharger,121 North Fair Avenue,Yakima,WA,98901,877-798-3752,E,,Public,,,8,,Tesla,46.609653,-120.491932,7/1/2024,186877,2025-02-12 00:16:32 UTC,public,,FALSE
ELEC,Evergreen State College - Parking Lot C,2700 Evergreen Parkway,Olympia,WA,98505,888-998-2546,E,,Public,,2,,,Blink Network,47.071917,-122.976675,2/1/2026,187083,2026-02-01 00:09:25 UTC,public,FALSE,FALSE
ELEC,KOZ WEAVER WEAVER RD LEFT,1900 Weaver Rd,Snohomish,WA,98290,888-758-4389,E,,Public,,2,,,ChargePoint Network,47.938215,-122.109075,2/1/2026,187087,2026-02-01 01:58:44 UTC,public,FALSE,FALSE
ELEC,PCC NATURAL PCC EDMONDS,9803 Edmonds Way,Edmonds,WA,98020,888-758-4389,E,,Public,,2,,,ChargePoint Network,47.791134,-122.36613,2/1/2026,187110,2026-02-01 02:12:14 UTC,public,FALSE,FALSE
ELEC,NOJO 1288 NOJO 5,1288 123rd Ave NE,Bellevue,WA,98005,888-758-4389,E,,Public,,2,,,ChargePoint Network,47.621784,-122.175908,2/1/2026,187144,2026-02-01 02:05:10 UTC,public,FALSE,FALSE
ELEC,Celebration Center - Tesla Supercharger,32015 Pacific Highway South,Federal Way,WA,98003,877-798-3752,E,,Public,,,12,,Tesla,47.314888,-122.31487,7/1/2024,187166,2025-02-12 00:16:32 UTC,public,,FALSE
ELEC,VALLEY MED CTR NE GARAGE #1,3921 Talbot Rd S,Renton,WA,98055,888-758-4389,E,,Public,,2,,,ChargePoint Network,47.444946,-122.212785,2/1/2026,187310,2026-02-01 01:38:12 UTC,public,FALSE,FALSE
ELEC,"Madison Pike WA3-141 ( Seattle, WA)",1300 E MADISON ST,Seattle,WA,98122,833-632-2778,E,,Public,,,4,,Electrify America,47.61388,-122.31477,2/1/2026,187906,2026-02-01 04:39:31 UTC,public,FALSE,FALSE
ELEC,St. Michael Medical Center - Pavilion Garage,1950 Myhre Rd,Silverdale,WA,98383,888-998-2546,E,,Public,,10,,,Blink Network,47.6583744,-122.6760529,2/1/2026,187971,2026-02-01 00:49:34 UTC,public,FALSE,FALSE
ELEC,UP EV STATION STATION 1,4540 8th Ave NE,Seattle,WA,98105,888-758-4389,E,,Public,,2,,,ChargePoint Network,47.662815,-122.31902,2/1/2026,188009,2026-02-01 02:11:33 UTC,public,FALSE,FALSE
ELEC,"BoA Georgetown WA3-129 (Seattle, WA)",1112 S BAILEY ST,Seattle,WA,98108,833-632-2778,E,,Public,,,4,,Electrify America,47.54795,-122.31837,2/1/2026,188130,2026-02-01 04:40:30 UTC,public,FALSE,FALSE
ELEC,Alley 24 East,221 Yale Avenue North,Seattle,WA,98109,888-998-2546,E,,Public,,4,,,Blink Network,47.620214,-122.330658,2/1/2026,188151,2026-02-01 00:55:04 UTC,public,FALSE,FALSE
ELEC,CITY OF SEATAC CITY HALL 2,4800 S 188th St,SeaTac,WA,98188,888-758-4389,E,,Public,,2,,,ChargePoint Network,47.434028,-122.273262,2/1/2026,189107,2026-02-01 01:27:58 UTC,public,FALSE,FALSE
ELEC,Porch Swing Properties,610 Front St,Lynden,WA,98264,833-692-6787,E,,Public,,1,,,AMPUP,48.942575,-122.455243,10/11/2022,189263,2023-02-14 15:54:11 UTC,public,FALSE,FALSE
ELEC,"The Outlet Collection ( Auburn, WA)",1101 Outlet Collection Way,Auburn,WA,98001,833-632-2778,E,,Public,,,4,,Electrify America,47.29764,-122.24928,2/1/2026,189391,2026-02-01 04:42:50 UTC,public,FALSE,FALSE
ELEC,LINC SQUARE EXP LSS P2 98-99,424 104th Ave NE,Bellevue,WA,98004,888-758-4389,E,,Public,,2,,,ChargePoint Network,47.614345,-122.200772,2/1/2026,190042,2026-02-01 01:22:35 UTC,public,FALSE,FALSE
ELEC,SAINT MARK'S SAINT MARKS,1245 10th Ave E,Seattle,WA,98102,888-758-4389,E,,Public,,2,,,ChargePoint Network,47.63173,-122.32099,2/1/2026,190176,2026-02-01 02:14:04 UTC,public,FALSE,FALSE
ELEC,Ridgewood Corporate Square Building G,11900 NE 1st Street,Bellevue,WA,98005,888-998-2546,E,,Public,,2,,,Blink Network,47.611519,-122.182197,2/1/2026,190533,2026-02-01 00:12:43 UTC,public,FALSE,FALSE
ELEC,Ridgewood Corporate Square Building D,220 120th Ave NE,Bellevue,WA,98005,888-998-2546,E,,Public,,2,,,Blink Network,47.611815,-122.178134,2/1/2026,190534,2026-02-01 00:12:43 UTC,public,FALSE,FALSE
ELEC,"Walmart 2196 (Port Angeles, WA)",3411 E KOLONELS WAY,Port Angeles,WA,98362,833-632-2778,E,,Public,,,4,,Electrify America,48.10993,-123.36134,2/1/2026,190877,2026-02-01 04:43:22 UTC,public,FALSE,FALSE
ELEC,The Society Hotel,210 N Cedar St,Bingen,WA,98605,509-774-4437,E,,Public,,2,,,Non-Networked,45.714228,-121.461813,7/3/2025,190911,2025-07-03 19:15:09 UTC,public,TRUE,FALSE
ELEC,KIRKLAND LIBRARY DUAL 2,308 Kirkland Ave,Kirkland,WA,98033,888-758-4389,E,,Public,,2,,,ChargePoint Network,47.675893,-122.203128,2/1/2026,191127,2026-02-01 01:22:12 UTC,public,FALSE,FALSE
ELEC,KIRKLAND MARINA DUAL 2,52 Kirkland Ave,Kirkland,WA,98033,888-758-4389,T,1/7/2026,TEMPORARILY UNAVAILABLE (Public),,2,,,ChargePoint Network,47.675556,-122.207383,2/1/2026,191128,2026-02-01 01:22:27 UTC,public,FALSE,FALSE
ELEC,KIRKLAND LIBRARY SOUTH 1,308 Kirkland Ave,Kirkland,WA,98033,888-758-4389,E,,Public,,2,,,ChargePoint Network,47.675788,-122.202958,2/1/2026,191129,2026-02-01 01:23:14 UTC,public,FALSE,FALSE
ELEC,KIRKLAND MARINA PARK 1,9 Lakeshore Plaza,Kirkland,WA,98033,888-758-4389,E,,Public,,2,,,ChargePoint Network,47.675365,-122.2075,2/1/2026,191130,2026-02-01 01:23:15 UTC,public,FALSE,FALSE
ELEC,KIRKLAND CITY HALL 1 CH,123 5th Ave,Kirkland,WA,98033,888-758-4389,T,12/21/2025,TEMPORARILY UNAVAILABLE (Public),,2,,,ChargePoint Network,47.678476,-122.206806,2/1/2026,191131,2026-02-01 01:23:17 UTC,public,FALSE,FALSE
ELEC,Harvard Market,1425 Broadway,Seattle,WA,98122,888-998-2546,E,,Public,,2,,,Blink Network,47.613498,-122.320931,2/1/2026,191223,2026-02-01 00:23:53 UTC,public,FALSE,FALSE
ELEC,DC CORRIDOR ZOO OTTER L2-S1,601 N 59th St,Seattle,WA,98103,888-758-4389,E,,Public,,1,,,ChargePoint Network,47.670285,-122.353765,2/1/2026,191238,2026-02-01 02:15:42 UTC,public,FALSE,FALSE
ELEC,DC CORRIDOR ZOO OTTER L2-D2,601 N 59th St,Seattle,WA,98103,888-758-4389,E,,Public,,2,,,ChargePoint Network,47.670287,-122.353696,2/1/2026,191239,2026-02-01 02:15:42 UTC,public,FALSE,FALSE
ELEC,DC CORRIDOR ZOO OTTER L2-D1,601 N 59th St,Seattle,WA,98103,888-758-4389,E,,Public,,2,,,ChargePoint Network,47.670292,-122.353627,2/1/2026,191240,2026-02-01 02:15:43 UTC,public,FALSE,FALSE
ELEC,"BoA Queen Anne WA3-154 (Seattle, WA)",100 W MERCER ST,Seattle,WA,98119,833-632-2778,E,,Public,,,3,,Electrify America,47.62482,-122.35829,2/1/2026,191264,2026-02-01 04:39:38 UTC,public,FALSE,FALSE
ELEC,LC TRANSIT MELLEN ST. 1,12 Airport Rd,Centralia,WA,98531,888-758-4389,T,12/30/2025,TEMPORARILY UNAVAILABLE (Public),,,1,,ChargePoint Network,46.711331,-122.976491,2/1/2026,191438,2026-02-01 02:14:18 UTC,public,FALSE,FALSE
ELEC,LC TRANSIT MELLEN ST. 2,12 Airport Rd,Centralia,WA,98531,888-758-4389,E,,Public,,2,,,ChargePoint Network,46.711291,-122.976524,2/1/2026,191439,2026-02-01 02:14:19 UTC,public,FALSE,FALSE
ELEC,NORTH COVE PARK STATION 1,1812 Main St,Lake Stevens,WA,98258,888-758-4389,E,,Public,,2,,,ChargePoint Network,48.014624,-122.065442,2/1/2026,191499,2026-02-01 02:16:04 UTC,public,FALSE,FALSE
ELEC,Norland Trails,Northwest Advance Drive,Poulsbo,WA,98370,888-998-2546,E,,Public,,2,,,Blink Network,47.7651883,-122.6573597,2/1/2026,191526,2026-02-01 00:53:54 UTC,public,FALSE,FALSE
ELEC,"Walmart 2037 (Aberdeen, WA)",909 E Wishkah St,Aberdeen,WA,98520,833-632-2778,E,,Public,,,4,,Electrify America,46.97642,-123.80708,2/1/2026,191770,2026-02-01 04:40:54 UTC,public,FALSE,FALSE
ELEC,Timber Ridge At Talus,100 Timber Ridge Way NW,Issaquah,WA,98027,888-998-2546,E,,Public,,1,,,Blink Network,47.53129,-122.06573,2/1/2026,192654,2026-02-01 00:56:08 UTC,public,FALSE,FALSE
ELEC,"Albertsons Safeway 1589 (Leavenworth, WA)",116 River Bend DR,Leavenworth,WA,98826,833-632-2778,E,,Public,,,4,,Electrify America,47.59736,-120.64588,2/1/2026,192747,2026-02-01 04:42:42 UTC,public,FALSE,FALSE
ELEC,Wonderland Estates,14645 Maple Valley Hwy,Renton,WA,98058,888-998-2546,E,,Public,,1,,,Blink Network,47.465678,-122.142289,2/1/2026,193046,2026-02-01 00:48:00 UTC,public,FALSE,FALSE
ELEC,HOPEWORKS HOPEWORKS 1,3315 Broadway,Everett,WA,98201,888-758-4389,E,,Public,,2,,,ChargePoint Network,47.97331,-122.201162,2/1/2026,193130,2026-02-01 01:46:33 UTC,public,FALSE,FALSE
ELEC,SMT Garage -700 5th Ave Seattle,700 5th Ave,Seattle,WA,98104,855-885-9571,E,,Public,,6,,,OpConnect,47.60521,-122.32972,2/1/2026,193408,2026-02-01 04:48:01 UTC,public,FALSE,FALSE
ELEC,SMT Garage - 700 5th Ave Seattle- DC Fast Charger,700 5th Ave N,Seattle,WA,98104,855-885-9571,E,,Public,,1,,,OpConnect,47.62606,-122.349,2/1/2026,193456,2026-02-01 04:48:01 UTC,public,FALSE,FALSE
ELEC,Everett Community College - Lot F,2000 Tower St Lot F,Everett,WA,98201,888-998-2546,E,,Public,,6,,,Blink Network,48.005854,-122.204166,2/1/2026,193457,2026-02-01 00:30:09 UTC,public,FALSE,FALSE
ELEC,SEA41 SEA41 - 1,2133 7th Ave,Seattle,WA,98119,888-758-4389,E,,Public,,2,,,ChargePoint Network,47.616159,-122.340064,2/1/2026,193598,2026-02-01 01:25:55 UTC,public,FALSE,FALSE
ELEC,AMZ SEA40 - 5,2021 7th Ave,Seattle,WA,98121,888-758-4389,E,,Public,,2,,,ChargePoint Network,47.615052,-122.338336,2/1/2026,193599,2026-02-01 01:30:35 UTC,public,FALSE,FALSE
ELEC,AMZ SEA40 - 6,2021 7th Ave,Seattle,WA,98121,888-758-4389,E,,Public,,2,,,ChargePoint Network,47.614986,-122.338444,2/1/2026,193600,2026-02-01 01:30:35 UTC,public,FALSE,FALSE
ELEC,AMZ SEA40 - 3,2021 7th Ave,Seattle,WA,98121,888-758-4389,E,,Public,,2,,,ChargePoint Network,47.61554,-122.338778,2/1/2026,193601,2026-02-01 01:30:35 UTC,public,FALSE,FALSE
ELEC,AMZ SEA40 - 4,2021 7th Ave,Seattle,WA,98121,888-758-4389,E,,Public,,2,,,ChargePoint Network,47.615059,-122.338454,2/1/2026,193602,2026-02-01 01:30:35 UTC,public,FALSE,FALSE
ELEC,AMZ SEA40 - 2,2021 7th Ave,Seattle,WA,98121,888-758-4389,E,,Public,,2,,,ChargePoint Network,47.615399,-122.338834,2/1/2026,193603,2026-02-01 01:30:35 UTC,public,FALSE,FALSE
ELEC,AMZ SEA40 - 1,2021 7th Ave,Seattle,WA,98121,888-758-4389,E,,Public,,2,,,ChargePoint Network,47.615489,-122.338786,2/1/2026,193604,2026-02-01 01:30:35 UTC,public,FALSE,FALSE
ELEC,SEA41 SEA41 - 4,2121 7th Ave,Seattle,WA,98121,888-758-4389,E,,Public,,2,,,ChargePoint Network,47.616253,-122.340184,2/1/2026,193605,2026-02-01 01:30:43 UTC,public,FALSE,FALSE
ELEC,SEA41 SEA41 - 3,2121 7th Ave,Seattle,WA,98121,888-758-4389,E,,Public,,2,,,ChargePoint Network,47.616246,-122.340184,2/1/2026,193606,2026-02-01 01:30:43 UTC,public,FALSE,FALSE
ELEC,SEA41 SEA41 - 6,2121 7th Ave,Seattle,WA,98121,888-758-4389,E,,Public,,2,,,ChargePoint Network,47.616231,-122.340205,2/1/2026,193607,2026-02-01 01:30:43 UTC,public,FALSE,FALSE
ELEC,SEA41 SEA41 - 2,2121 7th Ave,Seattle,WA,98121,888-758-4389,E,,Public,,2,,,ChargePoint Network,47.616129,-122.340052,2/1/2026,193608,2026-02-01 01:30:43 UTC,public,FALSE,FALSE
ELEC,SEA41 SEA41 - 5,2121 7th Ave,Seattle,WA,98121,888-758-4389,E,,Public,,2,,,ChargePoint Network,47.616224,-122.340227,2/1/2026,193609,2026-02-01 01:30:43 UTC,public,FALSE,FALSE
ELEC,AMZ SEA25.26 - 1,550 Terry Ave N,Seattle,WA,98109,888-758-4389,E,,Public,,1,,,ChargePoint Network,47.623336,-122.336584,2/1/2026,193611,2026-02-01 01:34:19 UTC,public,FALSE,FALSE
ELEC,AMZ SEA25.26 - 2,550 Terry Ave N,Seattle,WA,98109,888-758-4389,E,,Public,,1,,,ChargePoint Network,47.62334,-122.336589,2/1/2026,193612,2026-02-01 01:34:57 UTC,public,FALSE,FALSE
ELEC,AMZ SEA25.26 3,550 Terry Ave N,Seattle,WA,98109,888-758-4389,E,,Public,,1,,,ChargePoint Network,47.623333,-122.336648,2/1/2026,193613,2026-02-01 01:35:21 UTC,public,FALSE,FALSE
ELEC,AMZ SEA25.26 - 4,550 Terry Ave N,Seattle,WA,98109,888-758-4389,E,,Public,,1,,,ChargePoint Network,47.623327,-122.336677,2/1/2026,193614,2026-02-01 01:35:21 UTC,public,FALSE,FALSE
ELEC,AMZ SEA24 01,500 Boren Ave N.,Seattle,WA,98109,888-758-4389,E,,Public,,1,,,ChargePoint Network,47.623442,-122.335352,2/1/2026,193615,2026-02-01 01:35:33 UTC,public,FALSE,FALSE
ELEC,AMZ SEA24 02,500 Boren Ave N,Seattle,WA,98109,888-758-4389,E,,Public,,1,,,ChargePoint Network,47.623537,-122.335474,2/1/2026,193616,2026-02-01 01:35:46 UTC,public,FALSE,FALSE
ELEC,AMZ SEA20-22 001,440 Terry Ave N,Seattle,WA,98109,888-758-4389,E,,Public,,1,,,ChargePoint Network,47.622775,-122.336355,2/1/2026,193617,2026-02-01 01:36:01 UTC,public,FALSE,FALSE
ELEC,AMZ SEA20-22 002,440 Terry Ave N,Seattle,WA,98109,888-758-4389,E,,Public,,1,,,ChargePoint Network,47.622775,-122.336346,2/1/2026,193618,2026-02-01 01:36:01 UTC,public,FALSE,FALSE
ELEC,AMZ SEA20-22 004,440 Terry Ave N,Seattle,WA,98109,888-758-4389,E,,Public,,1,,,ChargePoint Network,47.623027,-122.3365,2/1/2026,193619,2026-02-01 01:36:15 UTC,public,FALSE,FALSE
ELEC,AMZ SEA20-22 003,440 Terry Ave N,Seattle,WA,98109,888-758-4389,E,,Public,,1,,,ChargePoint Network,47.623014,-122.336611,2/1/2026,193620,2026-02-01 01:36:15 UTC,public,FALSE,FALSE
ELEC,SEA27 28 SEA27-28 P4 001,345 Boren Ave N,Seattle,WA,98109,888-758-4389,E,,Public,,1,,,ChargePoint Network,47.621746,-122.336402,2/1/2026,193621,2026-02-01 01:36:22 UTC,public,FALSE,FALSE
ELEC,AMZ SEA27-28 P4 002,345 Boren Ave N,Seattle,WA,98109,888-758-4389,E,,Public,,1,,,ChargePoint Network,47.621821,-122.33637,2/1/2026,193622,2026-02-01 01:36:22 UTC,public,FALSE,FALSE
ELEC,SEA27 28 SEA27 28 P4 003,345 Boren Ave N,Seattle,WA,98109,888-758-4389,E,,Public,,2,,,ChargePoint Network,47.621851,-122.336423,2/1/2026,193623,2026-02-01 01:36:36 UTC,public,FALSE,FALSE
ELEC,SEA29 SEA29 - 1,207 Boren Ave N,Seattle,WA,98109,888-758-4389,E,,Public,,1,,,ChargePoint Network,47.620496,-122.33622,2/1/2026,193625,2026-02-01 01:37:34 UTC,public,FALSE,FALSE
ELEC,SEA29 SEA29 - 2,207 Boren Ave N,Seattle,WA,98109,888-758-4389,E,,Public,,1,,,ChargePoint Network,47.620275,-122.336253,2/1/2026,193626,2026-02-01 01:37:34 UTC,public,FALSE,FALSE
ELEC,SEA29 SEA29 - 4,207 Boren Ave N,Seattle,WA,98109,888-758-4389,E,,Public,,1,,,ChargePoint Network,47.620392,-122.336265,2/1/2026,193627,2026-02-01 01:37:44 UTC,public,FALSE,FALSE
ELEC,SEA29 SEA29 - 3,207 Boren Ave N,Seattle,WA,98109,888-758-4389,E,,Public,,1,,,ChargePoint Network,47.620267,-122.336259,2/1/2026,193628,2026-02-01 01:37:52 UTC,public,FALSE,FALSE
ELEC,SEA29 SEA29 - 5,207 Boren Ave,Seattle,WA,98109,888-758-4389,E,,Public,,1,,,ChargePoint Network,47.62036,-122.336252,2/1/2026,193629,2026-02-01 01:37:52 UTC,public,FALSE,FALSE
ELEC,AMZ SEA23 P1 001,535 Terry Ave N,Seattle,WA,98109,888-758-4389,E,,Public,,2,,,ChargePoint Network,47.623917,-122.337695,2/1/2026,193630,2026-02-01 01:38:29 UTC,public,FALSE,FALSE
ELEC,AMZ SEA42 - 7,2121 8th Ave,Seattle,WA,98121,888-758-4389,E,,Public,,2,,,ChargePoint Network,47.61664,-122.338877,2/1/2026,193631,2026-02-01 01:39:45 UTC,public,FALSE,FALSE
ELEC,AMZ SEA42 - 1,2121 8th Ave,Seattle,WA,98121,888-758-4389,E,,Public,,2,,,ChargePoint Network,47.61669,-122.338963,2/1/2026,193632,2026-02-01 01:39:45 UTC,public,FALSE,FALSE
ELEC,AMZ SEA42 - 9,2121 8th Ave,Seattle,WA,98121,888-758-4389,E,,Public,,2,,,ChargePoint Network,47.616677,-122.339024,2/1/2026,193633,2026-02-01 01:39:45 UTC,public,FALSE,FALSE
ELEC,AMZ SEA42 - 8,2121 8th Ave,Seattle,WA,98121,888-758-4389,E,,Public,,2,,,ChargePoint Network,47.616684,-122.339013,2/1/2026,193634,2026-02-01 01:39:45 UTC,public,FALSE,FALSE
ELEC,AMZ SEA42 - 3,2121 8th Ave,Seattle,WA,98121,888-758-4389,E,,Public,,2,,,ChargePoint Network,47.616676,-122.338931,2/1/2026,193635,2026-02-01 01:39:46 UTC,public,FALSE,FALSE
ELEC,AMZ SEA42 - 4,2121 8th Ave,Seattle,WA,98121,888-758-4389,E,,Public,,2,,,ChargePoint Network,47.61669,-122.338985,2/1/2026,193636,2026-02-01 01:39:46 UTC,public,FALSE,FALSE
ELEC,AMZ SEA42 - 10,2121 8th Ave,Seattle,WA,98121,888-758-4389,E,,Public,,2,,,ChargePoint Network,47.616684,-122.33897,2/1/2026,193637,2026-02-01 01:39:46 UTC,public,FALSE,FALSE
ELEC,AMZ SEA42 - 2,2121 8th Ave,Seattle,WA,98121,888-758-4389,E,,Public,,2,,,ChargePoint Network,47.616712,-122.33907,2/1/2026,193638,2026-02-01 01:39:46 UTC,public,FALSE,FALSE
ELEC,AMZ SEA42 - 6,2121 8th Ave,Seattle,WA,98121,888-758-4389,E,,Public,,2,,,ChargePoint Network,47.616632,-122.338942,2/1/2026,193639,2026-02-01 01:39:47 UTC,public,FALSE,FALSE
ELEC,AMZ SEA42 - 5,2121 8th Ave,Seattle,WA,98121,888-758-4389,E,,Public,,2,,,ChargePoint Network,47.616654,-122.338888,2/1/2026,193640,2026-02-01 01:39:47 UTC,public,FALSE,FALSE
ELEC,AMZ SEA43 - 5,2250 7th Ave,Seattle,WA,98121,888-758-4389,E,,Public,,2,,,ChargePoint Network,47.61751,-122.340955,2/1/2026,193641,2026-02-01 01:51:16 UTC,public,FALSE,FALSE
ELEC,AMZ SEA43 - 2,2250 7th Ave,Seattle,WA,98121,888-758-4389,E,,Public,,1,,,ChargePoint Network,47.617088,-122.339838,2/1/2026,193642,2026-02-01 01:51:17 UTC,public,FALSE,FALSE
ELEC,AMZ SEA43 - 7,2250 7th Ave,Seattle,WA,98121,888-758-4389,E,,Public,,1,,,ChargePoint Network,47.61751,-122.34093,2/1/2026,193643,2026-02-01 01:51:17 UTC,public,FALSE,FALSE
ELEC,AMZ SEA43 - 6,2250 7th Ave,Seattle,WA,98121,888-758-4389,E,,Public,,2,,,ChargePoint Network,47.617528,-122.340928,2/1/2026,193644,2026-02-01 01:51:17 UTC,public,FALSE,FALSE
ELEC,AMZ SEA43 - 3,2250 7th Ave,Seattle,WA,98121,888-758-4389,E,,Public,,2,,,ChargePoint Network,47.617167,-122.33982,2/1/2026,193645,2026-02-01 01:51:17 UTC,public,FALSE,FALSE
ELEC,AMZ SEA43 - 4,2250 7th Ave,Seattle,WA,98121,888-758-4389,E,,Public,,2,,,ChargePoint Network,47.617495,-122.340974,2/1/2026,193646,2026-02-01 01:51:18 UTC,public,FALSE,FALSE
ELEC,AMZ SEA43 - 1,2250 7th Ave,Seattle,WA,98121,888-758-4389,E,,Public,,2,,,ChargePoint Network,47.617111,-122.339836,2/1/2026,193647,2026-02-01 01:51:33 UTC,public,FALSE,FALSE
ELEC,AMZ SEA44 - 2,2200 6th Ave,Seattle,WA,98121,888-758-4389,E,,Public,,2,,,ChargePoint Network,47.616677,-122.341108,2/1/2026,193665,2026-02-01 02:08:38 UTC,public,FALSE,FALSE
ELEC,AMZ SEA44 - 3,2200 6th Ave,Seattle,WA,98121,888-758-4389,E,,Public,,2,,,ChargePoint Network,47.616638,-122.34103,2/1/2026,193666,2026-02-01 02:08:38 UTC,public,FALSE,FALSE
ELEC,AMZ SEA44 - 4,2200 6th Ave,Seattle,WA,98121,888-758-4389,E,,Public,,2,,,ChargePoint Network,47.616654,-122.341021,2/1/2026,193667,2026-02-01 02:08:39 UTC,public,FALSE,FALSE
ELEC,AMZ SEA44 - 1,2200 6th Ave,Seattle,WA,98121,888-758-4389,E,,Public,,2,,,ChargePoint Network,47.616696,-122.341147,2/1/2026,193668,2026-02-01 02:08:40 UTC,public,FALSE,FALSE
ELEC,AMZ SEA94 05,333 108th Ave NE,Bellevue,WA,98004,888-758-4389,E,,Public,,2,,,ChargePoint Network,47.613364,-122.196731,2/1/2026,193683,2026-02-01 02:12:56 UTC,public,FALSE,FALSE
ELEC,AMZ SEA94 10,333 108th Ave NE,Bellevue,WA,98004,888-758-4389,E,,Public,,2,,,ChargePoint Network,47.613372,-122.196796,2/1/2026,193684,2026-02-01 02:12:56 UTC,public,FALSE,FALSE
ELEC,AMZ SEA94 09,333 108th Ave NE,Bellevue,WA,98004,888-758-4389,E,,Public,,2,,,ChargePoint Network,47.613343,-122.196839,2/1/2026,193685,2026-02-01 02:12:56 UTC,public,FALSE,FALSE
ELEC,AMZ SEA94 04,333 108th Ave NE,Bellevue,WA,98004,888-758-4389,E,,Public,,2,,,ChargePoint Network,47.613386,-122.196667,2/1/2026,193686,2026-02-01 02:12:56 UTC,public,FALSE,FALSE
ELEC,AMZ SEA94 01,333 108th Ave NE,Bellevue,WA,98004,888-758-4389,E,,Public,,2,,,ChargePoint Network,47.613372,-122.196721,2/1/2026,193687,2026-02-01 02:12:56 UTC,public,FALSE,FALSE
ELEC,AMZ SEA94 02,333 108th Ave NE,Bellevue,WA,98004,888-758-4389,E,,Public,,2,,,ChargePoint Network,47.613386,-122.19671,2/1/2026,193688,2026-02-01 02:12:56 UTC,public,FALSE,FALSE
ELEC,AMZ SEA94 11,333 108th Ave NE,Bellevue,WA,98004,888-758-4389,E,,Public,,2,,,ChargePoint Network,47.61335,-122.196817,2/1/2026,193689,2026-02-01 02:12:56 UTC,public,FALSE,FALSE
ELEC,AMZ SEA94 06,333 108th Ave NE,Bellevue,WA,98004,888-758-4389,E,,Public,,2,,,ChargePoint Network,47.613401,-122.19671,2/1/2026,193690,2026-02-01 02:12:57 UTC,public,FALSE,FALSE
ELEC,AMZ SEA94 13,333 108th Ave NE,Bellevue,WA,98004,888-758-4389,E,,Public,,2,,,ChargePoint Network,47.613357,-122.196882,2/1/2026,193691,2026-02-01 02:12:57 UTC,public,FALSE,FALSE
ELEC,AMZ SEA94 08,333 108th Ave NE,Bellevue,WA,98004,888-758-4389,E,,Public,,2,,,ChargePoint Network,47.613364,-122.196774,2/1/2026,193692,2026-02-01 02:12:57 UTC,public,FALSE,FALSE
ELEC,AMZ SEA94 12,333 108th Ave NE,Bellevue,WA,98004,888-758-4389,E,,Public,,2,,,ChargePoint Network,47.613357,-122.196624,2/1/2026,193693,2026-02-01 02:12:57 UTC,public,FALSE,FALSE
ELEC,AMZ SEA94 07,333 108th Ave NE,Bellevue,WA,98004,888-758-4389,E,,Public,,2,,,ChargePoint Network,47.613343,-122.196753,2/1/2026,193694,2026-02-01 02:12:57 UTC,public,FALSE,FALSE
ELEC,AMZ SEA94 03,333 108th Ave NE,Bellevue,WA,98004,888-758-4389,E,,Public,,2,,,ChargePoint Network,47.613343,-122.196699,2/1/2026,193695,2026-02-01 02:12:57 UTC,public,FALSE,FALSE
ELEC,AMZ SEA94 14,333 108th Ave NE,Bellevue,WA,98004,888-758-4389,E,,Public,,2,,,ChargePoint Network,47.613106,-122.197548,2/1/2026,193711,2026-02-01 02:16:45 UTC,public,FALSE,FALSE
ELEC,The Century Apartments - Retail Parking,101 Taylor Ave N,Seattle,WA,98109,888-998-2546,E,,Public,,4,,,Blink Network,47.618918,-122.346874,2/1/2026,193780,2026-02-01 00:36:36 UTC,public,FALSE,FALSE
ELEC,The Century Apartments - Residential Parking,101 Taylor Ave N,Seattle,WA,98109,888-998-2546,E,,Public,,6,,,Blink Network,47.619488,-122.346886,2/1/2026,193830,2026-02-01 00:36:36 UTC,public,FALSE,FALSE
ELEC,UWB CASCADIA CC WEST LEVEL 2 N,18231 110th Ave NE,Bothell,WA,98011,888-758-4389,E,,Public,,2,,,ChargePoint Network,47.75969,-122.193886,2/1/2026,193876,2026-02-01 02:04:23 UTC,public,FALSE,FALSE
ELEC,UWB CASCADIA CC WEST LEVEL 4 W,18231 110th Ave NE,Bothell,WA,98011,888-758-4389,E,,Public,,2,,,ChargePoint Network,47.759644,-122.1939,2/1/2026,193877,2026-02-01 02:04:23 UTC,public,FALSE,FALSE
ELEC,UWB CASCADIA CC WEST LEVEL 2E,18231 110th Ave NE,Bothell,WA,98011,888-758-4389,E,,Public,,2,,,ChargePoint Network,47.75966,-122.19387,2/1/2026,193878,2026-02-01 02:04:23 UTC,public,FALSE,FALSE
ELEC,UWB CASCADIA CC WEST LEVEL 1 W,18231 110th Ave NE,Bothell,WA,98011,888-758-4389,E,,Public,,2,,,ChargePoint Network,47.759647,-122.193886,2/1/2026,193879,2026-02-01 02:04:23 UTC,public,FALSE,FALSE
ELEC,UWB CASCADIA CC WEST LEVEL 3 E,18231 110th Ave NE,Bothell,WA,98011,888-758-4389,E,,Public,,2,,,ChargePoint Network,47.75966,-122.19386,2/1/2026,193880,2026-02-01 02:04:24 UTC,public,FALSE,FALSE
ELEC,UWB CASCADIA CC WEST LEVEL 2 W,18231 110th Ave NE,Bothell,WA,98011,888-758-4389,E,,Public,,2,,,ChargePoint Network,47.75964,-122.19391,2/1/2026,193881,2026-02-01 02:04:27 UTC,public,FALSE,FALSE
ELEC,"Kroger Fred Meyer 655 (Port Orchard, WA)",1900 SE Sedgwick Rd,Port Orchard,WA,98366,833-632-2778,E,,Public,,,4,,Electrify America,47.50453,-122.62941,2/1/2026,193924,2026-02-01 04:41:20 UTC,public,FALSE,FALSE
ELEC,UWB CASCADIA CC WEST LEVEL 1 E,18231 110th Ave NE,Bothell,WA,98011,888-758-4389,E,,Public,,2,,,ChargePoint Network,47.759598,-122.193902,2/1/2026,193929,2026-02-01 02:04:23 UTC,public,FALSE,FALSE
ELEC,Overlake Medical Pavilion - Garage 5,1231 116th Ave NE,Bellevue,WA,98004,888-998-2546,E,,Public,,4,,,Blink Network,47.621194,-122.186139,2/1/2026,193933,2026-02-01 00:06:07 UTC,public,FALSE,FALSE
ELEC,Red Parking Lot,110 9th Ave SW,Puyallup,WA,98371,888-998-2546,E,,Public,,4,,,Blink Network,47.185296,-122.299236,2/1/2026,194033,2026-02-01 00:05:59 UTC,public,FALSE,FALSE
ELEC,AHP STATIONS HAAGEN 1,1330 NE 136th Ave,Vancouver,WA,98684,888-758-4389,E,,Public,,2,,,ChargePoint Network,45.632629,-122.535748,2/1/2026,194315,2026-02-01 02:16:33 UTC,public,FALSE,FALSE
ELEC,AHP STATIONS HAAGEN 2,1330 NE 136th Ave,Vancouver,WA,98684,888-758-4389,E,,Public,,2,,,ChargePoint Network,45.631786,-122.535136,2/1/2026,194316,2026-02-01 02:16:34 UTC,public,FALSE,FALSE
ELEC,1217 STATE SATURNA 01,1217 N State St,Bellingham,WA,98225,888-758-4389,E,,Public,,2,,,ChargePoint Network,48.747824,-122.478347,2/1/2026,194653,2026-02-01 02:16:54 UTC,public,FALSE,FALSE
ELEC,HUB Garage,19235 International Boulevard,Seattle,WA,98188,888-998-2546,E,,Public,,44,,,Blink Network,47.43001676,-122.2961501,2/1/2026,194709,2026-02-01 00:47:21 UTC,public,FALSE,FALSE
ELEC,531608  UW Tacoma C17 Garage,1717 Market Street,Tacoma,WA,98402,888-998-2546,E,,Public,,6,,,Blink Network,47.2464713,-122.4396442,2/1/2026,194710,2026-02-01 00:12:01 UTC,public,FALSE,FALSE
ELEC,Light House Park,609 Front Street,Mukilteo,WA,98275,888-998-2546,E,,Public,,1,,,Blink Network,47.9487555,-122.3062009,2/1/2026,194789,2026-02-01 00:19:58 UTC,public,FALSE,FALSE
ELEC,Main Street #5,Main & 6th Streets.,Edmonds,WA,98020,888-998-2546,E,,Public,,1,,,Blink Network,47.8105149,-122.3748742,2/1/2026,194790,2026-02-01 00:15:25 UTC,public,FALSE,FALSE
ELEC,Willows A,11431 Willows Road,Redmond,WA,98052,888-998-2546,E,,Public,,2,,,Blink Network,47.7034052,-122.1537852,2/1/2026,194791,2026-02-01 00:24:37 UTC,public,FALSE,FALSE
ELEC,PUD Lot on Govan St.,150 N. Govan Ave,Sequim,WA,98382,888-998-2546,E,,Public,,2,,,Blink Network,48.07988782,-123.097497,2/1/2026,194793,2026-02-01 00:19:52 UTC,public,FALSE,FALSE
ELEC,"Plaza by the Green - 24437 Russell Rd, Kent",24437 Russell Rd,Kent,WA,98032,866-816-7584,E,,Public,,4,2,,EV Connect,47.382188,-122.261354,2/1/2026,194916,2026-02-01 04:57:20 UTC,public,FALSE,FALSE
ELEC,SNOQUALMIE CITY FALLS AVE,8125 Falls Ave SE,Snoqualmie,WA,98065,888-758-4389,E,,Public,,2,,,ChargePoint Network,47.527683,-121.8237,2/1/2026,194942,2026-02-01 02:18:12 UTC,public,FALSE,FALSE
ELEC,SNOQUALMIE CITY COMMUNITY LOT,35016 SE Ridge St,Snoqualmie,WA,98065,888-758-4389,E,,Public,,2,,,ChargePoint Network,47.532721,-121.873105,2/1/2026,194943,2026-02-01 02:18:12 UTC,public,FALSE,FALSE
ELEC,Shoalwater Bay Casino,4112 State Route 105,Grayland,WA,98590,888-998-2546,E,,Public,,2,,,Blink Network,46.84844697,-124.1058846,2/1/2026,194995,2026-02-01 00:10:29 UTC,public,FALSE,FALSE
ELEC,Hotel lndigo Everett,1028 13th Street,Everett,WA,98201,888-998-2546,E,,Public,,4,,,Blink Network,48.0000028,-122.2146431,2/1/2026,195057,2026-02-01 00:19:50 UTC,public,FALSE,FALSE
ELEC,City of Waitsburg,128 Coppei Avenue,Waitsburg,WA,99361,888-998-2546,E,,Public,,1,,,Blink Network,46.2707488,-118.1532507,2/1/2026,195058,2026-02-01 00:47:24 UTC,public,FALSE,FALSE
ELEC,1203 Parking Lot,1203 26th Street,Anacortes,WA,98221,888-998-2546,E,,Public,,1,,,Blink Network,48.5012896,-122.6152529,2/1/2026,195114,2026-02-01 00:27:44 UTC,public,FALSE,FALSE
ELEC,531606  Willows Commerce Park - DigiPen,9931 Willows Road,Redmond,WA,98052,888-998-2546,E,,Public,,6,,,Blink Network,47.688818,-122.150315,2/1/2026,195116,2026-02-01 00:11:55 UTC,public,FALSE,FALSE
ELEC,929 Office Tower,929 108th Avenue NE,Bellevue,WA,98004,888-998-2546,E,,Public,,6,,,Blink Network,47.618317,-122.1969022,2/1/2026,195117,2026-02-01 00:11:41 UTC,public,FALSE,FALSE
ELEC,Sunset North,3100 139th Avenue Southeast,Bellevue,WA,98005,888-998-2546,E,,Public,,6,,,Blink Network,47.582405,-122.153989,2/1/2026,195119,2026-02-01 00:08:30 UTC,public,FALSE,FALSE
ELEC,431602  Kinects Tower - 1823 Minor Avenue,1823 Minor Avenue,Seattle,WA,98101,888-998-2546,T,10/4/2025,TEMPORARILY UNAVAILABLE (Public),,3,,,Blink Network,47.6171782,-122.3313731,2/1/2026,195120,2026-02-01 00:11:40 UTC,public,FALSE,FALSE
ELEC,Queen Anne Square,200 West Mercer Street,Seattle,WA,98119,888-998-2546,E,,Public,,4,,,Blink Network,47.6246042,-122.3593182,2/1/2026,195123,2026-02-01 00:23:10 UTC,public,FALSE,FALSE
ELEC,Washington State Convention Center Parking Garage,705 Pike ST,Seattle,WA,98101,888-998-2546,E,,Public,,4,,,Blink Network,47.61137828,-122.3314401,2/1/2026,195124,2026-02-01 00:30:34 UTC,public,FALSE,FALSE
ELEC,Cornerstone,4501 Intelco Loop SE,Lacey,WA,98503,888-998-2546,E,,Public,,2,,,Blink Network,47.0001351,-122.8280101,2/1/2026,195133,2026-02-01 00:19:54 UTC,public,FALSE,FALSE
ELEC,Kalaloch Lodge,157151 Hwy 101,Forks,WA,98331,888-998-2546,E,,Public,,3,,,Blink Network,47.96137107,-124.3960576,2/1/2026,195135,2026-02-01 00:10:15 UTC,public,FALSE,FALSE
ELEC,Willows Building D,12034 134th Court Northeast,Redmond,WA,98052,888-998-2546,E,,Public,,4,,,Blink Network,47.7088267,-122.1601307,2/1/2026,195247,2026-02-01 00:55:15 UTC,public,FALSE,FALSE
ELEC,Blue Lot,"712 Nollmeyer Lane, Tacoma, WA",Tacoma,WA,98405,888-998-2546,T,12/14/2025,TEMPORARILY UNAVAILABLE (Public),,1,,,Blink Network,47.2535492,-122.4469825,2/1/2026,195253,2026-02-01 00:19:53 UTC,public,FALSE,FALSE
ELEC,431004  The Reserve at CTC,600 Southeast 177th Avenue,Vancouver,WA,98683,888-998-2546,E,,Public,,4,,,Blink Network,45.6183882,-122.4917385,2/1/2026,195257,2026-02-01 00:12:04 UTC,public,FALSE,FALSE
ELEC,531616 - Marion & Minor Garage,1101 Madison Street,Seattle,WA,98104,888-998-2546,E,,Public,,6,,,Blink Network,47.6091997,-122.3241094,2/1/2026,195289,2026-02-01 00:13:31 UTC,public,FALSE,FALSE
ELEC,450 Alaskan Garage,450 Alaskan Way,Seattle,WA,98104,888-998-2546,E,,Public,,3,,,Blink Network,47.5987016,-122.3351902,2/1/2026,195292,2026-02-01 00:08:45 UTC,public,FALSE,FALSE
ELEC,192nd West Lofts,2220 Southeast 192nd Avenue,Camas,WA,98607,888-998-2546,E,,Public,,11,,,Blink Network,45.6040109,-122.4757978,2/1/2026,195386,2026-02-01 00:47:04 UTC,public,FALSE,FALSE
ELEC,City Hall,625 S College Ave,College Place,WA,99324,888-998-2546,E,,Public,,2,,,Blink Network,46.0427838,-118.3869759,2/1/2026,195412,2026-02-01 00:48:50 UTC,public,FALSE,FALSE
ELEC,Plaza East,11100 Northeast 8th Street,Bellevue,WA,98004,888-998-2546,E,,Public,,2,,,Blink Network,47.6177789,-122.1915562,2/1/2026,195413,2026-02-01 00:55:02 UTC,public,FALSE,FALSE
ELEC,"Port of Seattle, Fishermen's Terminal, West Wall BLDG",4005 20th Avenue West,Seattle,WA,98199,888-998-2546,E,,Public,,4,,,Blink Network,47.65588111,-122.3827633,2/1/2026,195414,2026-02-01 00:08:40 UTC,public,FALSE,FALSE
ELEC,531613 - 1000-1100 Dexter Avenue N,1000 Dexter Avenue North,Seattle,WA,98109,888-998-2546,E,,Public,,8,,,Blink Network,47.6283848,-122.3418983,2/1/2026,195415,2026-02-01 00:10:20 UTC,public,FALSE,FALSE
ELEC,Sidneysea LLC - Brazil,400 9th Avenue North,Seattle,WA,98109,888-998-2546,E,,Public,,3,,,Blink Network,47.6228746,-122.3394194,2/1/2026,195416,2026-02-01 00:47:28 UTC,public,FALSE,FALSE
ELEC,Gateway Transit Center,123 East Front Street,Port Angeles,WA,98362,888-998-2546,E,,Public,,1,,,Blink Network,48.1197291,-123.4322999,2/1/2026,195417,2026-02-01 00:08:27 UTC,public,FALSE,FALSE
ELEC,505 First Garage,505 1st Avenue South,Seattle,WA,98104,888-998-2546,E,,Public,,16,,,Blink Network,47.5974244,-122.3347174,2/1/2026,195418,2026-02-01 00:08:44 UTC,public,FALSE,FALSE
ELEC,1007 Stewart Street/ service decline,1007 Stewart Street,Seattle,WA,98101,888-998-2546,E,,Public,,1,,,Blink Network,47.6163395,-122.3330877,2/1/2026,195496,2026-02-01 00:16:56 UTC,public,FALSE,FALSE
ELEC,"531603 701 Pike Street (Seattle), LLC",701 Pike Street,Seattle,WA,98101,888-998-2546,E,,Public,,6,,,Blink Network,47.6115019,-122.3329014,2/1/2026,195497,2026-02-01 00:08:45 UTC,public,FALSE,FALSE
ELEC,La Quinta Burlington,1670 S. Burlington Blvd,Burlington,WA,98233,888-998-2546,T,8/29/2025,TEMPORARILY UNAVAILABLE (Public),,2,,,Blink Network,48.454081,-122.334149,2/1/2026,195545,2026-02-01 00:50:17 UTC,public,FALSE,FALSE
ELEC,The Corydon,"5101 25th Ave NE,",Seattle,WA,98105,888-998-2546,E,,Public,,2,,,Blink Network,47.618848,-122.3467506,2/1/2026,195549,2026-02-01 00:49:02 UTC,public,FALSE,FALSE
ELEC,Waterfront Place,1011 Western Avenue,Seattle,WA,98104,888-998-2546,E,,Public,,1,,,Blink Network,47.6044756,-122.3378981,2/1/2026,195550,2026-02-01 00:52:02 UTC,public,FALSE,FALSE
ELEC,531609  Pierce County Annex,2401 South 35th Street,Tacoma,WA,98409,888-998-2546,E,,Public,,6,,,Blink Network,47.22830373,-122.4675536,2/1/2026,195555,2026-02-01 00:15:13 UTC,public,FALSE,FALSE
ELEC,Columbia Center Building,1115 SE 164th Avenue,Vancouver,WA,98683,888-998-2546,E,,Public,,2,,,Blink Network,45.613275,-122.50409,2/1/2026,195716,2026-02-01 00:49:40 UTC,public,FALSE,FALSE
ELEC,Quillayute River Resort,473 Mora Rd,Forks,WA,98331,360-374-7447,E,,Public - Credit card at all times,,2,,,Non-Networked,47.91480595,-124.5444948,7/3/2025,196041,2025-07-03 19:15:09 UTC,public,TRUE,FALSE
ELEC,EZstop Kalama Waterfront,215 N Hendrickson Dr,Kalama,WA,98625,503-257-6111,E,,Public - Credit card at all times,,,4,,Non-Networked,46.00398293,-122.8453115,7/3/2025,196042,2025-07-03 19:15:09 UTC,public,FALSE,FALSE
ELEC,COLLEGE HALL CROSBY HOUSE,508 E Sharp Ave,Spokane,WA,99258,888-758-4389,E,,Public,,2,,,ChargePoint Network,47.669317,-117.402327,2/1/2026,196377,2026-02-01 02:20:27 UTC,public,FALSE,FALSE
ELEC,TPS FACILITIES BROWNS POINTE 2,1526 51st St NE,Tacoma,WA,98422,888-758-4389,E,,Public,,2,,,ChargePoint Network,47.30283,-122.424971,2/1/2026,196578,2026-02-01 02:15:42 UTC,public,FALSE,FALSE
ELEC,NPS PWR LARO- Headquarters,1008 Crest Dr,Coulee Dam,WA,99116,,E,,Private - Government only,1,,,,Non-Networked,47.969278,-118.968139,1/13/2026,197030,2026-01-13 01:16:14 UTC,private,,TRUE
ELEC,NPS PWR NOCA-Marblemount Ranger Station,7280 Ranger Station Rd,Marblemount,WA,98267,,E,,Private - Government only,1,,,,Non-Networked,48.53841,-121.448148,1/13/2026,197031,2026-01-13 01:16:14 UTC,private,,TRUE
ELEC,NPS PWR NOCA-Stehkin Golden West VC,,Marblemount,WA,98267,,E,,Private - Government only,1,,,,Non-Networked,48.666724,-121.264849,1/13/2026,197033,2026-01-13 01:16:14 UTC,private,,TRUE
ELEC,Columbia Basin JCC,,Moses Lake,WA,98837,,E,,Private - Government only,1,,,,Non-Networked,47.130142,-119.278077,12/12/2025,197034,2025-12-12 22:54:41 UTC,private,,TRUE
ELEC,Ft. Simcoe JCC,146 Job Corp Ln,White Swan,WA,98952,,E,,Private - Government only,1,,,,Non-Networked,46.339724,-120.85306,12/12/2025,197037,2025-12-12 22:54:41 UTC,private,,TRUE
ELEC,Schoolhouse District,13205 NE 175th St.,Woodinville,WA,98072,888-998-2546,E,,Public,,10,,,Blink Network,47.7534858,-122.1629554,2/1/2026,197049,2026-02-01 00:39:47 UTC,public,FALSE,FALSE
ELEC,Geo Apartments,17990 Midvale Avenue North,Shoreline,WA,98133,888-998-2546,E,,Public,,2,,,Blink Network,47.7592911,-122.3448427,2/1/2026,197153,2026-02-01 00:55:26 UTC,public,FALSE,FALSE
ELEC,IBEW Local 191,306 Anderson Rd,Mt. Vernon,WA,98273,,E,,Public - Credit card at all times,,1,,,Non-Networked,48.39901203,-122.333583,8/10/2023,197436,2025-11-19 16:38:02 UTC,public,FALSE,FALSE
ELEC,Hampton Inn & Suites Portland/Vancouver,315 SE Olympia Dr,Vancouver,WA,98684,360-891-3000,E,,Public - Credit card at all times,,1,,,Non-Networked,45.618949,-122.525453,7/3/2025,197438,2025-07-03 19:15:09 UTC,public,TRUE,FALSE
ELEC,Providence Regional Medical Center Everett,1717 13th Street,Everett,WA,98201,888-998-2546,E,,Public,,7,,,Blink Network,48.00101,-122.2061313,2/1/2026,197638,2026-02-01 00:55:30 UTC,public,FALSE,FALSE
ELEC,Hoh Valley Cabins,5843 Upper Hoh Rd,Forks,WA,98331,,E,,Public - Credit card at all times,,2,,,Non-Networked,47.81768529,-124.1518516,12/12/2025,197726,2025-12-12 22:54:41 UTC,public,TRUE,FALSE
ELEC,Hobuck Beach Resorts South,2726 Makah Passage,Neah Bay,WA,98357,360-645-2339,E,,Public - Credit card at all times,,1,,,Non-Networked,48.33317861,-124.6600293,12/12/2025,197727,2025-12-12 22:54:41 UTC,public,TRUE,FALSE
ELEC,KING COUNTY WTD BRIGHTWATER - 1,22503 WA-9,Woodinville,WA,98072,888-758-4389,E,,Public,,2,,,ChargePoint Network,47.793213,-122.14057,2/1/2026,197830,2026-02-01 02:17:19 UTC,public,FALSE,FALSE
ELEC,KING COUNTY WTD BRIGHTWATER - 2,22503 WA-9,Woodinville,WA,98072,888-758-4389,E,,Public,,2,,,ChargePoint Network,47.793168,-122.140579,2/1/2026,197831,2026-02-01 02:17:19 UTC,public,FALSE,FALSE
ELEC,KING COUNTY WTD BRIGHTWATER - 4,22503 WA-9,Woodinville,WA,98072,888-758-4389,E,,Public,,2,,,ChargePoint Network,47.793094,-122.140577,2/1/2026,197832,2026-02-01 02:17:20 UTC,public,FALSE,FALSE
ELEC,KING COUNTY WTD BRIGHTWATER - 3,22503 WA-9,Woodinville,WA,98072,888-758-4389,E,,Public,,2,,,ChargePoint Network,47.793124,-122.140598,2/1/2026,197833,2026-02-01 02:17:20 UTC,public,FALSE,FALSE
ELEC,RADIATE 4000 RADIATE 1,15808 Bear Creek Pkwy,Redmond,WA,98052,888-758-4389,E,,Public,,2,,,ChargePoint Network,47.673795,-122.128859,2/1/2026,197922,2026-02-01 02:16:12 UTC,public,FALSE,FALSE
ELEC,RADIATE 4000 RADIATE 2,15808 Bear Creek Pkwy,Redmond,WA,98052,888-758-4389,E,,Public,,1,,,ChargePoint Network,47.673824,-122.128893,2/1/2026,197923,2026-02-01 02:16:12 UTC,public,FALSE,FALSE
ELEC,Tacoma Recovery and Transfer Center,3510 South Mullen Street,Tacoma,WA,98368,888-998-2546,E,,Public,,6,,,Blink Network,47.22802756,-122.4993181,2/1/2026,198034,2026-02-01 00:56:35 UTC,public,FALSE,FALSE
ELEC,CPA STATION 10,305 Thomas St,Seattle,WA,98109,888-758-4389,E,,Public,,2,,,ChargePoint Network,47.621409,-122.353711,2/1/2026,198135,2026-02-01 02:21:08 UTC,public,FALSE,FALSE
ELEC,CPA STATION 4,305 Thomas St,Seattle,WA,98109,888-758-4389,E,,Public,,2,,,ChargePoint Network,47.621311,-122.353622,2/1/2026,198136,2026-02-01 02:21:08 UTC,public,FALSE,FALSE
ELEC,CPA STATION 3,305 Thomas St,Seattle,WA,98109,888-758-4389,E,,Public,,2,,,ChargePoint Network,47.621313,-122.353652,2/1/2026,198142,2026-02-01 02:22:08 UTC,public,FALSE,FALSE
ELEC,CPA STATION 12,305 Thomas St,Seattle,WA,98109,888-758-4389,E,,Public,,2,,,ChargePoint Network,47.621413,-122.353638,2/1/2026,198143,2026-02-01 02:22:08 UTC,public,FALSE,FALSE
ELEC,CPA STATION 8,305 Thomas St,Seattle,WA,98109,888-758-4389,E,,Public,,2,,,ChargePoint Network,47.621376,-122.353648,2/1/2026,198144,2026-02-01 02:22:08 UTC,public,FALSE,FALSE
ELEC,CPA STATION 11,305 Thomas St,Seattle,WA,98109,888-758-4389,E,,Public,,2,,,ChargePoint Network,47.621411,-122.353676,2/1/2026,198145,2026-02-01 02:22:08 UTC,public,FALSE,FALSE
ELEC,CPA STATION 5,305 Thomas St,Seattle,WA,98109,888-758-4389,E,,Public,,2,,,ChargePoint Network,47.621312,-122.353589,2/1/2026,198147,2026-02-01 02:22:09 UTC,public,FALSE,FALSE
ELEC,CPA STATION 7,305 Thomas St,Seattle,WA,98109,888-758-4389,E,,Public,,2,,,ChargePoint Network,47.621377,-122.353675,2/1/2026,198148,2026-02-01 02:22:09 UTC,public,FALSE,FALSE
ELEC,CPA STATION 6,305 Thomas St,Seattle,WA,98109,888-758-4389,E,,Public,,2,,,ChargePoint Network,47.621377,-122.353708,2/1/2026,198149,2026-02-01 02:22:09 UTC,public,FALSE,FALSE
ELEC,CPA STATION 2,305 Thomas St,Seattle,WA,98109,888-758-4389,E,,Public,,2,,,ChargePoint Network,47.621309,-122.353679,2/1/2026,198150,2026-02-01 02:22:10 UTC,public,FALSE,FALSE
ELEC,CPA STATION 9,305 Thomas St,Seattle,WA,98109,888-758-4389,E,,Public,,2,,,ChargePoint Network,47.621378,-122.35362,2/1/2026,198151,2026-02-01 02:22:10 UTC,public,FALSE,FALSE
ELEC,TPS FACILITIES BROWNS POINT #3,1526 51st St NE,Tacoma,WA,98422,888-758-4389,E,,Public,,1,,,ChargePoint Network,47.302692,-122.424934,2/1/2026,198202,2026-02-01 02:15:43 UTC,public,FALSE,FALSE
ELEC,"QFC 807 (Seattle, WA)",2746 NE 45th St,Seattle,WA,98105,833-632-2778,E,,Public,,,4,,Electrify America,47.66149,-122.29641,2/1/2026,199190,2026-02-01 04:39:26 UTC,public,FALSE,FALSE
ELEC,CITY LIGHT BURIEN LIBRARY,15135 4th Ave SW,Burien,WA,98166,888-758-4389,E,,Public,,,1,,ChargePoint Network,47.467371,-122.33941,2/1/2026,199383,2026-02-01 02:22:37 UTC,public,FALSE,FALSE
ELEC,KETA 2355 KETA 8 ADA,12355 NE District Way,Bellevue,WA,98005,888-758-4389,E,,Public,,1,,,ChargePoint Network,47.621055,-122.175961,2/1/2026,199480,2026-02-01 02:16:49 UTC,public,FALSE,FALSE
ELEC,KETA 2355 KETA 2,12355 NE District Wy,Bellevue,WA,98005,888-758-4389,E,,Public,,2,,,ChargePoint Network,47.62119,-122.176009,2/1/2026,199481,2026-02-01 02:16:49 UTC,public,FALSE,FALSE
ELEC,KETA 2355 KETA 4,12355 NE District Wy,Bellevue,WA,98005,888-758-4389,E,,Public,,2,,,ChargePoint Network,47.62118,-122.175985,2/1/2026,199483,2026-02-01 02:16:49 UTC,public,FALSE,FALSE
ELEC,KETA 2355 KETA 1,12355 NE District Wy,Bellevue,WA,98005,888-758-4389,E,,Public,,2,,,ChargePoint Network,47.621179,-122.176023,2/1/2026,199484,2026-02-01 02:16:49 UTC,public,FALSE,FALSE
ELEC,KETA 2355 KETA 5,12355 NE District Wy,Bellevue,WA,98005,888-758-4389,E,,Public,,2,,,ChargePoint Network,47.621104,-122.175923,2/1/2026,199485,2026-02-01 02:16:49 UTC,public,FALSE,FALSE
ELEC,KETA 2355 KETA 6,12355 NE District Way,Bellevue,WA,98005,888-758-4389,E,,Public,,2,,,ChargePoint Network,47.620982,-122.175927,2/1/2026,199486,2026-02-01 02:16:50 UTC,public,FALSE,FALSE
ELEC,KETA 2355 KETA 7,12355 NE District Way,Bellevue,WA,98005,888-758-4389,E,,Public,,2,,,ChargePoint Network,47.620905,-122.175829,2/1/2026,199487,2026-02-01 02:16:50 UTC,public,FALSE,FALSE
ELEC,MDS QUINCY DCQUINCYMWH0601,1515 Port Industrial Way,Quincy,WA,98848,888-758-4389,E,,Public,,1,,,ChargePoint Network,47.238641,-119.895401,2/1/2026,199492,2026-02-01 02:19:08 UTC,public,FALSE,FALSE
ELEC,MDS QUINCY DCQUINCYMWH0602,1515 Port Industrial Way,Quincy,WA,98848,888-758-4389,E,,Public,,1,,,ChargePoint Network,47.238277,-119.895745,2/1/2026,199493,2026-02-01 02:19:08 UTC,public,FALSE,FALSE
ELEC,THE OLIVIAN OLIVIAN #1,809 Olive Way,Seattle,WA,98101,888-758-4389,E,,Public,,2,,,ChargePoint Network,47.614104,-122.33319,2/1/2026,200406,2026-02-01 01:06:44 UTC,public,FALSE,FALSE
ELEC,THE OLIVIAN OLIVIAN #2,809 Olive Way,Seattle,WA,98101,888-758-4389,E,,Public,,2,,,ChargePoint Network,47.614112,-122.333147,2/1/2026,200407,2026-02-01 01:08:41 UTC,public,FALSE,FALSE
ELEC,PROPELLER1 PAINEFIELD STA1,3300 100th St. SW,Everett,WA,98204,888-758-4389,E,,Public,,2,,,ChargePoint Network,47.909011,-122.278394,2/1/2026,200976,2026-02-01 01:34:53 UTC,public,FALSE,FALSE
ELEC,"Kroger Fred Meyer 691 (Gig Harbor, WA)",5502 Point Fosdick Drive NW,Gig Harbor,WA,98335,833-632-2778,E,,Public,,,4,,Electrify America,47.30668,-122.58015,2/1/2026,201423,2026-02-01 04:40:07 UTC,public,FALSE,FALSE
ELEC,Willows Building B,12277 134th Court Northeast,Redmond,WA,98052,888-998-2546,E,,Public,,2,,,Blink Network,47.7096188,-122.1623907,2/1/2026,201439,2026-02-01 00:56:46 UTC,public,FALSE,FALSE
ELEC,"FRED MEYER 608 (Ballard, WA)",915 NW 45th Street,Seattle,WA,98107,833-632-2778,E,,Public,,,3,,Electrify America,47.6594,-122.36947,2/1/2026,201474,2026-02-01 04:39:42 UTC,public,FALSE,FALSE
ELEC,"Kroger QFC 126 (Lacey, WA)",4775 Whitman Lane SE,Lacey,WA,98512,833-632-2778,E,,Public,,,4,,Electrify America,46.99538,-122.82349,2/1/2026,201629,2026-02-01 04:42:44 UTC,public,FALSE,FALSE
ELEC,Belfair Log Plaza,23730 WA-3,Belfair,WA,98528,888-998-2546,E,,Public,,2,,,Blink Network,47.451373,-122.826865,2/1/2026,201852,2026-02-01 00:56:09 UTC,public,FALSE,FALSE
ELEC,SIA W GARAGE F.1 #4,9000 W Airport Dr.,Spokane,WA,99224,888-758-4389,E,,Public,,1,,,ChargePoint Network,47.62497,-117.539743,2/1/2026,201991,2026-02-01 02:25:30 UTC,public,FALSE,FALSE
ELEC,SIA W GARAGE F.1 #7,9000 W Airport Dr.,Spokane,WA,99224,888-758-4389,E,,Public,,1,,,ChargePoint Network,47.625057,-117.53991,2/1/2026,201992,2026-02-01 02:25:30 UTC,public,FALSE,FALSE
ELEC,"Community Food Co-Op: 315 Westerly Rd, Bellingham",315 Westerly Rd,Bellingham,WA,98226,866-816-7584,E,,Public,,2,2,,EV Connect,48.791677,-122.492894,2/1/2026,202101,2026-02-01 04:57:20 UTC,public,FALSE,FALSE
ELEC,Sunnyside High School,1831 East Edison Avenue,Sunnyside,WA,98944,888-998-2546,E,,Public,,4,,,Blink Network,46.32328589,-119.993958,2/1/2026,202167,2026-02-01 00:56:51 UTC,public,FALSE,FALSE
ELEC,SIA W GARAGE F.1 #5,9000 W Airport Dr.,Spokane,WA,99224,888-758-4389,E,,Public,,2,,,ChargePoint Network,47.624986,-117.539808,2/1/2026,202322,2026-02-01 02:25:29 UTC,public,FALSE,FALSE
ELEC,SIA W GARAGE F.1 #3,9000 W Airport Dr.,Spokane,WA,99224,888-758-4389,E,,Public,,2,,,ChargePoint Network,47.625019,-117.539665,2/1/2026,202323,2026-02-01 02:25:29 UTC,public,FALSE,FALSE
ELEC,SIA W GARAGE F.1 #2,9000 W Airport Dr.,Spokane,WA,99224,888-758-4389,E,,Public,,2,,,ChargePoint Network,47.625059,-117.539598,2/1/2026,202324,2026-02-01 02:25:30 UTC,public,FALSE,FALSE
ELEC,SIA W GARAGE F.1 #6,9000 W Airport Dr.,Spokane,WA,99224,888-758-4389,E,,Public,,2,,,ChargePoint Network,47.625024,-117.539864,2/1/2026,202325,2026-02-01 02:25:30 UTC,public,FALSE,FALSE
ELEC,ILANI STATION 2,1 Cowlitz Way,Ridgefield,WA,98642,888-758-4389,E,,Public,,2,,,ChargePoint Network,45.852238,-122.708784,2/1/2026,202468,2026-02-01 02:24:14 UTC,public,FALSE,FALSE
ELEC,ILANI STATION 3,1 Cowlitz Way,Ridgefield,WA,98642,888-758-4389,E,,Public,,2,,,ChargePoint Network,45.852356,-122.708312,2/1/2026,202469,2026-02-01 02:24:15 UTC,public,FALSE,FALSE
ELEC,ILANI COWLITZ 1,1 Cowlitz Way,Ridgefield,WA,98642,888-758-4389,E,,Public,,1,,,ChargePoint Network,45.852508,-122.708365,2/1/2026,202470,2026-02-01 02:24:15 UTC,public,FALSE,FALSE
ELEC,KRC SKYLINE STATION #4,10900 NE 4th St,Bellevue,WA,98004,888-758-4389,E,,Public,,2,,,ChargePoint Network,47.613972,-122.194125,2/1/2026,202475,2026-02-01 02:25:26 UTC,public,FALSE,FALSE
ELEC,KRC SKYLINE STATION #5,10900 NE 4th St,Bellevue,WA,98004,888-758-4389,E,,Public,,2,,,ChargePoint Network,47.613973,-122.194071,2/1/2026,202476,2026-02-01 02:25:26 UTC,public,FALSE,FALSE
ELEC,MOUNTLAKE EVCS STATION1,23204 58th Ave W,Mountlake Terrace,WA,98043,888-758-4389,E,,Public,,1,,,ChargePoint Network,47.787897,-122.311661,2/1/2026,202519,2026-02-01 02:15:04 UTC,public,FALSE,FALSE
ELEC,MOUNTLAKE EVCS STATION2,23204 58th Ave W,Mountlake Terrace,WA,98043,888-758-4389,E,,Public,,2,,,ChargePoint Network,47.787867,-122.31192,2/1/2026,202520,2026-02-01 02:15:04 UTC,public,FALSE,FALSE
ELEC,TACOMA PARKS STAR CENTER #1,3873 S 66th St,Tacoma,WA,98409,888-758-4389,E,,Public,,2,,,ChargePoint Network,47.198314,-122.489257,2/1/2026,202685,2026-02-01 02:25:03 UTC,public,FALSE,FALSE
ELEC,TACOMA PARKS LES DAVIS #2,3427 Ruston Way,Tacoma,WA,98407,888-758-4389,E,,Public,,2,,,ChargePoint Network,47.282993,-122.48233,2/1/2026,202698,2026-02-01 02:26:34 UTC,public,FALSE,FALSE
ELEC,EASTGATE 15325 DUAL,15325 SE 30th Pl,Bellevue,WA,98007,888-758-4389,E,,Public,,2,,,ChargePoint Network,47.584289,-122.136777,2/1/2026,202946,2026-02-01 01:47:15 UTC,public,FALSE,FALSE
ELEC,BUTLER GARAGE BUTLER EV #1,611 2nd Ave,Seattle,WA,98104,888-758-4389,E,,Public,,2,,,ChargePoint Network,47.602544,-122.33301,2/1/2026,204254,2026-02-01 02:26:13 UTC,public,FALSE,FALSE
ELEC,BUTLER GARAGE BUTLER EV #2,611 2nd Ave,Seattle,WA,98104,888-758-4389,E,,Public,,2,,,ChargePoint Network,47.602553,-122.332883,2/1/2026,204255,2026-02-01 02:26:13 UTC,public,FALSE,FALSE
ELEC,CPU DC STATION 1,850 Officers Row,Vancouver,WA,98661,888-758-4389,E,,Public,,,1,,ChargePoint Network,45.629395,-122.663203,2/1/2026,204258,2026-02-01 02:27:06 UTC,public,FALSE,FALSE
ELEC,CPU DC STATION 2,850 Officers Row,Vancouver,WA,98661,888-758-4389,E,,Public,,,1,,ChargePoint Network,45.629428,-122.663273,2/1/2026,204259,2026-02-01 02:27:06 UTC,public,FALSE,FALSE
ELEC,Ginkgo Petrified Forest - Trees of Stone Trailhead,Vantage Hwy,Ellensburg,WA,98926,360-902-8844,T,10/1/2024,TEMPORARILY UNAVAILABLE (Public),,2,,,Non-Networked,46.97901,-120.25756,6/13/2024,204476,2025-02-12 00:16:32 UTC,public,FALSE,FALSE
ELEC,OLYMPIA LILLY R PETROCARD 1,501 Lilly Rd SE,Olympia,WA,98501,888-758-4389,E,,Public,,,1,,ChargePoint Network,47.04451,-122.845155,2/1/2026,204497,2026-02-01 02:25:03 UTC,public,FALSE,FALSE
ELEC,HOMEWOOD SUITES HOMEWOOD #1,1484 Hyla Ave NW,Issaquah,WA,98027,888-758-4389,E,,Public,,2,,,ChargePoint Network,47.547088,-122.065336,2/1/2026,204538,2026-02-01 01:09:31 UTC,public,FALSE,FALSE
ELEC,OLYMPIA LILLY R PETROCARD 2,501 Lilly Rd SE,Olympia,WA,98501,888-758-4389,E,,Public,,,1,,ChargePoint Network,47.044508,-122.845096,2/1/2026,204664,2026-02-01 02:25:19 UTC,public,FALSE,FALSE
ELEC,The Wayne Apartments,13850 Southeast 180th Street,Renton,WA,98058,888-998-2546,E,,Public,,4,,,Blink Network,47.4418203,-122.1554235,2/1/2026,204980,2026-02-01 00:55:38 UTC,public,FALSE,FALSE
ELEC,TACOMA PARKS LES DAVIS #1,3427 Ruston Way,Tacoma,WA,98402,888-758-4389,E,,Public,,2,,,ChargePoint Network,47.282974,-122.48227,2/1/2026,205263,2026-02-01 02:29:12 UTC,public,FALSE,FALSE
ELEC,City of Seattle 1010 8th Ave,1010 8th Ave South,Seattle,WA,98134,855-885-9571,E,,Public,,2,,,OpConnect,47.593975,-122.324221,2/1/2026,205286,2026-02-01 04:48:05 UTC,public,FALSE,FALSE
ELEC,REN DENNY CTR1,2014 Fairview Ave,Seattle,WA,98121,888-758-4389,E,,Public,,2,,,ChargePoint Network,47.618226,-122.333907,2/1/2026,205326,2026-02-01 02:29:55 UTC,public,FALSE,FALSE
ELEC,REN DENNY CTR2,2014 Fairview Ave,Seattle,WA,98121,888-758-4389,E,,Public,,2,,,ChargePoint Network,47.61823,-122.33392,2/1/2026,205327,2026-02-01 02:29:55 UTC,public,FALSE,FALSE
ELEC,REN DENNY CTR3,2014 Fairview Ave,Seattle,WA,98121,888-758-4389,E,,Public,,2,,,ChargePoint Network,47.618233,-122.33391,2/1/2026,205328,2026-02-01 02:29:55 UTC,public,FALSE,FALSE
ELEC,REN DENNY CTR4,2014 Fairview Ave,Seattle,WA,98121,888-758-4389,E,,Public,,2,,,ChargePoint Network,47.618223,-122.334017,2/1/2026,205329,2026-02-01 02:29:56 UTC,public,FALSE,FALSE
ELEC,REN DENNY CTR5,2014 Fairview Ave,Seattle,WA,98121,888-758-4389,E,,Public,,2,,,ChargePoint Network,47.618246,-122.333948,2/1/2026,205330,2026-02-01 02:29:56 UTC,public,FALSE,FALSE
ELEC,REN DENNY CTR6,2014 Fairview Ave,Seattle,WA,98121,888-758-4389,E,,Public,,2,,,ChargePoint Network,47.618237,-122.33389,2/1/2026,205331,2026-02-01 02:29:56 UTC,public,FALSE,FALSE
ELEC,REN DENNY CTR7,2014 Fairview Ave,Seattle,WA,98121,888-758-4389,E,,Public,,2,,,ChargePoint Network,47.618244,-122.33387,2/1/2026,205332,2026-02-01 02:29:56 UTC,public,FALSE,FALSE
ELEC,REN DENNY CTR8,2014 Fairview Ave,Seattle,WA,98121,888-758-4389,E,,Public,,2,,,ChargePoint Network,47.61824,-122.333855,2/1/2026,205333,2026-02-01 02:29:57 UTC,public,FALSE,FALSE
ELEC,Volkswagen of Kirkland,12612 NE 124th St,Kirkland,WA,98034,425-898-2500,E,,Public - Credit card at all times,,,2,,Non-Networked,47.71083712,-122.1721427,11/6/2024,205536,2025-02-12 00:16:32 UTC,public,TRUE,FALSE
ELEC,Richland,2700 Duportail Street,Richland,WA,99352,888-356-8911,E,,Public,,1,1,,FLO,46.25924,-119.30995,2/1/2026,206001,2026-02-01 05:18:50 UTC,public,FALSE,FALSE
ELEC,525 NORTHGATE RETAIL #2,525 NE Northgate Way,Seattle,WA,98125,888-758-4389,T,1/4/2026,TEMPORARILY UNAVAILABLE (Public),,2,,,ChargePoint Network,47.707867,-122.321702,2/1/2026,206353,2026-02-01 01:03:08 UTC,public,FALSE,FALSE
ELEC,KETA 2355 KETA 3,12355 NE District Wy,Bellevue,WA,98005,888-758-4389,E,,Public,,2,,,ChargePoint Network,47.621188,-122.175998,2/1/2026,206424,2026-02-01 02:16:49 UTC,public,FALSE,FALSE
ELEC,"BofA Overlake Park WA3-152 (Redmond, WA)",2400 148th Avenue NE,Redmond,WA,98502,833-632-2778,E,,Public,,,4,,Electrify America,47.63187,-122.14277,2/1/2026,206453,2026-02-01 04:43:23 UTC,public,FALSE,FALSE
ELEC,EASTGATE 15395 DUAL - #1,15395 SE 30th Pl,Bellevue,WA,98007,888-758-4389,E,,Public,,2,,,ChargePoint Network,47.582147,-122.136648,2/1/2026,206469,2026-02-01 01:22:28 UTC,public,FALSE,FALSE
ELEC,EASTGATE 15395 DUAL - #2,15395 SE 30th Pl,Bellevue,WA,98007,888-758-4389,E,,Public,,2,,,ChargePoint Network,47.582154,-122.136594,2/1/2026,206470,2026-02-01 01:23:15 UTC,public,FALSE,FALSE
ELEC,"Walmart 5272 (Poulsbo, WA)",21200 Olhava Way NW,Poulsbo,WA,98370,833-632-2778,E,,Public,,,4,,Electrify America,47.75648,-122.66051,2/1/2026,206987,2026-02-01 04:42:57 UTC,public,FALSE,FALSE
ELEC,"Fred Meyer 179 (Seattle, WA)",13000 Lake City Way NE,Seattle,WA,98125,833-632-2778,E,,Public,,,4,,Electrify America,47.72305,-122.29212,2/1/2026,207526,2026-02-01 04:39:28 UTC,public,FALSE,FALSE
ELEC,ELEMENT TUKWILA STATION 2,515 Industry Dr,Tukwila,WA,98188,888-758-4389,E,,Public,,2,,,ChargePoint Network,47.453215,-122.249421,2/1/2026,207576,2026-02-01 02:11:41 UTC,public,FALSE,FALSE
ELEC,ELEMENT TUKWILA STATION 1,515 Industry Dr,Tukwila,WA,98188,888-758-4389,E,,Public,,2,,,ChargePoint Network,47.453253,-122.24899,2/1/2026,207580,2026-02-01 02:12:33 UTC,public,FALSE,FALSE
ELEC,Blue Parking Lot - North,10th Ave SE,Puyallup,WA,98372,888-998-2546,E,,Public,,1,,,Blink Network,47.182613,-122.291317,2/1/2026,207931,2026-02-01 00:54:39 UTC,public,FALSE,FALSE
ELEC,Franklin PUD Energy Services,1411 W Clark,Pasco,WA,99301,888-998-2546,E,,Public,,1,,,Blink Network,46.229119,-119.106522,2/1/2026,211636,2026-02-01 00:34:54 UTC,public,FALSE,FALSE
ELEC,ANACORTESEV N CH WEST EV1,5TH Q Ave,Anacortes,WA,98221,888-758-4389,E,,Public,,2,,,ChargePoint Network,48.518102,-122.611203,2/1/2026,211746,2026-02-01 02:33:27 UTC,public,FALSE,FALSE
ELEC,ANACORTESEV N CH WEST EV#2,5TH Q Ave,Anacortes,WA,98221,888-758-4389,E,,Public,,2,,,ChargePoint Network,48.518179,-122.611202,2/1/2026,211747,2026-02-01 02:33:28 UTC,public,FALSE,FALSE
ELEC,DC VANCOUVER DC4,4301 NE Fourth Plain Blvd,Vancouver,WA,98661,888-758-4389,E,,Public,,,1,,ChargePoint Network,45.639182,-122.623391,2/1/2026,211785,2026-02-01 02:29:30 UTC,public,FALSE,FALSE
ELEC,DC VANCOUVER DC2,4301 NE Fourth Plain Blvd,Vancouver,WA,98661,888-758-4389,E,,Public,,,1,,ChargePoint Network,45.639153,-122.623459,2/1/2026,211786,2026-02-01 02:29:30 UTC,public,FALSE,FALSE
ELEC,DC VANCOUVER DC1,4301 NE Fourth Plain Blvd,Vancouver,WA,98661,888-758-4389,E,,Public,,,1,,ChargePoint Network,45.639139,-122.62349,2/1/2026,211787,2026-02-01 02:29:30 UTC,public,FALSE,FALSE
ELEC,Public Safety #4,205 5th Avenue North,Edmonds,WA,98020,888-998-2546,E,,Public,,1,,,Blink Network,47.8124532,-122.3758246,2/1/2026,212013,2026-02-01 00:15:24 UTC,public,FALSE,FALSE
ELEC,City Hall #2,121 5th Avenue North,Edmonds,WA,98020,888-998-2546,E,,Public,,1,,,Blink Network,47.8113372,-122.37709,2/1/2026,212014,2026-02-01 00:15:24 UTC,public,FALSE,FALSE
ELEC,Ballard Flats,2401 Northwest 63rd Street,Seattle,WA,98107,888-998-2546,T,9/2/2025,TEMPORARILY UNAVAILABLE (Public),,1,,,Blink Network,47.6743748,-122.3878536,2/1/2026,212018,2026-02-01 00:48:57 UTC,public,FALSE,FALSE
ELEC,Port of Seattle - Shilshole Bay Marina South Lot,7001 Seaview Avenue Northwest,Seattle,WA,98117,888-998-2546,E,,Public,,4,,,Blink Network,47.6807529,-122.4047949,2/1/2026,212019,2026-02-01 00:47:26 UTC,public,FALSE,FALSE
ELEC,AMZ SEA106-1,10550 NE 10th St,Bellevue,WA,98004,888-758-4389,E,,Public,,2,,,ChargePoint Network,47.619761,-122.199755,2/1/2026,212098,2026-02-01 02:23:17 UTC,public,FALSE,FALSE
ELEC,AMZ SEA106-2,10550 NE 10th St,Bellevue,WA,98004,888-758-4389,E,,Public,,2,,,ChargePoint Network,47.619799,-122.199793,2/1/2026,212099,2026-02-01 02:23:17 UTC,public,FALSE,FALSE
ELEC,AMZ SEA106-5,10550 NE 10th St,Bellevue,WA,98004,888-758-4389,E,,Public,,2,,,ChargePoint Network,47.61977,-122.199722,2/1/2026,212209,2026-02-01 02:23:17 UTC,public,FALSE,FALSE
ELEC,Langley Park,305 Second Street,Langley,WA,98260,888-998-2546,E,,Public,,2,,,Blink Network,48.039928,-122.409736,2/1/2026,212585,2026-02-01 00:43:27 UTC,public,FALSE,FALSE
ELEC,WOLF DEN 76 STATION 1,61 W Wapato Rd,Wapato,WA,98951,888-758-4389,E,,Public,,2,,,ChargePoint Network,46.448508,-120.43099,2/1/2026,212607,2026-02-01 02:30:42 UTC,public,FALSE,FALSE
ELEC,WOLF DEN 76 STATION 2 DC,61 W Wapato Rd,Wapato,WA,98951,888-758-4389,E,,Public,,,1,,ChargePoint Network,46.448538,-120.430957,2/1/2026,212608,2026-02-01 02:30:44 UTC,public,FALSE,FALSE
ELEC,123 4th Apartments Location 1,123 4th Avenue W.,Olympia,WA,98501,888-998-2546,E,,Public,,2,,,Blink Network,47.044728,-122.902484,2/1/2026,212669,2026-02-01 00:33:19 UTC,public,FALSE,FALSE
ELEC,123 4th Apartments Location 2,123 4th Avenue W.,Olympia,WA,98501,888-998-2546,E,,Public,,2,,,Blink Network,47.044722,-122.902484,2/1/2026,212670,2026-02-01 00:33:19 UTC,public,FALSE,FALSE
ELEC,Spiritwood Manor,1424 148th Ave SE,Bellevue,WA,98007,888-998-2546,E,,Public,,1,,,Blink Network,47.5976,-122.142,2/1/2026,212673,2026-02-01 00:51:16 UTC,public,FALSE,FALSE
ELEC,ANACORTESEV LIBRARY EV,M Ave. and 9th near Library,Anacortes,WA,98221,888-758-4389,E,,Public,,2,,,ChargePoint Network,48.514381,-122.616919,2/1/2026,212998,2026-02-01 02:34:18 UTC,public,FALSE,FALSE
ELEC,ANACORTESEV E CH PARKING #3,6 Q Ave,Anacortes,WA,98221,888-758-4389,E,,Public,,2,,,ChargePoint Network,48.517744,-122.610748,2/1/2026,213018,2026-02-01 02:34:23 UTC,public,FALSE,FALSE
ELEC,Vista Field - Deschutes Avenue,606 N Crosswind Boulevard,Kennewick,WA,99336,888-998-2546,E,,Public,,2,,,Blink Network,46.21677319,-119.2110192,2/1/2026,213083,2026-02-01 00:57:10 UTC,public,FALSE,FALSE
ELEC,Big B Truck Stop - Tesla Supercharger,2008  Durry Road,Sprague,WA,99032,877-798-3752,E,,Public,,,8,,Tesla,47.209058,-118.22567,7/1/2024,213149,2025-02-12 00:16:32 UTC,public,FALSE,FALSE
ELEC,"Liberty Lake, WA - Tesla Supercharger",21728 E Mission Ave,Liberty Lake,WA,99019,877-798-3752,E,,Public,,,12,,Tesla,47.67381,-117.1130101,7/1/2024,213150,2025-02-12 00:16:32 UTC,public,FALSE,FALSE
ELEC,BELLEVUE SQUARE BELL SQ WEST #2,2088 Bellevue Square,Bellevue,WA,98004,888-758-4389,E,,Public,,2,,,ChargePoint Network,47.616037,-122.205528,2/1/2026,213389,2026-02-01 01:37:46 UTC,public,FALSE,FALSE
ELEC,NE STATION NE STATION,6221 31st Ave NE,Tulalip,WA,98271,888-758-4389,E,,Public,,2,,,ChargePoint Network,48.052803,-122.187759,2/1/2026,213770,2026-02-01 02:32:24 UTC,public,FALSE,FALSE
ELEC,NE STATION NW STATION,6221 31st Ave NE,Tulalip,WA,98271,888-758-4389,E,,Public,,2,,,ChargePoint Network,48.052792,-122.187748,2/1/2026,213775,2026-02-01 02:34:22 UTC,public,FALSE,FALSE
ELEC,DC RICHLAND 2,1457 Tapteal Drive,Richland,WA,99352,888-758-4389,E,,Public,,,1,,ChargePoint Network,46.230229,-119.226637,2/1/2026,213874,2026-02-01 01:51:13 UTC,public,FALSE,FALSE
ELEC,DC RICHLAND 1,1457 Tapteal Drive,Richland,WA,99352,888-758-4389,E,,Public,,,1,,ChargePoint Network,46.230409,-119.227595,2/1/2026,213886,2026-02-01 02:34:43 UTC,public,FALSE,FALSE
ELEC,LEVEL II CHARGE LEVEL II CHARGE,1014 18th St,Anacortes,WA,98221,888-758-4389,E,,Public,,2,,,ChargePoint Network,48.507864,-122.613612,2/1/2026,213976,2026-02-01 02:35:07 UTC,public,FALSE,FALSE
ELEC,TAC ES CUW S CP02,326 East D St Center for Urban Waters - Main,Tacoma,WA,98421,888-758-4389,E,,Public,,2,,,ChargePoint Network,47.2593,-122.43424,2/1/2026,214118,2026-02-01 01:43:34 UTC,public,FALSE,FALSE
ELEC,525 NORTHGATE RESIDENTIAL #2,525 NE Northgate Way,Seattle,WA,98125,888-758-4389,E,,Public,,2,,,ChargePoint Network,47.70779,-122.321726,2/1/2026,214155,2026-02-01 01:03:09 UTC,public,FALSE,FALSE
ELEC,525 NORTHGATE RESIDENTIAL #1,525 NE Northgate Way,Seattle,WA,98125,888-758-4389,E,,Public,,2,,,ChargePoint Network,47.707814,-122.321637,2/1/2026,214156,2026-02-01 01:03:19 UTC,public,FALSE,FALSE
ELEC,PRISM STATIONS PRISM STATION 2,10711 8th Ave NE,Seattle,WA,98125,888-758-4389,E,,Public,,2,,,ChargePoint Network,47.706929,-122.320888,2/1/2026,214178,2026-02-01 01:54:14 UTC,public,FALSE,FALSE
ELEC,PRISM STATIONS PRISM STATION 1,10711 8th Ave NE,Seattle,WA,98125,888-758-4389,E,,Public,,2,,,ChargePoint Network,47.706948,-122.320856,2/1/2026,214179,2026-02-01 01:54:14 UTC,public,FALSE,FALSE
ELEC,KORUM HYUNDAI PC 2,111 River Rd,Puyallup,WA,98371,888-758-4389,E,,Public,,,1,,ChargePoint Network,47.199421,-122.295091,2/1/2026,214875,2026-02-01 02:26:31 UTC,public,FALSE,FALSE
ELEC,KORUM HYUNDAI PC 1,111 River Rd,Puyallup,WA,98371,888-758-4389,E,,Public,,,1,,ChargePoint Network,47.199423,-122.295043,2/1/2026,214876,2026-02-01 02:26:32 UTC,public,FALSE,FALSE
ELEC,CAR CHARGE 1 STATION 8,2120 W A Street,Pasco,WA,99301,888-758-4389,E,,Public,,2,,,ChargePoint Network,46.225504,-119.118868,2/1/2026,215070,2026-02-01 02:34:58 UTC,public,FALSE,FALSE
ELEC,SureStay Hotel by Best Western - Tesla Supercharger,1500  Canyon Road,Ellensburg,WA,98926,877-798-3752,E,,Public,,,12,,Tesla,46.977979,-120.542576,7/1/2024,217092,2025-02-12 00:16:32 UTC,public,FALSE,FALSE
ELEC,Brewery Block TAC,2139 Commerce Street,Tacoma,WA,98402,888-998-2546,E,,Public,,5,,,Blink Network,47.2423503,-122.4367763,2/1/2026,217343,2026-02-01 00:34:04 UTC,public,FALSE,FALSE
ELEC,South 405 Place,900 SW 16th Street,Renton,WA,98057,888-998-2546,E,,Public,,3,,,Blink Network,47.46655,-122.22995,2/1/2026,218293,2026-02-01 00:46:34 UTC,public,FALSE,FALSE
ELEC,BOARDWALK APTS STATION 6,134 Parkplace Center,Kirkland,WA,98033,888-758-4389,E,,Public,,2,,,ChargePoint Network,47.676223,-122.19942,2/1/2026,218507,2026-02-01 02:36:52 UTC,public,FALSE,FALSE
ELEC,BOARDWALK APTS STATION 8,134 Parkplace Center,Kirkland,WA,98033,888-758-4389,E,,Public,,2,,,ChargePoint Network,47.676179,-122.199363,2/1/2026,218510,2026-02-01 02:36:52 UTC,public,FALSE,FALSE
ELEC,"Saffron Partners, L.L.C. (Retail)",22850 NE 8th Street,Sammamish,WA,98390,888-998-2546,E,,Public,,1,,,Blink Network,47.6169094,-122.0334614,2/1/2026,218938,2026-02-01 00:32:31 UTC,public,FALSE,FALSE
ELEC,WSECU N.DIVISION #01,6301 N. Division St.,Spokane,WA,99208,888-758-4389,E,,Public,,1,,,ChargePoint Network,47.71535,-117.412094,2/1/2026,219758,2026-02-01 02:22:47 UTC,public,FALSE,FALSE
ELEC,CITY LIGHT MADISON MILLER1,2113 East Olive Street,Seattle,WA,98122,888-758-4389,E,,Public,,,1,,ChargePoint Network,47.617082,-122.304055,2/1/2026,219788,2026-02-01 03:54:53 UTC,public,FALSE,FALSE
ELEC,Leasing office Parking lot,16621 E. Indiana Ave.,Spokane Valley,WA,99216,888-998-2546,E,,Public,,2,,,Blink Network,47.670337,-117.1812368,2/1/2026,219848,2026-02-01 00:34:07 UTC,public,FALSE,FALSE
ELEC,Providence - Centralia Hospital,914 S Scheuber Road,Centralia,WA,98531,888-998-2546,E,,Public,,2,,,Blink Network,46.712297,-122.985516,2/1/2026,219891,2026-02-01 00:41:14 UTC,public,FALSE,FALSE
ELEC,KCPW STATION 1,115 W Court St,Goldendale,WA,98620,888-758-4389,E,,Public,,1,,,ChargePoint Network,45.821511,-120.823346,2/1/2026,220314,2026-02-01 02:22:43 UTC,public,FALSE,FALSE
ELEC,Lynnwood Apartments,4200 Alderwood Mall Blvd,Lynwood,WA,98036,888-998-2546,E,,Public,,15,,,Blink Network,47.816836,-122.290084,2/1/2026,220407,2026-02-01 00:25:44 UTC,public,FALSE,FALSE
ELEC,KCPW STATION 2,115 W Court St,Goldendale,WA,98620,888-758-4389,E,,Public,,1,,,ChargePoint Network,45.821535,-120.822781,2/1/2026,220419,2026-02-01 02:22:37 UTC,public,FALSE,FALSE
ELEC,"Bellingham 1, LLP",4040 Northwest Avenue,Bellingham,WA,98226,888-998-2546,E,,Public,,2,,,Blink Network,48.7885917,-122.5060156,2/1/2026,220470,2026-02-01 00:10:15 UTC,public,FALSE,FALSE
ELEC,Western Washington University,516 High Street (MS9114),Bellingham,WA,98225,888-998-2546,E,,Public,,6,,,Blink Network,48.7391984,-122.4851568,2/1/2026,220472,2026-02-01 00:10:31 UTC,public,FALSE,FALSE
ELEC,First St Station,1513 1st Street,Snohomish,WA,98290,888-998-2546,E,,Public,,3,,,Blink Network,47.9120626,-122.1014074,2/1/2026,220473,2026-02-01 00:53:43 UTC,public,FALSE,FALSE
ELEC,6th Ave #6,100 6th Avenue,Edmonds,WA,98020,888-998-2546,E,,Public,,1,,,Blink Network,47.8101038,-122.3735496,2/1/2026,220475,2026-02-01 00:15:25 UTC,public,FALSE,FALSE
ELEC,Array Apartments,14027 Lake City Way NE,Seattle,WA,98125,888-998-2546,E,,Public,,1,,,Blink Network,47.731273,-122.293062,2/1/2026,220477,2026-02-01 00:26:24 UTC,public,FALSE,FALSE
ELEC,3102 6th Avenue,3102 6th Avenue,Tacoma,WA,98421,888-356-8911,E,,Public,,1,,,FLO,47.2551169,-122.4766114,2/1/2026,220526,2026-02-01 05:15:21 UTC,public,FALSE,FALSE
ELEC,DC CORRIDOR SCC GTOWN L2-1,6701 Corson Ave S,Seattle,WA,98108,888-758-4389,E,,Public,,2,,,ChargePoint Network,47.542276,-122.324533,2/1/2026,220823,2026-02-01 02:34:28 UTC,public,FALSE,FALSE
ELEC,Portland Ave and 31st St,1606 E 31st St,Tacoma,WA,98404,888-356-8911,E,,Public,,1,,,FLO,47.234632,-122.409949,2/1/2026,221161,2026-02-01 05:15:49 UTC,public,FALSE,FALSE
ELEC,S 39th Street,S 39th Street,Tacoma,WA,98418,888-356-8911,E,,Public,,1,,,FLO,47.221823,-122.443032,2/1/2026,221163,2026-02-01 05:16:32 UTC,public,FALSE,FALSE
ELEC,MB OF SPOKANE OUTSIDE 1,21802 E George Gee Ave,Liberty Lake,WA,99019,888-758-4389,E,,Public,,2,,,ChargePoint Network,47.67109,-117.112915,2/1/2026,221489,2026-02-01 02:36:58 UTC,public,FALSE,FALSE
ELEC,BMGF P2 STATION 6,500 5th Ave N,Seattle,WA,98109,888-758-4389,E,,Public,,2,,,ChargePoint Network,47.623302,-122.345789,2/1/2026,221493,2026-02-01 02:38:13 UTC,public,FALSE,FALSE
ELEC,BMGF P1 STATION 3,500 5th Ave N,Seattle,WA,98109,888-758-4389,E,,Public,,2,,,ChargePoint Network,47.623345,-122.345853,2/1/2026,221494,2026-02-01 02:38:14 UTC,public,FALSE,FALSE
ELEC,BMGF P1 STATION 5,500 5th Ave N,Seattle,WA,98109,888-758-4389,E,,Public,,2,,,ChargePoint Network,47.623274,-122.345984,2/1/2026,221495,2026-02-01 02:38:14 UTC,public,FALSE,FALSE
ELEC,BMGF P1 STATION 4,500 5th Ave N,Seattle,WA,98109,888-758-4389,E,,Public,,2,,,ChargePoint Network,47.623307,-122.345933,2/1/2026,221496,2026-02-01 02:38:14 UTC,public,FALSE,FALSE
ELEC,BMGF P2 STATION 8,500 5th Ave N,Seattle,WA,98109,888-758-4389,E,,Public,,2,,,ChargePoint Network,47.623224,-122.345917,2/1/2026,221497,2026-02-01 02:38:14 UTC,public,FALSE,FALSE
ELEC,BMGF P2 STATION 7,500 5th Ave N,Seattle,WA,98109,888-758-4389,E,,Public,,2,,,ChargePoint Network,47.62326,-122.345845,2/1/2026,221498,2026-02-01 02:38:14 UTC,public,FALSE,FALSE
ELEC,Stadium Place,520 Occidental Avenue South,Seattle,WA,98134,888-998-2546,E,,Public,,12,,,Blink Network,47.5977415,-122.3329233,2/1/2026,221592,2026-02-01 00:35:24 UTC,public,FALSE,FALSE
ELEC,LAC SWIN LIBRAR LACSWIN LIBRARY,520 Morris St,La Conner,WA,98257,888-758-4389,E,,Public,,2,,,ChargePoint Network,48.391957,-122.490724,2/1/2026,221895,2026-02-01 02:32:54 UTC,public,FALSE,FALSE
ELEC,Underwood Nelson Development,"20124 Broadway Ave,  Building A",Snohomish,WA,98296,888-998-2546,E,,Public,,1,,,Blink Network,47.81452429,-122.1108625,2/1/2026,221949,2026-02-01 00:43:37 UTC,public,FALSE,FALSE
ELEC,The Lyric,215 10th Avenue East,Seattle,WA,98102,888-998-2546,E,,Public,,6,,,Blink Network,47.6206301,-122.3198568,2/1/2026,221951,2026-02-01 00:35:26 UTC,public,FALSE,FALSE
ELEC,DOL STATION A,6010 Main St SW,Lakewood,WA,98499,888-758-4389,E,,Public,,2,,,ChargePoint Network,47.161364,-122.517389,2/1/2026,221982,2026-02-01 02:37:20 UTC,public,FALSE,FALSE
ELEC,DOL STATION B,6010 Main St SW,Lakewood,WA,98499,888-758-4389,E,,Public,,2,,,ChargePoint Network,47.161377,-122.517325,2/1/2026,221983,2026-02-01 02:37:20 UTC,public,FALSE,FALSE
ELEC,COUPEVILLE COUPEVILLE #1,802 NW Alexander St,Coupeville,WA,98239,888-758-4389,E,,Public,,2,,,ChargePoint Network,48.219574,-122.689582,2/1/2026,222076,2026-02-01 02:39:08 UTC,public,FALSE,FALSE
ELEC,The Meyden,10333 Main Street,Bellevue,WA,98004,888-998-2546,E,,Public,,20,,,Blink Network,47.6098443,-122.2024273,2/1/2026,222378,2026-02-01 00:35:30 UTC,public,FALSE,FALSE
ELEC,The 101,11 Main Street South,Kirkland,WA,98033,888-998-2546,E,,Public,,2,,,Blink Network,47.6753316,-122.2057967,2/1/2026,222542,2026-02-01 00:35:26 UTC,public,FALSE,FALSE
ELEC,COEN NORTH STATION #2,815 COLUMBIA ST,Vancouver,WA,98660,888-758-4389,E,,Public,,2,,,ChargePoint Network,45.627364,-122.673345,2/1/2026,222559,2026-02-01 02:39:14 UTC,public,FALSE,FALSE
ELEC,COEN NORTH STATION #1,815 Columbia St,Vancouver,WA,98660,888-758-4389,E,,Public,,2,,,ChargePoint Network,45.627361,-122.673261,2/1/2026,222561,2026-02-01 02:39:14 UTC,public,FALSE,FALSE
ELEC,COEN NORTH STATION #3,815 Columbia Street,Vancouver,WA,98660,888-758-4389,E,,Public,,2,,,ChargePoint Network,45.627365,-122.67312,2/1/2026,222562,2026-02-01 02:39:14 UTC,public,FALSE,FALSE
ELEC,"9610 Sandifur Parkway Pasco, WA 99301",9610 Sandifur Parkway,Pasco,WA,99301,866-816-7584,E,,Public,,,1,,EV Connect,46.277431,-119.216153,2/1/2026,222835,2026-02-01 04:53:53 UTC,public,FALSE,FALSE
ELEC,Sprague,105 W. 1st St,Sprague,WA,99032,866-816-7584,E,,Public,,,1,,EV Connect,47.300106,-117.976097,2/1/2026,222836,2026-02-01 04:54:32 UTC,public,FALSE,FALSE
ELEC,Hoot Owl Overnight Rental,121 Riverside Ave,Winthrop,WA,98862,,E,,Private,,1,,,Non-Networked,48.47916,-120.186565,7/3/2025,223384,2025-07-03 19:15:09 UTC,private,,FALSE
ELEC,PeaceHealth Parking Lot E,Patient/Visitor Lot,Vancouver,WA,98664,888-998-2546,E,,Public,,4,,,Blink Network,45.61192514,-122.5897354,2/1/2026,223394,2026-02-01 00:35:34 UTC,public,FALSE,FALSE
ELEC,Green River,1103 Ninth Street SE,Auburn,WA,98002,888-998-2546,T,11/2/2025,TEMPORARILY UNAVAILABLE (Public),,1,,,Blink Network,47.2999,-122.2135,2/1/2026,223484,2026-02-01 00:20:41 UTC,public,FALSE,FALSE
ELEC,Juanita View,11807 101st Place Northeast,Kirkland,WA,98034,888-998-2546,E,,Public,,1,,,Blink Network,47.7059359,-122.2063763,2/1/2026,223489,2026-02-01 00:44:53 UTC,public,FALSE,FALSE
ELEC,Crystal Mountain,33914 Crystal Mt. Blvd,Enumclaw,WA,98022,888-356-8911,E,,Public,,7,,,FLO,46.938306,-121.472889,2/1/2026,223722,2026-02-01 05:16:24 UTC,public,FALSE,FALSE
ELEC,601 N Rochester Street,601 N Rochester Street,Tacoma,WA,98406,888-356-8911,E,,Public,,1,,,FLO,47.255696,-122.5292482,2/1/2026,223797,2026-02-01 05:16:22 UTC,public,FALSE,FALSE
ELEC,799 E Harrison Street,799 Harrison Street,Tacoma,WA,98404,888-356-8911,E,,Public,,1,,,FLO,47.2294673,-122.420899,2/1/2026,223843,2026-02-01 05:15:57 UTC,public,FALSE,FALSE
ELEC,Rosalia,607 S Whitman Ave,Rosalia,WA,99170,866-816-7584,E,,Public,,,1,,EV Connect,47.23432,-117.370158,2/1/2026,224168,2026-02-01 04:54:39 UTC,public,FALSE,FALSE
ELEC,SNOPUD POWERED MUEVE3105 #2,2320 California St,Everett,WA,98201,888-758-4389,E,,Public,,,1,,ChargePoint Network,47.980493,-122.197684,2/1/2026,224240,2026-02-01 02:39:58 UTC,public,FALSE,FALSE
ELEC,SNOPUD POWERED MUEVE3105 #1,2320 California St,Everett,WA,98201,888-758-4389,E,,Public,,,1,,ChargePoint Network,47.980407,-122.197643,2/1/2026,224241,2026-02-01 02:39:58 UTC,public,FALSE,FALSE
ELEC,ReVision Marine,301 10th Street,Port Townsend,WA,98368,888-998-2546,E,,Public,,1,,,Blink Network,48.10697,-122.779991,2/1/2026,224633,2026-02-01 00:22:11 UTC,public,FALSE,FALSE
ELEC,S 84th St and S Park Avenue,8402 S Park Ave,Tacoma,WA,98444,888-356-8911,E,,Public,,1,,,FLO,47.18093,-122.44228,2/1/2026,224665,2026-02-01 05:15:17 UTC,public,FALSE,FALSE
ELEC,5112 N Pearl Street,5112 N Pearl,Tacoma,WA,98407,888-356-8911,E,,Public,,1,,,FLO,47.298756,-122.515766,2/1/2026,224666,2026-02-01 05:15:34 UTC,public,FALSE,FALSE
ELEC,COUPEVILLE COUPEVILLE #2,788 NW Alexander St,Coupeville,WA,98239,888-758-4389,E,,Public,,2,,,ChargePoint Network,48.219576,-122.689657,2/1/2026,224702,2026-02-01 02:39:08 UTC,public,FALSE,FALSE
ELEC,124 N Tacoma Avenue,124 N Tacoma Avenue,Tacoma,WA,98403,888-356-8911,E,,Public,,1,,,FLO,47.2652015,-122.4496292,2/1/2026,225180,2026-02-01 05:15:32 UTC,public,FALSE,FALSE
ELEC,Sunset Corporate Campus,13810 Southeast Eastgate Way,Bellevue,WA,98005,888-998-2546,E,,Public,,4,,,Blink Network,47.5806355,-122.1564536,2/1/2026,225256,2026-02-01 00:16:40 UTC,public,FALSE,FALSE
ELEC,Mercy 1Transport,5406 NE 107th Avenue,Vancouver,WA,98662,888-998-2546,E,,Public,,1,,,Blink Network,45.661573,-122.5636326,2/1/2026,225264,2026-02-01 00:30:48 UTC,public,FALSE,FALSE
ELEC,PIKE PLACE STALL 895 & 894,1901 Western Ave,Seattle,WA,98101,888-758-4389,E,,Public,,2,,,ChargePoint Network,47.609487,-122.342908,2/1/2026,225490,2026-02-01 02:41:33 UTC,public,FALSE,FALSE
ELEC,Chevrolet of Everett,7301 Evergreen Way,Everett,WA,98203,425-265-8000,E,,Public,,,2,,Non-Networked,47.931316,-122.219758,9/14/2022,225704,2023-02-14 15:54:11 UTC,public,FALSE,TRUE
ELEC,LAWRENCE LOFTS LL COMMERCIAL,1818 E Madison St,Seattle,WA,98122,888-758-4389,E,,Public,,2,,,ChargePoint Network,47.616857,-122.307818,2/1/2026,225954,2026-02-01 02:38:04 UTC,public,FALSE,FALSE
ELEC,2600 Elliott Garage,2600 Elliott Avenue,Seattle,WA,98121,888-998-2546,E,,Public,,2,,,Blink Network,47.614387,-122.351622,2/1/2026,226068,2026-02-01 00:24:43 UTC,public,FALSE,FALSE
ELEC,WSSDA 225 COLLEGE NE,225 College St NE,Lacey,WA,98516,888-758-4389,E,,Public,,2,,,ChargePoint Network,47.050128,-122.823353,2/1/2026,226079,2026-02-01 02:07:28 UTC,public,FALSE,FALSE
ELEC,REFLECTIONS RFEFLECTIONS 3,6416 E Lake Sammamish Pkwy NE,Redmond,WA,98052,888-758-4389,E,,Public,,2,,,ChargePoint Network,47.662861,-122.097803,2/1/2026,226091,2026-02-01 02:42:25 UTC,public,FALSE,FALSE
ELEC,Intercity Transit,510 Pattison Street SE,Olympia,WA,98507,888-998-2546,E,,Public,,6,,,Blink Network,47.045574,-122.857714,2/1/2026,226205,2026-02-01 00:33:25 UTC,public,FALSE,FALSE
ELEC,PORTCW PORTCWADMIN,98 S A St,Washougal,WA,98671,888-758-4389,E,,Public,,2,,,ChargePoint Network,45.578726,-122.379886,2/1/2026,226595,2026-02-01 02:41:12 UTC,public,FALSE,FALSE
ELEC,ADMIN BUILDING PUBLIC PARKING,7122 W Okanogan Pl,Kennewick,WA,99336,888-758-4389,E,,Public,,2,,,ChargePoint Network,46.222377,-119.217259,2/1/2026,226682,2026-02-01 02:22:55 UTC,public,FALSE,FALSE
ELEC,2350 N 30th St,2350 N 30th St,Tacoma,WA,98403,888-356-8911,E,,Public,,1,,,FLO,47.274697,-122.468095,2/1/2026,226712,2026-02-01 05:16:27 UTC,public,FALSE,FALSE
ELEC,Olympic College Bremerton,1600 Chester Ave,Bremerton,WA,98337,888-998-2546,E,,Public,,5,,,Blink Network,47.5732455,-122.6336963,2/1/2026,227112,2026-02-01 00:49:49 UTC,public,FALSE,FALSE
ELEC,Cowlitz PUD Main Office,961 12th avenue,Longview,WA,98632,888-998-2546,E,,Public,,2,,,Blink Network,46.1315296,-122.9358643,2/1/2026,227268,2026-02-01 00:35:39 UTC,public,FALSE,FALSE
ELEC,Sno Falls - Credit Union,320 Southwest Mount Si Boulevard,North Bend,WA,98045,888-998-2546,E,,Public,,4,,,Blink Network,47.489755,-121.791949,2/1/2026,227417,2026-02-01 00:08:01 UTC,public,FALSE,FALSE
ELEC,Harborview Medical Center,908 Jefferson,Seattle,WA,98104,888-998-2546,E,,Public,,6,,,Blink Network,47.605477,-122.323427,2/1/2026,227480,2026-02-01 00:47:57 UTC,public,FALSE,FALSE
ELEC,POULSBO STATION 2,20150 7th Ave NE,Poulsbo,WA,98370,888-758-4389,E,,Public,,2,,,ChargePoint Network,47.744534,-122.63931,2/1/2026,227522,2026-02-01 02:40:39 UTC,public,FALSE,FALSE
ELEC,POULSBO STATION 1,20150 7th Ave NE,Poulsbo,WA,98370,888-758-4389,E,,Public,,2,,,ChargePoint Network,47.744532,-122.639463,2/1/2026,227523,2026-02-01 02:40:39 UTC,public,FALSE,FALSE
ELEC,OLD SCHOOL PARK DARRINGTON 1GW,Mountain Loop Hwy & Alvord St,Darrington,WA,98241,888-758-4389,E,,Public,,2,,,ChargePoint Network,48.251621,-121.601383,2/1/2026,227548,2026-02-01 02:44:16 UTC,public,FALSE,FALSE
ELEC,Naches,8894 US-12,Naches,WA,98937,888-356-8911,E,,Public,,1,1,,FLO,46.71653,-120.677423,2/1/2026,227563,2026-02-01 05:15:41 UTC,public,FALSE,FALSE
ELEC,Riverton Copper Basin,1601 E Mission Ave,Spokane,WA,99202,866-816-7584,E,,Public,,2,,,EV Connect,47.672004,-117.386224,2/1/2026,227636,2026-02-01 04:52:39 UTC,public,FALSE,FALSE
ELEC,AG STATION STATION 2,8608 NE 54th St,Vancouver,WA,98662,888-758-4389,E,,Public,,2,,,ChargePoint Network,45.66201,-122.584186,2/1/2026,227779,2026-02-01 02:39:20 UTC,public,FALSE,FALSE
ELEC,AG STATION STATION 1,8778 NE 54th St,Vancouver,WA,98662,888-758-4389,E,,Public,,2,,,ChargePoint Network,45.662011,-122.584106,2/1/2026,227780,2026-02-01 02:39:20 UTC,public,FALSE,FALSE
ELEC,"3629 South D Street, Tacoma",3629 South D Street,Tacoma,WA,98418,888-356-8911,E,,Public,,4,,,FLO,47.224977,-122.435165,2/1/2026,227794,2026-02-01 05:16:14 UTC,public,FALSE,FALSE
ELEC,Y.V.M.H. NORTH PARKING-2,2811 Tieton Dr,Yakima,WA,98902,888-758-4389,E,,Public,,2,,,ChargePoint Network,46.59457,-120.546837,2/1/2026,227906,2026-02-01 01:17:45 UTC,public,FALSE,FALSE
ELEC,REI,222 Yale Ave,Seattle,WA,98109,877-455-3833,E,,Public,,,1,,eVgo Network,47.62066,-122.32952,1/31/2026,227931,2026-01-31 23:57:34 UTC,public,FALSE,FALSE
ELEC,King Plaza,7101 Martin Luther King Jr Way S,Seattle,WA,98118,877-455-3833,E,,Public,,,2,,eVgo Network,47.538782,-122.282797,1/31/2026,227996,2026-01-31 23:58:01 UTC,public,FALSE,FALSE
ELEC,Dupont Center - Ace Hardware,1585 McNeil St,DuPont,WA,98327,877-455-3833,E,,Public,,,2,,eVgo Network,47.092582,-122.644253,1/31/2026,228205,2026-01-31 23:58:55 UTC,public,FALSE,FALSE
ELEC,Whole Foods Lynnwood,2808 196th St SW,Lynnwood,WA,98036,877-455-3833,E,,Public,,,2,,eVgo Network,47.820256,-122.271361,1/31/2026,228358,2026-01-31 23:59:34 UTC,public,FALSE,FALSE
ELEC,Tacoma Mall,4502 S Steele St,Tacoma,WA,98409,877-455-3833,T,9/20/2025,TEMPORARILY UNAVAILABLE (Public),,2,3,,eVgo Network,47.21543,-122.47068,1/31/2026,228521,2026-02-01 00:00:28 UTC,public,FALSE,FALSE
ELEC,Conoco,1293 S Division St,Ritzville,WA,99169,877-455-3833,E,,Public,,,1,,eVgo Network,47.118605,-118.365561,1/31/2026,228564,2026-02-01 00:00:39 UTC,public,FALSE,FALSE
ELEC,Redmond Town Center,7525 166th Ave,Redmond,WA,98052,877-455-3833,E,,Public,,,2,,eVgo Network,47.6715764,-122.1194606,1/31/2026,228587,2026-02-01 00:00:43 UTC,public,FALSE,FALSE
ELEC,Interbay Business Center,1600 West Armory Way,Seattle,WA,98119,877-455-3833,E,,Public,,,4,,eVgo Network,47.63986,-122.377668,1/31/2026,228647,2026-02-01 00:01:12 UTC,public,FALSE,FALSE
ELEC,LeMay - America's Car Museum,2702 E D St,Tacoma,WA,98421,877-455-3833,E,,Public,,,6,,eVgo Network,47.234898,-122.429536,2/1/2026,228817,2026-02-01 00:03:39 UTC,public,FALSE,FALSE
ELEC,HILTON GARDEN STATION 1,1800 NW Gilman Blvd,Issaquah,WA,98027,888-758-4389,E,,Public,,2,,,ChargePoint Network,47.546017,-122.06528,2/1/2026,228942,2026-02-01 02:41:47 UTC,public,FALSE,FALSE
ELEC,South Park,8461 Dallas Ave S,Seattle,WA,98108,855-900-7584,P,9/1/2025,PLANNED - not yet accessible (Public),,,,,,47.527372,-122.315385,1/13/2025,228968,2025-05-21 18:34:29 UTC,public,FALSE,FALSE
ELEC,Juanita Court,9926 NE 126th St,Kirkland,WA,98034,888-998-2546,E,,Public,,1,,,Blink Network,47.7133,-122.209,2/1/2026,229227,2026-02-01 00:09:22 UTC,public,FALSE,FALSE
ELEC,AMZ SEA106-4,10550 NE 10th St,Bellevue,WA,98004,888-758-4389,E,,Public,,2,,,ChargePoint Network,47.619791,-122.19971,2/1/2026,229270,2026-02-01 02:23:16 UTC,public,FALSE,FALSE
ELEC,AMZ SEA106-3,10550 NE 10th St,Bellevue,WA,98004,888-758-4389,E,,Public,,2,,,ChargePoint Network,47.619784,-122.199758,2/1/2026,229271,2026-02-01 02:23:17 UTC,public,FALSE,FALSE
ELEC,"ARE-Seattle No. 12, LLC",1165 Elake Ave E,Seattle,WA,98109,833-692-6787,E,,Public - Credit card at all times,,2,,,AMPUP,47.25033,-122.18104,11/10/2022,230209,2023-02-14 15:54:11 UTC,public,FALSE,FALSE
ELEC,Tacoma Power Lot D EV Charging,3628 S 35th St,Tacoma,WA,98409,833-692-6787,E,,Public - Credit card at all times,,20,,,AMPUP,47.228157,-122.485043,8/10/2023,230420,2025-10-14 15:52:47 UTC,public,FALSE,FALSE
ELEC,Seabrook EV Chargers,351 Parkview Ln,Pacific Beach,WA,98571,833-692-6787,E,,Public - Credit card at all times,,8,,,AMPUP,47.19404039,-124.1980829,11/10/2022,230430,2023-02-14 15:54:11 UTC,public,FALSE,FALSE
ELEC,South Service Center Pole Yard,4100 Diagonal Ave S,Seattle,WA,98134,,E,,Private,,2,,,AMPUP,47.56720941,-122.3302094,8/10/2023,230677,2024-01-31 22:07:01 UTC,private,,FALSE
ELEC,Hilton Seattle Airport,17620 International Blvd,Seattle,WA,98188,866-816-7584,E,,Public,,2,,,EV Connect,47.444398,-122.29516,2/1/2026,230986,2026-02-01 04:54:21 UTC,public,FALSE,FALSE
ELEC,The Hive,2904 E. Sprague,Spokane,WA,99202,866-816-7584,E,,Public,,,2,,EV Connect,47.656426,-117.367743,2/1/2026,231048,2026-02-01 04:54:42 UTC,public,FALSE,FALSE
ELEC,North East Community Center,4001 N. Cook St,Spokane,WA,99207,866-816-7584,E,,Public,,,2,,EV Connect,47.693653,-117.374808,2/1/2026,231054,2026-02-01 04:54:49 UTC,public,FALSE,FALSE
ELEC,HOPEWORKS HOPEWORKS 2,3331 Broadway,Everett,WA,98201,888-758-4389,E,,Public,,2,,,ChargePoint Network,47.972937,-122.200839,2/1/2026,233241,2026-02-01 02:40:37 UTC,public,FALSE,FALSE
ELEC,Chehalis Commerce District,1701 NW Louisiana Ave,Chehalis,WA,98532,877-455-3833,E,,Public,,,6,,eVgo Network,46.6797271,-122.9770999,1/31/2026,233514,2026-01-31 23:58:36 UTC,public,FALSE,FALSE
ELEC,ALLEY 111 CP1,11011 NE 9th St,Bellevue,WA,98004,888-758-4389,E,,Public,,1,,,ChargePoint Network,47.618104,-122.19222,2/1/2026,234983,2026-02-01 02:43:41 UTC,public,FALSE,FALSE
ELEC,ALLEY 111 CP2,11011 NE 9th St,Bellevue,WA,98004,888-758-4389,E,,Public,,1,,,ChargePoint Network,47.618059,-122.192221,2/1/2026,234984,2026-02-01 02:43:41 UTC,public,FALSE,FALSE
ELEC,ALLEY 111 CP3,11011 NE 9th St,Bellevue,WA,98004,888-758-4389,E,,Public,,1,,,ChargePoint Network,47.618012,-122.192224,2/1/2026,234985,2026-02-01 02:43:41 UTC,public,FALSE,FALSE
ELEC,ALLEY 111 CP4,11011 NE 9th St,Bellevue,WA,98004,888-758-4389,E,,Public,,1,,,ChargePoint Network,47.617957,-122.192223,2/1/2026,234986,2026-02-01 02:43:41 UTC,public,FALSE,FALSE
ELEC,ALLEY 111 CP5,11011 NE 9th St,Bellevue,WA,98004,888-758-4389,E,,Public,,1,,,ChargePoint Network,47.617904,-122.192223,2/1/2026,234987,2026-02-01 02:43:42 UTC,public,FALSE,FALSE
ELEC,ALLEY 111 CP6,11011 NE 9th St,Bellevue,WA,98004,888-758-4389,E,,Public,,1,,,ChargePoint Network,47.617862,-122.192221,2/1/2026,234988,2026-02-01 02:43:42 UTC,public,FALSE,FALSE
ELEC,ALLEY 111 CP7,11011 NE 9th St,Bellevue,WA,98004,888-758-4389,E,,Public,,1,,,ChargePoint Network,47.617821,-122.192223,2/1/2026,234989,2026-02-01 02:43:42 UTC,public,FALSE,FALSE
ELEC,ALLEY 111 CP8,11011 NE 9th St,Bellevue,WA,98004,888-758-4389,E,,Public,,1,,,ChargePoint Network,47.617771,-122.192224,2/1/2026,234990,2026-02-01 02:43:42 UTC,public,FALSE,FALSE
ELEC,SEA41 SEA41-7,2121 7th Ave,Seattle,WA,98121,888-758-4389,E,,Public,,2,,,ChargePoint Network,47.616076,-122.339828,2/1/2026,235318,2026-02-01 02:45:19 UTC,public,FALSE,FALSE
ELEC,SEA41 SEA41-10,2121 7th Ave,Seattle,WA,98121,888-758-4389,E,,Public,,2,,,ChargePoint Network,47.616069,-122.339836,2/1/2026,235319,2026-02-01 02:45:22 UTC,public,FALSE,FALSE
ELEC,SEA41 SEA41-9,2121 7th Ave,Seattle,WA,98121,888-758-4389,E,,Public,,2,,,ChargePoint Network,47.616081,-122.339836,2/1/2026,235320,2026-02-01 02:45:22 UTC,public,FALSE,FALSE
ELEC,SEA41 SEA41-21,2121 7th Ave,Seattle,WA,98121,888-758-4389,E,,Public,,2,,,ChargePoint Network,47.616062,-122.339797,2/1/2026,235321,2026-02-01 02:45:23 UTC,public,FALSE,FALSE
ELEC,SEA41 SEA41-22,2121 7th Ave,Seattle,WA,98121,888-758-4389,E,,Public,,2,,,ChargePoint Network,47.616069,-122.339786,2/1/2026,235322,2026-02-01 02:45:24 UTC,public,FALSE,FALSE
ELEC,SEA41 SEA41-23,2121 7th Ave,Seattle,WA,98121,888-758-4389,E,,Public,,2,,,ChargePoint Network,47.616069,-122.339818,2/1/2026,235323,2026-02-01 02:45:25 UTC,public,FALSE,FALSE
ELEC,SEA41 SEA41-17,2121 7th Ave,Seattle,WA,98121,888-758-4389,E,,Public,,2,,,ChargePoint Network,47.616026,-122.339818,2/1/2026,235324,2026-02-01 02:45:25 UTC,public,FALSE,FALSE
ELEC,SEA41 SEA41-16,2121 7th Ave,Seattle,WA,98121,888-758-4389,E,,Public,,2,,,ChargePoint Network,47.616069,-122.339882,2/1/2026,235325,2026-02-01 02:45:25 UTC,public,FALSE,FALSE
ELEC,SEA41 SEA41-24,2121 7th Ave,Seattle,WA,98121,888-758-4389,E,,Public,,2,,,ChargePoint Network,47.616062,-122.339845,2/1/2026,235326,2026-02-01 02:45:25 UTC,public,FALSE,FALSE
ELEC,SEA41 SEA41-19,2121 7th Ave,Seattle,WA,98121,888-758-4389,E,,Public,,2,,,ChargePoint Network,47.616055,-122.339829,2/1/2026,235327,2026-02-01 02:45:26 UTC,public,FALSE,FALSE
ELEC,SEA41 SEA41-20,2121 7th Ave,Seattle,WA,98121,888-758-4389,E,,Public,,2,,,ChargePoint Network,47.616055,-122.33985,2/1/2026,235328,2026-02-01 02:45:27 UTC,public,FALSE,FALSE
ELEC,SEA41 SEA41-12,2121 7th Ave,Seattle,WA,98121,888-758-4389,E,,Public,,2,,,ChargePoint Network,47.616071,-122.339854,2/1/2026,235329,2026-02-01 02:45:27 UTC,public,FALSE,FALSE
ELEC,SEA41 SEA41-11,2121 7th Ave,Seattle,WA,98121,888-758-4389,E,,Public,,2,,,ChargePoint Network,47.616083,-122.33985,2/1/2026,235330,2026-02-01 02:45:27 UTC,public,FALSE,FALSE
ELEC,SEA41 SEA41-14,2121 7th Ave,Seattle,WA,98121,888-758-4389,E,,Public,,2,,,ChargePoint Network,47.616082,-122.339821,2/1/2026,235331,2026-02-01 02:45:27 UTC,public,FALSE,FALSE
ELEC,SEA41 SEA41-15,2121 7th Ave,Seattle,WA,98121,888-758-4389,E,,Public,,2,,,ChargePoint Network,47.616076,-122.339754,2/1/2026,235332,2026-02-01 02:45:28 UTC,public,FALSE,FALSE
ELEC,AMZ SEA42-17,2100 7th Ave,Seattle,WA,98119,888-758-4389,E,,Public,,2,,,ChargePoint Network,47.616259,-122.338853,2/1/2026,235333,2026-02-01 02:45:28 UTC,public,FALSE,FALSE
ELEC,AMZ SEA42-15,2100 7th Ave,Seattle,WA,98119,888-758-4389,E,,Public,,2,,,ChargePoint Network,47.616265,-122.338863,2/1/2026,235334,2026-02-01 02:45:28 UTC,public,FALSE,FALSE
ELEC,AMZ SEA42-16,2100 7th Ave,Seattle,WA,98119,888-758-4389,E,,Public,,2,,,ChargePoint Network,47.616277,-122.338872,2/1/2026,235335,2026-02-01 02:45:28 UTC,public,FALSE,FALSE
ELEC,AMZ SEA42-18,2100 7th Ave,Seattle,WA,98119,888-758-4389,E,,Public,,2,,,ChargePoint Network,47.616259,-122.338839,2/1/2026,235336,2026-02-01 02:45:29 UTC,public,FALSE,FALSE
ELEC,AMZ SEA42-13,2100 7th Ave,Seattle,WA,98119,888-758-4389,E,,Public,,2,,,ChargePoint Network,47.616276,-122.338848,2/1/2026,235337,2026-02-01 02:45:29 UTC,public,FALSE,FALSE
ELEC,AMZ SEA42-12,2100 7th Ave,Seattle,WA,98119,888-758-4389,E,,Public,,2,,,ChargePoint Network,47.616271,-122.338868,2/1/2026,235338,2026-02-01 02:45:29 UTC,public,FALSE,FALSE
ELEC,AMZ SEA42-14,2100 7th Ave,Seattle,WA,98119,888-758-4389,E,,Public,,2,,,ChargePoint Network,47.61628,-122.338861,2/1/2026,235339,2026-02-01 02:45:30 UTC,public,FALSE,FALSE
ELEC,SEA41 SEA41-8,2121 7th Ave,Seattle,WA,98121,888-758-4389,E,,Public,,2,,,ChargePoint Network,47.616076,-122.339844,2/1/2026,235340,2026-02-01 02:45:31 UTC,public,FALSE,FALSE
ELEC,SEA41 SEA41-13,2121 7th Ave,Seattle,WA,98121,888-758-4389,E,,Public,,2,,,ChargePoint Network,47.61607,-122.339824,2/1/2026,235342,2026-02-01 02:45:39 UTC,public,FALSE,FALSE
ELEC,AMZ SEA40-7,2021 7th Ave,Seattle,WA,98121,888-758-4389,E,,Public,,2,,,ChargePoint Network,47.615307,-122.338225,2/1/2026,235345,2026-02-01 02:45:56 UTC,public,FALSE,FALSE
ELEC,AMZ SEA40-9,2021 7th Ave,Seattle,WA,98121,888-758-4389,E,,Public,,2,,,ChargePoint Network,47.615314,-122.338234,2/1/2026,235346,2026-02-01 02:45:56 UTC,public,FALSE,FALSE
ELEC,AMZ SEA40-13,2021 7th Ave,Seattle,WA,98121,888-758-4389,E,,Public,,2,,,ChargePoint Network,47.61532,-122.338246,2/1/2026,235347,2026-02-01 02:45:57 UTC,public,FALSE,FALSE
ELEC,AMZ SEA40-11,2021 7th Ave,Seattle,WA,98121,888-758-4389,E,,Public,,2,,,ChargePoint Network,47.615305,-122.338215,2/1/2026,235348,2026-02-01 02:45:58 UTC,public,FALSE,FALSE
ELEC,AMZ SEA40-10,2021 7th Ave,Seattle,WA,98121,888-758-4389,E,,Public,,2,,,ChargePoint Network,47.615303,-122.338242,2/1/2026,235349,2026-02-01 02:45:58 UTC,public,FALSE,FALSE
ELEC,AMZ SEA40-8,2021 7th Ave,Seattle,WA,98121,888-758-4389,E,,Public,,2,,,ChargePoint Network,47.615311,-122.338245,2/1/2026,235350,2026-02-01 02:46:01 UTC,public,FALSE,FALSE
ELEC,AMZ SEA40-12,2021 7th Ave,Seattle,WA,98121,888-758-4389,E,,Public,,2,,,ChargePoint Network,47.615297,-122.338221,2/1/2026,235351,2026-02-01 02:46:01 UTC,public,FALSE,FALSE
ELEC,AMZ SEA44-5,2205 7th Ave,Seattle,WA,98121,888-758-4389,E,,Public,,2,,,ChargePoint Network,47.616662,-122.340786,2/1/2026,235352,2026-02-01 02:46:01 UTC,public,FALSE,FALSE
ELEC,AMZ SEA44-7,2205 7th Ave,Seattle,WA,98121,888-758-4389,E,,Public,,2,,,ChargePoint Network,47.616653,-122.340794,2/1/2026,235353,2026-02-01 02:46:02 UTC,public,FALSE,FALSE
ELEC,AMZ SEA44-6,2205 7th Ave,Seattle,WA,98121,888-758-4389,E,,Public,,2,,,ChargePoint Network,47.616663,-122.340804,2/1/2026,235354,2026-02-01 02:46:03 UTC,public,FALSE,FALSE
ELEC,AMZ SEA44-9,2205 7th Ave,Seattle,WA,98121,888-758-4389,E,,Public,,2,,,ChargePoint Network,47.616663,-122.340794,2/1/2026,235356,2026-02-01 02:46:03 UTC,public,FALSE,FALSE
ELEC,EDMONDSNISSAN CAMPBELL NORTH,"24325 Highway 99 Edmonds, WA. 98026",Edmonds,WA,98026,888-758-4389,E,,Public,,,1,,ChargePoint Network,47.778256,-122.344832,2/1/2026,235425,2026-02-01 01:42:17 UTC,public,FALSE,FALSE
ELEC,ASPECT ASPCT AT TOTEM,12540 120th Ave NE,Kirkland,WA,98034,888-758-4389,E,,Public,,2,,,ChargePoint Network,47.7125,-122.17772,2/1/2026,235493,2026-02-01 02:38:55 UTC,public,FALSE,FALSE
ELEC,SPOKANE HYUNDAI STATION 2,8801 E Sprague Ave,Spokane Valley,WA,99212,888-758-4389,E,,Public,,1,,,ChargePoint Network,47.657317,-117.287492,2/1/2026,235496,2026-02-01 02:42:58 UTC,public,FALSE,FALSE
ELEC,SIA E GARAGE F.2 #2,9000 W. Airport Drive,Airway Heights,WA,99224,888-758-4389,E,,Public,,2,,,ChargePoint Network,47.625021,-117.539657,2/1/2026,235500,2026-02-01 02:44:52 UTC,public,FALSE,FALSE
ELEC,SIA E GARAGE F.2 #6,9000 W. Airport Drive,Airway Heights,WA,99224,888-758-4389,E,,Public,,2,,,ChargePoint Network,47.625087,-117.539968,2/1/2026,235501,2026-02-01 02:44:53 UTC,public,FALSE,FALSE
ELEC,SIA E GARAGE F.2 #4,9000 W. Airport Drive,Airway Heights,WA,99224,888-758-4389,E,,Public,,2,,,ChargePoint Network,47.625006,-117.539796,2/1/2026,235502,2026-02-01 02:44:53 UTC,public,FALSE,FALSE
ELEC,SIA E GARAGE F.2 #3,9000 W. Airport Drive,Airway Heights,WA,99224,888-758-4389,E,,Public,,2,,,ChargePoint Network,47.625021,-117.539667,2/1/2026,235503,2026-02-01 02:44:53 UTC,public,FALSE,FALSE
ELEC,SIA E GARAGE F.2 #5,9000 W. Airport Drive,Airway Heights,WA,99224,888-758-4389,E,,Public,,2,,,ChargePoint Network,47.625019,-117.539831,2/1/2026,235504,2026-02-01 02:44:53 UTC,public,FALSE,FALSE
ELEC,SIA E GARAGE F.2 #1,9000 W. Airport Drive,Airway Heights,WA,99224,888-758-4389,E,,Public,,1,,,ChargePoint Network,47.625122,-117.539614,2/1/2026,235514,2026-02-01 02:46:24 UTC,public,FALSE,FALSE
ELEC,Lumen Field Parking Garage,300 S Royal Brougham Way,Seattle,WA,98104,206-381-7555,E,,Public,,2,,,Non-Networked,47.59263846,-122.3308693,12/12/2025,235700,2025-12-12 22:54:41 UTC,public,FALSE,FALSE
ELEC,800 Fifth Avenue Parking Garage,800 5th Ave,Seattle,WA,98104,206-621-9172,E,,Public,,1,,,Non-Networked,47.6054544,-122.3300854,11/10/2022,235702,2025-12-11 20:00:58 UTC,public,FALSE,FALSE
ELEC,US Bank Center Garage,1465 6th Ave,Seattle,WA,98101,206-223-4070,E,,Public,,6,,,Non-Networked,47.61082605,-122.3343469,1/13/2026,235703,2026-01-13 01:16:14 UTC,public,FALSE,FALSE
ELEC,University of Washington - Parking Area W40,814 NE Northlake Pl,Seattle,WA,98105,206-221-3701,E,,Public,,4,,,Non-Networked,47.65488067,-122.3192112,11/10/2022,235705,2025-03-27 18:54:45 UTC,public,FALSE,FALSE
ELEC,University of Washington - Parking Lot N22,4060 E Stevens Way NE,Seattle,WA,98195,206-221-3701,E,,Public,,5,,,Non-Networked,47.65601494,-122.3050035,11/10/2022,235706,2025-03-27 18:54:45 UTC,public,FALSE,FALSE
ELEC,Union Bay Plaza,4516 Union Bay Pl NE,Seattle,WA,98105,,E,,Public,,5,,,Non-Networked,47.66197669,-122.293346,11/10/2022,235707,2025-12-12 16:52:29 UTC,public,FALSE,FALSE
ELEC,OLY CITY HALL OLY CITY HALL 1,601 4th Ave E,Olympia,WA,98501,888-758-4389,E,,Public,,2,,,ChargePoint Network,47.04506,-122.89476,2/1/2026,235790,2026-02-01 01:02:33 UTC,public,FALSE,FALSE
ELEC,TAO FAWU FARM STATION 1,3825 Cabrant Rd,Everson,WA,98247,888-758-4389,E,,Public,,1,,,ChargePoint Network,48.89416,-122.281001,2/1/2026,235795,2026-02-01 01:30:40 UTC,public,FALSE,FALSE
ELEC,HOPEWORKS HOPEWORKS 3,3315 Broadway,Everett,WA,98201,888-758-4389,E,,Public,,,1,,ChargePoint Network,47.973226,-122.200753,2/1/2026,235956,2026-02-01 02:44:20 UTC,public,FALSE,FALSE
ELEC,La Bella Vita Kitchen and Bar,1515 George Washington Way,Richland,WA,99354,509-578-1750,E,,Public - Credit card at all times,,1,,,Non-Networked,46.29259769,-119.2747408,11/13/2025,236070,2025-11-13 20:02:17 UTC,public,FALSE,FALSE
ELEC,YAKAMART INC. STATION 1,111 Fort Rd,Toppenish,WA,98948,888-758-4389,E,,Public,,2,,,ChargePoint Network,46.375435,-120.33262,2/1/2026,236226,2026-02-01 02:45:58 UTC,public,FALSE,FALSE
ELEC,3803 N 26th Street,3803 N 26th Street,Tacoma,WA,98407,888-356-8911,E,,Public,,1,,,FLO,47.271112,-122.487932,2/1/2026,236323,2026-02-01 05:16:10 UTC,public,FALSE,FALSE
ELEC,BMR DEXTER DEXTER YARD-S1,700 Dexter Ave N,Seattle,WA,98109,888-758-4389,E,,Public,,2,,,ChargePoint Network,47.625918,-122.342192,2/1/2026,236600,2026-02-01 02:49:32 UTC,public,FALSE,FALSE
ELEC,BMR DEXTER DEXTER YARD-S4,700 Dexter Ave N,Seattle,WA,98109,888-758-4389,E,,Public,,2,,,ChargePoint Network,47.625918,-122.342192,2/1/2026,236601,2026-02-01 02:49:32 UTC,public,FALSE,FALSE
ELEC,VOLVO CAR USA SEATTLE DC1,1st Ave S & S Stacy St,Seattle,WA,98134,888-758-4389,E,,Public,,,1,,ChargePoint Network,47.5816,-122.334883,2/1/2026,236752,2026-02-01 02:49:36 UTC,public,FALSE,FALSE
ELEC,VOLVO CAR USA SEATTLE DC2,1st Ave S & S Stacy St,Seattle,WA,98134,888-758-4389,E,,Public,,,1,,ChargePoint Network,47.581601,-122.334848,2/1/2026,236753,2026-02-01 02:49:36 UTC,public,FALSE,FALSE
ELEC,VOLVO CAR USA SEATTLE DC3,1st Ave S & S Stacy St,Seattle,WA,98134,888-758-4389,E,,Public,,,1,,ChargePoint Network,47.5816,-122.33481,2/1/2026,236754,2026-02-01 02:49:36 UTC,public,FALSE,FALSE
ELEC,VOLVO CAR USA SEATTLE DC4,1st Ave S & S Stacy St,Seattle,WA,98134,888-758-4389,E,,Public,,,1,,ChargePoint Network,47.581595,-122.334777,2/1/2026,236755,2026-02-01 02:49:36 UTC,public,FALSE,FALSE
ELEC,NISSAN-EVERETT DC STATION 1,10500 Hwy 99,Everett,WA,98204,888-758-4389,E,,Public,,,1,,ChargePoint Network,47.902712,-122.246862,2/1/2026,236777,2026-02-01 02:04:38 UTC,public,FALSE,FALSE
ELEC,BELLINGHAM CITY TAYLOR DOCK,900 10th St,Bellingham,WA,98225,888-758-4389,E,,Public,,2,,,ChargePoint Network,48.72532,-122.505152,2/1/2026,236935,2026-02-01 02:49:33 UTC,public,FALSE,FALSE
ELEC,The Lex,415 St Helens Ave,Tacoma,WA,98402,888-998-2546,E,,Public,,16,,,Blink Network,47.2600301,-122.4438042,2/1/2026,236972,2026-02-01 00:37:27 UTC,public,FALSE,FALSE
ELEC,ESTATES AT COUG 2153,2196 NW Shy Bear Way,Issaquah,WA,98027,888-758-4389,E,,Public,,2,,,ChargePoint Network,47.531503,-122.072654,2/1/2026,237310,2026-02-01 02:48:17 UTC,public,FALSE,FALSE
ELEC,ESTATES AT COUG OFFICE 2,2137 NW Shy Bear Way,Issaquah,WA,98027,888-758-4389,E,,Public,,2,,,ChargePoint Network,47.530138,-122.070337,2/1/2026,237314,2026-02-01 02:49:18 UTC,public,FALSE,FALSE
ELEC,ESTATES AT COUG OFFICE1,2137 NW Shy Bear Way,Issaquah,WA,98027,888-758-4389,E,,Public,,2,,,ChargePoint Network,47.530096,-122.070319,2/1/2026,237315,2026-02-01 02:49:19 UTC,public,FALSE,FALSE
ELEC,Southcenter Plaza - Tesla Supercharger,333 Strander Boulevard,Tukwila,WA,98188,877-798-3752,E,,Public,,,16,,Tesla,47.455407,-122.256023,7/1/2024,237639,2025-02-12 00:16:32 UTC,public,FALSE,FALSE
ELEC,1800 Ninth Building,1800 9th Ave,Seattle,WA,98101,888-998-2546,E,,Public,,4,,,Blink Network,47.615249,-122.3332564,2/1/2026,237887,2026-02-01 00:37:33 UTC,public,FALSE,FALSE
ELEC,North Bend Premium Outlets,461 S Fork Ave SW,North Bend,WA,98045,877-455-3833,E,,Public,,2,2,,eVgo Network,47.49132,-121.79308,1/31/2026,238012,2026-02-01 00:00:21 UTC,public,FALSE,FALSE
ELEC,Olympic College Shelton,937 W. Alpine Way,Shelton,WA,98584,888-998-2546,E,,Public,,2,,,Blink Network,47.2297155,-123.1108409,2/1/2026,238089,2026-02-01 00:49:49 UTC,public,FALSE,FALSE
ELEC,The Alexis Royal Sonesta Hotel Seattle,1007 First Avenue,Seattle,WA,98104,888-998-2546,T,10/25/2025,TEMPORARILY UNAVAILABLE (Public),,1,,,Blink Network,47.604891,-122.336815,2/1/2026,238092,2026-02-01 00:09:54 UTC,public,FALSE,FALSE
ELEC,DAVIS PARK STATION 1,210 N Main Ave,Ridgefield,WA,98642,888-758-4389,E,,Public,,2,,,ChargePoint Network,45.816957,-122.74557,2/1/2026,238143,2026-02-01 02:51:02 UTC,public,FALSE,FALSE
ELEC,TOBELLINGHAM TOB 1,1100 Iowa St,Bellingham,WA,98229,888-758-4389,E,,Public,,2,,,ChargePoint Network,48.754914,-122.459858,2/1/2026,238265,2026-02-01 02:51:02 UTC,public,FALSE,FALSE
ELEC,Water & Environmental Center,640 Water Center Dr,Walla Walla,WA,99362,509-524-5208,E,,Public,,8,,,Non-Networked,46.0781031,-118.2738138,12/12/2025,238565,2025-12-12 22:54:41 UTC,public,TRUE,FALSE
ELEC,LODGES CHARGER JAIME'S OFFICE,819 S 72nd Ave,Yakima,WA,98908,888-758-4389,E,,Public,,2,,,ChargePoint Network,46.58914,-120.603074,2/1/2026,238793,2026-02-01 02:51:51 UTC,public,FALSE,FALSE
ELEC,PORT OFFICE ADMINREARNORTH,10 International Way,Longview,WA,98632,888-758-4389,E,,Public,,2,,,ChargePoint Network,46.107148,-122.941863,2/1/2026,238829,2026-02-01 02:47:06 UTC,public,FALSE,FALSE
ELEC,MCC CHARGERS CPE250-1,1404 5th St,Marysville,WA,98270,888-758-4389,E,,Public,,,1,,ChargePoint Network,48.052642,-122.178325,2/1/2026,238844,2026-02-01 02:51:18 UTC,public,FALSE,FALSE
ELEC,MCC CHARGERS CPE250-2,1404 5th St,Marysville,WA,98270,888-758-4389,E,,Public,,,1,,ChargePoint Network,48.052658,-122.178452,2/1/2026,238845,2026-02-01 02:51:19 UTC,public,FALSE,FALSE
ELEC,COP_ CITY HALL NO. 3,775 NW Guy Street,Pullman,WA,99163,888-758-4389,E,,Public,,2,,,ChargePoint Network,46.719919,-117.182462,2/1/2026,240820,2026-02-01 02:03:59 UTC,public,FALSE,FALSE
ELEC,COP_ CITY HALL NO. 2,775 NW Guy Street,Pullman,WA,99163,888-758-4389,E,,Public,,2,,,ChargePoint Network,46.71994,-117.182416,2/1/2026,240821,2026-02-01 02:04:00 UTC,public,FALSE,FALSE
ELEC,COP_ CITY HALL NO. 1,775 NW Guy Street,Pullman,WA,99163,888-758-4389,E,,Public,,2,,,ChargePoint Network,46.719669,-117.181523,2/1/2026,240822,2026-02-01 02:05:14 UTC,public,FALSE,FALSE
ELEC,Shell Gas Station - Tesla Supercharger,16010  Road 1 Northwest,Quincy,WA,98848,877-798-3752,E,,Public,,,8,,Tesla,47.103405,-119.83392,7/1/2024,241149,2025-02-12 00:16:32 UTC,public,FALSE,FALSE
ELEC,Mason County PUD,21971 N. Highway 101,Shelton,WA,98584,888-998-2546,E,,Public,,1,,,Blink Network,47.374141,-123.155375,2/1/2026,241195,2026-02-01 00:06:12 UTC,public,FALSE,FALSE
ELEC,Columbia Center Tower,701 5th Ave,Seattle,WA,98104,888-998-2546,E,,Public,,8,,,Blink Network,47.604817,-122.330568,2/1/2026,241218,2026-02-01 00:43:51 UTC,public,FALSE,FALSE
ELEC,PORT ANGELES CITY HALL #2,308 E 4th St,Port Angeles,WA,98362,888-758-4389,E,,Public,,2,,,ChargePoint Network,48.11376,-123.431085,2/1/2026,241270,2026-02-01 02:53:11 UTC,public,FALSE,FALSE
ELEC,PORT ANGELES CITY HALL #3,308 E 4th St,Port Angeles,WA,98362,888-758-4389,E,,Public,,2,,,ChargePoint Network,48.114455,-123.431904,2/1/2026,241271,2026-02-01 02:53:11 UTC,public,FALSE,FALSE
ELEC,PORT ANGELES CITY HALL #1,308 E 4th St,Port Angeles,WA,98362,888-758-4389,E,,Public,,2,,,ChargePoint Network,48.114513,-123.43206,2/1/2026,241272,2026-02-01 02:53:11 UTC,public,FALSE,FALSE
ELEC,RIDGEFIELD NWR STATION 1,28908 NW Main Ave,Ridgefield,WA,98642,888-758-4389,E,,Public,,2,,,ChargePoint Network,45.82999,-122.74774,2/1/2026,250419,2026-02-01 02:21:21 UTC,public,FALSE,FALSE
ELEC,Columbia REA,2929 Melrose St.,Walla Walla,WA,99362,888-356-8911,E,,Public,,2,1,,FLO,46.0810315,-118.2843925,2/1/2026,250519,2026-02-01 05:16:40 UTC,public,FALSE,FALSE
ELEC,1810 N Greene S Bldg 27,1810 N Greene S,Spokane,WA,99202,866-816-7584,E,,Public,,2,,,EV Connect,47.673872,-117.35623,2/1/2026,250822,2026-02-01 04:55:01 UTC,public,FALSE,FALSE
ELEC,Sunrise Inn Villas & Suites - Tesla Destination,905  20th st,Anacortes,WA,98221,877-798-3752,E,,Public,,1,,,Tesla Destination,48.50598,-122.6117,7/1/2024,250912,2025-02-12 00:16:32 UTC,public,,FALSE
ELEC,Courtyard by Marriott Pasco Tri-Cities Airport - Tesla Destination,2011  West Argent Road,Pasco,WA,99301,877-798-3752,E,,Public,,2,,,Tesla Destination,46.25605,-119.11724,7/1/2024,250977,2025-02-12 00:16:32 UTC,public,,FALSE
ELEC,The Walls Vineyards - Tesla Destination,1015  W Pine St,Walla Walla,WA,99362,877-798-3752,E,,Public,,1,,,Tesla Destination,46.06881,-118.35589,7/1/2024,250991,2025-02-12 00:16:32 UTC,public,,FALSE
ELEC,Little Creek Casino Resort - Tesla Destination,93 WA-108,Shelton,WA,98584,877-798-3752,E,,Public,,1,,,Tesla Destination,47.12836,-123.10355,7/1/2024,251032,2025-02-12 00:16:32 UTC,public,,FALSE
ELEC,"Vancouver, WA - Northeast Fourth Plain Boulevard - Tesla Supercharger",6916 NE Fourth Plain Blvd,Vancouver,WA,98661,877-798-3752,E,,Public,,,12,,Tesla,45.645638,-122.601482,7/1/2024,251147,2025-02-12 00:16:32 UTC,public,FALSE,FALSE
ELEC,VILLASARLINGTON STATION 1,3328 185th Pl NE,Arlington,WA,98223,888-758-4389,E,,Public,,2,,,ChargePoint Network,48.164038,-122.184364,2/1/2026,251764,2026-02-01 01:44:01 UTC,public,FALSE,FALSE
ELEC,SUL-EV SUL-EV1,15015 E Indiana Ave,Spokane Valley,WA,99216,888-758-4389,E,,Public,,2,,,ChargePoint Network,47.673595,-117.20218,2/1/2026,252182,2026-02-01 02:54:32 UTC,public,FALSE,FALSE
ELEC,BEL-EV BEL-EV 1,4051 Meridian St,Bellingham,WA,98226,888-758-4389,E,,Public,,2,,,ChargePoint Network,48.78815,-122.487681,2/1/2026,252603,2026-02-01 02:54:48 UTC,public,FALSE,FALSE
ELEC,Broadway Apartments - 2nd Floor,3214 Broadway,Everett,WA,98201,888-998-2546,E,,Public,,6,,,Blink Network,47.9752,-122.2018,2/1/2026,252632,2026-02-01 00:15:57 UTC,public,FALSE,FALSE
ELEC,BELLINGHAM CITY SHUKSAN MEADOWS,Maplewood Ave at Cottonwood Ave,Bellingham,WA,98225,888-758-4389,E,,Public,,2,,,ChargePoint Network,48.777522,-122.503621,2/1/2026,252656,2026-02-01 02:54:21 UTC,public,FALSE,FALSE
ELEC,BELLINGHAM CITY WEST MAGNOLIA,104 W Magnolia St,Bellingham,WA,98225,888-758-4389,E,,Public,,2,,,ChargePoint Network,48.751046,-122.477956,2/1/2026,252657,2026-02-01 02:54:25 UTC,public,FALSE,FALSE
ELEC,PICKLER PICKLER 2,1525 121st Ave NE,Bellevue,WA,98005,888-758-4389,E,,Public,,2,,,ChargePoint Network,47.622219,-122.178924,2/1/2026,252749,2026-02-01 02:48:11 UTC,public,FALSE,FALSE
ELEC,IKEA USA RENTON 3,601 SW 41st St,Renton,WA,98057,888-758-4389,E,,Public,,1,,,ChargePoint Network,47.442974,-122.227286,2/1/2026,252921,2026-02-01 02:33:31 UTC,public,FALSE,FALSE
ELEC,IKEA USA RENTON 2,601 SW 41st St,Renton,WA,98057,888-758-4389,E,,Public,,1,,,ChargePoint Network,47.442791,-122.227276,2/1/2026,252922,2026-02-01 02:33:32 UTC,public,FALSE,FALSE
ELEC,IKEA USA RENTON ST 1,601 SW 41st St,Renton,WA,98057,888-758-4389,E,,Public,,1,,,ChargePoint Network,47.442789,-122.227261,2/1/2026,252923,2026-02-01 02:33:32 UTC,public,FALSE,FALSE
ELEC,BELLINGHAM CITY FAIRHAVEN PARK,Chuckanut Dr at Fairhaven Park,Bellingham,WA,98229,888-758-4389,E,,Public,,2,,,ChargePoint Network,48.713154,-122.499368,2/1/2026,253006,2026-02-01 02:53:14 UTC,public,FALSE,FALSE
ELEC,SPO-EV SPO-EV 1,115 W North River Dr,Spokane,WA,99201,888-758-4389,E,,Public,,2,,,ChargePoint Network,47.66367,-117.412254,2/1/2026,253039,2026-02-01 02:55:01 UTC,public,FALSE,FALSE
ELEC,SPO-EV SPO-EV 2,115 W North River Dr,Spokane,WA,99201,888-758-4389,E,,Public,,2,,,ChargePoint Network,47.66371,-117.412254,2/1/2026,253040,2026-02-01 02:55:01 UTC,public,FALSE,FALSE
ELEC,Home Depot - Tesla Supercharger,700 Northwest Arkansas Way,Chehalis,WA,98532,877-798-3752,E,,Public,,,8,,Tesla,46.679769,-122.976995,7/1/2024,253282,2025-02-12 00:16:32 UTC,public,FALSE,FALSE
ELEC,PICKLER PICKLER 4,1525 121st Ave NE,Bellevue,WA,98005,888-758-4389,E,,Public,,2,,,ChargePoint Network,47.622425,-122.178896,2/1/2026,253307,2026-02-01 02:35:13 UTC,public,FALSE,FALSE
ELEC,PICKLER PICKLER 3,1525 121st Ave NE,Bellevue,WA,98005,888-758-4389,E,,Public,,2,,,ChargePoint Network,47.622458,-122.178882,2/1/2026,253308,2026-02-01 02:35:13 UTC,public,FALSE,FALSE
ELEC,PICKLER PICKLER 5,1525 121st Ave NE,Bellevue,WA,98005,888-758-4389,E,,Public,,2,,,ChargePoint Network,47.622424,-122.178881,2/1/2026,253309,2026-02-01 02:35:13 UTC,public,FALSE,FALSE
ELEC,NORAM HEMLOCK 7,1550 121st Ave NE,Bellevue,WA,98005,888-758-4389,E,,Public,,2,,,ChargePoint Network,47.622478,-122.177542,2/1/2026,253422,2026-02-01 02:52:18 UTC,public,FALSE,FALSE
ELEC,NORAM HEMLOCK 8,1550 121st Ave NE,Bellevue,WA,98005,888-758-4389,E,,Public,,2,,,ChargePoint Network,47.622506,-122.177537,2/1/2026,253429,2026-02-01 02:53:54 UTC,public,FALSE,FALSE
ELEC,Southport Garage Level A,1103 Lake Washington Blvd. No.,Renton,WA,98056,855-900-7584,E,,Public,,2,,,SHELL_RECHARGE,47.501531,-122.204642,2/1/2026,253519,2026-02-01 04:36:43 UTC,public,FALSE,FALSE
ELEC,Southport South Garage Level A,1103 Lake Washington Blvd. No.,Renton,WA,98056,855-900-7584,T,9/1/2025,TEMPORARILY UNAVAILABLE (Public),,5,,,SHELL_RECHARGE,47.501409,-122.204499,2/1/2026,253652,2026-02-01 04:36:44 UTC,public,FALSE,FALSE
ELEC,PICKLER PICKLER 15,1525 121st Ave NE,Bellevue,WA,98005,888-758-4389,E,,Public,,2,,,ChargePoint Network,47.622476,-122.17888,2/1/2026,253838,2026-02-01 02:35:14 UTC,public,FALSE,FALSE
ELEC,DWAYNE LANE'S DEALERSHIP,620 Auto Blvd,Burlington,WA,98233,888-758-4389,E,,Public,,2,,,ChargePoint Network,48.451235,-122.343842,2/1/2026,253922,2026-02-01 02:38:59 UTC,public,FALSE,FALSE
ELEC,PICKLER PICKLER 1 ADA,1525 121st Ave NE,Bellevue,WA,98005,888-758-4389,E,,Public,,2,,,ChargePoint Network,47.622443,-122.178877,2/1/2026,254111,2026-02-01 02:35:14 UTC,public,FALSE,FALSE
ELEC,PICKLER PICKLER 12,1525 121st Ave NE,Bellevue,WA,98005,888-758-4389,E,,Public,,2,,,ChargePoint Network,47.622428,-122.178919,2/1/2026,254503,2026-02-01 02:35:17 UTC,public,FALSE,FALSE
ELEC,SCC SUMMIT SCC SUMMIT #1,1009 Olive Way,Seattle,WA,98101,888-758-4389,E,,Public,,2,,,ChargePoint Network,47.615003,-122.331809,2/1/2026,254512,2026-02-01 02:54:25 UTC,public,FALSE,FALSE
ELEC,SCC SUMMIT SCC SUMMIT #3,1009 Olive Way,Seattle,WA,98101,888-758-4389,E,,Public,,2,,,ChargePoint Network,47.61488,-122.331476,2/1/2026,254513,2026-02-01 02:54:26 UTC,public,FALSE,FALSE
ELEC,SCC SUMMIT SCC SUMMIT #2,1009 Olive Way,Seattle,WA,98101,888-758-4389,E,,Public,,2,,,ChargePoint Network,47.614938,-122.331583,2/1/2026,254514,2026-02-01 02:54:26 UTC,public,FALSE,FALSE
ELEC,SCC SUMMIT SCC SUMMIT #4,1009 Olive Way,Seattle,WA,98101,888-758-4389,E,,Public,,2,,,ChargePoint Network,47.614938,-122.331508,2/1/2026,254515,2026-02-01 02:54:27 UTC,public,FALSE,FALSE
ELEC,Best Western Mountainview Inn,401 8th St SW,Auburn,WA,98001,888-356-8911,E,,Public,,2,,,FLO,47.3016,-122.234444,2/1/2026,254548,2026-02-01 05:16:50 UTC,public,FALSE,FALSE
ELEC,CITY LIGHT PORTAGE BAY 2,2915 Fuhrman Avenue East,Seattle,WA,98102,888-758-4389,E,,Public,,1,,,ChargePoint Network,47.647302,-122.317513,2/1/2026,255634,2026-02-01 03:58:21 UTC,public,FALSE,FALSE
ELEC,Indian Trail Library,4909 W. Barnes Rd,Spokane,WA,99208,866-816-7584,E,,Public,,,1,,EV Connect,47.740406,-117.482601,2/1/2026,255648,2026-02-01 04:54:49 UTC,public,FALSE,FALSE
ELEC,Target - Tesla Supercharger,405 SE Everett Mall Way,Everett,WA,98208,877-798-3752,E,,Public,,,12,,Tesla,47.909318,-122.225827,7/1/2024,256046,2025-02-12 00:16:32 UTC,public,FALSE,FALSE
ELEC,SureStay Plus Hotel,602 N Young St,Kennewick,WA,99336,,E,,Private,,1,,,Non-Networked,46.21594497,-119.2185478,8/12/2025,256118,2025-08-12 16:52:28 UTC,private,,FALSE
ELEC,Skagit Valley College - Lewis Hall,2405 E. College Way,Mt. Vernon,WA,98273,888-998-2546,E,,Public,,4,,,Blink Network,48.436844,-122.312753,2/1/2026,256137,2026-02-01 00:21:03 UTC,public,FALSE,FALSE
ELEC,TAC PW PARKING PARK PLAZA CP02,923 Commerce St,Tacoma,WA,98402,888-758-4389,T,12/9/2025,TEMPORARILY UNAVAILABLE (Public),,2,,,ChargePoint Network,47.254591,-122.439294,2/1/2026,256214,2026-02-01 01:25:47 UTC,public,FALSE,FALSE
ELEC,TAC PW PARKING PARK PLAZA CP01,923 Commerce St ZEV,Tacoma,WA,98402,888-758-4389,E,,Public,,2,,,ChargePoint Network,47.254518,-122.439253,2/1/2026,256215,2026-02-01 01:26:05 UTC,public,FALSE,FALSE
ELEC,TAC PW FAC MGT FIRE STN 5 CP1,3520 East 11th St Fire Station 05,Tacoma,WA,98421,888-758-4389,E,,Public,,2,,,ChargePoint Network,47.275715,-122.396176,2/1/2026,256217,2026-02-01 02:11:06 UTC,public,FALSE,FALSE
ELEC,Arrive Noba Apartments,8022 15th Avenue Northwest,Seattle,WA,98117,888-998-2546,E,,Public,,1,,,Blink Network,47.6874796,-122.3763969,2/1/2026,256432,2026-02-01 00:40:37 UTC,public,FALSE,FALSE
ELEC,Evergreen Shopping Center - Tesla Supercharger,5219  Tacoma Mall Boulevard,Tacoma,WA,98409,877-798-3752,E,,Public,,,12,,Tesla,47.209689,-122.462833,7/1/2024,256577,2025-02-12 00:16:32 UTC,public,FALSE,FALSE
ELEC,(Public) Silver Lake Water and Sewer District HQ Chargers,15205 41st Ave SE,Bothell,WA,98012,888-998-2546,E,,Public,,2,,,Blink Network,47.85919654,-122.1767124,2/1/2026,256681,2026-02-01 00:37:37 UTC,public,FALSE,FALSE
ELEC,MP4 MP4,3220 Rosedale St NW,Gig Harbor,WA,98335,888-758-4389,E,,Public,,2,,,ChargePoint Network,47.329972,-122.582577,2/1/2026,256697,2026-02-01 02:56:27 UTC,public,FALSE,FALSE
ELEC,Starbucks and Subway at Fairhaven Parkway,3105 Old Fairhaven Pkwy,Bellingham,WA,98225,888-356-8911,E,,Public,,,2,,FLO,48.715337,-122.477684,2/1/2026,256714,2026-02-01 05:16:50 UTC,public,FALSE,FALSE
ELEC,HEARTLANDTOYOTA CT4020,901 W Hills Blvd,Bremerton,WA,98312,888-758-4389,E,,Public,,2,,,ChargePoint Network,47.555928,-122.67698,2/1/2026,257088,2026-02-01 02:54:59 UTC,public,FALSE,FALSE
ELEC,LAKEHAVEN W&S 2,31627 1st Ave S,Federal Way,WA,98003,888-758-4389,E,,Public,,1,,,ChargePoint Network,47.318292,-122.335526,2/1/2026,257334,2026-02-01 02:57:00 UTC,public,FALSE,FALSE
ELEC,LAKEHAVEN W&S 1,31627 1st Ave S,Federal Way,WA,98003,888-758-4389,E,,Public,,1,,,ChargePoint Network,47.317907,-122.335863,2/1/2026,257335,2026-02-01 02:57:00 UTC,public,FALSE,FALSE
ELEC,P-5000 Garage at Carillon Point,5000 Carillon Point,Kirkland,WA,98033,888-998-2546,E,,Public,,1,,,Blink Network,47.655327,-122.205254,2/1/2026,257460,2026-02-01 00:46:24 UTC,public,FALSE,FALSE
ELEC,Abbey Ridge Apartments,3035 S 204th St.,Seatac,WA,98198,888-998-2546,E,,Public,,2,,,Blink Network,47.418161,-122.292929,2/1/2026,257499,2026-02-01 00:28:45 UTC,public,FALSE,FALSE
ELEC,BESTMED UC STATION 2,1225 SE Scenic View Dr,College Place,WA,99324,888-758-4389,E,,Public,,1,,,ChargePoint Network,46.037685,-118.371025,2/1/2026,257568,2026-02-01 02:54:27 UTC,public,FALSE,FALSE
ELEC,HORIZON REALTY VERGE APTS 1,2420 Airport Rd,Ellensburg,WA,98926,888-758-4389,E,,Public,,2,,,ChargePoint Network,47.019158,-120.537756,2/1/2026,257578,2026-02-01 02:57:54 UTC,public,FALSE,FALSE
ELEC,The Bravern,11111 NE 8th St,Bellevue,WA,98004,888-356-8911,E,,Public,,3,,,FLO,47.617103,-122.192456,2/1/2026,257722,2026-02-01 05:16:51 UTC,public,FALSE,FALSE
ELEC,112th at 12th Office Building,1100 112th Ave NE,Bellevue,WA,98004,888-356-8911,E,,Public,,3,,,FLO,47.620163,-122.190604,2/1/2026,257723,2026-02-01 05:16:51 UTC,public,FALSE,FALSE
ELEC,White Salmon Fire Hall,119 NE Church,White Salmon,WA,98672,855-885-9571,E,,Public,,2,,,OpConnect,45.72812,-121.48508,2/1/2026,257738,2026-02-01 04:48:15 UTC,public,FALSE,FALSE
ELEC,WinCo Foods - Sumner #74,6621 Wahl Rd East,Sumner,WA,98390,877-455-3833,E,,Public,,,6,,eVgo Network,47.196706,-122.206916,2/1/2026,257755,2026-02-01 00:02:42 UTC,public,FALSE,FALSE
ELEC,BESTMED UC STATION 1,1225 SE Scenic View Dr,College Place,WA,99324,888-758-4389,E,,Public,,2,,,ChargePoint Network,46.03764,-118.370917,2/1/2026,257898,2026-02-01 02:56:50 UTC,public,FALSE,FALSE
ELEC,BELLINGHAM CITY NEVADA 1,2200 Nevada St,Bellingham,WA,98229,888-758-4389,E,,Public,,2,,,ChargePoint Network,48.759581,-122.459056,2/1/2026,258236,2026-02-01 02:57:34 UTC,public,FALSE,FALSE
ELEC,SEA29 SEA29 - 6,207 Boren Ave N,Seattle,WA,98109,888-758-4389,E,,Public,,2,,,ChargePoint Network,47.620085,-122.336021,2/1/2026,258980,2026-02-01 01:26:01 UTC,public,FALSE,FALSE
ELEC,L436 MICHAELS'S TOYO,3080 150th Ave SE,Bellevue,WA,98007,888-758-4389,E,,Public,,2,,,ChargePoint Network,47.582053,-122.14192,2/1/2026,258984,2026-02-01 02:55:16 UTC,public,FALSE,FALSE
ELEC,8701 N Division St,8701 N Division St,Spokane,WA,99218,866-816-7584,E,,Public,,2,,,EV Connect,47.736838,-117.411732,2/1/2026,259285,2026-02-01 04:55:19 UTC,public,FALSE,FALSE
ELEC,AMZ SEA107-4,10450 NE 10th ST,Bellevue,WA,98004,888-758-4389,E,,Public,,2,,,ChargePoint Network,47.61995,-122.199832,2/1/2026,259515,2026-02-01 02:35:02 UTC,public,FALSE,FALSE
ELEC,AMZ SEA107-5,10450 NE 10th St,Bellevue,WA,98004,888-758-4389,E,,Public,,2,,,ChargePoint Network,47.61975,-122.199546,2/1/2026,259516,2026-02-01 02:35:02 UTC,public,FALSE,FALSE
ELEC,AMZ SEA107-2,10450 NE 10th St,Bellevue,WA,98004,888-758-4389,E,,Public,,2,,,ChargePoint Network,47.61974,-122.20052,2/1/2026,259517,2026-02-01 02:35:02 UTC,public,FALSE,FALSE
ELEC,AMZ SEA107-1,10450 NE 10th St,Bellevue,WA,98004,888-758-4389,E,,Public,,2,,,ChargePoint Network,47.619679,-122.200523,2/1/2026,259518,2026-02-01 02:35:15 UTC,public,FALSE,FALSE
ELEC,AMZ SEA107-3,10450 NE 10th St,Bellevue,WA,98004,888-758-4389,E,,Public,,2,,,ChargePoint Network,47.619715,-122.200473,2/1/2026,259519,2026-02-01 02:35:15 UTC,public,FALSE,FALSE
ELEC,Ruddell Auto,110 S Golf Course Rd,Port Angeles,WA,98362,888-356-8911,E,,Public,,,1,,FLO,48.10556,-123.40325,2/1/2026,259583,2026-02-01 05:16:53 UTC,public,FALSE,FALSE
ELEC,P1FCU,745 SE Fairmount Dr.,Pullman,WA,99163,855-885-9571,E,,Public,,3,,,OpConnect,46.71111,-117.17948,2/1/2026,259585,2026-02-01 04:48:16 UTC,public,FALSE,FALSE
ELEC,AMZ SEA104-4,320 108th Ave NE,Bellevue,WA,98004,888-758-4389,E,,Public,,2,,,ChargePoint Network,47.613392,-122.195757,2/1/2026,259604,2026-02-01 02:19:10 UTC,public,FALSE,FALSE
ELEC,AMZ SEA104-6,320 108th Ave NE,Bellevue,WA,98004,888-758-4389,E,,Public,,2,,,ChargePoint Network,47.613392,-122.195727,2/1/2026,259605,2026-02-01 02:25:13 UTC,public,FALSE,FALSE
ELEC,AMZ SEA104-1,320 108th Ave NE,Bellevue,WA,98004,888-758-4389,E,,Public,,2,,,ChargePoint Network,47.613391,-122.19581,2/1/2026,259606,2026-02-01 02:25:13 UTC,public,FALSE,FALSE
ELEC,AMZ SEA104-10,320 108th Ave NE,Bellevue,WA,98004,888-758-4389,E,,Public,,2,,,ChargePoint Network,47.613389,-122.195787,2/1/2026,259607,2026-02-01 02:25:14 UTC,public,FALSE,FALSE
ELEC,AMZ SEA104-7,320 108th Ave NE,Bellevue,WA,98004,888-758-4389,E,,Public,,2,,,ChargePoint Network,47.613391,-122.195743,2/1/2026,259608,2026-02-01 02:25:14 UTC,public,FALSE,FALSE
ELEC,AMZ SEA104-2,320 108th Ave NE,Bellevue,WA,98004,888-758-4389,E,,Public,,2,,,ChargePoint Network,47.61339,-122.195775,2/1/2026,259609,2026-02-01 02:25:14 UTC,public,FALSE,FALSE
ELEC,AMZ SEA104-8,320 108th Ave NE,Bellevue,WA,98004,888-758-4389,E,,Public,,2,,,ChargePoint Network,47.613392,-122.195765,2/1/2026,259610,2026-02-01 02:25:14 UTC,public,FALSE,FALSE
ELEC,AMZ SEA104-5,320 108th Ave NE,Bellevue,WA,98004,888-758-4389,E,,Public,,2,,,ChargePoint Network,47.613391,-122.195822,2/1/2026,259611,2026-02-01 02:25:15 UTC,public,FALSE,FALSE
ELEC,AMZ SEA104-3,320 108th Ave NE,Bellevue,WA,98004,888-758-4389,E,,Public,,2,,,ChargePoint Network,47.61339,-122.195793,2/1/2026,259612,2026-02-01 02:25:47 UTC,public,FALSE,FALSE
ELEC,AMZ SEA104-9,320 108th Ave NE,Bellevue,WA,98004,888-758-4389,E,,Public,,2,,,ChargePoint Network,47.613391,-122.195782,2/1/2026,259613,2026-02-01 02:25:48 UTC,public,FALSE,FALSE
ELEC,"Hampton Inn & Suites - Redmond, WA",17770 NE 78th Place,Redmond,WA,98052,866-816-7584,E,,Public,,4,,,EV Connect,47.673966,-122.103558,2/1/2026,259707,2026-02-01 04:51:50 UTC,public,FALSE,FALSE
ELEC,PORTCW BLDG 20 #2,4035 Grant St,Washougal,WA,98671,888-758-4389,E,,Public,,1,,,ChargePoint Network,45.563002,-122.325741,2/1/2026,259830,2026-02-01 02:58:19 UTC,public,FALSE,FALSE
ELEC,PORTCW BLDG 20 #1,4035 Grant St,Washougal,WA,98671,888-758-4389,E,,Public,,1,,,ChargePoint Network,45.56304,-122.325634,2/1/2026,259831,2026-02-01 02:58:29 UTC,public,FALSE,FALSE
ELEC,PORTCW BLDG 20 #6,4035 Grant St,Washougal,WA,98671,888-758-4389,E,,Public,,1,,,ChargePoint Network,45.562604,-122.326084,2/1/2026,259832,2026-02-01 02:59:35 UTC,public,FALSE,FALSE
ELEC,PORTCW BLDG 20 #4,4035 Grant St,Washougal,WA,98671,888-758-4389,E,,Public,,1,,,ChargePoint Network,45.562567,-122.325966,2/1/2026,259833,2026-02-01 02:59:35 UTC,public,FALSE,FALSE
ELEC,PORTCW BLDG 20 #3,4035 Grant St,Washougal,WA,98671,888-758-4389,E,,Public,,1,,,ChargePoint Network,45.56304,-122.32558,2/1/2026,259834,2026-02-01 02:59:35 UTC,public,FALSE,FALSE
ELEC,Bainbridge Town Square - ZEV Co-Op Public,280 Madison Ave N,Bainbridge Island,WA,98110,855-885-9571,E,,Public,,2,,,OpConnect,47.62624,-122.52045,2/1/2026,259914,2026-02-01 04:48:16 UTC,public,FALSE,FALSE
ELEC,Yokes Grocery - Tesla Supercharger,4905 North Road 68,Pasco,WA,99301,877-798-3752,E,,Public,,,8,,Tesla,46.272432,-119.182453,7/1/2024,259987,2025-02-12 00:16:32 UTC,public,FALSE,FALSE
ELEC,PORTCW BLDG 20 #5,4035 Grant St,Washougal,WA,98671,888-758-4389,E,,Public,,1,,,ChargePoint Network,45.562907,-122.325816,2/1/2026,260030,2026-02-01 02:59:35 UTC,public,FALSE,FALSE
ELEC,ISSAQUAH COI COMMCENTER,301 Rainier Blvd S,Issaquah,WA,98027,888-758-4389,E,,Public,,2,,,ChargePoint Network,47.527279,-122.033704,2/1/2026,260116,2026-02-01 03:00:17 UTC,public,FALSE,FALSE
ELEC,Windsor Totem Lake - East Building,11725 NE 117th Ct,Kirkland,WA,98034,888-998-2546,E,,Public,,16,,,Blink Network,47.70490871,-122.1843174,2/1/2026,260166,2026-02-01 00:33:44 UTC,public,FALSE,FALSE
ELEC,Windsor Totem Lake - West Building,11725 NE 117th Ct,Kirkland,WA,98034,888-998-2546,E,,Public,,16,,,Blink Network,47.70507333,-122.1859358,2/1/2026,260167,2026-02-01 00:42:49 UTC,public,FALSE,FALSE
ELEC,KORE Bellevue Technology Center,2125 158th Court NE Suite 110,Bellevue,WA,98008,888-998-2546,E,,Public,,3,,,Blink Network,47.6303953,-122.1284522,2/1/2026,260214,2026-02-01 00:50:15 UTC,public,FALSE,FALSE
ELEC,OLYMPIA KIA OLYMPIASUBKIA3,2300 Carriage Loop SW,Olympia,WA,98502,888-758-4389,E,,Public,,,1,,ChargePoint Network,47.031798,-122.930754,2/1/2026,260270,2026-02-01 03:00:24 UTC,public,FALSE,FALSE
ELEC,OLYMPIA KIA OLYMPIASUBKIA2,2300 Carriage Loop SW,Olympia,WA,98502,888-758-4389,E,,Public,,,1,,ChargePoint Network,47.031747,-122.930773,2/1/2026,260271,2026-02-01 03:00:24 UTC,public,FALSE,FALSE
ELEC,PICKLER PICKLER 6 ADA,1525 121st Ave NE,Bellevue,WA,98005,888-758-4389,E,,Public,,2,,,ChargePoint Network,47.622439,-122.178864,2/1/2026,260485,2026-02-01 02:35:14 UTC,public,FALSE,FALSE
ELEC,PICKLER PICKLER 13 ADA,1525 121st Ave NE,Bellevue,WA,98005,888-758-4389,E,,Public,,2,,,ChargePoint Network,47.622458,-122.178904,2/1/2026,260488,2026-02-01 02:54:54 UTC,public,FALSE,FALSE
ELEC,PICKLER PICKLER 8,1525 121st Ave NE,Bellevue,WA,98005,888-758-4389,E,,Public,,2,,,ChargePoint Network,47.622424,-122.178912,2/1/2026,260823,2026-02-01 02:54:54 UTC,public,FALSE,FALSE
ELEC,BMR DEXTER DEXTER YARD-S2,700 Dexter Ave N,Seattle,WA,98109,888-758-4389,E,,Public,,2,,,ChargePoint Network,47.625918,-122.342192,2/1/2026,260851,2026-02-01 02:32:05 UTC,public,FALSE,FALSE
ELEC,BMR DEXTER DEXTER YARD-S5,700 Dexter Ave N,Seattle,WA,98109,888-758-4389,E,,Public,,2,,,ChargePoint Network,47.625918,-122.342192,2/1/2026,260852,2026-02-01 02:49:32 UTC,public,FALSE,FALSE
ELEC,ISSAQUAH COI ZHOMESB,1707 9th Pl NE,Issaquah,WA,98029,888-758-4389,E,,Public,,1,,,ChargePoint Network,47.544619,-122.017533,2/1/2026,260857,2026-02-01 03:00:17 UTC,public,FALSE,FALSE
ELEC,ISSAQUAH COI ZHOMESA,1707 9th Pl NE,Issaquah,WA,98029,888-758-4389,E,,Public,,2,,,ChargePoint Network,47.544561,-122.017533,2/1/2026,260858,2026-02-01 03:00:17 UTC,public,FALSE,FALSE
ELEC,Tumwater City Hall,555 Israel Road SW,Tumwater,WA,98501,888-998-2546,E,,Public,,3,,,Blink Network,46.9847271,-122.9116758,2/1/2026,260892,2026-02-01 00:41:56 UTC,public,FALSE,FALSE
ELEC,BMR DEXTER DEXTER YARD-S3,700 Dexter Ave N,Seattle,WA,98109,888-758-4389,E,,Public,,2,,,ChargePoint Network,47.625918,-122.342192,2/1/2026,260904,2026-02-01 02:32:05 UTC,public,FALSE,FALSE
ELEC,City of Bingen-Forth-Public,400 W Steuben Street,Bingen,WA,98605,855-885-9571,E,,Public,,1,,,OpConnect,45.71609,-121.46967,2/1/2026,260939,2026-02-01 04:48:17 UTC,public,FALSE,FALSE
ELEC,Port Landing at Fife Apartments,2715 62nd Ave E,Fife,WA,98424,888-998-2546,E,,Public,,2,,,Blink Network,47.2334631,-122.3455343,2/1/2026,261104,2026-02-01 00:42:10 UTC,public,FALSE,FALSE
ELEC,Ikea - Tesla Supercharger,601 SW 41st St,Renton,WA,98057,877-798-3752,E,,Public,,,16,,Tesla,47.443065,-122.225152,7/1/2024,261466,2025-02-12 00:16:32 UTC,public,FALSE,FALSE
ELEC,PICKLER PICKLER 10,1525 121st Ave NE,Bellevue,WA,98005,888-758-4389,E,,Public,,2,,,ChargePoint Network,47.622384,-122.178904,2/1/2026,261763,2026-02-01 02:35:50 UTC,public,FALSE,FALSE
ELEC,NORAM HEMLOCK 4,1550 121st Ave NE,Bellevue,WA,98005,888-758-4389,E,,Public,,2,,,ChargePoint Network,47.622486,-122.177564,2/1/2026,261776,2026-02-01 02:53:54 UTC,public,FALSE,FALSE
ELEC,NORAM HEMLOCK 5,1550 121st Ave NE,Bellevue,WA,98005,888-758-4389,E,,Public,,2,,,ChargePoint Network,47.622496,-122.177518,2/1/2026,261777,2026-02-01 02:53:54 UTC,public,FALSE,FALSE
ELEC,NORAM HEMLOCK 6,1550 121st Ave NE,Bellevue,WA,98005,888-758-4389,E,,Public,,2,,,ChargePoint Network,47.622504,-122.17756,2/1/2026,261778,2026-02-01 02:53:54 UTC,public,FALSE,FALSE
ELEC,NORAM HEMLOCK 9,1550 121st Ave NE,Bellevue,WA,98005,888-758-4389,E,,Public,,2,,,ChargePoint Network,47.622484,-122.17752,2/1/2026,261779,2026-02-01 02:53:55 UTC,public,FALSE,FALSE
ELEC,NORAM HEMLOCK 10 ADA,1550 121st Ave NE,Bellevue,WA,98005,888-758-4389,E,,Public,,2,,,ChargePoint Network,47.622495,-122.177544,2/1/2026,261780,2026-02-01 02:53:55 UTC,public,FALSE,FALSE
ELEC,PICKLER PICKLER 7,1525 121st Ave NE,Bellevue,WA,98005,888-758-4389,E,,Public,,2,,,ChargePoint Network,47.622202,-122.17888,2/1/2026,261781,2026-02-01 02:54:53 UTC,public,FALSE,FALSE
ELEC,WinCo Foods - Edmonds #136,21900 Highway 99,Edmonds,WA,98026,877-455-3833,E,,Public,,,4,,eVgo Network,47.800342,-122.33173,1/31/2026,261824,2026-02-01 00:00:18 UTC,public,FALSE,FALSE
ELEC,Tacoma South,7921 S Hosmer St,Tacoma,WA,98408,877-455-3833,E,,Public,,,6,,eVgo Network,47.186179,-122.462768,1/31/2026,261825,2026-02-01 00:01:58 UTC,public,FALSE,FALSE
ELEC,Fred Hutchinson - Cancer Center,825 Eastlake Ave E,Seattle,WA,98109,888-998-2546,T,10/1/2025,TEMPORARILY UNAVAILABLE (Public),,1,,,Blink Network,47.626531,-122.329993,2/1/2026,261886,2026-02-01 00:11:19 UTC,public,FALSE,FALSE
ELEC,PICKLER PICKLER 11,1525 121st Ave NE,Bellevue,WA,98005,888-758-4389,E,,Public,,2,,,ChargePoint Network,47.622435,-122.178878,2/1/2026,262268,2026-02-01 02:35:14 UTC,public,FALSE,FALSE
ELEC,PICKLER PICKLER 9,1525 121st Ave NE,Bellevue,WA,98005,888-758-4389,E,,Public,,2,,,ChargePoint Network,47.622433,-122.178907,2/1/2026,262269,2026-02-01 02:35:16 UTC,public,FALSE,FALSE
ELEC,PICKLER PICKLER 14,1525 121st Ave NE,Bellevue,WA,98005,888-758-4389,E,,Public,,2,,,ChargePoint Network,47.622467,-122.178891,2/1/2026,262277,2026-02-01 02:54:54 UTC,public,FALSE,FALSE
ELEC,Junction Park & Ride - Tesla Supercharger,125 N 65th Ave,Ridgefield,WA,98642,877-798-3752,E,,Public,,,12,,Tesla,45.817752,-122.682883,7/1/2024,262358,2025-02-12 00:16:32 UTC,public,FALSE,FALSE
ELEC,PORT OFFICE ADMINREARSOUTH,10 International Way,Longview,WA,98632,888-758-4389,E,,Public,,2,,,ChargePoint Network,46.107135,-122.941812,2/1/2026,262551,2026-02-01 02:46:59 UTC,public,FALSE,FALSE
ELEC,SUTTON PLACE STATION 1,407 S Kansas Loop,East Wenatchee,WA,98802,888-758-4389,E,,Public,,1,,,ChargePoint Network,47.397945,-120.263405,2/1/2026,262727,2026-02-01 02:44:16 UTC,public,FALSE,FALSE
ELEC,SUTTON PLACE STATION 2,407 S Kansas Loop,East Wenatchee,WA,98802,888-758-4389,E,,Public,,1,,,ChargePoint Network,47.398136,-120.263596,2/1/2026,262728,2026-02-01 02:44:16 UTC,public,FALSE,FALSE
ELEC,SUTTON PLACE STATION 3,407 S. Kansas loop,East Wenatchee,WA,98802,888-758-4389,E,,Public,,1,,,ChargePoint Network,47.398167,-120.26353,2/1/2026,262737,2026-02-01 03:01:39 UTC,public,FALSE,FALSE
ELEC,SKY SERVICE BFI 8555,8555 Perimeter Rd S,Seattle,WA,98108,888-758-4389,E,,Public,,2,,,ChargePoint Network,47.52439,-122.294334,2/1/2026,262832,2026-02-01 03:01:42 UTC,public,FALSE,FALSE
ELEC,AMZ SEA25.26-5,551 Boren Ave N,Seattle,WA,98109,888-758-4389,E,,Public,,2,,,ChargePoint Network,47.624088,-122.336144,2/1/2026,262914,2026-02-01 03:02:37 UTC,public,FALSE,FALSE
ELEC,AMZ SEA25.26-6,551 Boren Ave N,Seattle,WA,98109,888-758-4389,E,,Public,,2,,,ChargePoint Network,47.624117,-122.336165,2/1/2026,262915,2026-02-01 03:02:38 UTC,public,FALSE,FALSE
ELEC,AMZ SEA25.26-7,551 Boren Ave N,Seattle,WA,98109,888-758-4389,E,,Public,,2,,,ChargePoint Network,47.624108,-122.33611,2/1/2026,262916,2026-02-01 03:02:38 UTC,public,FALSE,FALSE
ELEC,AMZ SEA25.26-8,551 Boren Ave N,Seattle,WA,98109,888-758-4389,E,,Public,,2,,,ChargePoint Network,47.624088,-122.336176,2/1/2026,262917,2026-02-01 03:02:38 UTC,public,FALSE,FALSE
ELEC,AMZ SEA25.26-9,551 Boren Ave N,Seattle,WA,98109,888-758-4389,E,,Public,,2,,,ChargePoint Network,47.624137,-122.336153,2/1/2026,262918,2026-02-01 03:02:38 UTC,public,FALSE,FALSE
ELEC,AMZ SEA25.26-10,551 Boren Ave N,Seattle,WA,98109,888-758-4389,E,,Public,,2,,,ChargePoint Network,47.624035,-122.336045,2/1/2026,262919,2026-02-01 03:02:38 UTC,public,FALSE,FALSE
ELEC,GM - Lee Peterson Motors,410 South 1st Street,Yakima,WA,98901,866-816-7584,E,,Public,,,1,,EV Connect,46.596804,-120.50383,2/1/2026,263038,2026-02-01 04:53:26 UTC,public,FALSE,FALSE
ELEC,CWP CCP #1,555 110th Ave NE,Bellevue,WA,98004,888-758-4389,E,,Public,,2,,,ChargePoint Network,47.614898,-122.194141,2/1/2026,263696,2026-02-01 01:02:47 UTC,public,FALSE,FALSE
ELEC,CWP CCP #2,555 110th Ave NE,Bellevue,WA,98004,888-758-4389,E,,Public,,2,,,ChargePoint Network,47.614918,-122.194147,2/1/2026,263729,2026-02-01 01:02:54 UTC,public,FALSE,FALSE
ELEC,THE BOEING CO AUBURN 17-62 #1,534-936 1st Ave N,Algona,WA,98001,888-758-4389,T,12/31/2025,TEMPORARILY UNAVAILABLE (Public),,2,,,ChargePoint Network,47.278173,-122.243238,2/1/2026,264309,2026-02-01 01:05:32 UTC,public,FALSE,FALSE
ELEC,THE BOEING CO FRED 24-60 #1,"18001 Canyon Road East, Puyallup, WA, Buildin",Puyallup,WA,98375,888-758-4389,E,,Public,,2,,,ChargePoint Network,47.086784,-122.34744,2/1/2026,264388,2026-02-01 01:06:24 UTC,public,FALSE,FALSE
ELEC,THE BOEING CO FRED 24-50 #1,"18001 Canyon Road East, Puyallup, WA, Buildin",Puyallup,WA,98375,888-758-4389,E,,Public,,2,,,ChargePoint Network,47.089413,-122.347225,2/1/2026,264394,2026-02-01 01:06:26 UTC,public,FALSE,FALSE
ELEC,THE BOEING CO AUBURN 17-44 #1,2400 Perimeter Rd,Auburn,WA,98001,888-758-4389,E,,Public,,2,,,ChargePoint Network,47.282694,-122.241601,2/1/2026,264492,2026-02-01 01:06:41 UTC,public,FALSE,FALSE
ELEC,BELLINGHAM CITY CIVIC FIELD 1,1355 Civic Field Way,Bellingham,WA,98229,888-758-4389,E,,Public,,2,,,ChargePoint Network,48.747418,-122.457754,2/1/2026,267913,2026-02-01 01:18:58 UTC,public,FALSE,FALSE
ELEC,CWP CCP #5,555 110th Ave NE,Bellevue,WA,98004,888-758-4389,E,,Public,,2,,,ChargePoint Network,47.61488,-122.194148,2/1/2026,268984,2026-02-01 01:21:08 UTC,public,FALSE,FALSE
ELEC,THE BOEING CO AUBURN 1775 3,2400 Perimeter Rd,Auburn,WA,98001,888-758-4389,E,,Public,,1,,,ChargePoint Network,47.288268,-122.241096,2/1/2026,269442,2026-02-01 01:22:36 UTC,public,FALSE,FALSE
ELEC,THE BOEING CO AUBURN 1775 2,2400 Perimeter Rd,Auburn,WA,98001,888-758-4389,E,,Public,,2,,,ChargePoint Network,47.288272,-122.24117,2/1/2026,269619,2026-02-01 01:23:05 UTC,public,FALSE,FALSE
ELEC,THE BOEING CO AUBURN 1775 1,2400 Perimeter Rd,Auburn,WA,98001,888-758-4389,E,,Public,,2,,,ChargePoint Network,47.288261,-122.2413,2/1/2026,269822,2026-02-01 01:23:47 UTC,public,FALSE,FALSE
ELEC,META_REDMOND ORIGIN 1,9845 Willows Rd NE,Redmond,WA,98052,888-758-4389,E,,Public,,2,,,ChargePoint Network,47.687354,-122.14993,2/1/2026,269841,2026-02-01 01:23:52 UTC,public,FALSE,FALSE
ELEC,META_REDMOND ORIGIN 2,9845 Willows Rd,Redmond,WA,98052,888-758-4389,E,,Public,,2,,,ChargePoint Network,47.68731,-122.14989,2/1/2026,269989,2026-02-01 01:24:28 UTC,public,FALSE,FALSE
ELEC,META_REDMOND MATRIX 2,9461 Willows Rd,Redmond,WA,98052,888-758-4389,E,,Public,,2,,,ChargePoint Network,47.684342,-122.147731,2/1/2026,274370,2026-02-01 01:31:36 UTC,public,FALSE,FALSE
ELEC,META_REDMOND MATRIX 3,9461 Willows Rd,Redmond,WA,98052,888-758-4389,E,,Public,,2,,,ChargePoint Network,47.684342,-122.147511,2/1/2026,274371,2026-02-01 01:31:36 UTC,public,FALSE,FALSE
ELEC,META_REDMOND MATRIX 1,9461 Willows Rd,Redmond,WA,98052,888-758-4389,E,,Public,,2,,,ChargePoint Network,47.684342,-122.147629,2/1/2026,274372,2026-02-01 01:31:36 UTC,public,FALSE,FALSE
ELEC,META_REDMOND AVALORE 2,10545 Willows Rd,Redmond,WA,98052,888-758-4389,E,,Public,,2,,,ChargePoint Network,47.69429,-122.151843,2/1/2026,274373,2026-02-01 01:31:36 UTC,public,FALSE,FALSE
ELEC,META_REDMOND GENESIS 1,10525 Willows Rd,Redmond,WA,98052,888-758-4389,E,,Public,,2,,,ChargePoint Network,47.693936,-122.152217,2/1/2026,274374,2026-02-01 01:31:36 UTC,public,FALSE,FALSE
ELEC,META_REDMOND GENESIS 3,10525 Willows Rd,Redmond,WA,98052,888-758-4389,E,,Public,,2,,,ChargePoint Network,47.694136,-122.152429,2/1/2026,274375,2026-02-01 01:31:37 UTC,public,FALSE,FALSE
ELEC,META_REDMOND GENESIS 2,10525 Willows Rd,Redmond,WA,98052,888-758-4389,E,,Public,,2,,,ChargePoint Network,47.693888,-122.152211,2/1/2026,274376,2026-02-01 01:31:37 UTC,public,FALSE,FALSE
ELEC,META_REDMOND AVALORE 1,10545 Willows Rd,Redmond,WA,98052,888-758-4389,E,,Public,,2,,,ChargePoint Network,47.694342,-122.151855,2/1/2026,274378,2026-02-01 01:31:37 UTC,public,FALSE,FALSE
ELEC,META_REDMOND CLASSIC,8747 148th Ave NE,Redmond,WA,98052,888-758-4389,E,,Public,,2,,,ChargePoint Network,47.681396,-122.145649,2/1/2026,274500,2026-02-01 01:31:56 UTC,public,FALSE,FALSE
ELEC,META_REDMOND GENESIS 7,10525 Willows Rd,Redmond,WA,98052,888-758-4389,E,,Public,,2,,,ChargePoint Network,47.693891,-122.152161,2/1/2026,275540,2026-02-01 01:33:36 UTC,public,FALSE,FALSE
ELEC,META_REDMOND GENESIS 5,10525 Willows Rd,Redmond,WA,98052,888-758-4389,E,,Public,,2,,,ChargePoint Network,47.693793,-122.152135,2/1/2026,275553,2026-02-01 01:33:36 UTC,public,FALSE,FALSE
ELEC,META_REDMOND GENESIS 6,10525 Willows Rd,Redmond,WA,98052,888-758-4389,E,,Public,,2,,,ChargePoint Network,47.69384,-122.152154,2/1/2026,275554,2026-02-01 01:33:37 UTC,public,FALSE,FALSE
ELEC,META_REDMOND GENESIS 8,10525 Willows Rd,Redmond,WA,98052,888-758-4389,E,,Public,,2,,,ChargePoint Network,47.693941,-122.152171,2/1/2026,275556,2026-02-01 01:33:37 UTC,public,FALSE,FALSE
ELEC,META_REDMOND GENESIS 4,10525 Willows Rd,Redmond,WA,98052,888-758-4389,E,,Public,,2,,,ChargePoint Network,47.693793,-122.152194,2/1/2026,275557,2026-02-01 01:33:37 UTC,public,FALSE,FALSE
ELEC,THE BOEING CO 1788 #1,898 Pacific Ave N,Auburn,WA,98001,888-758-4389,E,,Public,,2,,,ChargePoint Network,47.279046,-122.239004,2/1/2026,277893,2026-02-01 01:39:01 UTC,public,FALSE,FALSE
ELEC,"Kroger-Fred Meyer 657 (Spokane, WA)",400 S Thor Street,Spokane,WA,99202,833-632-2778,E,,Public,,,6,,Electrify America,47.65198,-117.36062,2/1/2026,279357,2026-02-01 04:42:03 UTC,public,FALSE,FALSE
ELEC,"Kroger-Fred Meyer 25 (Bellingham, WA)",800 Lakeway Dr,Bellingham,WA,98229,833-632-2778,E,,Public,,,6,,Electrify America,48.74434,-122.463,2/1/2026,279359,2026-02-01 04:40:54 UTC,public,FALSE,FALSE
ELEC,"Kroger Fred Meyer 163 (Kennewick, WA)",2811 W 10th Ave,Kennewick,WA,99336,833-632-2778,E,,Public,,,6,,Electrify America,46.1979,-119.16303,2/1/2026,279376,2026-02-01 04:39:20 UTC,public,FALSE,FALSE
ELEC,"IKEA Store 488 (Seattle, WA)",601 SW 41st Street,Renton,WA,98057,833-632-2778,E,,Public,,,6,,Electrify America,47.44311,-122.22488,2/1/2026,279393,2026-02-01 04:43:02 UTC,public,FALSE,FALSE
ELEC,"Kroger Fred Meyer 13 (Shoreline, WA)",18325 Aurora Ave N,Shoreline,WA,98133,833-632-2778,E,,Public,,,4,,Electrify America,47.76193,-122.34776,2/1/2026,279403,2026-02-01 04:39:11 UTC,public,FALSE,FALSE
ELEC,META_REDMOND DISCOVERY 4,10785 Willows Rd,Redmond,WA,98052,888-758-4389,E,,Public,,2,,,ChargePoint Network,47.697459,-122.15301,2/1/2026,280407,2026-02-01 01:43:49 UTC,public,FALSE,FALSE
ELEC,META_REDMOND DISCOVERY 2,10785 Willows Rd,Redmond,WA,98052,888-758-4389,E,,Public,,2,,,ChargePoint Network,47.697506,-122.152926,2/1/2026,280408,2026-02-01 01:43:49 UTC,public,FALSE,FALSE
ELEC,META_REDMOND DISCOVERY 5,10785 Willows Rd,Redmond,WA,98052,888-758-4389,E,,Public,,2,,,ChargePoint Network,47.697504,-122.152733,2/1/2026,280410,2026-02-01 01:43:50 UTC,public,FALSE,FALSE
ELEC,META_REDMOND DISCOVERY 1,10785 Willows Rd,Redmond,WA,98052,888-758-4389,E,,Public,,1,,,ChargePoint Network,47.697434,-122.153032,2/1/2026,280417,2026-02-01 01:43:50 UTC,public,FALSE,FALSE
ELEC,META_REDMOND DISCOVERY 6,10785 Willows Rd,Redmond,WA,98052,888-758-4389,E,,Public,,2,,,ChargePoint Network,47.697356,-122.153056,2/1/2026,280418,2026-02-01 01:43:52 UTC,public,FALSE,FALSE
ELEC,META_REDMOND DISCOVERY 3,10785 Willows Rd,Redmond,WA,98052,888-758-4389,E,,Public,,2,,,ChargePoint Network,47.6974,-122.153079,2/1/2026,280421,2026-02-01 01:44:00 UTC,public,FALSE,FALSE
ELEC,META_REDMOND MARIGOLD 1,8522 154th Ave NE,Redmond,WA,98052,888-758-4389,E,,Public,,2,,,ChargePoint Network,47.67877,-122.13385,2/1/2026,281318,2026-02-01 01:46:22 UTC,public,FALSE,FALSE
ELEC,META_REDMOND MARIGOLD 2,8522 154th Ave NE,Redmond,WA,98052,888-758-4389,E,,Public,,2,,,ChargePoint Network,47.67877,-122.13393,2/1/2026,281327,2026-02-01 01:46:22 UTC,public,FALSE,FALSE
ELEC,META_REDMOND CANDLEBOX 2,8410 154th Ave NE,Redmond,WA,98052,888-758-4389,E,,Public,,2,,,ChargePoint Network,47.67783,-122.13326,2/1/2026,283861,2026-02-01 01:53:11 UTC,public,FALSE,FALSE
ELEC,META_REDMOND CANDLEBOX 1,8410 154th Ave NE,Redmond,WA,98052,888-758-4389,E,,Public,,2,,,ChargePoint Network,47.677776,-122.13327,2/1/2026,283862,2026-02-01 01:53:11 UTC,public,FALSE,FALSE
ELEC,META_REDMOND CANDLEBOX 3,8410 154th Ave NE,Redmond,WA,98052,888-758-4389,E,,Public,,2,,,ChargePoint Network,47.677876,-122.13327,2/1/2026,283864,2026-02-01 01:53:14 UTC,public,FALSE,FALSE
ELEC,META_REDMOND NEVERMIND 1,8620 154th Ave NE,Redmond,WA,98052,888-758-4389,E,,Public,,2,,,ChargePoint Network,47.68005,-122.1333,2/1/2026,284157,2026-02-01 01:54:04 UTC,public,FALSE,FALSE
ELEC,META_REDMOND NEVERMIND 2,8620 154th Ave NE,Redmond,WA,98052,888-758-4389,E,,Public,,2,,,ChargePoint Network,47.6801,-122.1333,2/1/2026,284158,2026-02-01 01:54:04 UTC,public,FALSE,FALSE
ELEC,META_REDMOND FIREFLY 1,10915 Willows Rd NE,Redmond,WA,98052,888-758-4389,E,,Public,,2,,,ChargePoint Network,47.697886,-122.153907,2/1/2026,289148,2026-02-01 02:07:51 UTC,public,FALSE,FALSE
ELEC,META_REDMOND FIREFLY 2,10915 Willows Rd NE,Redmond,WA,98052,888-758-4389,E,,Public,,2,,,ChargePoint Network,47.697934,-122.153907,2/1/2026,289151,2026-02-01 02:07:51 UTC,public,FALSE,FALSE
ELEC,META_REDMOND FIREFLY 3,10915 Willows Rd NE,Redmond,WA,98052,888-758-4389,E,,Public,,2,,,ChargePoint Network,47.697951,-122.154,2/1/2026,289152,2026-02-01 02:07:51 UTC,public,FALSE,FALSE
ELEC,META_REDMOND FIREFLY 4,10915 Willows Rd NE,Redmond,WA,98052,888-758-4389,E,,Public,,2,,,ChargePoint Network,47.697948,-122.154075,2/1/2026,289153,2026-02-01 02:07:52 UTC,public,FALSE,FALSE
ELEC,META_REDMOND WILDSTAR 3,9805 Willows Rd,Redmond,WA,98052,888-758-4389,E,,Public,,2,,,ChargePoint Network,47.686627,-122.151169,2/1/2026,290074,2026-02-01 02:10:29 UTC,public,FALSE,FALSE
ELEC,META_REDMOND DISCOVERY 7,10785 Willows Rd,Redmond,WA,98052,888-758-4389,E,,Public,,2,,,ChargePoint Network,47.697346,-122.15301,2/1/2026,290151,2026-02-01 02:10:47 UTC,public,FALSE,FALSE
ELEC,META_REDMOND DISCOVERY 8,10785 Willows Rd,Redmond,WA,98052,888-758-4389,E,,Public,,2,,,ChargePoint Network,47.697308,-122.153046,2/1/2026,290152,2026-02-01 02:10:47 UTC,public,FALSE,FALSE
ELEC,CWP CCP #3,555 110th Ave NE,Bellevue,WA,98004,888-758-4389,E,,Public,,2,,,ChargePoint Network,47.614876,-122.194183,2/1/2026,291254,2026-02-01 02:14:10 UTC,public,FALSE,FALSE
ELEC,CWP CCP #4,555 110th Ave NE,Bellevue,WA,98004,888-758-4389,E,,Public,,2,,,ChargePoint Network,47.614899,-122.19419,2/1/2026,291544,2026-02-01 02:15:24 UTC,public,FALSE,FALSE
ELEC,META_REDMOND WILDSTAR 1,9805 Willows Rd,Redmond,WA,98052,888-758-4389,E,,Public,,2,,,ChargePoint Network,47.686535,-122.151111,2/1/2026,292444,2026-02-01 02:19:55 UTC,public,FALSE,FALSE
ELEC,META_REDMOND WILDSTAR 5,9805 Willows Rd,Redmond,WA,98052,888-758-4389,E,,Public,,2,,,ChargePoint Network,47.686733,-122.151266,2/1/2026,292445,2026-02-01 02:19:55 UTC,public,FALSE,FALSE
ELEC,META_REDMOND WILDSTAR 6,9805 Willows Rd,Redmond,WA,98052,888-758-4389,E,,Public,,2,,,ChargePoint Network,47.686774,-122.151295,2/1/2026,292446,2026-02-01 02:19:56 UTC,public,FALSE,FALSE
ELEC,META_REDMOND WILDSTAR 4,9805 Willows Rd,Redmond,WA,98052,888-758-4389,E,,Public,,2,,,ChargePoint Network,47.686666,-122.151209,2/1/2026,292448,2026-02-01 02:19:56 UTC,public,FALSE,FALSE
ELEC,META_REDMOND WILDSTAR 2,9805 Willows Rd,Redmond,WA,98052,888-758-4389,E,,Public,,2,,,ChargePoint Network,47.686582,-122.151138,2/1/2026,292449,2026-02-01 02:19:57 UTC,public,FALSE,FALSE
ELEC,NORAM HEMLOCK 1,1550 121st Ave NE,Bellevue,WA,98005,888-758-4389,E,,Public,,2,,,ChargePoint Network,47.622622,-122.177263,2/1/2026,294569,2026-02-01 02:35:51 UTC,public,FALSE,FALSE
ELEC,NORAM HEMLOCK 2,1550 121st Ave NE,Bellevue,WA,98005,888-758-4389,E,,Public,,2,,,ChargePoint Network,47.622527,-122.1773,2/1/2026,294570,2026-02-01 02:35:51 UTC,public,FALSE,FALSE
ELEC,Northwest Chevrolet Of Bellingham,3891 NORTHWEST AVE,BELLINGHAM,WA,98226,866-816-7584,E,,Public,,,1,,EV Connect,48.78587,-122.506288,2/1/2026,296785,2026-02-01 04:54:04 UTC,public,FALSE,FALSE
ELEC,META_REDMOND MODERN 1,8705 148th Ave NE,Redmond,WA,98052,888-758-4389,E,,Public,,2,,,ChargePoint Network,47.680875,-122.146076,2/1/2026,297081,2026-02-01 02:51:19 UTC,public,FALSE,FALSE
ELEC,META_REDMOND MODERN 2,8705 148th Ave NE,Redmond,WA,98052,888-758-4389,E,,Public,,2,,,ChargePoint Network,47.680875,-122.146116,2/1/2026,297082,2026-02-01 02:51:20 UTC,public,FALSE,FALSE
ELEC,Grandview,115 W. Wine Country Rd,Grandview,WA,98930,888-356-8911,E,,Public,,2,1,,FLO,46.2563,-119.90306,2/1/2026,297309,2026-02-01 05:17:23 UTC,public,FALSE,FALSE
ELEC,White Salmon Fire Hall-Forth-Public,119 NE Church Ave.,White Salmon,WA,98672,855-885-9571,E,,Public,,1,,,OpConnect,45.72812,-121.48505,2/1/2026,297318,2026-02-01 04:48:15 UTC,public,FALSE,FALSE
ELEC,Morningside Heights,9425 35th Ave NE,Seattle,WA,98115,,E,,Private,,1,,,EVMATCH,47.6970343,-122.2905516,7/11/2023,297342,2025-12-22 19:40:02 UTC,private,,FALSE
ELEC,WIC CENTENNIAL LEASING OFFICE,17327 67th Ave NE,Arlington,WA,98223,888-758-4389,E,,Public,,2,,,ChargePoint Network,48.152773,-122.139845,2/1/2026,298982,2026-02-01 02:54:51 UTC,public,FALSE,FALSE
ELEC,WIC CENTENNIAL F AS IN FRANK,17327 67th Ave NE,Arlington,WA,98223,888-758-4389,E,,Public,,2,,,ChargePoint Network,48.152772,-122.139814,2/1/2026,299084,2026-02-01 02:55:16 UTC,public,FALSE,FALSE
ELEC,TOYOTA PUYALLUP SALES PARKING 1,1406 15th St NW,Puyallup,WA,98371,888-758-4389,E,,Public,,2,,,ChargePoint Network,47.203639,-122.313561,2/1/2026,299414,2026-02-01 02:56:55 UTC,public,FALSE,FALSE
ELEC,AMZ SEA25.26- 11,551 Boren Ave N,Seattle,WA,98109,888-758-4389,E,,Public,,1,,,ChargePoint Network,47.624014,-122.336271,2/1/2026,300469,2026-02-01 03:03:03 UTC,public,FALSE,FALSE
ELEC,AMZ SEA24 03,510 Boren Ave N,Seattle,WA,98109,888-758-4389,E,,Public,,1,,,ChargePoint Network,47.624139,-122.335419,2/1/2026,300489,2026-02-01 03:03:20 UTC,public,FALSE,FALSE
ELEC,AMZ SEA24 07,510 Boren Ave N,Seattle,WA,98109,888-758-4389,E,,Public,,2,,,ChargePoint Network,47.623947,-122.335413,2/1/2026,300490,2026-02-01 03:03:20 UTC,public,FALSE,FALSE
ELEC,AMZ SEA24 06,500 Boren Ave N,Seattle,WA,98109,888-758-4389,E,,Public,,2,,,ChargePoint Network,47.624,-122.335571,2/1/2026,300491,2026-02-01 03:03:20 UTC,public,FALSE,FALSE
ELEC,AMZ SEA24 08,500 Boren Ave N,Seattle,WA,98109,888-758-4389,E,,Public,,2,,,ChargePoint Network,47.623978,-122.335571,2/1/2026,300492,2026-02-01 03:03:20 UTC,public,FALSE,FALSE
ELEC,AMZ SEA24 05,512 Boren Ave N,Seattle,WA,98109,888-758-4389,E,,Public,,2,,,ChargePoint Network,47.623864,-122.335662,2/1/2026,300493,2026-02-01 03:03:21 UTC,public,FALSE,FALSE
ELEC,AMZ SEA24 04,526 Boren Ave N,Seattle,WA,98109,888-758-4389,E,,Public,,2,,,ChargePoint Network,47.62398,-122.335809,2/1/2026,301693,2026-02-01 03:03:19 UTC,public,FALSE,FALSE
ELEC,BG CITY HALL CITY HALL 2,109 SW 1st St,Battle Ground,WA,98604,888-758-4389,E,,Public,,2,,,ChargePoint Network,45.779686,-122.539513,2/1/2026,301824,2026-02-01 03:01:46 UTC,public,FALSE,FALSE
ELEC,BG CITY HALL CITY HALL 1,109 SW 1st St,Battle Ground,WA,98604,888-758-4389,E,,Public,,2,,,ChargePoint Network,45.779802,-122.539517,2/1/2026,301825,2026-02-01 03:01:46 UTC,public,FALSE,FALSE
ELEC,SEA29 SEA29 - 7,207 Boren Ave,Seattle,WA,98109,888-758-4389,E,,Public,,2,,,ChargePoint Network,47.620482,-122.336253,2/1/2026,302036,2026-02-01 03:04:54 UTC,public,FALSE,FALSE
ELEC,SEA29 SEA29 - 9,207 Boren Ave,Seattle,WA,98109,888-758-4389,E,,Public,,1,,,ChargePoint Network,47.62044,-122.336175,2/1/2026,302037,2026-02-01 03:04:54 UTC,public,FALSE,FALSE
ELEC,SEA29 SEA29 - 8,207 Boren Ave N,Seattle,WA,98109,888-758-4389,E,,Public,,2,,,ChargePoint Network,47.620199,-122.336167,2/1/2026,302038,2026-02-01 03:04:54 UTC,public,FALSE,FALSE
ELEC,AMZ SEA23 - 3,535 Terry Ave N,Seattle,WA,98109,888-758-4389,E,,Public,,1,,,ChargePoint Network,47.623798,-122.337642,2/1/2026,302039,2026-02-01 03:04:55 UTC,public,FALSE,FALSE
ELEC,AMZ SEA23-2,535 Terry Ave N,Seattle,WA,98109,888-758-4389,E,,Public,,2,,,ChargePoint Network,47.623911,-122.337694,2/1/2026,302040,2026-02-01 03:04:55 UTC,public,FALSE,FALSE
ELEC,CPU OPS 1,8600 NE 117th Ave,Vancouver,WA,98662,888-758-4389,E,,Public,,2,,,ChargePoint Network,45.684915,-122.55342,2/1/2026,302249,2026-02-01 03:05:08 UTC,public,FALSE,FALSE
ELEC,CPU OPS 2,"8600 NE 117TH AVE,",Vancouver,WA,98662,888-758-4389,E,,Public,,2,,,ChargePoint Network,45.684954,-122.553369,2/1/2026,302250,2026-02-01 03:05:08 UTC,public,FALSE,FALSE
ELEC,META_REDMOND X1058,10301 Willows Rd NE,Redmond,WA,98052,888-758-4389,E,,Public,,2,,,ChargePoint Network,47.692355,-122.152413,2/1/2026,302475,2026-02-01 03:03:35 UTC,public,FALSE,FALSE
ELEC,META_REDMOND X1067,10301 Willows Rd NE,Redmond,WA,98052,888-758-4389,E,,Public,,2,,,ChargePoint Network,47.692469,-122.152293,2/1/2026,302476,2026-02-01 03:03:37 UTC,public,FALSE,FALSE
ELEC,META_REDMOND X1064,10301 Willows Rd NE,Redmond,WA,98052,888-758-4389,E,,Public,,2,,,ChargePoint Network,47.692351,-122.152316,2/1/2026,302477,2026-02-01 03:03:37 UTC,public,FALSE,FALSE
ELEC,META_REDMOND X2146,10301 Willows Rd NE,Redmond,WA,98052,888-758-4389,E,,Public,,2,,,ChargePoint Network,47.69295,-122.151843,2/1/2026,302478,2026-02-01 03:03:38 UTC,public,FALSE,FALSE
ELEC,META_REDMOND X2131,10301 Willows Rd NE,Redmond,WA,98052,888-758-4389,E,,Public,,2,,,ChargePoint Network,47.691988,-122.15235,2/1/2026,302479,2026-02-01 03:03:38 UTC,public,FALSE,FALSE
ELEC,META_REDMOND X2143,10301 Willows Rd NE,Redmond,WA,98052,888-758-4389,E,,Public,,2,,,ChargePoint Network,47.692738,-122.152182,2/1/2026,302480,2026-02-01 03:03:38 UTC,public,FALSE,FALSE
ELEC,META_REDMOND X2140,10301 Willows Rd NE,Redmond,WA,98052,888-758-4389,E,,Public,,2,,,ChargePoint Network,47.692016,-122.152415,2/1/2026,302481,2026-02-01 03:03:38 UTC,public,FALSE,FALSE
ELEC,META_REDMOND X2134,10301 Willows Rd NE,Redmond,WA,98052,888-758-4389,E,,Public,,2,,,ChargePoint Network,47.691931,-122.152351,2/1/2026,302482,2026-02-01 03:03:39 UTC,public,FALSE,FALSE
ELEC,META_REDMOND X3002 - ADA,10301 Willows Rd NE,Redmond,WA,98052,888-758-4389,E,,Public,,2,,,ChargePoint Network,47.69205,-122.152982,2/1/2026,302483,2026-02-01 03:03:39 UTC,public,FALSE,FALSE
ELEC,META_REDMOND X2137,10301 Willows Rd NE,Redmond,WA,98052,888-758-4389,E,,Public,,2,,,ChargePoint Network,47.69192,-122.15251,2/1/2026,302484,2026-02-01 03:03:39 UTC,public,FALSE,FALSE
ELEC,META_REDMOND X3019,10301 Willows Rd NE,Redmond,WA,98052,888-758-4389,E,,Public,,2,,,ChargePoint Network,47.692988,-122.153393,2/1/2026,302485,2026-02-01 03:03:42 UTC,public,FALSE,FALSE
ELEC,META_REDMOND X3028,10301 Willows Rd NE,Redmond,WA,98052,888-758-4389,E,,Public,,2,,,ChargePoint Network,47.692212,-122.153019,2/1/2026,302486,2026-02-01 03:03:42 UTC,public,FALSE,FALSE
ELEC,META_REDMOND X3004,10301 Willows Rd NE,Redmond,WA,98052,888-758-4389,E,,Public,,2,,,ChargePoint Network,47.692295,-122.152959,2/1/2026,302487,2026-02-01 03:03:42 UTC,public,FALSE,FALSE
ELEC,META_REDMOND X3025,10301 Willows Rd NE,Redmond,WA,98052,888-758-4389,E,,Public,,2,,,ChargePoint Network,47.692441,-122.152989,2/1/2026,302488,2026-02-01 03:03:42 UTC,public,FALSE,FALSE
ELEC,META_REDMOND X3010,10301 Willows Rd NE,Redmond,WA,98052,888-758-4389,E,,Public,,2,,,ChargePoint Network,47.692002,-122.152848,2/1/2026,302489,2026-02-01 03:03:43 UTC,public,FALSE,FALSE
ELEC,META_REDMOND X3007,10301 Willows Rd NE,Redmond,WA,98052,888-758-4389,E,,Public,,2,,,ChargePoint Network,47.692149,-122.152734,2/1/2026,302490,2026-02-01 03:03:43 UTC,public,FALSE,FALSE
ELEC,META_REDMOND X3022,10301 Willows Rd NE,Redmond,WA,98052,888-758-4389,E,,Public,,2,,,ChargePoint Network,47.692952,-122.153395,2/1/2026,302491,2026-02-01 03:03:43 UTC,public,FALSE,FALSE
ELEC,META_REDMOND X3013,10301 Willows Rd NE,Redmond,WA,98052,888-758-4389,E,,Public,,2,,,ChargePoint Network,47.69241,-122.152913,2/1/2026,302492,2026-02-01 03:03:43 UTC,public,FALSE,FALSE
ELEC,META_REDMOND X1090 - ADA,10301 Willows Rd NE,Redmond,WA,98052,888-758-4389,E,,Public,,2,,,ChargePoint Network,47.692101,-122.1525,2/1/2026,302493,2026-02-01 03:03:46 UTC,public,FALSE,FALSE
ELEC,META_REDMOND X1055,10301 Willows Rd NE,Redmond,WA,98052,888-758-4389,E,,Public,,2,,,ChargePoint Network,47.692174,-122.152428,2/1/2026,302494,2026-02-01 03:03:47 UTC,public,FALSE,FALSE
ELEC,Burlington Crossings - Tesla Supercharger,1829 Marketplace Dr,Burlington,WA,98233,877-798-3752,E,,Public,,,16,,Tesla,48.451297,-122.339812,7/1/2024,302535,2025-05-06 21:07:47 UTC,public,,FALSE
ELEC,City of Tacoma - Solid Waste Management,3510 S Mullen St,Tacoma,WA,98409,,E,,Public,,6,,,Non-Networked,47.22813861,-122.4991559,8/10/2023,302681,2025-10-14 15:52:47 UTC,public,FALSE,TRUE
ELEC,City of Tacoma - Center for Urban Waters,326 E D St,Tacoma,WA,98421,,E,,Private,,8,,,ChargePoint Network,47.25927996,-122.4342927,6/13/2024,302683,2025-10-14 15:52:47 UTC,private,,FALSE
ELEC,Tacoma Power Lot D EV Charging,3628 S 35th St,Tacoma,WA,98409,833-692-6787,E,,Private,10,7,,,ChargePoint Network,47.228157,-122.485043,8/10/2023,302684,2025-10-14 15:52:47 UTC,private,,TRUE
ELEC,TPU Water Fleet,3506 S 35th St,Tacoma,WA,98409,,E,,Private,,32,,,Non-Networked,47.22778,-122.48298,8/10/2023,302685,2025-10-14 15:52:47 UTC,private,,TRUE
ELEC,SIA E OUTSIDE LOT2A,8967 W Airport Dr,Spokane,WA,99224,888-758-4389,E,,Public,,2,,,ChargePoint Network,47.626199,-117.537711,2/1/2026,302892,2026-02-01 03:05:58 UTC,public,FALSE,FALSE
ELEC,SIA E OUTSIDE LOT 1,8967 W Airport Dr,Spokane,WA,99224,888-758-4389,E,,Public,,2,,,ChargePoint Network,47.626233,-117.537649,2/1/2026,302893,2026-02-01 03:05:58 UTC,public,FALSE,FALSE
ELEC,SIA E OUTSIDE LOT2B,8967 W Airport Dr,Spokane,WA,99224,888-758-4389,E,,Public,,2,,,ChargePoint Network,47.626154,-117.537759,2/1/2026,302894,2026-02-01 03:05:59 UTC,public,FALSE,FALSE
ELEC,ESD MOSSYROCK DCFC,748 Williams St,Mossyrock,WA,98564,888-758-4389,E,,Public,,,1,,ChargePoint Network,46.533843,-122.484997,2/1/2026,303140,2026-02-01 03:04:31 UTC,public,FALSE,FALSE
ELEC,HARMONY FLATS HARMONY FLATS 2,4909 Long House Trail Rd.,Arlington,WA,98223,888-758-4389,E,,Public,,1,,,ChargePoint Network,48.147488,-122.16296,2/1/2026,303477,2026-02-01 03:02:52 UTC,public,FALSE,FALSE
ELEC,HARMONY FLATS HARMONY FLATS 4,4909 Long House Trail Rd.,Arlington,WA,98223,888-758-4389,E,,Public,,1,,,ChargePoint Network,48.14742,-122.16299,2/1/2026,303478,2026-02-01 03:02:53 UTC,public,FALSE,FALSE
ELEC,HARMONY FLATS HARMONY FLATS 3,4909 Long House Trail Rd.,Arlington,WA,98223,888-758-4389,E,,Public,,1,,,ChargePoint Network,48.147476,-122.162964,2/1/2026,303479,2026-02-01 03:02:53 UTC,public,FALSE,FALSE
ELEC,ESD SALKUM DCFC,2480 US-12,Salkum,WA,98582,888-758-4389,E,,Public,,,1,,ChargePoint Network,46.531361,-122.629874,2/1/2026,303489,2026-02-01 03:04:30 UTC,public,FALSE,FALSE
ELEC,ESD MORTON L2,591 Adams Ave,Morton,WA,98356,888-758-4389,E,,Public,,1,,,ChargePoint Network,46.555781,-122.280891,2/1/2026,303666,2026-02-01 03:06:29 UTC,public,FALSE,FALSE
ELEC,ESD MORTON DCFC,591 Adams Ave,Morton,WA,98356,888-758-4389,E,,Public,,,1,,ChargePoint Network,46.555776,-122.280891,2/1/2026,303667,2026-02-01 03:06:29 UTC,public,FALSE,FALSE
ELEC,ESD ELBE L2,54106 Mountain Hwy,Elbe,WA,98330,888-758-4389,E,,Public,,1,,,ChargePoint Network,46.76501,-122.194239,2/1/2026,303671,2026-02-01 03:06:31 UTC,public,FALSE,FALSE
ELEC,AMZ SEA27-28 P4 004,333 Boren Ave N,Seattle,WA,98109,888-758-4389,E,,Public,,2,,,ChargePoint Network,47.621364,-122.336317,2/1/2026,303839,2026-02-01 03:06:00 UTC,public,FALSE,FALSE
ELEC,AMZ SEA27-28 P4 005,333 Boren Ave N,Seattle,WA,98109,888-758-4389,E,,Public,,2,,,ChargePoint Network,47.621341,-122.336351,2/1/2026,303840,2026-02-01 03:06:00 UTC,public,FALSE,FALSE
ELEC,Port of Friday Harbor,200 Front St,Friday Harbor,WA,98250,360-378-2688,E,,Public,2,,,,Non-Networked,48.53532,-123.01408,8/12/2025,306400,2025-08-12 16:52:28 UTC,public,FALSE,FALSE
ELEC,Southend General Store and Restaurant,3024 Mud Bay Rd,Lopez Island,WA,98261,360-468-2315,E,,Public,,1,,,Non-Networked,48.44512,-122.86036,8/12/2025,306402,2025-08-12 16:52:28 UTC,public,FALSE,FALSE
ELEC,Orcas Island Airport,107 Schoen Ln,Eastsound,WA,98245,360-376-5285,E,,Public,,1,,,Non-Networked,48.70455278,-122.9091449,8/12/2025,306403,2025-08-12 16:52:28 UTC,public,FALSE,FALSE
ELEC,Orcas Island Market,469 Market St,Eastsound,WA,98245,360-376-6000,E,,Public,,2,,,Non-Networked,48.69529,-122.90453,11/13/2025,306404,2025-11-13 20:02:17 UTC,public,FALSE,FALSE
ELEC,Orcas Island Community Foundation,18 Urner St,Eastsound,WA,98245,360-376-6423,E,,Public,,2,,,Non-Networked,48.69418,-122.90417,12/12/2025,306405,2025-12-12 22:54:41 UTC,public,FALSE,FALSE
ELEC,Lopez Village Market,162 Weeks Rd,Lopez Island,WA,98261,360-468-2266,E,,Public,,1,,,Non-Networked,48.52618264,-122.9126654,8/12/2025,306406,2025-08-12 16:52:28 UTC,public,FALSE,FALSE
ELEC,DC BURLINGTON DC2,1920 Marketplace Dr,Burlington,WA,98233,888-758-4389,E,,Public,,,1,,ChargePoint Network,48.450232,-122.337084,2/1/2026,306522,2026-02-01 03:07:11 UTC,public,FALSE,FALSE
ELEC,DC BURLINGTON DC1,1920 Marketplace Dr,Burlington,WA,98233,888-758-4389,E,,Public,,,1,,ChargePoint Network,48.450226,-122.337127,2/1/2026,306523,2026-02-01 03:07:11 UTC,public,FALSE,FALSE
ELEC,VOLVO CAR USA YAKIMA DC2,1312 S 1st St,Yakima,WA,98901,888-758-4389,E,,Public,,,1,,ChargePoint Network,46.586168,-120.49748,2/1/2026,307310,2026-02-01 02:56:10 UTC,public,FALSE,FALSE
ELEC,ESD RANDLE L2,9781 US-12,Randle,WA,98377,888-758-4389,E,,Public,,1,,,ChargePoint Network,46.535844,-121.958906,2/1/2026,307314,2026-02-01 03:04:59 UTC,public,FALSE,FALSE
ELEC,ESD PACKWOOD L2,13053 US-12,Packwood,WA,98361,888-758-4389,E,,Public,,1,,,ChargePoint Network,46.609914,-121.669494,2/1/2026,307316,2026-02-01 03:05:21 UTC,public,FALSE,FALSE
ELEC,VOLVO CAR USA YAKIMA DC1,1312 S 1st St,Yakima,WA,98901,888-758-4389,E,,Public,,,1,,ChargePoint Network,46.586189,-120.49749,2/1/2026,307357,2026-02-01 03:07:50 UTC,public,FALSE,FALSE
ELEC,NRV NORTHGATE,10202 3rd Ave NE,Seattle,WA,98125,888-758-4389,E,,Public,,2,,,ChargePoint Network,47.702793,-122.32588,2/1/2026,307423,2026-02-01 02:18:24 UTC,public,FALSE,FALSE
ELEC,AMZ SEA43 - 18,2250 7th Ave,Seattle,WA,98121,888-758-4389,E,,Public,,2,,,ChargePoint Network,47.617519,-122.340205,2/1/2026,307493,2026-02-01 03:07:08 UTC,public,FALSE,FALSE
ELEC,AMZ SEA43 - 12,2250 7th Ave,Seattle,WA,98121,888-758-4389,E,,Public,,2,,,ChargePoint Network,47.617496,-122.340242,2/1/2026,307494,2026-02-01 03:07:08 UTC,public,FALSE,FALSE
ELEC,AMZ SEA43 - 15,2250 7th Ave,Seattle,WA,98121,888-758-4389,E,,Public,,2,,,ChargePoint Network,47.617506,-122.340219,2/1/2026,307495,2026-02-01 03:07:08 UTC,public,FALSE,FALSE
ELEC,AMZ SEA43 - 19,2250 7th Ave,Seattle,WA,98121,888-758-4389,E,,Public,,2,,,ChargePoint Network,47.617525,-122.340196,2/1/2026,307496,2026-02-01 03:07:08 UTC,public,FALSE,FALSE
ELEC,AMZ SEA43 - 16,2250 7th Ave,Seattle,WA,98121,888-758-4389,E,,Public,,2,,,ChargePoint Network,47.61751,-122.340215,2/1/2026,307497,2026-02-01 03:07:08 UTC,public,FALSE,FALSE
ELEC,AMZ SEA43 - 13,2250 7th Ave,Seattle,WA,98121,888-758-4389,E,,Public,,2,,,ChargePoint Network,47.6175,-122.340235,2/1/2026,307498,2026-02-01 03:07:09 UTC,public,FALSE,FALSE
ELEC,AMZ SEA43 - 14,2250 7th Ave,Seattle,WA,98121,888-758-4389,E,,Public,,2,,,ChargePoint Network,47.617505,-122.340227,2/1/2026,307499,2026-02-01 03:07:09 UTC,public,FALSE,FALSE
ELEC,AMZ SEA43 - 10,2250 7th Ave,Seattle,WA,98121,888-758-4389,E,,Public,,2,,,ChargePoint Network,47.617454,-122.34029,2/1/2026,307500,2026-02-01 03:07:09 UTC,public,FALSE,FALSE
ELEC,AMZ SEA43 - 8,2250 7th Ave,Seattle,WA,98121,888-758-4389,E,,Public,,2,,,ChargePoint Network,47.617405,-122.340395,2/1/2026,307501,2026-02-01 03:07:09 UTC,public,FALSE,FALSE
ELEC,AMZ SEA43 - 11,2250 7th Ave,Seattle,WA,98121,888-758-4389,E,,Public,,2,,,ChargePoint Network,47.617498,-122.340269,2/1/2026,307502,2026-02-01 03:07:09 UTC,public,FALSE,FALSE
ELEC,AMZ SEA43 - 17,2250 7th Ave,Seattle,WA,98121,888-758-4389,E,,Public,,2,,,ChargePoint Network,47.617439,-122.340315,2/1/2026,307503,2026-02-01 03:07:13 UTC,public,FALSE,FALSE
ELEC,AMZ SEA43 - 9,2250 7th Ave,Seattle,WA,98121,888-758-4389,E,,Public,,2,,,ChargePoint Network,47.617425,-122.340333,2/1/2026,307653,2026-02-01 03:07:09 UTC,public,FALSE,FALSE
ELEC,ROLLING BAY LEFT,10861 Manitou Park Blvd NE,Bainbridge Island,WA,98110,888-758-4389,E,,Public,,2,,,ChargePoint Network,47.66201,-122.501966,2/1/2026,307856,2026-02-01 03:04:42 UTC,public,FALSE,FALSE
ELEC,ROLLING BAY RIGHT,10861 Manitou Park Blvd NE,Bainbridge Island,WA,98110,888-758-4389,E,,Public,,2,,,ChargePoint Network,47.662012,-122.501937,2/1/2026,307857,2026-02-01 03:04:42 UTC,public,FALSE,FALSE
ELEC,GILEAD SEATTLE GILEAD SEA 2,199 E Blaine St,Seattle,WA,98102,888-758-4389,E,,Public,,2,,,ChargePoint Network,47.634499,-122.326277,2/1/2026,308190,2026-02-01 01:25:29 UTC,public,FALSE,FALSE
ELEC,GILEAD SEATTLE GILEAD SEA 3,199 E Blaine St,Seattle,WA,98102,888-758-4389,E,,Public,,2,,,ChargePoint Network,47.634528,-122.326341,2/1/2026,308191,2026-02-01 01:25:29 UTC,public,FALSE,FALSE
ELEC,GILEAD SEATTLE GILEAD SEA 1,199 E Blaine St,Seattle,WA,98102,888-758-4389,E,,Public,,2,,,ChargePoint Network,47.634499,-122.326374,2/1/2026,308193,2026-02-01 01:25:49 UTC,public,FALSE,FALSE
ELEC,CITY LIGHT CENTRAL 1,241 Martin Luther King Junior Way South,Seattle,WA,98144,888-758-4389,E,,Public,,1,,,ChargePoint Network,47.600184,-122.297277,2/1/2026,308388,2026-02-01 03:57:33 UTC,public,FALSE,FALSE
ELEC,Gravity Coffee - Tesla Supercharger,808  West Davis Street,Cle Elum,WA,98922,877-798-3752,E,,Public,,,8,,Tesla,47.195239,-120.956153,7/1/2024,308414,2025-02-12 00:16:32 UTC,public,FALSE,FALSE
ELEC,ESD MOSSYROCK L2,748 Williams St,Mossyrock,WA,98564,888-758-4389,E,,Public,,1,,,ChargePoint Network,46.533843,-122.484954,2/1/2026,308650,2026-02-01 03:04:31 UTC,public,FALSE,FALSE
ELEC,ESD SALKUM L2,2480 US-12,Salkum,WA,98582,888-758-4389,E,,Public,,1,,,ChargePoint Network,46.531353,-122.630243,2/1/2026,308654,2026-02-01 03:06:28 UTC,public,FALSE,FALSE
ELEC,The Museum of Flight Foundation,9409 East Marginal Way South,Tukwila,WA,98108,888-998-2546,E,,Public,,6,,,Blink Network,47.51766862,-122.2972199,2/1/2026,309076,2026-02-01 00:09:15 UTC,public,FALSE,FALSE
ELEC,"531612  PRISA Market Place Tower WA, LLC c/o CBRE",2025 1st Avenue,Seattle,WA,98121,888-998-2546,E,,Public,,6,,,Blink Network,47.6113722,-122.343703,2/1/2026,309100,2026-02-01 00:10:19 UTC,public,FALSE,FALSE
ELEC,University Village,2723 Northeast 134th Street,Vancouver,WA,98682,888-998-2546,E,,Public,,12,,,Blink Network,45.71614417,-122.6423363,2/1/2026,309221,2026-02-01 00:12:37 UTC,public,FALSE,FALSE
ELEC,(Public P1) Commons at Ballard,5621 22nd Avenue Northwest,Seattle,WA,98107,888-998-2546,E,,Public,,4,,,Blink Network,47.66981,-122.38494,2/1/2026,309231,2026-02-01 00:13:00 UTC,public,FALSE,FALSE
ELEC,431606  Avalon ParcSquare,16080 Northeast 85th Street,Redmond,WA,98052,888-998-2546,E,,Public,,4,,,Blink Network,47.6788524,-122.1260216,2/1/2026,309275,2026-02-01 00:11:57 UTC,public,FALSE,FALSE
ELEC,431604  Avalon Newcastle Commons,13398 Newcastle Commons Drive,Newcastle,WA,98059,888-998-2546,E,,Public,,4,,,Blink Network,47.5437808,-122.1613321,2/1/2026,309282,2026-02-01 00:11:59 UTC,public,FALSE,FALSE
ELEC,431608  AVA Queen Anne,330 3rd Avenue West,Seattle,WA,98119,888-998-2546,E,,Public,,4,,,Blink Network,47.6215389,-122.3602985,2/1/2026,309283,2026-02-01 00:11:59 UTC,public,FALSE,FALSE
ELEC,431603  AVA Capitol Hill,1530 Belmont Avenue,Seattle,WA,98122,888-998-2546,E,,Public,,8,,,Blink Network,47.6148399,-122.3241666,2/1/2026,309290,2026-02-01 00:12:01 UTC,public,FALSE,FALSE
ELEC,431605  Avalon Meydenbauer,10410 Northeast 2nd Street,Bellevue,WA,98004,888-998-2546,E,,Public,,6,,,Blink Network,47.6121794,-122.2009976,2/1/2026,309299,2026-02-01 00:13:38 UTC,public,FALSE,FALSE
ELEC,McCarver,2147 Martin Luther King Jr Way,Tacoma,WA,98405,888-998-2546,E,,Public,,2,,,Blink Network,47.24015768,-122.4484477,2/1/2026,309340,2026-02-01 00:39:08 UTC,public,FALSE,FALSE
ELEC,Somerset Gardens Apartments,14700 Northeast 29th Place,Bellevue,WA,98007,888-998-2546,E,,Public,,1,,,Blink Network,47.636824,-122.144188,2/1/2026,309368,2026-02-01 00:41:04 UTC,public,FALSE,FALSE
ELEC,Stonehill Market,17702 Northeast 122nd Avenue,Battle Ground,WA,98604,888-998-2546,E,,Public,,3,,,Blink Network,45.75095985,-122.5475799,2/1/2026,309374,2026-02-01 00:41:32 UTC,public,FALSE,FALSE
ELEC,Arbor Blocks,300 8th Ave N,Seattle,WA,98109,888-998-2546,E,,Public,,1,,,Blink Network,47.6212984,-122.3407408,2/1/2026,309381,2026-02-01 00:15:00 UTC,public,FALSE,FALSE
ELEC,19th Ave Apts,1917 West 19th Avenue,Kennewick,WA,99337,888-998-2546,E,,Public,,2,,,Blink Network,46.19119293,-119.1462642,2/1/2026,309649,2026-02-01 00:18:48 UTC,public,FALSE,FALSE
ELEC,Central Office I,700 Andover Park West,Tukwila,WA,98188,888-998-2546,E,,Public,,2,,,Blink Network,47.44897,-122.25331,2/1/2026,309671,2026-02-01 00:45:13 UTC,public,FALSE,FALSE
ELEC,Mariblu Southcenter,411 Baker Blvd,Tukwila,WA,98188,888-998-2546,E,,Public,,6,,,Blink Network,47.4577042,-122.2511413,2/1/2026,309734,2026-02-01 00:45:45 UTC,public,FALSE,FALSE
ELEC,Canyon Pointe,22309 30th Drive Southeast,Bothell,WA,98021,888-998-2546,T,12/24/2025,TEMPORARILY UNAVAILABLE (Public),,5,,,Blink Network,47.796251,-122.1939756,2/1/2026,309797,2026-02-01 00:47:11 UTC,public,FALSE,FALSE
ELEC,Summit Veterinary Referral,2505 S. 80th Street,Tacoma,WA,98409,888-998-2546,E,,Public,,2,,,Blink Network,47.1851726,-122.4705984,2/1/2026,310002,2026-02-01 00:50:18 UTC,public,FALSE,FALSE
ELEC,Metaline Falls Visitor Center,225 East 5th Avenue,Metaline Falls,WA,99153,888-998-2546,E,,Public,,2,,,Blink Network,48.862062,-117.369619,2/1/2026,310063,2026-02-01 00:28:26 UTC,public,FALSE,FALSE
ELEC,Roche Harbor Resort LLC,248 Reuben Memorial Drive,Roche Harbor,WA,98250,888-998-2546,E,,Public,,6,,,Blink Network,48.60856686,-123.1528817,2/1/2026,310074,2026-02-01 00:28:50 UTC,public,FALSE,FALSE
ELEC,Thrive,1222 East Madison Street,Seattle,WA,98122,888-998-2546,E,,Public,,2,,,Blink Network,47.61360886,-122.315795,2/1/2026,310194,2026-02-01 00:30:16 UTC,public,FALSE,FALSE
ELEC,Willow Crossing,6901 Martin Luther King Junior Way South,Seattle,WA,98118,888-998-2546,E,,Public,,2,,,Blink Network,47.68187212,-122.2630512,2/1/2026,310298,2026-02-01 00:56:53 UTC,public,FALSE,FALSE
ELEC,The Village at Overlake,2580 152nd Avenue Northeast,Redmond,WA,98052,888-998-2546,E,,Public,,2,,,Blink Network,47.633041,-122.136031,2/1/2026,310331,2026-02-01 00:31:37 UTC,public,FALSE,FALSE
ELEC,Seola Gardens,11195 5th Avenue Southwest,Seattle,WA,98146,888-998-2546,E,,Public,,1,,,Blink Network,47.502354,-122.34112,2/1/2026,310340,2026-02-01 00:58:04 UTC,public,FALSE,FALSE
ELEC,Broadstone Strata,4906 25th Avenue Northeast,Seattle,WA,98105,888-998-2546,E,,Public,,14,,,Blink Network,47.66451353,-122.3000103,2/1/2026,310342,2026-02-01 00:58:06 UTC,public,FALSE,FALSE
ELEC,Visitors Parking Lot,16101 Greenwood Avenue North,Shoreline,WA,98133,888-998-2546,E,,Public,,2,,,Blink Network,47.7469312,-122.3582415,2/1/2026,310395,2026-02-01 00:56:43 UTC,public,FALSE,FALSE
ELEC,West Parking Lot,"16101 Greenwood Avenue North
West of Building 1600",Shoreline,WA,98133,888-998-2546,E,,Public,,2,,,Blink Network,47.7486311,-122.3594244,2/1/2026,310396,2026-02-01 00:56:43 UTC,public,FALSE,FALSE
ELEC,VUMC 1 VUMC 1,17928 Vashon Hwy SW,Vashon,WA,98070,888-758-4389,E,,Public,,2,,,ChargePoint Network,47.444149,-122.460142,2/1/2026,310493,2026-02-01 03:10:05 UTC,public,FALSE,FALSE
ELEC,DONNA'S STATION 1,3104 116th St NE,Tulalip,WA,98271,888-758-4389,E,,Public,,,1,,ChargePoint Network,48.099457,-122.188461,2/1/2026,310494,2026-02-01 03:10:07 UTC,public,FALSE,FALSE
ELEC,DONNA'S STATION 2,3104 116th St NE,Tulalip Bay,WA,98271,888-758-4389,E,,Public,,,1,,ChargePoint Network,48.099457,-122.188418,2/1/2026,310495,2026-02-01 03:10:07 UTC,public,FALSE,FALSE
ELEC,DONNA'S STATION 3,3104 116th St NE,Tulalip Bay,WA,98271,888-758-4389,E,,Public,,,1,,ChargePoint Network,48.099464,-122.188407,2/1/2026,310496,2026-02-01 03:10:08 UTC,public,FALSE,FALSE
ELEC,DONNA'S STATION 4,3104 116th St NE,Tulalip Bay,WA,98271,888-758-4389,E,,Public,,,1,,ChargePoint Network,48.099464,-122.188429,2/1/2026,310497,2026-02-01 03:10:08 UTC,public,FALSE,FALSE
ELEC,Imber at Union Mills,8519 Oya Ln SE,Lacey,WA,98513,888-998-2546,E,,Public,,13,,,Blink Network,47.03638122,-122.7581226,2/1/2026,310550,2026-02-01 00:22:07 UTC,public,FALSE,FALSE
ELEC,BIG TROUT LODGE CHARGER3,22809 E Country Vista Dr,Liberty Lake,WA,99019,888-758-4389,E,,Public,,2,,,ChargePoint Network,47.668993,-117.098183,2/1/2026,310590,2026-02-01 03:07:47 UTC,public,FALSE,FALSE
ELEC,BIG TROUT LODGE CHARGER2,22809 E Country Vista Dr,Liberty Lake,WA,99019,888-758-4389,E,,Public,,2,,,ChargePoint Network,47.669151,-117.098583,2/1/2026,310591,2026-02-01 03:07:47 UTC,public,FALSE,FALSE
ELEC,BIG TROUT LODGE CHARGER1,22809 E Country Vista Dr,Liberty Lake,WA,99019,888-758-4389,E,,Public,,2,,,ChargePoint Network,47.669187,-117.098583,2/1/2026,310592,2026-02-01 03:07:48 UTC,public,FALSE,FALSE
ELEC,BIG TROUT LODGE CHARGER4,22809 E Country Vista Dr,Liberty Lake,WA,99019,888-758-4389,E,,Public,,2,,,ChargePoint Network,47.669173,-117.098508,2/1/2026,310593,2026-02-01 03:07:50 UTC,public,FALSE,FALSE
ELEC,AMZ SEA20-22 005,442 Terry Ave N,Seattle,WA,98109,888-758-4389,E,,Public,,1,,,ChargePoint Network,47.622867,-122.336753,2/1/2026,310745,2026-02-01 03:08:32 UTC,public,FALSE,FALSE
ELEC,MSSL MSKL 2,11729 Northeast 118th Street,Kirkland,WA,98034,888-758-4389,E,,Public,,2,,,ChargePoint Network,47.705587,-122.185308,2/1/2026,310762,2026-02-01 03:10:18 UTC,public,FALSE,FALSE
ELEC,Fremont Village Square,3601 Fremont Ave N,Seattle,WA,98103,888-356-8911,T,12/30/2025,TEMPORARILY UNAVAILABLE (Public),,2,,,FLO,47.651792,-122.3529158,2/1/2026,310863,2026-02-01 05:17:31 UTC,public,FALSE,FALSE
ELEC,Olympic College Poulsbo,1000 Olympic College Way NW,Poulsbo,WA,98370,888-998-2546,E,,Public,,2,,,Blink Network,47.76572183,-122.6627872,2/1/2026,311018,2026-02-01 00:06:45 UTC,public,FALSE,FALSE
ELEC,WDVA WWVH1,92 Wainwright Dr,Walla Walla,WA,99362,888-758-4389,E,,Public,,,1,,ChargePoint Network,46.053161,-118.354067,2/1/2026,311050,2026-02-01 03:03:19 UTC,public,FALSE,FALSE
ELEC,AMZ SEA112 - 01,435 108th Ave NE,Bellevue,WA,98004,888-758-4389,E,,Public,,2,,,ChargePoint Network,47.614651,-122.196848,2/1/2026,311061,2026-02-01 03:08:56 UTC,public,FALSE,FALSE
ELEC,AMZ SEA112 - 02,435 108th Ave NE,Bellevue,WA,98004,888-758-4389,E,,Public,,2,,,ChargePoint Network,47.614661,-122.196846,2/1/2026,311064,2026-02-01 03:09:14 UTC,public,FALSE,FALSE
ELEC,AMZ SEA112 - 03,435 108th Ave NE,Bellevue,WA,98004,888-758-4389,E,,Public,,2,,,ChargePoint Network,47.614626,-122.1968,2/1/2026,311065,2026-02-01 03:09:14 UTC,public,FALSE,FALSE
ELEC,AMZ SEA112 - 04,435 108th Ave NE,Bellevue,WA,98004,888-758-4389,E,,Public,,2,,,ChargePoint Network,47.61462,-122.196866,2/1/2026,311066,2026-02-01 03:09:14 UTC,public,FALSE,FALSE
ELEC,AMZ SEA112 - 05,435 108th Ave NE,Bellevue,WA,98004,888-758-4389,E,,Public,,2,,,ChargePoint Network,47.6146,-122.196825,2/1/2026,311067,2026-02-01 03:09:15 UTC,public,FALSE,FALSE
ELEC,AMZ SEA112 - 06,437 108th Ave NE,Bellevue,WA,98004,888-758-4389,E,,Public,,2,,,ChargePoint Network,47.614925,-122.196628,2/1/2026,311068,2026-02-01 03:09:15 UTC,public,FALSE,FALSE
ELEC,AMZ SEA112 - 07,555 108th Ave NE,Bellevue,WA,98004,888-758-4389,E,,Public,,1,,,ChargePoint Network,47.614558,-122.19646,2/1/2026,311069,2026-02-01 03:09:16 UTC,public,FALSE,FALSE
ELEC,AMZ SEA112 - 15,555 108th Ave NE,Bellevue,WA,98004,888-758-4389,E,,Public,,2,,,ChargePoint Network,47.614583,-122.196445,2/1/2026,311070,2026-02-01 03:09:16 UTC,public,FALSE,FALSE
ELEC,AMZ SEA112 - 14,555 108th Ave NE,Bellevue,WA,98004,888-758-4389,E,,Public,,2,,,ChargePoint Network,47.61457,-122.19644,2/1/2026,311071,2026-02-01 03:09:16 UTC,public,FALSE,FALSE
ELEC,AMZ SEA112 - 13,555 108th Ave NE,Bellevue,WA,98004,888-758-4389,E,,Public,,2,,,ChargePoint Network,47.614588,-122.19643,2/1/2026,311072,2026-02-01 03:09:16 UTC,public,FALSE,FALSE
ELEC,AMZ SEA112 - 12,555 108th Ave NE,Bellevue,WA,98004,888-758-4389,E,,Public,,2,,,ChargePoint Network,47.614594,-122.196441,2/1/2026,311073,2026-02-01 03:09:31 UTC,public,FALSE,FALSE
ELEC,AMZ SEA112 - 11,555 108th Ave NE,Bellevue,WA,98004,888-758-4389,E,,Public,,2,,,ChargePoint Network,47.614641,-122.196451,2/1/2026,311074,2026-02-01 03:09:32 UTC,public,FALSE,FALSE
ELEC,AMZ SEA112 - 10,555 108th Ave NE,Bellevue,WA,98004,888-758-4389,E,,Public,,2,,,ChargePoint Network,47.614572,-122.196469,2/1/2026,311075,2026-02-01 03:09:32 UTC,public,FALSE,FALSE
ELEC,AMZ SEA112 - 09,555 108th Ave NE,Bellevue,WA,98004,888-758-4389,E,,Public,,2,,,ChargePoint Network,47.614618,-122.196459,2/1/2026,311076,2026-02-01 03:09:32 UTC,public,FALSE,FALSE
ELEC,AMZ SEA112 - 08,555 108th Ave NE,Bellevue,WA,98004,888-758-4389,E,,Public,,2,,,ChargePoint Network,47.614594,-122.196424,2/1/2026,311077,2026-02-01 03:09:39 UTC,public,FALSE,FALSE
ELEC,AMZ SEA112 - 16,555 108th Ave NE,Bellevue,WA,98004,888-758-4389,E,,Public,,2,,,ChargePoint Network,47.614667,-122.196453,2/1/2026,311078,2026-02-01 03:09:43 UTC,public,FALSE,FALSE
ELEC,AMZ SEA112 - 18,555 108th Ave NE,Bellevue,WA,98004,888-758-4389,E,,Public,,2,,,ChargePoint Network,47.614743,-122.196447,2/1/2026,311079,2026-02-01 03:09:44 UTC,public,FALSE,FALSE
ELEC,AMZ SEA112 - 19,555 108th Ave NE,Bellevue,WA,98004,888-758-4389,T,1/6/2026,TEMPORARILY UNAVAILABLE (Public),,2,,,ChargePoint Network,47.614747,-122.196461,2/1/2026,311080,2026-02-01 03:09:44 UTC,public,FALSE,FALSE
ELEC,AMZ SEA112 - 21,555 108th Ave NE,Bellevue,WA,98004,888-758-4389,E,,Public,,2,,,ChargePoint Network,47.614618,-122.196463,2/1/2026,311081,2026-02-01 03:09:44 UTC,public,FALSE,FALSE
ELEC,AMZ SEA112 - 20,555 108th Ave NE,Bellevue,WA,98004,888-758-4389,E,,Public,,2,,,ChargePoint Network,47.614604,-122.19644,2/1/2026,311082,2026-02-01 03:09:45 UTC,public,FALSE,FALSE
ELEC,AMZ SEA112 - 22,555 108th Ave NE,Bellevue,WA,98004,888-758-4389,E,,Public,,2,,,ChargePoint Network,47.614626,-122.196492,2/1/2026,311083,2026-02-01 03:09:45 UTC,public,FALSE,FALSE
ELEC,AMZ SEA112 - 30,555 108th Ave NE,Bellevue,WA,98004,888-758-4389,E,,Public,,2,,,ChargePoint Network,47.614621,-122.196465,2/1/2026,311084,2026-02-01 03:09:45 UTC,public,FALSE,FALSE
ELEC,AMZ SEA112 - 29,555 108th Ave NE,Bellevue,WA,98004,888-758-4389,E,,Public,,2,,,ChargePoint Network,47.61461,-122.196465,2/1/2026,311085,2026-02-01 03:09:45 UTC,public,FALSE,FALSE
ELEC,AMZ SEA112 - 28,555 108th Ave NE,Bellevue,WA,98004,888-758-4389,E,,Public,,2,,,ChargePoint Network,47.614901,-122.196644,2/1/2026,311086,2026-02-01 03:09:46 UTC,public,FALSE,FALSE
ELEC,AMZ SEA112 - 27,555 108th Ave NE,Bellevue,WA,98004,888-758-4389,E,,Public,,2,,,ChargePoint Network,47.614596,-122.196464,2/1/2026,311087,2026-02-01 03:09:46 UTC,public,FALSE,FALSE
ELEC,AMZ SEA112 - 26,555 108th Ave NE,Bellevue,WA,98004,888-758-4389,E,,Public,,2,,,ChargePoint Network,47.614571,-122.196442,2/1/2026,311088,2026-02-01 03:09:46 UTC,public,FALSE,FALSE
ELEC,AMZ SEA112 - 25,555 108th Ave NE,Bellevue,WA,98004,888-758-4389,E,,Public,,2,,,ChargePoint Network,47.614582,-122.196477,2/1/2026,311089,2026-02-01 03:09:47 UTC,public,FALSE,FALSE
ELEC,AMZ SEA112 - 24,555 108th Ave NE,Bellevue,WA,98004,888-758-4389,E,,Public,,2,,,ChargePoint Network,47.614607,-122.196471,2/1/2026,311090,2026-02-01 03:09:47 UTC,public,FALSE,FALSE
ELEC,AMZ SEA112 - 23,555 108th Ave NE,Bellevue,WA,98004,888-758-4389,E,,Public,,2,,,ChargePoint Network,47.614569,-122.19648,2/1/2026,311091,2026-02-01 03:09:47 UTC,public,FALSE,FALSE
ELEC,AMZ SEA112 - 17,555 108th Ave NE,Bellevue,WA,98004,888-758-4389,E,,Public,,2,,,ChargePoint Network,47.614592,-122.196456,2/1/2026,311092,2026-02-01 03:09:52 UTC,public,FALSE,FALSE
ELEC,LONG BEACH STATION 1,401 Oregon Ave S,Long Beach,WA,98631,888-758-4389,E,,Public,,2,,,ChargePoint Network,46.349368,-124.053517,2/1/2026,311114,2026-02-01 03:11:03 UTC,public,FALSE,FALSE
ELEC,"Lynnwood, WA - 148th Street Southwest - Tesla Supercharger",3625 148th St SW,Lynnwood,WA,98087,877-798-3752,E,,Public,,,12,,Tesla,47.865523,-122.283056,7/1/2024,311232,2025-02-12 00:16:32 UTC,public,FALSE,FALSE
ELEC,Baymont by Wyndham - Tesla Supercharger,1603  East Yakima Avenue,Yakima,WA,98901,877-798-3752,E,,Public,,,8,,Tesla,46.605313,-120.482625,7/1/2024,311245,2025-02-12 00:16:32 UTC,public,FALSE,FALSE
ELEC,Kendall Yards,1354 W. Bridge Ave.,Spokane,WA,99201,866-816-7584,E,,Public,,,2,,EV Connect,47.662926,-117.431874,2/1/2026,311353,2026-02-01 04:55:48 UTC,public,FALSE,FALSE
ELEC,TOYOTA PUYALLUP SALES PARKING 2,1406 15th St NW,Puyallup,WA,98371,888-758-4389,E,,Public,,2,,,ChargePoint Network,47.203619,-122.313662,2/1/2026,311557,2026-02-01 02:56:55 UTC,public,FALSE,FALSE
ELEC,CP RETAIL CUSTPK,7815 S Tacoma Way,Tacoma,WA,98409,888-758-4389,T,12/9/2025,TEMPORARILY UNAVAILABLE (Public),,2,,,ChargePoint Network,47.185951,-122.482651,2/1/2026,311562,2026-02-01 03:04:38 UTC,public,FALSE,FALSE
ELEC,FOOTHILLS TOY CT4K,1881 Bouslog Rd,Burlington,WA,98233,888-758-4389,E,,Public,,2,,,ChargePoint Network,48.449451,-122.346313,2/1/2026,311588,2026-02-01 03:10:47 UTC,public,FALSE,FALSE
ELEC,Trailhead Golf Course,22302 E. Country Vista Dr.,Liberty Lake,WA,99019,866-816-7584,E,,Public,,,2,,EV Connect,47.667884,-117.104126,2/1/2026,311621,2026-02-01 04:55:48 UTC,public,FALSE,FALSE
ELEC,1700 Seventh,"1700 7th Avenue, Suite 1800",Seattle,WA,98101,888-998-2546,E,,Public,,8,,,Blink Network,47.614019,-122.335273,2/1/2026,311642,2026-02-01 00:42:26 UTC,public,FALSE,FALSE
ELEC,Skagit Valley Casino,5984 North Darrk Lane,Bow,WA,98232,866-816-7584,E,,Public,,6,,,EV Connect,48.559557,-122.347383,2/1/2026,311650,2026-02-01 04:57:35 UTC,public,FALSE,FALSE
ELEC,Airmark Apartments/Hotel Interurban,229 Andover Park East,Tukwila,WA,98188,888-998-2546,E,,Public,,4,,,Blink Network,47.4570519,-122.2506784,2/1/2026,311665,2026-02-01 00:37:04 UTC,public,FALSE,FALSE
ELEC,MCREF III Lacey Apartments - Office,5499 15th Avenue Northeast,Lacey,WA,98516,888-998-2546,E,,Public,,5,,,Blink Network,47.0574,-122.811905,2/1/2026,311707,2026-02-01 00:31:35 UTC,public,FALSE,FALSE
ELEC,Moran Prairie Library,6004 S. Regal St,Spokane,WA,99223,866-816-7584,E,,Public,,,2,,EV Connect,47.599475,-117.369543,2/1/2026,311814,2026-02-01 04:55:48 UTC,public,FALSE,FALSE
ELEC,West Valley School,8900 E. Buckeye Ave.,8900 E. Buckeye Ave.,WA,99212,866-816-7584,E,,Public,,,2,,EV Connect,47.68229,-117.285339,2/1/2026,311815,2026-02-01 04:55:48 UTC,public,FALSE,FALSE
ELEC,North Spokane Library,44 E. Hawthorne Rd.,Spokane,WA,99218,866-816-7584,E,,Public,,,2,,EV Connect,47.750782,-117.409002,2/1/2026,311816,2026-02-01 04:55:48 UTC,public,FALSE,FALSE
ELEC,AMZ SEA27-28 P6 007,345 Boren Ave N,Seattle,WA,98109,888-758-4389,E,,Public,,2,,,ChargePoint Network,47.621558,-122.336929,2/1/2026,312091,2026-02-01 03:07:51 UTC,public,FALSE,FALSE
ELEC,AMZ SEA27-28 P3 012,345 Boren Ave N,Seattle,WA,98109,888-758-4389,E,,Public,,2,,,ChargePoint Network,47.621611,-122.336961,2/1/2026,312095,2026-02-01 03:10:03 UTC,public,FALSE,FALSE
ELEC,AMZ SEA27-28 P3 013,345 Boren Ave N,Seattle,WA,98109,888-758-4389,E,,Public,,2,,,ChargePoint Network,47.621517,-122.336996,2/1/2026,312096,2026-02-01 03:10:03 UTC,public,FALSE,FALSE
ELEC,AMZ SEA27-28 P3 014,345 Boren Ave N,Seattle,WA,98109,888-758-4389,E,,Public,,2,,,ChargePoint Network,47.621596,-122.337002,2/1/2026,312097,2026-02-01 03:10:03 UTC,public,FALSE,FALSE
ELEC,AMZ SEA27-28 P3 015,345 Boren Ave N,Seattle,WA,98109,888-758-4389,E,,Public,,2,,,ChargePoint Network,47.621392,-122.336361,2/1/2026,312098,2026-02-01 03:10:03 UTC,public,FALSE,FALSE
ELEC,AMZ SEA27-28 P5 010,345 Boren Ave N,Seattle,WA,98109,888-758-4389,E,,Public,,2,,,ChargePoint Network,47.621597,-122.337012,2/1/2026,312099,2026-02-01 03:10:03 UTC,public,FALSE,FALSE
ELEC,AMZ SEA27-28 P5 011,345 Boren Ave N,Seattle,WA,98109,888-758-4389,E,,Public,,2,,,ChargePoint Network,47.621624,-122.336999,2/1/2026,312100,2026-02-01 03:10:04 UTC,public,FALSE,FALSE
ELEC,AMZ SEA27-28 P5 009,345 Boren Ave N,Seattle,WA,98109,888-758-4389,E,,Public,,2,,,ChargePoint Network,47.621547,-122.33698,2/1/2026,312101,2026-02-01 03:10:04 UTC,public,FALSE,FALSE
ELEC,AMZ SEA27-28 P6 008,345 Boren Ave N,Seattle,WA,98109,888-758-4389,E,,Public,,2,,,ChargePoint Network,47.621566,-122.336961,2/1/2026,312102,2026-02-01 03:10:04 UTC,public,FALSE,FALSE
ELEC,AMZ SEA27-28 P6 006,345 Boren Ave N,Seattle,WA,98109,888-758-4389,E,,Public,,2,,,ChargePoint Network,47.621587,-122.336956,2/1/2026,312103,2026-02-01 03:10:04 UTC,public,FALSE,FALSE
ELEC,Port of Clarkston,757 Port Way,Clarkston,WA,99403,866-816-7584,E,,Public,,,4,,EV Connect,46.426054,-117.047785,2/1/2026,312136,2026-02-01 04:55:48 UTC,public,FALSE,FALSE
ELEC,Bowen Scarff Ford,1157 Central Avenue North,Kent,WA,98032,888-998-2546,E,,Public,,6,4,,Blink Network,47.39555067,-122.2288883,2/1/2026,312149,2026-02-01 00:44:19 UTC,public,FALSE,FALSE
ELEC,Lummi Bay Market 260,4839 Rural Ave,Bellingham,WA,98226,866-816-7584,E,,Public,,,4,,EV Connect,48.815705,-122.555513,2/1/2026,312364,2026-02-01 04:55:30 UTC,public,FALSE,FALSE
ELEC,NINEBARK 157/158,600 S Marina Way,Washougal,WA,98671,888-758-4389,E,,Public,,2,,,ChargePoint Network,45.578597,-122.369998,2/1/2026,312440,2026-02-01 03:02:39 UTC,public,FALSE,FALSE
ELEC,NINEBARK 141/142,600 S Marina Way,Washougal,WA,98671,888-758-4389,E,,Public,,2,,,ChargePoint Network,45.578612,-122.369966,2/1/2026,312442,2026-02-01 03:03:58 UTC,public,FALSE,FALSE
ELEC,NINEBARK 223/224,600 S Marina Way,Washougal,WA,98671,888-758-4389,E,,Public,,2,,,ChargePoint Network,45.578614,-122.37,2/1/2026,312445,2026-02-01 03:04:32 UTC,public,FALSE,FALSE
ELEC,NINEBARK 239,600 S Marina Way,Washougal,WA,98671,888-758-4389,E,,Public,,1,,,ChargePoint Network,45.578607,-122.370007,2/1/2026,312485,2026-02-01 03:12:04 UTC,public,FALSE,FALSE
ELEC,NINEBARK 229/230,600 S Marina Way,Washougal,WA,98671,888-758-4389,E,,Public,,2,,,ChargePoint Network,45.578611,-122.369998,2/1/2026,312541,2026-02-01 03:05:04 UTC,public,FALSE,FALSE
ELEC,NINEBARK 177,600 S Marina Way,Washougal,WA,98671,888-758-4389,E,,Public,,2,,,ChargePoint Network,45.578601,-122.369971,2/1/2026,312581,2026-02-01 03:12:04 UTC,public,FALSE,FALSE
ELEC,Reds Fly Shop,14706 State Route 821,Ellensburg,WA,98926,888-356-8911,E,,Public,,4,,,FLO,46.843149,-120.462157,2/1/2026,312752,2026-02-01 05:17:34 UTC,public,FALSE,FALSE
ELEC,Lincoln Plaza,11225 Southeast 6th Street,Bellevue,WA,98004,888-998-2546,E,,Public,,6,,,Blink Network,47.60415115,-122.1894094,2/1/2026,313003,2026-02-01 00:09:13 UTC,public,FALSE,FALSE
ELEC,ESD RANDLE DCFC,9781 US-12,Randle,WA,98377,888-758-4389,E,,Public,,,1,,ChargePoint Network,46.535837,-121.958914,2/1/2026,313024,2026-02-01 03:04:59 UTC,public,FALSE,FALSE
ELEC,Red Robin at Redmond Town Center Shopping,7597 170th Ave NE,Redmond,WA,98052,888-356-8911,E,,Public,,,2,,FLO,47.670465,-122.114889,2/1/2026,313071,2026-02-01 05:17:35 UTC,public,FALSE,FALSE
ELEC,1st St Parking Lot,105 W 1st St,Sprague,WA,99032,800-227-9187,E,,Public - Credit card at all times,,4,,,Non-Networked,47.3001238,-117.9760629,8/12/2025,313077,2025-08-12 16:52:28 UTC,public,FALSE,FALSE
ELEC,CHAS Cheney Dental Clinic,1720 2nd St,Cheney,WA,99004,,E,,Public - Credit card at all times,,4,,,Non-Networked,47.49728563,-117.5656998,8/12/2025,313078,2025-08-12 16:52:28 UTC,public,FALSE,FALSE
ELEC,Days Inn & Suites,1215 S Garfield Rd,Airway Heights,WA,99001,509-850-9413,E,,Public - Call ahead,,2,,,Non-Networked,47.64414023,-117.5767075,8/12/2025,313079,2025-08-12 16:52:28 UTC,public,TRUE,FALSE
ELEC,Goodwill Industries Outlet Store,9837 W Flight Dr,Spokane,WA,99224,509-279-2916,E,,Public - Credit card at all times,,4,,,Non-Networked,47.6405749,-117.5503086,8/12/2025,313080,2025-08-12 16:52:28 UTC,public,FALSE,FALSE
ELEC,AgWest Farm Credit,2001 Flint Rd,Spokane,WA,99224,509-340-5300,E,,Public - Credit card at all times,,6,,,Non-Networked,47.63674729,-117.5381391,8/12/2025,313081,2025-08-12 16:52:28 UTC,public,FALSE,FALSE
ELEC,SpringHill Suites by Marriott,8967 W Airport Dr,Spokane,WA,99224,509-838-9540,E,,Public - Credit card at all times,,2,,,Non-Networked,47.62688145,-117.5375882,8/12/2025,313082,2025-08-12 16:52:28 UTC,public,FALSE,FALSE
ELEC,"WEMCO, Inc",5510 W Thorpe Rd,Spokane,WA,99224,,E,,Private - Call ahead,,2,,,Non-Networked,47.61765246,-117.4899233,8/12/2025,313083,2025-08-12 16:52:28 UTC,private,,FALSE
ELEC,Huckleberry's Natural Market,926 S Monroe St,Spokane,WA,99204,509-624-1349,E,,Public - Credit card at all times,,2,,,Non-Networked,47.64642837,-117.4266835,8/12/2025,313085,2025-08-12 16:52:28 UTC,public,FALSE,FALSE
ELEC,Spokane Club Hotel,1002 W Riverside Ave,Spokane,WA,99201,509-838-8511,E,,Public - Call ahead,,2,,,Non-Networked,47.65920779,-117.4273412,11/13/2025,313086,2025-11-13 20:02:17 UTC,public,TRUE,FALSE
ELEC,Spokane Public Library - Central,906 W Main Ave,Spokane,WA,99201,509-444-5300,E,,Public - Credit card at all times,,4,,,Non-Networked,47.65969799,-117.4253829,8/12/2025,313087,2025-08-12 16:52:28 UTC,public,FALSE,FALSE
ELEC,Parkade Plaza Parking Garage,511 W Main Ave St,Spokane,WA,99201,509-747-7021,E,,Public - Credit card at all times,,6,,,Non-Networked,47.65891277,-117.4200041,8/12/2025,313088,2025-08-12 16:52:28 UTC,public,FALSE,FALSE
ELEC,Summit Medical Center,546 N Jefferson St,Spokane,WA,99260,,E,,Public - Credit card at all times,,2,,,Non-Networked,47.66283814,-117.4295616,11/9/2023,313089,2025-11-10 21:09:38 UTC,public,FALSE,FALSE
ELEC,803 N Post St Parking,803 N Post St,Spokane,WA,99201,509-489-8697,E,,Public - Credit card at all times,,8,,,Non-Networked,47.66497076,-117.4241549,11/9/2023,313090,2025-07-14 20:38:54 UTC,public,FALSE,FALSE
ELEC,201 W North River Dr Garage,201 W North River Dr,Spokane,WA,99201,509-459-6109,E,,Public,,6,,,Non-Networked,47.66356398,-117.4137739,6/6/2025,313091,2025-06-06 18:42:11 UTC,public,FALSE,FALSE
ELEC,Scott Morris Center,611 E Sprague Ave,Spokane,WA,99202,,E,,Public - Credit card at all times,,2,,,Non-Networked,47.65766296,-117.4016129,8/12/2025,313092,2025-08-12 16:52:28 UTC,public,FALSE,FALSE
ELEC,Lithia Camp Chevrolet,101 E Montgomery Ave,Spokane,WA,99207,509-381-2970,E,,Public - Credit card at all times,,1,,,Non-Networked,47.679178,-117.4091629,8/12/2025,313093,2025-08-12 16:52:28 UTC,public,TRUE,FALSE
ELEC,Ocean Shores Convention Center Parking - Tesla Supercharger,120 W Chance A La Mer NW,Ocean Shores,WA,98569,877-798-3752,E,,Public,,,8,,Tesla,47.008089,-124.163397,7/1/2024,313099,2025-02-12 00:16:32 UTC,public,FALSE,FALSE
ELEC,HOTEL INDIGO B1: RIGHT,550 Waterfront Way,Vancouver,WA,98660,888-758-4389,E,,Public,,2,,,ChargePoint Network,45.623493,-122.677765,2/1/2026,314024,2026-02-01 02:48:00 UTC,public,FALSE,FALSE
ELEC,HOTEL INDIGO B1: LEFT,565 W Columbia Way,Vancouver,WA,98660,888-758-4389,E,,Public,,2,,,ChargePoint Network,45.623505,-122.677765,2/1/2026,314051,2026-02-01 03:11:53 UTC,public,FALSE,FALSE
ELEC,ESD PACKWOOD DCFC,13053 US-12,Packwood,WA,98361,888-758-4389,E,,Public,,,1,,ChargePoint Network,46.6099,-121.669522,2/1/2026,314134,2026-02-01 03:05:21 UTC,public,FALSE,FALSE
ELEC,ESD ELBE DCFC,54106 Mountain Hwy,Elbe,WA,98330,888-758-4389,E,,Public,,,1,,ChargePoint Network,46.765037,-122.194264,2/1/2026,314136,2026-02-01 03:06:44 UTC,public,FALSE,FALSE
ELEC,Mathay-Ballinger Park,24100 78th Place West,Edmonds,WA,98026,888-998-2546,E,,Public,,1,,,Blink Network,47.78069523,-122.3391735,2/1/2026,314497,2026-02-01 00:13:50 UTC,public,FALSE,FALSE
ELEC,Yost Pool,9535 Bowdoin Way,Edmonds,WA,98020,888-998-2546,E,,Public,,1,,,Blink Network,47.80840769,-122.3600883,2/1/2026,314498,2026-02-01 00:39:59 UTC,public,FALSE,FALSE
ELEC,Meadowdale Community Clubhouse,6801 North Meadowdale Road,Edmonds,WA,98026,888-998-2546,E,,Public,,1,,,Blink Network,47.84948207,-122.325423,2/1/2026,314499,2026-02-01 00:17:16 UTC,public,FALSE,FALSE
ELEC,Sierra Park,19020 80th Avenue West,Edmonds,WA,98026,888-998-2546,E,,Public,,1,,,Blink Network,47.82656455,-122.3428297,2/1/2026,314502,2026-02-01 00:51:10 UTC,public,FALSE,FALSE
ELEC,Seaview Park,8000 184th Street Southwest,Edmonds,WA,98026,888-998-2546,E,,Public,,1,,,Blink Network,47.831333,-122.341988,2/1/2026,314505,2026-02-01 00:49:57 UTC,public,FALSE,FALSE
ELEC,Hickman Park,23700 104th Avenue West,Edmonds,WA,98020,888-998-2546,E,,Public,,1,,,Blink Network,47.78448639,-122.3732492,2/1/2026,314507,2026-02-01 00:26:35 UTC,public,FALSE,FALSE
ELEC,Edmonds Public Works,7110 210th Street Southwest,Edmonds,WA,98026,888-998-2546,E,,Public,,2,,,Blink Network,47.80893133,-122.3293563,2/1/2026,314510,2026-02-01 00:56:34 UTC,public,FALSE,FALSE
ELEC,TW HYUNDAI SALES,2255 Carriage Loop SW,Olympia,WA,98502,888-758-4389,E,,Public,,1,,,ChargePoint Network,47.030911,-122.932627,2/1/2026,314536,2026-02-01 03:12:52 UTC,public,FALSE,FALSE
ELEC,DC CORRIDOR TARGET MV DC2,16822 Twin Lakes Ave,Marysville,WA,98271,888-758-4389,E,,Public,,,1,,ChargePoint Network,48.149745,-122.190394,2/1/2026,314726,2026-02-01 03:13:11 UTC,public,FALSE,FALSE
ELEC,DC CORRIDOR TARGET MV DC1,16822 Twin Lakes Ave,Marysville,WA,98271,888-758-4389,E,,Public,,,1,,ChargePoint Network,48.149743,-122.190468,2/1/2026,314727,2026-02-01 03:13:11 UTC,public,FALSE,FALSE
ELEC,VA Clinic Building,220 Olympic Boulevard,Everett,WA,98203,888-998-2546,E,,Public,,7,,,Blink Network,47.95778907,-122.232677,2/1/2026,315620,2026-02-01 00:26:08 UTC,public,FALSE,FALSE
ELEC,Woodland North Apartments,3611 Northeast 155th Street,Lake Forest Park,WA,98155,888-998-2546,E,,Public,,1,,,Blink Network,47.7407321,-122.2901406,2/1/2026,316044,2026-02-01 00:08:19 UTC,public,FALSE,FALSE
ELEC,Ballinger Commons,2405 North 202nd Place,Shoreline,WA,98133,888-998-2546,E,,Public,,2,,,Blink Network,47.77635,-122.33231,2/1/2026,316045,2026-02-01 00:08:57 UTC,public,FALSE,FALSE
ELEC,Meadowbrook Apartments,1408 NW Richmond Beach Road,Shoreline,WA,98177,888-998-2546,E,,Public,,1,,,Blink Network,47.769184,-122.37546,2/1/2026,316049,2026-02-01 00:11:38 UTC,public,FALSE,FALSE
ELEC,Aspen Ridge Apartments,12601 68th Avenue South,Seattle,WA,98178,888-998-2546,E,,Public,,1,,,Blink Network,47.4902,-122.2493,2/1/2026,316052,2026-02-01 00:15:29 UTC,public,FALSE,FALSE
ELEC,Argyle Apartment Homes,2517 South 316th Lane,Federal Way,WA,98003,888-998-2546,E,,Public,,1,,,Blink Network,47.31915,-122.30149,2/1/2026,316053,2026-02-01 00:44:43 UTC,public,FALSE,FALSE
ELEC,Nia II,9935 8th Avenue Southwest,Seattle,WA,98106,888-998-2546,E,,Public,,2,,,Blink Network,47.51424,-122.34568,2/1/2026,316054,2026-02-01 00:21:08 UTC,public,FALSE,FALSE
ELEC,Surrey Downs II,13035 Southeast 26th Street,Bellevue,WA,98005,888-998-2546,T,11/2/2025,TEMPORARILY UNAVAILABLE (Public),,1,,,Blink Network,47.5872608,-122.1650353,2/1/2026,316057,2026-02-01 00:54:55 UTC,public,FALSE,FALSE
ELEC,Villages at South Station,3724 South 154th Lane,Tukwila,WA,98188,888-998-2546,E,,Public,,1,,,Blink Network,47.46481,-122.28601,2/1/2026,316058,2026-02-01 00:58:44 UTC,public,FALSE,FALSE
ELEC,NCU CT ST STATION 2,2307 W Court St,Pasco,WA,99301,888-758-4389,E,,Public,,1,,,ChargePoint Network,46.241776,-119.121735,2/1/2026,316066,2026-02-01 03:06:07 UTC,public,FALSE,FALSE
ELEC,NCU CT ST STATION 1,2307 W Court St,Pasco,WA,99301,888-758-4389,E,,Public,,2,,,ChargePoint Network,46.241722,-119.121734,2/1/2026,316067,2026-02-01 03:06:18 UTC,public,FALSE,FALSE
ELEC,BMR-NORTHEDGE NORTHEDGE #1,1621 N 34th St,Seattle,WA,98103,888-758-4389,E,,Public,,2,,,ChargePoint Network,47.64787,-122.33814,2/1/2026,316196,2026-02-01 01:19:26 UTC,public,FALSE,FALSE
ELEC,"Kroger QFC 878 (Redmond, WA)",23475 NE Novelty Hill Rd,Redmond,WA,98053,833-632-2778,E,,Public,,,6,,Electrify America,47.69951,-122.02569,2/1/2026,316269,2026-02-01 04:40:04 UTC,public,FALSE,FALSE
ELEC,Electric Era Charging Station,3257 17th Ave W Suite 101,Seattle,WA,98119,888-409-2980,E,,Private,,,2,,ELECTRIC_ERA,47.64994,-122.37907,12/10/2024,316367,2025-02-12 00:16:32 UTC,private,,TRUE
ELEC,Jefferson Transit Authority,63 4 Corners Road,Port Townsend,WA,98368,888-998-2546,E,,Public,,4,,,Blink Network,48.05069032,-122.8185037,2/1/2026,316481,2026-02-01 00:44:44 UTC,public,FALSE,FALSE
ELEC,PUBLIC CHARGE CT4K STATION 1,6321 W Canal Dr,Kennewick,WA,99336,888-758-4389,E,,Public,,2,,,ChargePoint Network,46.226072,-119.206387,2/1/2026,316497,2026-02-01 03:01:17 UTC,public,FALSE,FALSE
ELEC,PIKE PLACE STALL 204 & 205,1530 Alaksan Way,Seattle,WA,98101,888-758-4389,E,,Public,,2,,,ChargePoint Network,47.60852,-122.34208,2/1/2026,316607,2026-02-01 03:13:44 UTC,public,FALSE,FALSE
ELEC,PIKE PLACE STALL 202 & 203,1530 Alaksan Way,Seattle,WA,98101,888-758-4389,E,,Public,,2,,,ChargePoint Network,47.608639,-122.342184,2/1/2026,316608,2026-02-01 03:13:45 UTC,public,FALSE,FALSE
ELEC,CITY LIGHT FREMONT 1,311 North 45th Street,Seattle,WA,98103,888-758-4389,E,,Public,,1,,,ChargePoint Network,47.661366,-122.354842,2/1/2026,316850,2026-02-01 03:53:46 UTC,public,FALSE,FALSE
ELEC,Squirrel Tree Resort - Tesla Supercharger,15251 US-2,Leavenworth,WA,98826,877-798-3752,E,,Public,,,8,,Tesla,47.755249,-120.740669,7/1/2024,316903,2025-02-12 00:16:32 UTC,public,FALSE,FALSE
ELEC,CATHLAMET TOC EV STATION,20 Butler St,Cathlamet,WA,98612,888-758-4389,E,,Public,,,1,,ChargePoint Network,46.20333,-123.384254,2/1/2026,316945,2026-02-01 03:13:00 UTC,public,FALSE,FALSE
ELEC,Creekside Crossing,17181 Redmond Way,Redmond,WA,98052,888-356-8911,T,10/29/2025,TEMPORARILY UNAVAILABLE (Public),,2,,,FLO,47.670431,-122.112045,2/1/2026,316973,2026-02-01 05:17:39 UTC,public,FALSE,FALSE
ELEC,South Tacoma Honda,7802 South Tacoma Way,Tacoma,WA,98499,888-998-2546,T,2/1/2026,TEMPORARILY UNAVAILABLE (Public),,,2,,Blink Network,47.18700615,-122.4850893,2/1/2026,316998,2026-02-01 00:41:47 UTC,public,FALSE,FALSE
ELEC,Neighborhood House - Zev Co-Op Public,6400 Sylvan Way SW,Seattle,WA,98126,855-885-9571,E,,Public,,1,,,OpConnect,47.54486,-122.3722,2/1/2026,318050,2026-02-01 04:48:29 UTC,public,FALSE,FALSE
ELEC,Mictrotel Inn & Suites - Tesla Supercharger,224  Bing Ave,George,WA,98848,877-798-3752,E,,Public,,,12,,Tesla,47.081118,-119.861923,7/1/2024,318180,2025-02-12 00:16:32 UTC,public,FALSE,FALSE
ELEC,Discovery Place Condos,4309 34th Ave W,Seattle,WA,98199,206-786-0026,E,,Public,,1,,,AMPUP,47.66,-122.4,12/13/2023,319329,2024-01-31 22:07:01 UTC,public,FALSE,FALSE
ELEC,Archibalds,6902 W Clearwater Ave,Kennewick,WA,99336,,E,,Private,,2,,,AMPUP,46.21069,-119.21319,12/13/2023,319508,2024-01-31 22:07:01 UTC,private,,FALSE
ELEC,Midtown 64 Apartments,24615 64th Avenue South,Kent,WA,98032,888-998-2546,T,10/17/2025,TEMPORARILY UNAVAILABLE (Public),,2,,,Blink Network,47.3809667,-122.2554202,2/1/2026,319574,2026-02-01 00:38:50 UTC,public,FALSE,FALSE
ELEC,Best Western Plus Renton Inn,1850 Maple Valley HWY,Renton,WA,98057,866-300-3827,E,,Public,,1,,,EVCS,47.483574,-122.194344,2/1/2026,319679,2026-02-01 05:47:31 UTC,public,FALSE,FALSE
ELEC,SKAGITREGHEALTH MVSC,211 S 13th St,Mount Vernon,WA,98274,888-758-4389,E,,Public,,2,,,ChargePoint Network,48.419478,-122.32543,2/1/2026,319881,2026-02-01 03:12:44 UTC,public,FALSE,FALSE
ELEC,BELLINGHAM CITY CORNWALL PARK 1,3424 Meridian St,Bellingham,WA,98225,888-758-4389,E,,Public,,2,,,ChargePoint Network,48.776637,-122.485335,2/1/2026,319884,2026-02-01 03:13:15 UTC,public,FALSE,FALSE
ELEC,SAMMAMISH SCAC-2,831 228th Ave SE,Sammamish,WA,98075,888-758-4389,E,,Public,,2,,,ChargePoint Network,47.60075,-122.039233,2/1/2026,320003,2026-02-01 03:13:10 UTC,public,FALSE,FALSE
ELEC,SAMMAMISH SCAC-1,831 228th Ave SE,Sammamish,WA,98075,888-758-4389,E,,Public,,2,,,ChargePoint Network,47.60075,-122.039225,2/1/2026,320004,2026-02-01 03:13:10 UTC,public,FALSE,FALSE
ELEC,Greenbank Farm,765 Wonn Rd,Greenbank,WA,98253,360-222-3797,E,,Public - Credit card at all times,,2,,,Non-Networked,48.106661,-122.574574,8/12/2025,320156,2025-08-12 16:52:28 UTC,public,FALSE,FALSE
ELEC,Discovery Bay Welcome Center,282332 US-101,Port Townsend,WA,98368,,E,,Public - Credit card at all times,,1,,,Non-Networked,47.990675,-122.890677,12/13/2023,320157,2025-10-22 20:16:36 UTC,public,FALSE,FALSE
ELEC,Wild Birds Unlimited,275953 US-101,Sequim,WA,98382,360-797-7100,E,,Public - Credit card at all times,,2,,,Non-Networked,48.049829,-122.92153,8/12/2025,320158,2025-08-12 16:52:28 UTC,public,FALSE,FALSE
ELEC,Finn River Cidery,92 Center Rd,Chimacum,WA,98325,360-339-8478,E,,Public - Credit card at all times,,2,,,Non-Networked,48.010013,-122.76919,12/13/2023,320159,2025-11-04 20:14:19 UTC,public,FALSE,FALSE
ELEC,Huber's Inn,1421 Landes St,Port Townsend,WA,98368,360-385-3904,E,,Public - Call ahead,,1,,,Non-Networked,48.110439,-122.782824,12/13/2023,320160,2025-07-09 16:48:44 UTC,public,FALSE,FALSE
ELEC,Food Co-Op,414 Kearney St,Port Townsend,WA,98368,360-385-2883,E,,Public - Credit card at all times,,2,,,Non-Networked,48.110637,-122.770968,10/11/2024,320161,2025-06-09 19:21:51 UTC,public,FALSE,FALSE
ELEC,Lost Mountain Lodge,303 Sunny View Dr,Sequim,WA,98385,360-683-2431,E,,Public - Call ahead,,1,,,Non-Networked,48.06192803,-123.1678821,12/13/2023,320162,2025-07-09 16:50:56 UTC,public,FALSE,FALSE
ELEC,Domaine Madeleine Bed & Breakfast,146 Wildflower Ln,Port Angeles,WA,98362,360-457-4174,E,,Public - Call ahead,,3,,,Non-Networked,48.11519646,-123.2703778,12/13/2023,320163,2025-06-30 20:27:18 UTC,public,FALSE,FALSE
ELEC,Ruddell Chevrolet,110 S Golf Course Rd,Port Angeles,WA,98362,360-452-6822,E,,Public - Credit card at all times,,1,,,Non-Networked,48.105604,-123.402787,7/3/2025,320164,2025-07-03 19:15:09 UTC,public,TRUE,FALSE
ELEC,PIKE PLACE STALL 887 & 886,1901 Western Ave,Seattle,WA,98101,888-758-4389,E,,Public,,2,,,ChargePoint Network,47.609463,-122.342843,2/1/2026,320245,2026-02-01 03:13:35 UTC,public,FALSE,FALSE
ELEC,PIKE PLACE STALL 206 & 207,1531 Western Ave,Seattle,WA,98101,888-758-4389,E,,Public,,2,,,ChargePoint Network,47.608994,-122.342068,2/1/2026,320246,2026-02-01 03:13:44 UTC,public,FALSE,FALSE
ELEC,PIKE PLACE STALL 208 & 209,1530 Alaskan Way,Seattle,WA,98101,888-758-4389,E,,Public,,2,,,ChargePoint Network,47.608951,-122.342068,2/1/2026,320247,2026-02-01 03:13:44 UTC,public,FALSE,FALSE
ELEC,PIKE PLACE STALL 210 & 211,1530 Alaksan Way,Seattle,WA,98101,888-758-4389,E,,Public,,2,,,ChargePoint Network,47.608929,-122.342047,2/1/2026,320248,2026-02-01 03:13:44 UTC,public,FALSE,FALSE
ELEC,CITY LIGHT WATERFRONT 2,56 Seneca St,Seattle,WA,98101,888-758-4389,E,,Public,,,1,,ChargePoint Network,47.605721,-122.339005,2/1/2026,320377,2026-02-01 03:51:01 UTC,public,FALSE,FALSE
ELEC,DOCK STREET NEW DOCK STREET,1293 SE Dock St,Oak Harbor,WA,98277,888-758-4389,E,,Public,,1,,,ChargePoint Network,48.288001,-122.64851,2/1/2026,320513,2026-02-01 03:12:52 UTC,public,FALSE,FALSE
ELEC,Flying J 1195,1307 North Dolarway Rd.,Ellensburg,WA,98926,877-455-3833,E,,Public,,,4,,eVgo Network,47.00615,-120.586792,1/31/2026,320574,2026-02-01 00:00:50 UTC,public,FALSE,FALSE
ELEC,Ramayana Apartments,119 Harvard Avenue East,Seattle,WA,98102,888-998-2546,E,,Public,,2,,,Blink Network,47.61945391,-122.3225479,2/1/2026,320707,2026-02-01 00:28:24 UTC,public,FALSE,FALSE
ELEC,Lighthouse Apartments,2433 S Plum St,Seattle,WA,98144,206-602-2721,E,,Public,,12,,,TURNONGREEN,47.58535,-122.30052,12/12/2025,320962,2025-12-12 22:54:41 UTC,public,TRUE,FALSE
ELEC,Portland - Page One Automotive,5900 NE 152nd Ave,Vancouver,WA,98682,218-939-2320,E,,Public,,1,,,TURNONGREEN,45.66531,-122.51758,12/12/2025,320991,2025-12-12 22:54:41 UTC,public,FALSE,FALSE
ELEC,Seattle - Page One Automotive,420 S 96th St,Seattle,WA,98108,218-939-2318,E,,Public,,1,,,TURNONGREEN,47.51799,-122.32796,12/12/2025,320993,2025-12-12 22:54:41 UTC,public,FALSE,FALSE
ELEC,The Waverly,210 8th Avenue North,Seattle,WA,98109,888-998-2546,E,,Public,,9,,,Blink Network,47.6202877,-122.3407099,2/1/2026,321005,2026-02-01 00:34:25 UTC,public,FALSE,FALSE
ELEC,Mariblu Southcenter (Open),411 Baker Boulevard,Tukwila,WA,98188,888-998-2546,E,,Public,,3,,,Blink Network,47.45779,-122.25055,2/1/2026,321008,2026-02-01 00:10:36 UTC,public,FALSE,FALSE
ELEC,K BUILDING K BUILDING,1441 NE 136th Ave,Vancouver,WA,98684,888-758-4389,E,,Public,,2,,,ChargePoint Network,45.632778,-122.533237,2/1/2026,321031,2026-02-01 03:08:24 UTC,public,FALSE,FALSE
ELEC,CPU OPS 3,NE 117th Ave & 87th St,Five Corners,WA,98662,888-758-4389,E,,Public,,2,,,ChargePoint Network,45.685084,-122.55316,2/1/2026,321033,2026-02-01 03:10:00 UTC,public,FALSE,FALSE
ELEC,CITY LIGHT WEST SEATTLE 4,4840 California Ave SW,Seattle,WA,98116,888-758-4389,E,,Public,,1,,,ChargePoint Network,47.557984,-122.386589,2/1/2026,321060,2026-02-01 03:56:27 UTC,public,FALSE,FALSE
ELEC,HYSHOP SHOP STATION1,7601 S Tacoma Way,Tacoma,WA,98409,888-758-4389,E,,Public,,1,,,ChargePoint Network,47.188135,-122.482901,2/1/2026,321389,2026-02-01 03:16:15 UTC,public,FALSE,FALSE
ELEC,HYSHOP SHOWRM STATION,7601 South Tacoma Way,Tacoma,WA,98409,888-758-4389,E,,Public,,1,,,ChargePoint Network,47.188115,-122.482895,2/1/2026,321489,2026-02-01 03:16:17 UTC,public,FALSE,FALSE
ELEC,Liberty Lake STA,E Mission Ave,Liberty Lake,WA,99019,866-816-7584,E,,Public,,,2,,EV Connect,47.670584,-117.103222,2/1/2026,321517,2026-02-01 04:56:04 UTC,public,FALSE,FALSE
ELEC,CITY LIGHT S LAKE UNION 1,317 Pontius Avenue North,Seattle,WA,98109,888-758-4389,E,,Public,,1,,,ChargePoint Network,47.621309,-122.331808,2/1/2026,322351,2026-02-01 03:53:38 UTC,public,FALSE,FALSE
ELEC,IQ CHARGING IQ SALMON CREEK,14101 Northeast 10th Avenue,Vancouver,WA,98685,888-758-4389,E,,Public,,2,,,ChargePoint Network,45.723483,-122.660697,2/1/2026,322400,2026-02-01 03:16:01 UTC,public,FALSE,FALSE
ELEC,Fred Meyer - Tesla Supercharger,12221 120th Ave NE,Kirkland,WA,98034,877-798-3752,E,,Public,,,12,,Tesla,47.709207,-122.183452,7/1/2024,322833,2025-02-12 00:16:32 UTC,public,FALSE,FALSE
ELEC,Seattle Premium Outlets - Tesla Supercharger,10600 Quil Ceda Blvd,Tulalip,WA,98271,877-798-3752,E,,Public,,,12,,Tesla,48.095561,-122.188333,7/1/2024,322835,2025-02-12 00:16:32 UTC,public,FALSE,FALSE
ELEC,Station 88 - End of Trail - Tesla Supercharger,19615 Elderberry St SW,Rochester,WA,98579,877-798-3752,E,,Public,,,12,,Tesla,46.804114,-123.012262,7/1/2024,322836,2025-02-12 00:16:32 UTC,public,FALSE,FALSE
ELEC,Clearwater Casino - Tesla Supercharger,15347 Suquamish Way NE,Suquamish,WA,98392,877-798-3752,E,,Public,,,12,,Tesla,47.713574,-122.569571,7/1/2024,322840,2025-02-12 00:16:32 UTC,public,FALSE,FALSE
ELEC,CPU ARNADA,212 E 20th St,Vancouver,WA,98663,888-758-4389,E,,Public,,2,,,ChargePoint Network,45.636784,-122.66932,2/1/2026,323045,2026-02-01 03:10:04 UTC,public,FALSE,FALSE
ELEC,SM STATE FARM SM STATE FARM,611 E Front St,Port Angeles,WA,98362,888-758-4389,E,,Public,,2,,,ChargePoint Network,48.116189,-123.422801,2/1/2026,323070,2026-02-01 03:17:25 UTC,public,FALSE,FALSE
ELEC,ESD EXIT 68 L2 5,172 US-12,Chehalis,WA,98532,888-758-4389,E,,Public,,1,,,ChargePoint Network,46.545833,-122.868675,2/1/2026,323341,2026-02-01 03:17:31 UTC,public,FALSE,FALSE
ELEC,ESD EXIT 68 L2 6,172 US-12,Chehalis,WA,98532,888-758-4389,E,,Public,,1,,,ChargePoint Network,46.545803,-122.868665,2/1/2026,323343,2026-02-01 03:17:32 UTC,public,FALSE,FALSE
ELEC,"ARCO, NE 119th St, Vancouver, WA",11508 NE 119th ST,Vancouver,WA,98662,833-277-8573,E,,Public,,,4,,BP_PULSE,45.709206,-122.553647,2/1/2026,323778,2026-02-01 05:43:40 UTC,public,FALSE,FALSE
ELEC,DC VANCOUVER DC3,4301 NE Fourth Plain Blvd,Vancouver,WA,98661,888-758-4389,E,,Public,,,1,,ChargePoint Network,45.639166,-122.62342,2/1/2026,323901,2026-02-01 02:04:38 UTC,public,FALSE,FALSE
ELEC,CITY LIGHT STEVENS 3,531 20th Ave E,Seattle,WA,98112,888-758-4389,E,,Public,,1,,,ChargePoint Network,47.62408,-122.306157,2/1/2026,323986,2026-02-01 03:56:14 UTC,public,FALSE,FALSE
ELEC,CITY LIGHT WALLINGFORD 4,4225 Stone Way N,Seattle,WA,98103,888-758-4389,E,,Public,,1,,,ChargePoint Network,47.658753,-122.342483,2/1/2026,323987,2026-02-01 03:56:14 UTC,public,FALSE,FALSE
ELEC,CITY LIGHT CAPITOL HILL 1,118 Bellevue Avenue East,Seattle,WA,98102,888-758-4389,E,,Public,,1,,,ChargePoint Network,47.619306,-122.326489,2/1/2026,323988,2026-02-01 03:53:40 UTC,public,FALSE,FALSE
ELEC,Park Place Shopping Center - Tesla Supercharger,17501 Southcenter Pkwy,Tukwila,WA,98188,877-798-3752,E,,Public,,,16,,Tesla,47.447383,-122.263624,7/1/2024,324019,2025-02-12 00:16:32 UTC,public,FALSE,FALSE
ELEC,RMR Union East Parking Garage,401 Elliott Avenue West,Seattle,WA,98119,888-998-2546,E,,Public,,10,,,Blink Network,47.6225302,-122.3637827,2/1/2026,325467,2026-02-01 00:58:19 UTC,public,FALSE,FALSE
ELEC,THE SUMMIT P1,10885 NE 4th St,Bellevue,WA,98004,888-758-4389,E,,Public,,2,,,ChargePoint Network,47.612553,-122.194193,2/1/2026,325566,2026-02-01 03:18:34 UTC,public,FALSE,FALSE
ELEC,Tacoma Mall - Tesla Supercharger,4502 S Steele St,Tacoma,WA,98409,877-798-3752,E,,Public,,,16,,Tesla,47.214392,-122.466683,7/1/2024,326167,2025-02-12 00:16:32 UTC,public,FALSE,FALSE
ELEC,Single Hill Brewing,102 North Naches Avenue,Yakima,WA,98901,888-493-3638,E,,Public,,4,,,ZEFNET,46.60505,-120.50123,2/1/2026,326172,2026-02-01 05:56:12 UTC,public,FALSE,FALSE
ELEC,ESD EXIT 68 DCFC 2,172 US-12,Chehalis,WA,98532,888-758-4389,E,,Public,,,1,,ChargePoint Network,46.545819,-122.868673,2/1/2026,326217,2026-02-01 03:17:31 UTC,public,FALSE,FALSE
ELEC,ESD EXIT 68 DCFC 1,172 US-12,Chehalis,WA,98532,888-758-4389,E,,Public,,,1,,ChargePoint Network,46.545813,-122.868669,2/1/2026,326218,2026-02-01 03:17:31 UTC,public,FALSE,FALSE
ELEC,ESD EXIT 68 DCFC 3,172 US-12,Chehalis,WA,98532,888-758-4389,E,,Public,,,1,,ChargePoint Network,46.546515,-122.870491,2/1/2026,326220,2026-02-01 03:19:01 UTC,public,FALSE,FALSE
ELEC,Purpose Driven Girl - Public,7100 Fort Dent Way,Tukwila,WA,98188,855-885-9571,E,,Public,,1,,,OpConnect,47.46837,-122.24634,2/1/2026,326267,2026-02-01 04:48:33 UTC,public,FALSE,FALSE
ELEC,SOLACE STATION 2,10423 Rainier Ridge Blvd E,Puyallup,WA,98374,888-758-4389,E,,Public,,2,,,ChargePoint Network,47.087995,-122.288846,2/1/2026,326351,2026-02-01 02:55:56 UTC,public,FALSE,FALSE
ELEC,SOLACE STATION 1,10423 Rainier Ridge Blvd E,Puyallup,WA,98374,888-758-4389,E,,Public,,2,,,ChargePoint Network,47.088025,-122.288868,2/1/2026,326352,2026-02-01 02:55:56 UTC,public,FALSE,FALSE
ELEC,Whitney's Chevrolet,124 Pioneer Avenue West,Montesano,WA,98563,888-998-2546,E,,Public,,1,,,Blink Network,46.97986985,-123.6018507,2/1/2026,326611,2026-02-01 00:11:28 UTC,public,FALSE,FALSE
ELEC,Dick Hannah Jeep Vancouver,3517 Northeast Auto Mall Drive,Vancouver,WA,98662,888-998-2546,E,,Public,,2,,,Blink Network,45.64788967,-122.5964785,2/1/2026,326615,2026-02-01 00:43:48 UTC,public,FALSE,FALSE
ELEC,Enel X - WOW CarShare Parking,1140 Columbia Park Trl,Richland,WA,99352,509-308-0559,E,,Public - Call ahead,,,1,,Non-Networked,46.2384005,-119.2365464,2/12/2024,326686,2025-02-12 00:16:32 UTC,public,FALSE,FALSE
ELEC,LJ HYUNDAI CP SOUTH,7800 Evergreen Way,Everett,WA,98203,888-758-4389,E,,Public,,,1,,ChargePoint Network,47.927306,-122.224386,2/1/2026,326741,2026-02-01 03:20:14 UTC,public,FALSE,FALSE
ELEC,DOL WENATCHEE,325 N Chelan Ave,Wenatchee,WA,98801,888-758-4389,E,,Public,,1,,,ChargePoint Network,47.429018,-120.317749,2/1/2026,326955,2026-02-01 03:07:01 UTC,public,FALSE,FALSE
ELEC,ESD EXIT 68 DCFC 4,172 U.S. 12,Chehalis,WA,98532,888-758-4389,E,,Public,,,1,,ChargePoint Network,46.546501,-122.870577,2/1/2026,326977,2026-02-01 03:17:31 UTC,public,FALSE,FALSE
ELEC,SRO SRORTC,18300 Redmond Way,Redmond,WA,98052,888-758-4389,E,,Public,,2,,,ChargePoint Network,47.663266,-122.09647,2/1/2026,326982,2026-02-01 03:19:29 UTC,public,FALSE,FALSE
ELEC,SRO SRORTC 2,18300 Redmond Way,Redmond,WA,98052,888-758-4389,E,,Public,,2,,,ChargePoint Network,47.663192,-122.096458,2/1/2026,326983,2026-02-01 03:19:29 UTC,public,FALSE,FALSE
ELEC,NORAM HEMLOCK 3,1550 121st Ave NE,Bellevue,WA,98005,888-758-4389,E,,Public,,2,,,ChargePoint Network,47.622488,-122.177532,2/1/2026,327158,2026-02-01 03:01:03 UTC,public,FALSE,FALSE
ELEC,LJ HYUNDAI CP NORTH,7800 Evergreen Way,Everett,WA,98203,888-758-4389,E,,Public,,,1,,ChargePoint Network,47.92732,-122.224279,2/1/2026,327210,2026-02-01 03:20:14 UTC,public,FALSE,FALSE
ELEC,HYSHOP CUSTOMER ST,7601 S Tacoma Way,Tacoma,WA,98409,888-758-4389,E,,Public,,,1,,ChargePoint Network,47.188084,-122.482851,2/1/2026,327544,2026-02-01 03:19:00 UTC,public,FALSE,FALSE
ELEC,7Charge - Lacey 41884,4044 Pacific Ave SE,Lacey,WA,98503,844-711-2474,E,,Public,,,4,,7CHARGE,47.03956,-122.83416,5/12/2025,327687,2026-01-20 20:50:02 UTC,public,FALSE,FALSE
ELEC,Spokane Valley,22 N Herald Rd,Spokane Valley,WA,99206,866-816-7584,E,,Public,,2,,,EV Connect,47.657859,-117.268802,2/1/2026,327744,2026-02-01 04:55:57 UTC,public,FALSE,FALSE
ELEC,Argonne Library,4322 N Argonne Rd,Spokane,WA,99212,866-816-7584,E,,Public,,2,,,EV Connect,47.696592,-117.281541,2/1/2026,327745,2026-02-01 04:56:08 UTC,public,FALSE,FALSE
ELEC,County Commissioners Administrative Building,1800 Continental Pl,Mount Vernon,WA,98273,866-816-7584,E,,Public,,1,,,EV Connect,48.437049,-122.325191,2/1/2026,328170,2026-02-01 04:57:31 UTC,public,FALSE,FALSE
ELEC,META_REDMOND X1061,10301 Willows Rd NE,Redmond,WA,98052,888-758-4389,E,,Public,,2,,,ChargePoint Network,47.692418,-122.152328,2/1/2026,328211,2026-02-01 03:03:37 UTC,public,FALSE,FALSE
ELEC,HoneyBadger Charging Station,4070 116th St NE,Marysville,WA,98271,877-836-0242,E,,Public,,2,,,HONEY_BADGER,48.09971,-122.17739,11/13/2025,328339,2025-11-13 20:02:17 UTC,public,TRUE,FALSE
ELEC,OAK HARBOR STATION 1,1299 SE Dock St,Oak Harbor,WA,98277,888-758-4389,E,,Public,,2,,,ChargePoint Network,48.287961,-122.648504,2/1/2026,328450,2026-02-01 01:31:39 UTC,public,FALSE,FALSE
ELEC,"Seattle, WA - Fairview Avenue North (Floor 1) - Tesla Destination",800 Fairview Ave N,Seattle,WA,98109,877-798-3752,E,,Public,,6,,,Tesla Destination,47.626144,-122.333176,7/1/2024,328521,2025-02-12 00:16:32 UTC,public,FALSE,FALSE
ELEC,UWMC SURGERY STATION 2,1959 NE Pacific St,Seattle,WA,98195,888-758-4389,E,,Public,,2,,,ChargePoint Network,47.648565,-122.305258,2/1/2026,328604,2026-02-01 03:21:45 UTC,public,FALSE,FALSE
ELEC,CircleK - Pasco,4823 Broadmoor Blvd,Pasco,WA,99301,833-505-2291,E,,Public,,,4,,CIRCLE_K,46.27125,-119.22106,5/12/2025,328628,2025-05-12 16:15:59 UTC,public,FALSE,FALSE
ELEC,Marysville Subaru,16115 Smokey Point Boulevard,Marysville,WA,98271,888-998-2546,E,,Public,,4,2,,Blink Network,48.142914,-122.18315,2/1/2026,328790,2026-02-01 00:43:43 UTC,public,FALSE,FALSE
ELEC,"Cap Sante Marina: 1207 Q Ave, Anacortes",1207 Q Ave,Anacortes,WA,98221,866-816-7584,E,,Public,,,4,,EV Connect,48.512914,-122.610755,2/1/2026,328873,2026-02-01 04:57:22 UTC,public,FALSE,FALSE
ELEC,Sun Mountain Lodge,604 Patterson Lake Rd,Winthrop,WA,98862,888-356-8911,E,,Public,,3,,,FLO,48.476517,-120.25786,2/1/2026,328967,2026-02-01 05:17:32 UTC,public,FALSE,FALSE
ELEC,"ARCO, W Heron St, Aberdeen, WA",705 W Heron St,Aberdeen,WA,98520,833-277-8573,E,,Public,,,4,,BP_PULSE,46.969434,-123.823967,2/1/2026,329278,2026-02-01 05:43:40 UTC,public,FALSE,FALSE
ELEC,DOL KENNEWICK,3311 W Clearwater Ave,Kennewick,WA,99336,888-758-4389,E,,Public,,2,,,ChargePoint Network,46.211227,-119.166811,2/1/2026,329790,2026-02-01 03:15:46 UTC,public,FALSE,FALSE
ELEC,AMZ SEA42 - 19,2121 8th Ave,Seattle,WA,98121,888-758-4389,E,,Public,,2,,,ChargePoint Network,47.616541,-122.338895,2/1/2026,330062,2026-02-01 03:22:05 UTC,public,FALSE,FALSE
ELEC,AMZ SEA42 - 20,2100 7th Ave,Seattle,WA,98119,888-758-4389,E,,Public,,2,,,ChargePoint Network,47.616361,-122.338907,2/1/2026,330063,2026-02-01 03:22:05 UTC,public,FALSE,FALSE
ELEC,AMZ SEA42 - 21,2116 7th Ave,Seattle,WA,98121,888-758-4389,E,,Public,,2,,,ChargePoint Network,47.616426,-122.338861,2/1/2026,330064,2026-02-01 03:22:05 UTC,public,FALSE,FALSE
ELEC,AMZ SEA42 - 24,2116 7th Ave,Seattle,WA,98121,888-758-4389,E,,Public,,2,,,ChargePoint Network,47.616431,-122.338887,2/1/2026,330065,2026-02-01 03:22:05 UTC,public,FALSE,FALSE
ELEC,AMZ SEA42 - 25,2100 7th Ave,Seattle,WA,98119,888-758-4389,E,,Public,,2,,,ChargePoint Network,47.61643,-122.338839,2/1/2026,330066,2026-02-01 03:22:06 UTC,public,FALSE,FALSE
ELEC,AMZ SEA42 - 26,2100 7th Ave,Seattle,WA,98119,888-758-4389,E,,Public,,2,,,ChargePoint Network,47.616422,-122.338744,2/1/2026,330067,2026-02-01 03:22:06 UTC,public,FALSE,FALSE
ELEC,AMZ SEA42 - 22,2112 7th Ave,Seattle,WA,98121,888-758-4389,E,,Public,,1,,,ChargePoint Network,47.616332,-122.339025,2/1/2026,330068,2026-02-01 03:22:09 UTC,public,FALSE,FALSE
ELEC,Spoko Fuel,2509 US-395,Chewelah,WA,99109,866-816-7584,E,,Public,,,2,,EV Connect,48.241595,-117.714446,2/1/2026,330207,2026-02-01 04:56:07 UTC,public,FALSE,FALSE
ELEC,AMZ SEA42 - 27,2100 7th Ave,Seattle,WA,98119,888-758-4389,E,,Public,,2,,,ChargePoint Network,47.616428,-122.338808,2/1/2026,330275,2026-02-01 03:22:06 UTC,public,FALSE,FALSE
ELEC,AMZ SEA42 - 28,2121 8th Ave,Seattle,WA,98121,888-758-4389,E,,Public,,2,,,ChargePoint Network,47.616789,-122.338601,2/1/2026,330276,2026-02-01 03:22:06 UTC,public,FALSE,FALSE
ELEC,AMZ SEA42 - 29,2112 7th Ave,Seattle,WA,98121,888-758-4389,E,,Public,,2,,,ChargePoint Network,47.616346,-122.338998,2/1/2026,330277,2026-02-01 03:22:06 UTC,public,FALSE,FALSE
ELEC,AMZ SEA42 - 30,2112 7th Ave,Seattle,WA,98121,888-758-4389,E,,Public,,2,,,ChargePoint Network,47.61633,-122.339038,2/1/2026,330278,2026-02-01 03:22:07 UTC,public,FALSE,FALSE
ELEC,AMZ SEA42 - 31,2112 7th Ave,Seattle,WA,98121,888-758-4389,E,,Public,,2,,,ChargePoint Network,47.616349,-122.339014,2/1/2026,330279,2026-02-01 03:22:07 UTC,public,FALSE,FALSE
ELEC,AMZ SEA42 - 32,2100 7th Ave,Seattle,WA,98119,888-758-4389,E,,Public,,2,,,ChargePoint Network,47.616271,-122.338882,2/1/2026,330280,2026-02-01 03:22:07 UTC,public,FALSE,FALSE
ELEC,AMZ SEA42 - 33,2100 7th Ave,Seattle,WA,98119,888-758-4389,E,,Public,,2,,,ChargePoint Network,47.616289,-122.33887,2/1/2026,330281,2026-02-01 03:22:07 UTC,public,FALSE,FALSE
ELEC,AMZ SEA42 - 35,2100 7th Ave,Seattle,WA,98119,888-758-4389,E,,Public,,2,,,ChargePoint Network,47.61627,-122.33883,2/1/2026,330282,2026-02-01 03:22:07 UTC,public,FALSE,FALSE
ELEC,AMZ SEA42 - 37,2100 7th Ave,Seattle,WA,98119,888-758-4389,E,,Public,,2,,,ChargePoint Network,47.616273,-122.338855,2/1/2026,330283,2026-02-01 03:22:07 UTC,public,FALSE,FALSE
ELEC,AMZ SEA42 - 36,2100 7th Ave,Seattle,WA,98119,888-758-4389,E,,Public,,2,,,ChargePoint Network,47.616288,-122.33885,2/1/2026,330284,2026-02-01 03:22:08 UTC,public,FALSE,FALSE
ELEC,AMZ SEA42 - 39,2116 7th Ave,Seattle,WA,98121,888-758-4389,E,,Public,,2,,,ChargePoint Network,47.616389,-122.339051,2/1/2026,330285,2026-02-01 03:22:08 UTC,public,FALSE,FALSE
ELEC,AMZ SEA42 - 40,2116 7th Ave,Seattle,WA,98121,888-758-4389,E,,Public,,2,,,ChargePoint Network,47.616414,-122.339082,2/1/2026,330286,2026-02-01 03:22:08 UTC,public,FALSE,FALSE
ELEC,AMZ SEA42 - 38,2116 7th Ave,Seattle,WA,98121,888-758-4389,E,,Public,,2,,,ChargePoint Network,47.616432,-122.339064,2/1/2026,330287,2026-02-01 03:22:08 UTC,public,FALSE,FALSE
ELEC,AMZ SEA42 - 42,2116 7th Ave,Seattle,WA,98121,888-758-4389,E,,Public,,2,,,ChargePoint Network,47.616436,-122.339045,2/1/2026,330288,2026-02-01 03:22:08 UTC,public,FALSE,FALSE
ELEC,AMZ SEA42 - 41,2116 7th Ave,Seattle,WA,98121,888-758-4389,E,,Public,,2,,,ChargePoint Network,47.616416,-122.339024,2/1/2026,330289,2026-02-01 03:22:08 UTC,public,FALSE,FALSE
ELEC,AMZ SEA42 - 43,2116 7th Ave,Seattle,WA,98121,888-758-4389,E,,Public,,2,,,ChargePoint Network,47.616397,-122.339079,2/1/2026,330290,2026-02-01 03:22:09 UTC,public,FALSE,FALSE
ELEC,AMZ SEA42 - 47,2116 7th Ave,Seattle,WA,98121,888-758-4389,E,,Public,,2,,,ChargePoint Network,47.616454,-122.339046,2/1/2026,330291,2026-02-01 03:22:09 UTC,public,FALSE,FALSE
ELEC,AMZ SEA42 - 46,2116 7th Ave,Seattle,WA,98121,888-758-4389,E,,Public,,2,,,ChargePoint Network,47.616427,-122.339052,2/1/2026,330292,2026-02-01 03:22:09 UTC,public,FALSE,FALSE
ELEC,AMZ SEA42 - 45,2116 7th Ave,Seattle,WA,98121,888-758-4389,E,,Public,,2,,,ChargePoint Network,47.616442,-122.339095,2/1/2026,330293,2026-02-01 03:22:09 UTC,public,FALSE,FALSE
ELEC,AMZ SEA42 - 44,2116 7th Ave,Seattle,WA,98121,888-758-4389,E,,Public,,2,,,ChargePoint Network,47.616416,-122.339066,2/1/2026,330294,2026-02-01 03:22:09 UTC,public,FALSE,FALSE
ELEC,Skagit Valley College - San Juan Center,221 Weber Way,Friday Harbor,WA,98250,888-998-2546,E,,Public,,2,,,Blink Network,48.5226635,-123.0279536,2/1/2026,330379,2026-02-01 00:26:31 UTC,public,FALSE,FALSE
ELEC,CITY LIGHT NORTH ADMIRAL 1,2106 California Ave SW,Seattle,WA,98116,888-758-4389,E,,Public,,1,,,ChargePoint Network,47.585043,-122.386258,2/1/2026,330512,2026-02-01 03:57:30 UTC,public,FALSE,FALSE
ELEC,CITY LIGHT N BEACON HILL 4,1435 12th Ave S,Seattle,WA,98144,888-758-4389,E,,Public,,1,,,ChargePoint Network,47.590244,-122.317391,2/1/2026,330513,2026-02-01 03:57:31 UTC,public,FALSE,FALSE
ELEC,CITY LIGHT WALLINGFORD 1,1721 North 46th Street,Seattle,WA,98103,888-758-4389,E,,Public,,1,,,ChargePoint Network,47.66207,-122.337271,2/1/2026,330515,2026-02-01 03:57:29 UTC,public,FALSE,FALSE
ELEC,CITY LIGHT OLYMPIC HILLS 2,1645 Northeast 143rd Street,Seattle,WA,98125,888-758-4389,E,,Public,,1,,,ChargePoint Network,47.732052,-122.310951,2/1/2026,330516,2026-02-01 03:57:29 UTC,public,FALSE,FALSE
ELEC,3606 S Sprague Ave,3606 S Sprague Ave,Tacoma,WA,98409,866-816-7584,E,,Public,,,2,,EV Connect,47.225159,-122.465217,2/1/2026,330519,2026-02-01 04:55:59 UTC,public,FALSE,FALSE
ELEC,Sammamish Highlands - Tesla Supercharger,430-710 228th Ave NE,Sammamish,WA,98074,877-798-3752,E,,Public,,,8,,Tesla,47.616463,-122.033253,7/1/2024,330569,2025-02-12 00:16:32 UTC,public,FALSE,FALSE
ELEC,SpoKo Fuel,2509 US-395,Chewelah,WA,99109,509-935-6848,E,,Public - Credit card at all times,,2,,,Non-Networked,48.24177639,-117.7141178,4/14/2024,330582,2025-02-12 00:16:32 UTC,public,FALSE,FALSE
ELEC,AMZ SEA42 - 34,2100 7th Ave,Seattle,WA,98119,888-758-4389,E,,Public,,2,,,ChargePoint Network,47.616286,-122.33881,2/1/2026,330601,2026-02-01 03:22:07 UTC,public,FALSE,FALSE
ELEC,Meridian Habitat Park & Community Center,14422 Meridian East,Puyallup,WA,98373,888-998-2546,T,9/23/2025,TEMPORARILY UNAVAILABLE (Public),,2,,,Blink Network,47.12415,-122.29558,2/1/2026,330684,2026-02-01 00:54:27 UTC,public,FALSE,FALSE
ELEC,AMLI MARK 24 MARK24 RETAIL,1723 NW Market St,Seattle,WA,98107,888-758-4389,E,,Public,,2,,,ChargePoint Network,47.668673,-122.380077,2/1/2026,330712,2026-02-01 03:23:09 UTC,public,FALSE,FALSE
ELEC,531605 NWB Redmond Park East LLC,18005 Northeast 68th Street,Redmond,WA,98052,888-998-2546,E,,Public,,6,,,Blink Network,47.66637,-122.0978,2/1/2026,330796,2026-02-01 00:13:12 UTC,public,FALSE,FALSE
ELEC,LITHIACJDR STATION 1,10701 N Newport Hwy,Spokane,WA,99218,888-758-4389,E,,Public,,2,,,ChargePoint Network,47.755159,-117.397677,2/1/2026,331064,2026-02-01 03:23:22 UTC,public,FALSE,FALSE
ELEC,LITHIACJDR STATION 2,10701 N Newport Hwy,Spokane,WA,99218,888-758-4389,T,1/31/2026,TEMPORARILY UNAVAILABLE (Public),,2,,,ChargePoint Network,47.755199,-117.397635,2/1/2026,331065,2026-02-01 03:23:23 UTC,public,FALSE,FALSE
ELEC,Sound Credit Union - Tesla Supercharger,1926 201st Pl SE,Bothell,WA,98012,877-798-3752,E,,Public,,,12,,Tesla,47.814223,-122.206093,7/1/2024,331345,2025-02-12 00:16:32 UTC,public,FALSE,FALSE
ELEC,CLALLAM COUNTY WEST FIRST TWO,223 E 4th St,Port Angeles,WA,98362,888-758-4389,E,,Public,,2,,,ChargePoint Network,48.115077,-123.432348,2/1/2026,331516,2026-02-01 03:24:55 UTC,public,FALSE,FALSE
ELEC,CLALLAM COUNTY MIDDLE,223 E 4th St,Port Angeles,WA,98362,888-758-4389,E,,Public,,2,,,ChargePoint Network,48.115059,-123.432303,2/1/2026,331517,2026-02-01 03:24:55 UTC,public,FALSE,FALSE
ELEC,CLALLAM COUNTY EAST LAST TWO,223 E 4th St,Port Angeles,WA,98362,888-758-4389,E,,Public,,2,,,ChargePoint Network,48.115037,-123.432251,2/1/2026,331518,2026-02-01 03:24:55 UTC,public,FALSE,FALSE
ELEC,CITY LIGHT L QUEEN ANNE 1,317 W Mercer St,Seattle,WA,98119,888-758-4389,E,,Public,,1,,,ChargePoint Network,47.62444,-122.361633,2/1/2026,331528,2026-02-01 03:58:06 UTC,public,FALSE,FALSE
ELEC,CITY LIGHT FREMONT 3,3930 Whitman Avenue North,Seattle,WA,98103,888-758-4389,E,,Public,,1,,,ChargePoint Network,47.654877,-122.34591,2/1/2026,331530,2026-02-01 03:56:12 UTC,public,FALSE,FALSE
ELEC,CITY LIGHT EASTLAKE 1,1936 Fairview Ave E,Seattle,WA,98102,888-758-4389,E,,Public,,1,,,ChargePoint Network,47.6367,-122.328498,2/1/2026,331531,2026-02-01 03:58:43 UTC,public,FALSE,FALSE
ELEC,CITY LIGHT RIVERVIEW 3,7021 17th Avenue Southwest,Seattle,WA,98106,888-758-4389,E,,Public,,1,,,ChargePoint Network,47.540392,-122.356193,2/1/2026,331532,2026-02-01 03:57:36 UTC,public,FALSE,FALSE
ELEC,Pasco Fire Station 85,3624 Road 100,Pasco,WA,99301,888-998-2546,E,,Public,,2,,,Blink Network,46.26196154,-119.2199026,2/1/2026,331629,2026-02-01 00:54:53 UTC,public,FALSE,FALSE
ELEC,BELLINGHAM CITY SOLAR CIVIC 1,1355 Civic Field Way,Bellingham,WA,98229,888-758-4389,E,,Public,,2,,,ChargePoint Network,48.747471,-122.45785,2/1/2026,331749,2026-02-01 03:24:12 UTC,public,FALSE,FALSE
ELEC,BELLINGHAM CITY SOLAR PADDEN 1,4882 S Samish Way,Bellingham,WA,98226,888-758-4389,E,,Public,,2,,,ChargePoint Network,48.698322,-122.443137,2/1/2026,331750,2026-02-01 03:24:13 UTC,public,FALSE,FALSE
ELEC,BELLINGHAM CITY SOLAR CORDATA 1,4530 Cordata Pkwy,Bellingham,WA,98226,888-758-4389,E,,Public,,2,,,ChargePoint Network,48.802177,-122.494601,2/1/2026,331751,2026-02-01 03:24:14 UTC,public,FALSE,FALSE
ELEC,BELLINGHAM CITY SOLAR SQUALM 1,West St,Bellingham,WA,98225,888-758-4389,E,,Public,,2,,,ChargePoint Network,48.766849,-122.500124,2/1/2026,331752,2026-02-01 03:24:16 UTC,public,FALSE,FALSE
ELEC,AMZ SEA23 - 4,535 Terry Ave N,Seattle,WA,98109,888-758-4389,E,,Public,,2,,,ChargePoint Network,47.624209,-122.337729,2/1/2026,331944,2026-02-01 03:25:03 UTC,public,FALSE,FALSE
ELEC,AMZ SEA23 - 5,535 Terry Ave N,Seattle,WA,98109,888-758-4389,E,,Public,,2,,,ChargePoint Network,47.624085,-122.337727,2/1/2026,331945,2026-02-01 03:25:04 UTC,public,FALSE,FALSE
ELEC,AMZ SEA24 - 10,512 Boren Ave N,Seattle,WA,98109,888-758-4389,E,,Public,,2,,,ChargePoint Network,47.623802,-122.335507,2/1/2026,331946,2026-02-01 03:25:04 UTC,public,FALSE,FALSE
ELEC,AMZ SEA24 - 9,1113 Mercer St,Seattle,WA,98109,888-758-4389,E,,Public,,2,,,ChargePoint Network,47.623721,-122.335511,2/1/2026,331947,2026-02-01 03:25:04 UTC,public,FALSE,FALSE
ELEC,7th & Pine LLC - Garage,1508 7th Avenue,Seattle,WA,98101,888-998-2546,E,,Public,,2,,,Blink Network,47.61181563,-122.3332516,2/1/2026,331955,2026-02-01 00:20:33 UTC,public,FALSE,FALSE
ELEC,"Old Cannery: 13624 Cannery Way, Sumner",13624 Cannery Way,Sumner,WA,98390,866-816-7584,E,,Public,,4,2,,EV Connect,47.204599,-122.246999,2/1/2026,332061,2026-02-01 04:57:21 UTC,public,FALSE,FALSE
ELEC,1500 Commerce Street,1500 Commerce S,Tacoma,WA,98402,888-356-8911,E,,Public,,6,,,FLO,47.248,-122.438,2/1/2026,332070,2026-02-01 05:17:58 UTC,public,FALSE,FALSE
ELEC,Porch and Park Redmond,16050 Cleveland Street,Redmond,WA,98052,888-998-2546,T,1/26/2026,TEMPORARILY UNAVAILABLE (Public),,1,,,Blink Network,47.67440518,-122.1260474,2/1/2026,332085,2026-02-01 00:32:02 UTC,public,FALSE,FALSE
ELEC,923 Commerce Street,923 Commerce Street,Tacoma,WA,98402,888-356-8911,E,,Public,,6,,,FLO,47.25436,-122.43926,2/1/2026,332161,2026-02-01 05:17:58 UTC,public,FALSE,FALSE
ELEC,Tilt49 Realty,1812 Boren Avenue,Seattle,WA,98101,888-998-2546,E,,Public,,7,,,Blink Network,47.6170248,-122.3322181,2/1/2026,332307,2026-02-01 00:14:12 UTC,public,FALSE,FALSE
ELEC,"ARCO, 104th Drive NW, Stanwood, WA",26930 104th Drive NW,Stanwood,WA,98292,833-277-8573,E,,Public,,,6,,BP_PULSE,48.241438,-122.374542,2/1/2026,332344,2026-02-01 05:43:40 UTC,public,FALSE,FALSE
ELEC,Zephyr on the Park Apartments,8020 161st Avenue Northeast,Redmond,WA,98052,888-493-3638,E,,Public,,2,,,ZEFNET,47.67516,-122.12506,2/1/2026,332377,2026-02-01 05:56:35 UTC,public,FALSE,FALSE
ELEC,KIA OF EVERETT KIA OF EVERETT,229 Southwest Everett Mall Way,Everett,WA,98204,888-758-4389,E,,Public,,,1,,ChargePoint Network,47.90631,-122.237592,2/1/2026,332471,2026-02-01 03:24:45 UTC,public,FALSE,FALSE
ELEC,DOL WEST SEATTLE 1,2420 SW Dakota St,Seattle,WA,98106,888-758-4389,E,,Public,,2,,,ChargePoint Network,47.566899,-122.36456,2/1/2026,332562,2026-02-01 03:19:40 UTC,public,FALSE,FALSE
ELEC,Residence Inn,411 SE 123rd,Vancouver,WA,98683,888-222-6618,E,,Public,,2,,,NOODOE,45.618268,-122.545053,2/1/2026,332893,2026-02-01 05:47:31 UTC,public,FALSE,FALSE
ELEC,Westin-Seattle,1900 5th ave,Seattle,WA,98101,888-222-6618,E,,Public,,6,,,NOODOE,47.613691,-122.33813,2/1/2026,332896,2026-02-01 05:47:32 UTC,public,FALSE,FALSE
ELEC,1301 2ND AVE,"1301 Second Ave, Suite 400",Seattle,WA,98101,844-226-3873,E,,Public,,8,2,,ABM,47.607943,-122.338246,2/1/2026,333102,2026-02-01 05:48:37 UTC,public,FALSE,FALSE
ELEC,Town and Country Poulsbo,20148 10th Ave NE,Poulsbo,WA,98370,866-300-3827,E,,Public,,1,8,,EVCS,47.74677,-122.637493,2/1/2026,333237,2026-02-01 05:49:12 UTC,public,FALSE,FALSE
ELEC,WCEH City of Pateros,203 Pateros Mall,Pateros,WA,98846,866-300-3827,E,,Public,,1,3,,EVCS,48.0526964,-119.9021097,2/1/2026,333271,2026-02-01 05:49:20 UTC,public,FALSE,FALSE
ELEC,Puget Sound Plaza Garage,315 Union St.,Seattle,WA,98101,844-226-3873,E,,Public,,4,,,ABM,47.6086916,-122.3358846,2/1/2026,333296,2026-02-01 05:49:27 UTC,public,FALSE,FALSE
ELEC,Financial Center Garage,324 University St,Seattle,WA,98101,844-226-3873,E,,Public,,4,,,ABM,47.6080393,-122.335645,2/1/2026,333297,2026-02-01 05:49:27 UTC,public,FALSE,FALSE
ELEC,1200 Fifth Ave Garage,201 University St,Seattle,WA,98101,844-226-3873,E,,Public,,4,,,ABM,47.607309,-122.3370886,2/1/2026,333298,2026-02-01 05:49:27 UTC,public,FALSE,FALSE
ELEC,WCEH Seattle City Light,500 Newhalem St,Newhalem,WA,98283,866-300-3827,E,,Public,,1,4,,EVCS,48.6734067,-121.2490902,2/1/2026,333299,2026-02-01 05:49:27 UTC,public,FALSE,FALSE
ELEC,City of Port Townsend,2409 Jefferson St,Port Townsend,WA,98368,866-300-3827,E,,Public,,1,8,,EVCS,48.1092092,-122.7728535,2/1/2026,333330,2026-02-01 05:49:34 UTC,public,FALSE,FALSE
ELEC,Ben's Truck Stop - Tesla Supercharger,1300 Boblett St,Blaine,WA,98230,877-798-3752,E,,Public,,,16,,Tesla,48.990896,-122.73452,7/1/2024,333466,2025-05-06 21:07:47 UTC,public,FALSE,FALSE
ELEC,CITY OF REDMOND ISLAND PK WEST,8703 160th Ave NE,Redmond,WA,98052,888-758-4389,E,,Public,,2,,,ChargePoint Network,47.680955,-122.131195,2/1/2026,333505,2026-02-01 03:26:11 UTC,public,FALSE,FALSE
ELEC,CITY OF REDMOND RSCC_WEST,8703 160th Ave NE,Redmond,WA,98052,888-758-4389,E,,Public,,2,,,ChargePoint Network,47.68087,-122.131201,2/1/2026,333506,2026-02-01 03:26:11 UTC,public,FALSE,FALSE
ELEC,CITY OF REDMOND RSCC_EAST,8703 160th Ave NE,Redmond,WA,98052,888-758-4389,E,,Public,,2,,,ChargePoint Network,47.68087,-122.13111,2/1/2026,333507,2026-02-01 03:26:12 UTC,public,FALSE,FALSE
ELEC,CITY OF REDMOND ISLAND PK EAST,8703 160th Ave NE,Redmond,WA,98052,888-758-4389,E,,Public,,2,,,ChargePoint Network,47.680948,-122.131107,2/1/2026,333508,2026-02-01 03:26:12 UTC,public,FALSE,FALSE
ELEC,Yoke's Fresh Market - Deer Park,810 S Main St,Deer Park,WA,99006,866-816-7584,E,,Public,,,2,,EV Connect,47.946289,-117.478181,2/1/2026,333525,2026-02-01 04:56:29 UTC,public,FALSE,FALSE
ELEC,110 S. 10th St.,110th S 10th Street,Tacoma,WA,98444,888-356-8911,E,,Public,,2,,,FLO,47.2542482,-122.4379363,2/1/2026,333647,2026-02-01 05:18:00 UTC,public,FALSE,FALSE
ELEC,Yoke's Fresh Market,810 S Main St,Deer Park,WA,99006,509-276-7775,E,,Public,,2,,,Non-Networked,47.94644287,-117.4771901,5/9/2024,333703,2025-02-12 00:16:32 UTC,public,FALSE,FALSE
ELEC,Elmers Restaurant - Tesla Supercharger,7427 S Hosmer St,Tacoma,WA,98408,877-798-3752,E,,Public,,,12,,Tesla,47.190085,-122.459745,7/1/2024,333707,2025-02-12 00:16:32 UTC,public,FALSE,FALSE
ELEC,Camano Administration Building,121 NE Camano Dr,Camano,WA,98282,949-945-2000,E,,Public,,3,,,EVGATEWAY,48.2148026,-122.4780628,2/1/2026,333903,2026-02-01 06:12:49 UTC,public,FALSE,FALSE
ELEC,Rose II Apartments,7930 Rainier Ave S,Seattle,WA,98118,949-945-2000,E,,Public,,6,,,EVGATEWAY,47.5307998,-122.269531,2/1/2026,333969,2026-02-01 06:12:00 UTC,public,FALSE,FALSE
ELEC,Alta UP,2208 Mildred St W,Tacoma,WA,98466,NA,E,,Public,,12,,,Non-Networked,47.23963,-122.52809,5/9/2024,334124,2025-02-12 00:16:32 UTC,public,FALSE,FALSE
ELEC,Building 123,4200 150th Ave NE,Redmond,WA,98052,NA,E,,Public,,4,,,Non-Networked,47.64745,-122.1393,5/9/2024,334153,2025-02-12 00:16:32 UTC,public,FALSE,FALSE
ELEC,Building 125,4344 150th Ave NE,Redmond,WA,98052,NA,E,,Public,,4,2,,Non-Networked,47.6491,-122.13828,5/9/2024,334160,2025-02-12 00:16:32 UTC,public,FALSE,FALSE
ELEC,Serenity Apartments,444 Carpenter Rd SE,Lacey,WA,98503,949-945-2000,E,,Public,,6,,,EVGATEWAY,47.0466893,-122.7964631,2/1/2026,334162,2026-02-01 06:11:41 UTC,public,FALSE,FALSE
ELEC,Building 83,4480 154th Pl NE,Redmond,WA,98052,NA,E,,Public,,12,,,Non-Networked,47.64902,-122.13332,5/9/2024,334164,2025-02-12 00:16:32 UTC,public,FALSE,FALSE
ELEC,SHA - New Holly - Public,7054 32nd Ave S,Seattle,WA,98118,855-885-9571,E,,Public,,2,,,OpConnect,47.53893,-122.29026,2/1/2026,334343,2026-02-01 04:48:43 UTC,public,FALSE,FALSE
ELEC,UW Northgate,9750 3Rd Ave Ne,Seattle,WA,98115,206-947-5500,E,,Public,,2,,,AMPUP,47.7005705,-122.3249883,5/9/2024,335291,2025-02-12 00:16:32 UTC,public,FALSE,FALSE
ELEC,AmpUp Gig Harbor,5800 Soundview Dr,Gig Harbor,WA,98335,253-342-8091,E,,Public,,2,,,AMPUP,47.3110776,-122.579926,5/9/2024,335322,2025-02-12 00:16:32 UTC,public,FALSE,FALSE
ELEC,SEA1,22135 68Th Ave S,Kent,WA,98032,,E,,Private,,1,,,AMPUP,47.4033894,-122.2530966,5/9/2024,335434,2025-02-12 00:16:32 UTC,private,,FALSE
ELEC,SEA29 SEA29-13,207 Boren Avenue North,Seattle,WA,98109,888-758-4389,E,,Public,,2,,,ChargePoint Network,47.62059,-122.336423,2/1/2026,335663,2026-02-01 03:25:52 UTC,public,FALSE,FALSE
ELEC,SEA29 SEA29-12,207 Boren Avenue North,Seattle,WA,98109,888-758-4389,E,,Public,,2,,,ChargePoint Network,47.620647,-122.336378,2/1/2026,335664,2026-02-01 03:25:52 UTC,public,FALSE,FALSE
ELEC,SEA29 SEA29 - 15,207 Boren Avenue North,Seattle,WA,98109,888-758-4389,E,,Public,,2,,,ChargePoint Network,47.620681,-122.336432,2/1/2026,335665,2026-02-01 03:25:52 UTC,public,FALSE,FALSE
ELEC,SEA29 SEA29-10,207 Boren Avenue North,Seattle,WA,98109,888-758-4389,E,,Public,,2,,,ChargePoint Network,47.620723,-122.336356,2/1/2026,335666,2026-02-01 03:25:52 UTC,public,FALSE,FALSE
ELEC,SEA29 SEA29-11,207 Boren Avenue North,Seattle,WA,98109,888-758-4389,E,,Public,,2,,,ChargePoint Network,47.620727,-122.33641,2/1/2026,335667,2026-02-01 03:25:52 UTC,public,FALSE,FALSE
ELEC,SEA29 SEA29-14,207 Boren Avenue North,Seattle,WA,98109,888-758-4389,E,,Public,,2,,,ChargePoint Network,47.620594,-122.336382,2/1/2026,335668,2026-02-01 03:25:53 UTC,public,FALSE,FALSE
ELEC,VOLVO CAR USA ISSAQUAH DC3,1540 NW Gilman Blvd,Issaquah,WA,98027,888-758-4389,E,,Public,,,1,,ChargePoint Network,47.545879,-122.059876,2/1/2026,341913,2026-02-01 03:27:40 UTC,public,FALSE,FALSE
ELEC,VOLVO CAR USA ISSAQUAH DC4,1540 NW Gilman Blvd,Issaquah,WA,98027,888-758-4389,E,,Public,,,1,,ChargePoint Network,47.545883,-122.059922,2/1/2026,341914,2026-02-01 03:27:40 UTC,public,FALSE,FALSE
ELEC,VOLVO CAR USA ISSAQUAH DC1,1460 NW Gilman Blvd,Issaquah,WA,98027,888-758-4389,E,,Public,,,1,,ChargePoint Network,47.545838,-122.059705,2/1/2026,346022,2026-02-01 03:27:39 UTC,public,FALSE,FALSE
ELEC,VOLVO CAR USA ISSAQUAH DC2,1540 NW Gilman Blvd,Issaquah,WA,98027,888-758-4389,E,,Public,,,1,,ChargePoint Network,47.545837,-122.059734,2/1/2026,346023,2026-02-01 03:27:40 UTC,public,FALSE,FALSE
ELEC,Canopy Apartments - Pay to charge,18815 Aurora Ave N,Shoreline,WA,98133,855-885-9571,E,,Public,,4,,,OpConnect,47.7654199,-122.3466235,2/1/2026,346041,2026-02-01 04:48:44 UTC,public,FALSE,FALSE
ELEC,Tilden Apts,3200 Willamette Drive Northeast,Lacey,WA,98516,888-998-2546,E,,Public,,4,,,Blink Network,47.07924424,-122.7508668,2/1/2026,346054,2026-02-01 00:46:53 UTC,public,FALSE,FALSE
ELEC,3400 Stone LLC,3400 Stone Way North,Seattle,WA,98103,888-998-2546,E,,Public,,4,,,Blink Network,47.648715,-122.342289,2/1/2026,346055,2026-02-01 00:23:14 UTC,public,FALSE,FALSE
ELEC,Port Orchard,1900 MULLENIX ROAD,PORT ORCHARD,WA,98367,855-900-7584,E,,Public,,,4,,SHELL_RECHARGE,47.468408,-122.626116,2/1/2026,346174,2026-02-01 04:36:27 UTC,public,FALSE,FALSE
ELEC,LITHIACJDR STATION 3,10701 N Newport Hwy,Spokane,WA,99218,888-758-4389,E,,Public,,,1,,ChargePoint Network,47.75524,-117.397609,2/1/2026,346420,2026-02-01 03:28:28 UTC,public,FALSE,FALSE
ELEC,MGMT GRP 10 WEST,7960 West 10th Avenue,Kennewick,WA,99336,888-758-4389,E,,Public,,2,,,ChargePoint Network,46.200106,-119.224826,2/1/2026,346495,2026-02-01 03:27:48 UTC,public,FALSE,FALSE
ELEC,ENUM-WASH-LOT 2-NON-ADA,1002 Washington Avenue,Enumclaw,WA,98022,888-758-4389,E,,Public,,2,,,ChargePoint Network,47.204738,-121.986183,2/1/2026,346865,2026-02-01 03:28:59 UTC,public,FALSE,FALSE
ELEC,ENUM-WASH-LOT WASH-LOT-ADA,1002 Washington Avenue,Enumclaw,WA,98022,888-758-4389,E,,Public,,2,,,ChargePoint Network,47.204703,-121.986153,2/1/2026,346873,2026-02-01 03:29:06 UTC,public,FALSE,FALSE
ELEC,SOPER C STORE,8805 Soper Hill Road,Marysville,WA,98270,888-998-2546,E,,Public,,6,,,Blink Network,48.02211372,-122.111988,2/1/2026,346926,2026-02-01 00:54:24 UTC,public,FALSE,FALSE
ELEC,EVROADWAY WA-N-COL-L2-1,9600 College Way N,Seattle,WA,98103,888-758-4389,E,,Public,,2,,,ChargePoint Network,47.699319,-122.334622,2/1/2026,347491,2026-02-01 03:30:04 UTC,public,FALSE,FALSE
ELEC,EVROADWAY WA-N-COL-L2-2,9600 College Way N,Seattle,WA,98103,888-758-4389,E,,Public,,2,,,ChargePoint Network,47.699368,-122.334617,2/1/2026,347492,2026-02-01 03:30:04 UTC,public,FALSE,FALSE
ELEC,4TH & FRANKLIN CAMAS EAST,625 Northeast 4th Avenue,Camas,WA,98607,888-758-4389,E,,Public,,1,,,ChargePoint Network,45.587255,-122.401791,2/1/2026,347538,2026-02-01 03:21:42 UTC,public,FALSE,FALSE
ELEC,Bob's Burgers & Brews - Tesla Supercharger,9394  Old Highway 99 North,Burlington,WA,98233,877-798-3752,E,,Public,,,12,,Tesla,48.509422,-122.337786,7/1/2024,347648,2025-02-12 00:16:32 UTC,public,FALSE,FALSE
ELEC,West Valley School,8901 E Trent Ave,Millwood,WA,99212,,E,,Public,,2,,,Non-Networked,47.68241258,-117.2841902,7/11/2024,347656,2025-02-12 00:16:32 UTC,public,FALSE,FALSE
ELEC,YNLCH YNLCH,580 Fort Road,Toppenish,WA,98948,888-758-4389,E,,Public,,2,,,ChargePoint Network,46.373754,-120.339208,2/1/2026,347733,2026-02-01 02:45:19 UTC,public,FALSE,FALSE
ELEC,BELLINGHAM CITY SUNSET POND 1,3400 James Street,Bellingham,WA,98226,888-758-4389,E,,Public,,2,,,ChargePoint Network,48.776536,-122.464138,2/1/2026,347782,2026-02-01 03:29:04 UTC,public,FALSE,FALSE
ELEC,AMZ SEA43 - 21,2250 7th Ave,Seattle,WA,98121,888-758-4389,E,,Public,,2,,,ChargePoint Network,47.617233,-122.340515,2/1/2026,347793,2026-02-01 03:29:31 UTC,public,FALSE,FALSE
ELEC,AMZ SEA43 - 22,2250 7th Ave,Seattle,WA,98121,888-758-4389,E,,Public,,2,,,ChargePoint Network,47.61739,-122.340317,2/1/2026,347794,2026-02-01 03:29:32 UTC,public,FALSE,FALSE
ELEC,AMZ SEA43 - 20,2250 7th Ave,Seattle,WA,98121,888-758-4389,E,,Public,,2,,,ChargePoint Network,47.617339,-122.340254,2/1/2026,347795,2026-02-01 03:29:32 UTC,public,FALSE,FALSE
ELEC,AMZ SEA43 - 23,2250 7th Ave,Seattle,WA,98121,888-758-4389,E,,Public,,2,,,ChargePoint Network,47.617271,-122.340472,2/1/2026,347796,2026-02-01 03:29:32 UTC,public,FALSE,FALSE
ELEC,AMZ SEA43 - 25,2250 7th Ave,Seattle,WA,98121,888-758-4389,E,,Public,,2,,,ChargePoint Network,47.617423,-122.34026,2/1/2026,347797,2026-02-01 03:29:32 UTC,public,FALSE,FALSE
ELEC,AMZ SEA43 - 24,2250 7th Ave,Seattle,WA,98121,888-758-4389,E,,Public,,2,,,ChargePoint Network,47.617368,-122.34021,2/1/2026,347798,2026-02-01 03:29:32 UTC,public,FALSE,FALSE
ELEC,AMZ SEA43 - 26,2250 7th Ave,Seattle,WA,98121,888-758-4389,E,,Public,,2,,,ChargePoint Network,47.617022,-122.339827,2/1/2026,347799,2026-02-01 03:29:33 UTC,public,FALSE,FALSE
ELEC,AMZ SEA43 - 27,2250 7th Ave,Seattle,WA,98121,888-758-4389,E,,Public,,2,,,ChargePoint Network,47.617321,-122.340248,2/1/2026,347800,2026-02-01 03:29:33 UTC,public,FALSE,FALSE
ELEC,AMZ SEA43 - 28,2217 8th Ave,Seattle,WA,98121,888-758-4389,E,,Public,,2,,,ChargePoint Network,47.61734,-122.340255,2/1/2026,347801,2026-02-01 03:29:33 UTC,public,FALSE,FALSE
ELEC,Shoreline YMCA,19290 Aurora Ave N,Shoreline,WA,98133,855-885-9571,P,6/14/2024,PLANNED - not yet accessible (Public),,2,,,OpConnect,47.7692651,-122.3451881,2/1/2026,347892,2026-02-01 04:48:45 UTC,public,FALSE,FALSE
ELEC,Skamania Lodge,1131 SW Skamania Lodge Way,Stevenson,WA,98648,888-356-8911,E,,Public,,8,,,FLO,45.685433,-121.905968,2/1/2026,347916,2026-02-01 05:18:07 UTC,public,FALSE,FALSE
ELEC,"ARCO, NE Andresen Rd, Vancouver, WA",1800 NE Andresen Rd,Vancouver,WA,98661,833-277-8573,T,1/28/2026,TEMPORARILY UNAVAILABLE (Public),,,4,,BP_PULSE,45.637195,-122.600463,2/1/2026,347939,2026-02-01 05:43:41 UTC,public,FALSE,FALSE
ELEC,CITY LIGHT L QUEEN ANNE 3,562 Valley St,Seattle,WA,98109,888-758-4389,E,,Public,,1,,,ChargePoint Network,47.626421,-122.345544,2/1/2026,348000,2026-02-01 03:58:10 UTC,public,FALSE,FALSE
ELEC,CITY LIGHT W QUEEN ANNE 1,550 West Olympic Place,Seattle,WA,98119,888-758-4389,E,,Public,,1,,,ChargePoint Network,47.627044,-122.364335,2/1/2026,348001,2026-02-01 03:52:32 UTC,public,FALSE,FALSE
ELEC,CITY LIGHT MADISON PARK 2,4022 E McGilvra St,Seattle,WA,98112,888-758-4389,E,,Public,,1,,,ChargePoint Network,47.640836,-122.280279,2/1/2026,348002,2026-02-01 03:58:43 UTC,public,FALSE,FALSE
ELEC,CITY LIGHT STEVENS 1,1724 15th Avenue,Seattle,WA,98122,888-758-4389,E,,Public,,1,,,ChargePoint Network,47.617213,-122.312696,2/1/2026,348003,2026-02-01 03:56:14 UTC,public,FALSE,FALSE
ELEC,CITY LIGHT RIVERVIEW 1,5995 16th Ave SW,Seattle,WA,98106,888-758-4389,E,,Public,,1,,,ChargePoint Network,47.547956,-122.354988,2/1/2026,348004,2026-02-01 03:51:59 UTC,public,FALSE,FALSE
ELEC,CITY LIGHT WEST SEATTLE 5,4834 Fauntleroy Wy SW,Seattle,WA,98116,888-758-4389,E,,Public,,1,,,ChargePoint Network,47.558211,-122.381237,2/1/2026,348005,2026-02-01 03:56:17 UTC,public,FALSE,FALSE
ELEC,CITY LIGHT N BEACON HILL 5,1753 South Forest Street,Seattle,WA,98144,888-758-4389,E,,Public,,1,,,ChargePoint Network,47.577702,-122.309238,2/1/2026,348006,2026-02-01 03:58:30 UTC,public,FALSE,FALSE
ELEC,CITY LIGHT COLUMBIA CITY 1,4707 35th Avenue South,Seattle,WA,98118,888-758-4389,E,,Public,,1,,,ChargePoint Network,47.560561,-122.288911,2/1/2026,348007,2026-02-01 03:58:25 UTC,public,FALSE,FALSE
ELEC,Belle Harbour,2168 116th Avenue Northeast,Bellevue,WA,98004,888-998-2546,E,,Public,,5,,,Blink Network,47.63051299,-122.185149,2/1/2026,348157,2026-02-01 00:12:51 UTC,public,FALSE,FALSE
ELEC,Pacific Energy Concept,210 W 3rd St,Vancouver,WA,98660,888-385-6671,E,,Public - Credit card at all times,,2,,,LOOP,45.62363,-122.67335,1/13/2026,348750,2026-01-13 01:16:14 UTC,public,FALSE,FALSE
ELEC,YNLCH YNLCH 2,580 Fort Road,Toppenish,WA,98948,888-758-4389,E,,Public,,2,,,ChargePoint Network,46.373778,-120.339185,2/1/2026,348916,2026-02-01 02:45:19 UTC,public,FALSE,FALSE
ELEC,BELLINGHAM CITY DEPOT MARKET 2,1100 Railroad Ave,Bellingham,WA,98225,888-758-4389,E,,Public,,2,,,ChargePoint Network,48.747721,-122.480014,2/1/2026,349015,2026-02-01 03:30:40 UTC,public,FALSE,FALSE
ELEC,BELLINGHAM CITY HARRIS 2,610 Harris Ave,Bellingham,WA,98225,888-758-4389,E,,Public,,2,,,ChargePoint Network,48.720103,-122.507869,2/1/2026,349016,2026-02-01 03:30:40 UTC,public,FALSE,FALSE
ELEC,HASCO STATION 01,12711 4th Ave W,Everett,WA,98204,888-758-4389,E,,Public,,2,,,ChargePoint Network,47.88393,-122.236266,2/1/2026,349114,2026-02-01 01:39:32 UTC,public,FALSE,FALSE
ELEC,FARWELLNORTH B-EAST,102 East Farwell Road,Spokane,WA,99218,888-758-4389,E,,Public,,1,,,ChargePoint Network,47.772573,-117.407798,2/1/2026,349134,2026-02-01 03:31:30 UTC,public,FALSE,FALSE
ELEC,FARWELLNORTH A-EAST,102 East Farwell Road,Spokane,WA,99218,888-758-4389,E,,Public,,1,,,ChargePoint Network,47.772644,-117.408384,2/1/2026,349135,2026-02-01 03:31:30 UTC,public,FALSE,FALSE
ELEC,FARWELLNORTH B-WEST-1,111 East Donna Court,Spokane,WA,99218,888-758-4389,E,,Public,,1,,,ChargePoint Network,47.772588,-117.407756,2/1/2026,349182,2026-02-01 03:31:06 UTC,public,FALSE,FALSE
ELEC,FARWELLNORTH CEAST,12723 N Mayfair Rd,Spokane,WA,99218,888-758-4389,E,,Public,,1,,,ChargePoint Network,47.772549,-117.407441,2/1/2026,349183,2026-02-01 03:31:20 UTC,public,FALSE,FALSE
ELEC,FARWELLNORTH A-WEST-1,102 E Farwell Rd,Spokane,WA,99218,888-758-4389,E,,Public,,1,,,ChargePoint Network,47.772736,-117.408459,2/1/2026,349184,2026-02-01 03:31:21 UTC,public,FALSE,FALSE
ELEC,FARWELLNORTH C-WEST,102 East Farwell Road,Spokane,WA,99218,888-758-4389,E,,Public,,1,,,ChargePoint Network,47.772553,-117.40731,2/1/2026,349186,2026-02-01 03:31:30 UTC,public,FALSE,FALSE
ELEC,Weatherford Apartments,1321 East John Street,Seattle,WA,98102,888-998-2546,E,,Public,,2,,,Blink Network,47.61997513,-122.3146765,2/1/2026,349850,2026-02-01 00:38:23 UTC,public,FALSE,FALSE
ELEC,Moran Prarie Library,6004 S Regal St,Spokane,WA,99223,,E,,Public,,2,,,Non-Networked,47.59992896,-117.3692093,8/15/2024,350464,2025-02-12 00:16:32 UTC,public,FALSE,FALSE
ELEC,Riverside State Park Ranger Station,9711 W Charles Rd,Nine Mile Falls,WA,99026,509-465-5064,E,,Public,,2,,,Non-Networked,47.77628778,-117.5470278,8/15/2024,350466,2025-02-12 00:16:32 UTC,public,FALSE,FALSE
ELEC,Wildland Co-op,8022 E Greenbluff Rd,Colbert,WA,99005,509-998-9967,E,,Public,,1,,,Non-Networked,47.82338711,-117.2974777,8/15/2024,350467,2025-02-12 00:16:32 UTC,public,FALSE,FALSE
ELEC,WSU Visitor Center,150 E Spring St,Pullman,WA,99163,866-816-7584,E,,Public,,,4,,EV Connect,46.729828,-117.17454,2/1/2026,350553,2026-02-01 04:56:38 UTC,public,FALSE,FALSE
ELEC,SUBARU PUYALLUP LEVEL 3 CHARGER,720 River Rd,Puyallup,WA,98371,888-758-4389,E,,Public,,,1,,ChargePoint Network,47.200288,-122.302864,2/1/2026,350620,2026-02-01 03:29:39 UTC,public,FALSE,FALSE
ELEC,BELLINGHAM CITY MILL 2,1011 Mill Ave,Bellingham,WA,98225,888-758-4389,E,,Public,,2,,,ChargePoint Network,48.720867,-122.504317,2/1/2026,350632,2026-02-01 03:32:03 UTC,public,FALSE,FALSE
ELEC,Chevrolet of Everett,7301 Everegreen Way,Everett,WA,98203,866-816-7584,E,,Public,,1,2,,EV Connect,47.931604,-122.219555,2/1/2026,350721,2026-02-01 04:56:30 UTC,public,FALSE,FALSE
ELEC,2409 AutoNation Acura Spokane Valley,8325 E Sprague Ave.,Spokane Valley,WA,99212,888-998-2546,E,,Public,,5,6,,Blink Network,47.65730853,-117.291944,2/1/2026,350806,2026-02-01 00:33:00 UTC,public,FALSE,FALSE
ELEC,Talking Cedar Restaurant - Tesla Supercharger,19770 Sargent Rd SW,Rochester,WA,98579,877-798-3752,E,,Public,,,12,,Tesla,46.801303,-123.015145,8/15/2024,351247,2025-02-12 00:16:32 UTC,public,FALSE,FALSE
ELEC,Harbor CDJR,711 E Wishkah ST,Aberdeen,WA,98520,313-262-6722,E,,Public,,2,4,,RED_E,46.97638833,-123.8097208,2/1/2026,351317,2026-02-01 06:47:50 UTC,public,FALSE,FALSE
ELEC,Bellingham Ford WA,1820 James St,Bellingham,WA,98225,313-262-6722,E,,Public,,,2,,RED_E,48.75394,-122.46389,2/1/2026,351318,2026-02-01 06:48:52 UTC,public,FALSE,FALSE
ELEC,NCU CT ST CT4K 1,6281 N Maple St,Spokane,WA,99205,888-758-4389,E,,Public,,2,,,ChargePoint Network,47.714998,-117.435898,2/1/2026,351328,2026-02-01 03:25:27 UTC,public,FALSE,FALSE
ELEC,SUBARU PUYALLUP SHOP - JM BAY,720 River Rd,Puyallup,WA,98371,888-758-4389,E,,Public,,1,,,ChargePoint Network,47.20022,-122.302876,2/1/2026,351633,2026-02-01 02:37:08 UTC,public,FALSE,FALSE
ELEC,SUBARU PUYALLUP OUTSIDE OF SHOP,720 River Rd,Puyallup,WA,98371,888-758-4389,E,,Public,,1,,,ChargePoint Network,47.200286,-122.302854,2/1/2026,351634,2026-02-01 02:37:19 UTC,public,FALSE,FALSE
ELEC,SUBARU PUYALLUP SHOP - JO BAY,720 River Rd,Puyallup,WA,98371,888-758-4389,E,,Public,,1,,,ChargePoint Network,47.200264,-122.302865,2/1/2026,351635,2026-02-01 02:37:19 UTC,public,FALSE,FALSE
ELEC,B-25 B-25,2801 1st Avenue,Seattle,WA,98121,888-758-4389,E,,Public,,1,,,ChargePoint Network,47.616311,-122.352152,2/1/2026,351752,2026-02-01 03:33:55 UTC,public,FALSE,FALSE
ELEC,BELLINGHAM CITY POST POINT 1,200 McKenzie Ave,Bellingham,WA,98225,888-758-4389,E,,Public,,2,,,ChargePoint Network,48.71889,-122.514222,2/1/2026,351916,2026-02-01 03:33:54 UTC,public,FALSE,FALSE
ELEC,Vincino Apartments (ADA Stall),1955 129th Avenue Northeast,Bellevue,WA,98005,888-998-2546,E,,Public,,1,,,Blink Network,47.62784124,-122.1685885,2/1/2026,352096,2026-02-01 00:29:36 UTC,public,FALSE,FALSE
ELEC,Primrose Plaza II,512 South 1st Street,Selah,WA,98942,888-998-2546,E,,Public,,2,,,Blink Network,46.64480516,-120.531551,2/1/2026,352188,2026-02-01 00:46:15 UTC,public,FALSE,FALSE
ELEC,AMZ SEA42 - 23,2121 8th Ave,Seattle,WA,98121,888-758-4389,E,,Public,,2,,,ChargePoint Network,47.616681,-122.338849,2/1/2026,352259,2026-02-01 03:22:05 UTC,public,FALSE,FALSE
ELEC,AMZ SEA20-22 007,440 Terry Avenue North,Seattle,WA,98109,888-758-4389,E,,Public,,2,,,ChargePoint Network,47.622845,-122.336749,2/1/2026,352271,2026-02-01 03:33:14 UTC,public,FALSE,FALSE
ELEC,AMZ SEA20-22 008,440 Terry Ave N,Seattle,WA,98109,888-758-4389,E,,Public,,2,,,ChargePoint Network,47.622852,-122.336726,2/1/2026,352272,2026-02-01 03:33:14 UTC,public,FALSE,FALSE
ELEC,AMZ SEA20-22 006,440 Terry Avenue North,Seattle,WA,98109,888-758-4389,E,,Public,,2,,,ChargePoint Network,47.622842,-122.336819,2/1/2026,352273,2026-02-01 03:33:15 UTC,public,FALSE,FALSE
ELEC,AMZ SEA20-22 009,440 Terry Ave N,Seattle,WA,98109,888-758-4389,E,,Public,,2,,,ChargePoint Network,47.622837,-122.336739,2/1/2026,352274,2026-02-01 03:33:15 UTC,public,FALSE,FALSE
ELEC,AMZ SEA20-22 010,440 Terry Ave N,Seattle,WA,98109,888-758-4389,E,,Public,,2,,,ChargePoint Network,47.622852,-122.336741,2/1/2026,352275,2026-02-01 03:33:15 UTC,public,FALSE,FALSE
ELEC,AMZ SEA20-22 011,440 Terry Ave N,Seattle,WA,98109,888-758-4389,E,,Public,,2,,,ChargePoint Network,47.622852,-122.336739,2/1/2026,352276,2026-02-01 03:33:15 UTC,public,FALSE,FALSE
ELEC,AMZ SEA20-22 012,440 Terry Ave N,Seattle,WA,98109,888-758-4389,E,,Public,,2,,,ChargePoint Network,47.622866,-122.336696,2/1/2026,352277,2026-02-01 03:33:15 UTC,public,FALSE,FALSE
ELEC,AMZ SEA20-22 015,440 Terry Ave N,Seattle,WA,98109,888-758-4389,E,,Public,,1,,,ChargePoint Network,47.622846,-122.336704,2/1/2026,352278,2026-02-01 03:33:16 UTC,public,FALSE,FALSE
ELEC,AMZ SEA20-22 014,440 Terry Ave N,Seattle,WA,98109,888-758-4389,E,,Public,,2,,,ChargePoint Network,47.62399,-122.337152,2/1/2026,352279,2026-02-01 03:33:16 UTC,public,FALSE,FALSE
ELEC,AMZ SEA20-22 013,440 Terry Ave N,Seattle,WA,98109,888-758-4389,E,,Public,,2,,,ChargePoint Network,47.622744,-122.33662,2/1/2026,352280,2026-02-01 03:33:16 UTC,public,FALSE,FALSE
ELEC,Kaiser Permanente Puyallup Medical Center,1007 39th Ave SE,Puyallup,WA,98374,833-479-7359,E,,Public,,9,,,POWERFLEX,47.15536075,-122.2806456,9/12/2024,352349,2025-02-12 00:16:32 UTC,public,FALSE,FALSE
ELEC,Kaiser Permanente Renton Medical Center,2921 Naches Ave SW,Renton,WA,98057,833-479-7359,E,,Public,,4,,,POWERFLEX,47.45529974,-122.23893,9/12/2024,352350,2025-02-12 00:16:32 UTC,public,FALSE,FALSE
ELEC,Kaiser Permanente Renton Medical Center,2715 Naches Ave SW,Renton,WA,98057,833-479-7359,E,,Public,,4,,,POWERFLEX,47.45636784,-122.2389598,9/12/2024,352351,2025-02-12 00:16:32 UTC,public,FALSE,FALSE
ELEC,CITY OF LACEY RAC1,8345 Steilacoom Road Southeast,Lacey,WA,98513,888-758-4389,E,,Public,,,1,,ChargePoint Network,47.046383,-122.763027,2/1/2026,352460,2026-02-01 03:33:33 UTC,public,FALSE,FALSE
ELEC,Twisp Works,502 S Glover St,Twisp,WA,98856,866-300-3827,E,,Public,,1,2,,EVCS,48.3617433,-120.1201649,2/1/2026,352607,2026-02-01 05:50:02 UTC,public,FALSE,FALSE
ELEC,GOOGLE WA-KU-05,425 Urban Plaza Way Suite 260,Kirkland,WA,98033,888-758-4389,E,,Public,,2,,,ChargePoint Network,47.6779,-122.19888,2/1/2026,352642,2026-02-01 01:39:35 UTC,public,FALSE,FALSE
ELEC,GOOGLE WA-KU-04,425 Urban Plaza Way Suite 260,Kirkland,WA,98033,888-758-4389,E,,Public,,2,,,ChargePoint Network,47.678168,-122.19951,2/1/2026,352643,2026-02-01 01:39:36 UTC,public,FALSE,FALSE
ELEC,GOOGLE WA-KU-03,425 Urban Plaza Way Suite 260,Kirkland,WA,98033,888-758-4389,E,,Public,,2,,,ChargePoint Network,47.677901,-122.198886,2/1/2026,352644,2026-02-01 01:39:36 UTC,public,FALSE,FALSE
ELEC,GOOGLE WA-KU-02,425 Urban Plaza Way Suite 260,Kirkland,WA,98033,888-758-4389,E,,Public,,2,,,ChargePoint Network,47.677911,-122.19888,2/1/2026,352645,2026-02-01 01:39:36 UTC,public,FALSE,FALSE
ELEC,GOOGLE WA-KU-01,425 Urban Plaza Way Suite 260,Kirkland,WA,98033,888-758-4389,E,,Public,,2,,,ChargePoint Network,47.67823,-122.19945,2/1/2026,352646,2026-02-01 01:39:36 UTC,public,FALSE,FALSE
ELEC,SEA29 SEA29 - 16,207 Boren Avenue North,Seattle,WA,98109,888-758-4389,E,,Public,,2,,,ChargePoint Network,47.620432,-122.336283,2/1/2026,352673,2026-02-01 03:34:48 UTC,public,FALSE,FALSE
ELEC,SEA29 SEA29 - 17,207 Boren Avenue North,Seattle,WA,98109,888-758-4389,E,,Public,,2,,,ChargePoint Network,47.620424,-122.336299,2/1/2026,352674,2026-02-01 03:34:48 UTC,public,FALSE,FALSE
ELEC,CON PL P2,2125 1st Ave,Seattle,WA,98121,888-758-4389,E,,Public,,1,,,ChargePoint Network,47.612201,-122.345015,2/1/2026,352722,2026-02-01 03:33:40 UTC,public,FALSE,FALSE
ELEC,AMZ SEA27.28 - 16,345 Boren Avenue North,Seattle,WA,98109,888-758-4389,E,,Public,,2,,,ChargePoint Network,47.621533,-122.336347,2/1/2026,352725,2026-02-01 03:34:37 UTC,public,FALSE,FALSE
ELEC,AMZ SEA27.28 - 17,351 Boren Ave N,Seattle,WA,98109,888-758-4389,E,,Public,,2,,,ChargePoint Network,47.621552,-122.336279,2/1/2026,352726,2026-02-01 03:34:38 UTC,public,FALSE,FALSE
ELEC,AMZ SEA27.28 - 18,345 Boren Avenue North,Seattle,WA,98109,888-758-4389,E,,Public,,2,,,ChargePoint Network,47.621546,-122.336345,2/1/2026,352999,2026-02-01 03:34:38 UTC,public,FALSE,FALSE
ELEC,AMZ SEA27.28 - 19,345 Boren Avenue North,Seattle,WA,98109,888-758-4389,E,,Public,,2,,,ChargePoint Network,47.621539,-122.336329,2/1/2026,353000,2026-02-01 03:34:38 UTC,public,FALSE,FALSE
ELEC,AMZ SEA27.28 - 20,345 Boren Avenue North,Seattle,WA,98109,888-758-4389,E,,Public,,2,,,ChargePoint Network,47.62155,-122.336344,2/1/2026,353001,2026-02-01 03:34:38 UTC,public,FALSE,FALSE
ELEC,Martin Luther King Community Center,500 S. Stone St,Spokane,WA,99202,866-816-7584,E,,Public,,,2,,EV Connect,47.651327,-117.377741,2/1/2026,353036,2026-02-01 04:56:47 UTC,public,FALSE,FALSE
ELEC,CITY LIGHT GREEN LAKE 1,407 NE Maple Leaf Pl,Seattle,WA,98115,888-758-4389,E,,Public,,1,,,ChargePoint Network,47.681441,-122.324648,2/1/2026,353094,2026-02-01 03:58:27 UTC,public,FALSE,FALSE
ELEC,SHOP 1 PARKING LOT,11409 Hwy 99,Everett,WA,98204,888-758-4389,E,,Public,,2,,,ChargePoint Network,47.893871,-122.253147,2/1/2026,353165,2026-02-01 03:35:23 UTC,public,FALSE,FALSE
ELEC,WCEH Sultan - Chevron,"33902 US-2, Sultan, WA 98294",Sultan,WA,98294,866-300-3827,E,,Public,,,1,,EVCS,47.8675922,-121.7770359,2/1/2026,353431,2026-02-01 05:50:05 UTC,public,FALSE,FALSE
ELEC,SIA LOT C 1,8967 W Airport Dr,Spokane,WA,99224,888-758-4389,E,,Public,,2,,,ChargePoint Network,47.62529,-117.542177,2/1/2026,353449,2026-02-01 03:29:59 UTC,public,FALSE,FALSE
ELEC,SIA LOT C 2,9000 W Arpt Dr,Spokane,WA,99224,888-758-4389,E,,Public,,2,,,ChargePoint Network,47.621112,-117.550248,2/1/2026,353450,2026-02-01 03:29:59 UTC,public,FALSE,FALSE
ELEC,SIA LOT C 3,9000 W Airport Dr,Spokane,WA,99224,888-758-4389,E,,Public,,2,,,ChargePoint Network,47.624993,-117.537201,2/1/2026,353451,2026-02-01 03:29:59 UTC,public,FALSE,FALSE
ELEC,CITY LIGHT SHORELINE 2,15505 Westminster Way N,Shoreline,WA,98133,888-758-4389,E,,Public,,,1,,ChargePoint Network,47.742599,-122.350194,2/1/2026,353509,2026-02-01 02:35:55 UTC,public,FALSE,FALSE
ELEC,CITY LIGHT SHORELINE 4,15505 Westminster Way N,Shoreline,WA,98133,888-758-4389,E,,Public,,,1,,ChargePoint Network,47.742685,-122.349223,2/1/2026,353541,2026-02-01 03:35:40 UTC,public,FALSE,FALSE
ELEC,CITY LIGHT SHORELINE 1,15505 Westminster Way N,Shoreline,WA,98133,888-758-4389,E,,Public,,,1,,ChargePoint Network,47.742615,-122.350315,2/1/2026,353542,2026-02-01 03:35:41 UTC,public,FALSE,FALSE
ELEC,CITY LIGHT SHORELINE 3,15505 Westminster Way N,Shoreline,WA,98133,888-758-4389,E,,Public,,,1,,ChargePoint Network,47.742601,-122.350479,2/1/2026,353546,2026-02-01 03:35:42 UTC,public,FALSE,FALSE
ELEC,Shoreline Marketplace - Tesla Supercharger,1201 N 175th St,Shoreline,WA,98133,877-798-3752,E,,Public,,,12,,Tesla,47.755773,-122.34374,9/12/2024,353791,2025-05-06 21:07:47 UTC,public,FALSE,FALSE
ELEC,REI - Tesla Supercharger,2221 S 40th St,Tacoma,WA,98409,877-798-3752,E,,Public,,,12,,Tesla,47.221444,-122.465796,9/12/2024,353794,2025-05-06 21:07:47 UTC,public,FALSE,FALSE
ELEC,AMZ SEA27.28 - 22,345 Boren Ave N,Seattle,WA,98109,888-758-4389,E,,Public,,2,,,ChargePoint Network,47.621538,-122.337002,2/1/2026,354038,2026-02-01 03:34:49 UTC,public,FALSE,FALSE
ELEC,SEA41 SEA41 - 27,2121 7th Ave,Seattle,WA,98121,888-758-4389,E,,Public,,2,,,ChargePoint Network,47.616081,-122.339874,2/1/2026,354324,2026-02-01 03:35:02 UTC,public,FALSE,FALSE
ELEC,SEA41 SEA41 - 28,2121 7th Ave,Seattle,WA,98121,888-758-4389,E,,Public,,2,,,ChargePoint Network,47.616105,-122.339962,2/1/2026,354325,2026-02-01 03:35:02 UTC,public,FALSE,FALSE
ELEC,SEA41 SEA41 - 29,2121 7th Ave,Seattle,WA,98121,888-758-4389,E,,Public,,2,,,ChargePoint Network,47.615845,-122.340195,2/1/2026,354326,2026-02-01 03:35:02 UTC,public,FALSE,FALSE
ELEC,SEA41 SEA41 - 26,2121 7th Ave,Seattle,WA,98121,888-758-4389,E,,Public,,2,,,ChargePoint Network,47.615857,-122.340172,2/1/2026,354327,2026-02-01 03:35:03 UTC,public,FALSE,FALSE
ELEC,SEA41 SEA41 - 25,2121 7th Ave,Seattle,WA,98121,888-758-4389,E,,Public,,2,,,ChargePoint Network,47.615824,-122.340175,2/1/2026,354328,2026-02-01 03:35:03 UTC,public,FALSE,FALSE
ELEC,SEA41 SEA41 - 33,2121 7th Ave,Seattle,WA,98121,888-758-4389,E,,Public,,2,,,ChargePoint Network,47.616138,-122.34008,2/1/2026,354329,2026-02-01 03:35:03 UTC,public,FALSE,FALSE
ELEC,SEA41 SEA41 - 34,2121 7th Ave,Seattle,WA,98121,888-758-4389,E,,Public,,2,,,ChargePoint Network,47.61603,-122.340176,2/1/2026,354330,2026-02-01 03:35:03 UTC,public,FALSE,FALSE
ELEC,SEA41 SEA41 - 35,2121 7th Ave,Seattle,WA,98121,888-758-4389,E,,Public,,2,,,ChargePoint Network,47.615827,-122.340219,2/1/2026,354331,2026-02-01 03:35:04 UTC,public,FALSE,FALSE
ELEC,SEA41 SEA41 - 38,2111 7th Ave,Seattle,WA,98101,888-758-4389,E,,Public,,2,,,ChargePoint Network,47.61614,-122.339887,2/1/2026,354332,2026-02-01 03:35:04 UTC,public,FALSE,FALSE
ELEC,SEA41 SEA41 - 40,2121 7th Ave,Seattle,WA,98121,888-758-4389,E,,Public,,2,,,ChargePoint Network,47.615979,-122.340345,2/1/2026,354333,2026-02-01 03:35:04 UTC,public,FALSE,FALSE
ELEC,SEA41 SEA41 - 44,2121 7th Ave,Seattle,WA,98121,888-758-4389,E,,Public,,2,,,ChargePoint Network,47.6161,-122.339909,2/1/2026,354334,2026-02-01 03:35:04 UTC,public,FALSE,FALSE
ELEC,SEA41 SEA41 - 31,2121 7th Ave,Seattle,WA,98121,888-758-4389,E,,Public,,2,,,ChargePoint Network,47.616104,-122.339857,2/1/2026,354335,2026-02-01 03:35:10 UTC,public,FALSE,FALSE
ELEC,SEA41 SEA41 - 30,2121 7th Ave,Seattle,WA,98121,888-758-4389,E,,Public,,2,,,ChargePoint Network,47.616108,-122.339884,2/1/2026,354336,2026-02-01 03:35:10 UTC,public,FALSE,FALSE
ELEC,SEA41 SEA41 - 32,2121 7th Ave,Seattle,WA,98121,888-758-4389,E,,Public,,2,,,ChargePoint Network,47.616198,-122.340016,2/1/2026,354337,2026-02-01 03:35:10 UTC,public,FALSE,FALSE
ELEC,SEA41 SEA41 - 36,2121 7th Ave,Seattle,WA,98121,888-758-4389,E,,Public,,2,,,ChargePoint Network,47.616115,-122.339868,2/1/2026,354338,2026-02-01 03:35:10 UTC,public,FALSE,FALSE
ELEC,SEA41 SEA41 - 41,2121 7th Ave,Seattle,WA,98121,888-758-4389,E,,Public,,2,,,ChargePoint Network,47.615946,-122.340205,2/1/2026,354339,2026-02-01 03:35:10 UTC,public,FALSE,FALSE
ELEC,SEA41 SEA41 - 39,2121 7th Ave,Seattle,WA,98121,888-758-4389,E,,Public,,2,,,ChargePoint Network,47.615958,-122.340307,2/1/2026,354340,2026-02-01 03:35:11 UTC,public,FALSE,FALSE
ELEC,SEA41 SEA41 - 42,2121 7th Ave,Seattle,WA,98121,888-758-4389,E,,Public,,2,,,ChargePoint Network,47.616179,-122.339974,2/1/2026,354341,2026-02-01 03:35:11 UTC,public,FALSE,FALSE
ELEC,SEA41 SEA41 - 43,2121 7th Ave,Seattle,WA,98121,888-758-4389,E,,Public,,2,,,ChargePoint Network,47.616093,-122.339944,2/1/2026,354342,2026-02-01 03:35:11 UTC,public,FALSE,FALSE
ELEC,SEA41 SEA41 - 37,2121 7th Ave,Seattle,WA,98121,888-758-4389,E,,Public,,2,,,ChargePoint Network,47.616105,-122.339872,2/1/2026,354343,2026-02-01 03:35:23 UTC,public,FALSE,FALSE
ELEC,AMZ SEA44 - 14,2205 7th Ave,Seattle,WA,98121,888-758-4389,E,,Public,,2,,,ChargePoint Network,47.61662,-122.341015,2/1/2026,354346,2026-02-01 03:35:34 UTC,public,FALSE,FALSE
ELEC,AMZ SEA44 - 13,2205 7th Ave,Seattle,WA,98121,888-758-4389,E,,Public,,2,,,ChargePoint Network,47.616563,-122.340892,2/1/2026,354347,2026-02-01 03:35:34 UTC,public,FALSE,FALSE
ELEC,AMZ SEA44 - 12,2200 6th Ave,Seattle,WA,98121,888-758-4389,E,,Public,,2,,,ChargePoint Network,47.616721,-122.341206,2/1/2026,354348,2026-02-01 03:35:34 UTC,public,FALSE,FALSE
ELEC,AMZ SEA44 - 11,2255 7th Ave,Seattle,WA,98121,888-758-4389,E,,Public,,2,,,ChargePoint Network,47.616831,-122.341334,2/1/2026,354349,2026-02-01 03:35:34 UTC,public,FALSE,FALSE
ELEC,AMZ SEA44 - 10,2228-2298 7th Ave,Seattle,WA,98121,888-758-4389,E,,Public,,1,,,ChargePoint Network,47.61676,-122.341256,2/1/2026,354350,2026-02-01 03:35:34 UTC,public,FALSE,FALSE
ELEC,Target - Tesla Supercharger,3201 NW Randall Way,Silverdale,WA,98383,877-798-3752,E,,Public,,,12,,Tesla,47.658951,-122.693641,9/12/2024,354682,2025-05-06 21:07:47 UTC,public,FALSE,FALSE
ELEC,BELLINGHAM CITY W LAUREL 1,300 W Laurel St,Bellingham,WA,98225,888-758-4389,E,,Public,,2,,,ChargePoint Network,48.747646,-122.485319,2/1/2026,354737,2026-02-01 03:36:14 UTC,public,FALSE,FALSE
ELEC,112th at 12th OfficeBuilding,1100 112th Ave NE,Bellevue,WA,98004,888-356-8911,E,,Public,,4,,,FLO,47.620174,-122.190549,2/1/2026,354801,2026-02-01 05:18:15 UTC,public,FALSE,FALSE
ELEC,Kitsap Bank - 4714 Point,4714 Point Fosdick Dr,Gig Harbor,WA,98335,866-300-3827,E,,Public,,1,8,,EVCS,47.3010648,-122.5798431,2/1/2026,354804,2026-02-01 05:50:09 UTC,public,FALSE,FALSE
ELEC,Block 7,700 W Columbia Way,Vancouver,WA,98660,866-816-7584,E,,Public,,10,,,EV Connect,45.624901,-122.679019,2/1/2026,355024,2026-02-01 04:56:48 UTC,public,FALSE,FALSE
ELEC,Seattle Honda,2005 Airport Way South,Seattle,WA,98134,888-998-2546,T,11/22/2025,TEMPORARILY UNAVAILABLE (Public),,2,,,Blink Network,47.58553219,-122.3220138,2/1/2026,355069,2026-02-01 00:52:12 UTC,public,FALSE,FALSE
ELEC,BELLINGHAM CITY SQUALICUM 2,West St,Bellingham,WA,98225,888-758-4389,E,,Public,,2,,,ChargePoint Network,48.766814,-122.500185,2/1/2026,355160,2026-02-01 03:36:13 UTC,public,FALSE,FALSE
ELEC,BELLINGHAM CITY POLICE 1,505 Grand Ave,Bellingham,WA,98225,888-758-4389,E,,Public,,2,,,ChargePoint Network,48.756559,-122.480254,2/1/2026,355161,2026-02-01 03:36:14 UTC,public,FALSE,FALSE
ELEC,La Quinta Inn & Suites Marysville,11430 38th Drive Northeast,Marysville,WA,98271,888-998-2546,E,,Public,,2,,,Blink Network,48.09885,-122.17922,2/1/2026,355486,2026-02-01 00:08:56 UTC,public,FALSE,FALSE
ELEC,"ARCO, 116th Ave SE, Kent, WA",24014 116th Ave SE,Kent,WA,98030,833-277-8573,E,,Public,,,4,,BP_PULSE,47.386795,-122.186402,2/1/2026,355540,2026-02-01 05:43:44 UTC,public,FALSE,FALSE
ELEC,North Bend Premium Outlets - Tesla Supercharger,461 S Fork Ave SW,North Bend,WA,98045,877-798-3752,E,,Public,,,24,,Tesla,47.490839,-121.796397,12/10/2024,355554,2025-05-06 21:07:47 UTC,public,FALSE,FALSE
ELEC,The Stroup,6704 NE 181st Street,Kenmore,WA,98028,888-998-2546,E,,Public,,1,,,Blink Network,47.759665,-122.250898,2/1/2026,355698,2026-02-01 00:28:04 UTC,public,FALSE,FALSE
ELEC,Kitsap Bank - 8190 Kingston,8190 NE State Hwy 104,Kingston,WA,98346,866-300-3827,E,,Public,,1,8,,EVCS,47.8101569,-122.5408873,2/1/2026,355736,2026-02-01 05:50:13 UTC,public,FALSE,FALSE
ELEC,WDVA THP,1141 Beach Drive East,Port Orchard,WA,98366,888-758-4389,E,,Public,,2,,,ChargePoint Network,47.546429,-122.616032,2/1/2026,355762,2026-02-01 03:22:15 UTC,public,FALSE,FALSE
ELEC,CON PL PB,2125 1st Ave,Seattle,WA,98121,888-758-4389,E,,Public,,1,,,ChargePoint Network,47.612222,-122.34511,2/1/2026,355831,2026-02-01 03:33:40 UTC,public,FALSE,FALSE
ELEC,TLCMP CLUBHOUSE 2,22215 Dauntless Dr NW,Poulsbo,WA,98370,888-758-4389,E,,Public,,1,,,ChargePoint Network,47.765325,-122.654988,2/1/2026,356009,2026-02-01 03:35:26 UTC,public,FALSE,FALSE
ELEC,TLCMP C1 B,22275 Dauntless Dr NW,Poulsbo,WA,98370,888-758-4389,E,,Public,,1,,,ChargePoint Network,47.764643,-122.654757,2/1/2026,356010,2026-02-01 03:35:26 UTC,public,FALSE,FALSE
ELEC,TLCMP CLUBHOUSE 1,22215 Dauntless Dr NW,Poulsbo,WA,98370,888-758-4389,E,,Public,,1,,,ChargePoint Network,47.765383,-122.654752,2/1/2026,356011,2026-02-01 03:35:27 UTC,public,FALSE,FALSE
ELEC,TLCMP C1 A,22275 Dauntless Dr NW,Poulsbo,WA,98370,888-758-4389,E,,Public,,1,,,ChargePoint Network,47.764899,-122.654779,2/1/2026,356012,2026-02-01 03:35:27 UTC,public,FALSE,FALSE
ELEC,TLCMP D1 A,22275 Dauntless Dr NW,Poulsbo,WA,98370,888-758-4389,E,,Public,,1,,,ChargePoint Network,47.764735,-122.654757,2/1/2026,356026,2026-02-01 03:38:07 UTC,public,FALSE,FALSE
ELEC,"CircleK - Ellensburg, WA",1600 Canyon Rd,Ellensburg,WA,98926,833-505-2291,E,,Public,,,4,,CIRCLE_K,46.97737,-120.54253,5/12/2025,356082,2025-05-12 16:15:59 UTC,public,FALSE,FALSE
ELEC,Surfhouse Pub,59 Main St,Pacific Beach,WA,98571,,E,,Public,,1,,,EVMATCH,47.20868,-124.20319,10/11/2024,356218,2025-12-22 19:40:02 UTC,public,FALSE,FALSE
ELEC,WDVA WWVH2,92 Wainwright Drive,Walla Walla,WA,99362,888-758-4389,E,,Public,,,1,,ChargePoint Network,46.053203,-118.354995,2/1/2026,356355,2026-02-01 03:31:03 UTC,public,FALSE,FALSE
ELEC,Oregon 42 Apartments,4502 42nd Avenue Southwest,Seattle,WA,98116,888-998-2546,E,,Public,,2,,,Blink Network,47.5627154,-122.3852736,2/1/2026,356389,2026-02-01 00:13:39 UTC,public,FALSE,FALSE
ELEC,BSD501 DISTRICT OFC 1,1985 Barkley Blvd,Bellingham,WA,98226,888-758-4389,E,,Public,,2,,,ChargePoint Network,48.771898,-122.448786,2/1/2026,356417,2026-02-01 03:24:23 UTC,public,FALSE,FALSE
ELEC,BSD501 DISTRICT OFC 2,1985 Barkley Blvd,Bellingham,WA,98226,888-758-4389,E,,Public,,2,,,ChargePoint Network,48.771892,-122.448653,2/1/2026,356418,2026-02-01 03:24:24 UTC,public,FALSE,FALSE
ELEC,BSD501 DISTRICT OFC 3,1985 Barkley Blvd,Bellingham,WA,98226,888-758-4389,E,,Public,,2,,,ChargePoint Network,48.772057,-122.448701,2/1/2026,356419,2026-02-01 03:24:25 UTC,public,FALSE,FALSE
ELEC,AMZ SEA25.26 - 14,551 Boren Avenue North,Seattle,WA,98109,888-758-4389,E,,Public,,2,,,ChargePoint Network,47.623958,-122.336996,2/1/2026,356421,2026-02-01 03:33:17 UTC,public,FALSE,FALSE
ELEC,AMZ SEA25.26 - 13,551 Boren Avenue North,Seattle,WA,98109,888-758-4389,E,,Public,,2,,,ChargePoint Network,47.624145,-122.33669,2/1/2026,356422,2026-02-01 03:33:17 UTC,public,FALSE,FALSE
ELEC,AMZ SEA25.26 - 12,551 Boren Avenue North,Seattle,WA,98109,888-758-4389,E,,Public,,2,,,ChargePoint Network,47.624153,-122.336686,2/1/2026,356423,2026-02-01 03:33:17 UTC,public,FALSE,FALSE
ELEC,Enel X - Chevron Parking Lot,507 E Main St,Battle Ground,WA,98604,360-666-8735,E,,Public,,4,,,Non-Networked,45.78079337,-122.5315899,10/11/2024,356467,2025-02-12 00:16:32 UTC,public,FALSE,FALSE
ELEC,Plum Court Apartments,451 4th Avenue South,Kirkland,WA,98033,888-998-2546,E,,Public,,1,,,Blink Network,47.672252,-122.199542,2/1/2026,357130,2026-02-01 00:22:35 UTC,public,FALSE,FALSE
ELEC,TAC RDC HFTTACRDC1,6920 192nd Street East,Puyallup,WA,98375,888-758-4389,E,,Public,,2,,,ChargePoint Network,47.079897,-122.337001,2/1/2026,357155,2026-02-01 03:38:28 UTC,public,FALSE,FALSE
ELEC,"ARCO, NE Woodinville Duvall Rd, Woodinville, WA",15520 NE Woodinville Duvall RD,Woodinville,WA,98072,833-277-8573,E,,Public,,,4,,BP_PULSE,47.761952,-122.132411,2/1/2026,357182,2026-02-01 05:43:43 UTC,public,FALSE,FALSE
ELEC,TLCMP D1 B,22190 Parnell Pl NW,Poulsbo,WA,98370,888-758-4389,E,,Public,,1,,,ChargePoint Network,47.764454,-122.654767,2/1/2026,357234,2026-02-01 03:38:07 UTC,public,FALSE,FALSE
ELEC,AMZ SEA113 - 2,85 106th Ave NE,Bellevue,WA,98004,888-758-4389,E,,Public,,2,,,ChargePoint Network,47.610495,-122.199455,2/1/2026,357468,2026-02-01 03:35:53 UTC,public,FALSE,FALSE
ELEC,AMZ SEA113 - 3,85 106th Ave NE,Bellevue,WA,98004,888-758-4389,E,,Public,,1,,,ChargePoint Network,47.610483,-122.19951,2/1/2026,357469,2026-02-01 03:35:53 UTC,public,FALSE,FALSE
ELEC,AMZ SEA113 - 6,85 106th Ave NE,Bellevue,WA,98004,888-758-4389,E,,Public,,2,,,ChargePoint Network,47.610586,-122.199337,2/1/2026,357470,2026-02-01 03:35:53 UTC,public,FALSE,FALSE
ELEC,AMZ SEA113 - 5,85 106th Ave NE,Bellevue,WA,98004,888-758-4389,E,,Public,,2,,,ChargePoint Network,47.610482,-122.199579,2/1/2026,357471,2026-02-01 03:35:54 UTC,public,FALSE,FALSE
ELEC,AMZ SEA113 - 4,85 106th Ave NE,Bellevue,WA,98004,888-758-4389,E,,Public,,1,,,ChargePoint Network,47.610477,-122.199538,2/1/2026,357472,2026-02-01 03:35:54 UTC,public,FALSE,FALSE
ELEC,AMZ SEA113 - 1,85 106th Ave NE,Bellevue,WA,98004,888-758-4389,E,,Public,,1,,,ChargePoint Network,47.610399,-122.199149,2/1/2026,357473,2026-02-01 03:35:54 UTC,public,FALSE,FALSE
ELEC,145th Shoreline MUR-70,104 NE 145th Street,Shoreline,WA,98155,855-885-9571,E,,Public,,102,,,OpConnect,47.7342788,-122.3286267,2/1/2026,357526,2026-02-01 04:48:51 UTC,public,FALSE,FALSE
ELEC,LINC SQUARE EXP LSS P3 248-249,10400 NE 4th St,Bellevue,WA,98004,888-758-4389,E,,Public,,2,,,ChargePoint Network,47.61418,-122.200734,2/1/2026,357636,2026-02-01 02:31:07 UTC,public,FALSE,FALSE
ELEC,CPU CPU EC 3 (ADA),1200 Fort Vancouver Way,Vancouver,WA,98661,888-758-4389,E,,Public,,2,,,ChargePoint Network,45.630243,-122.663015,2/1/2026,357664,2026-02-01 03:39:19 UTC,public,FALSE,FALSE
ELEC,KCR PUBLIC KCR PUBLIC,1201 Park Ave,Bremerton,WA,98337,888-758-4389,E,,Public,,2,,,ChargePoint Network,47.572114,-122.630995,2/1/2026,357714,2026-02-01 03:39:20 UTC,public,FALSE,FALSE
ELEC,CPU EC 2,1200 Fort Vancouver Way,Vancouver,WA,98663,888-758-4389,E,,Public,,2,,,ChargePoint Network,45.629424,-122.663331,2/1/2026,357875,2026-02-01 03:39:36 UTC,public,FALSE,FALSE
ELEC,CPU CPU EC 1,1200 Fort Vancouver Way,Vancouver,WA,98661,888-758-4389,E,,Public,,2,,,ChargePoint Network,45.629422,-122.663314,2/1/2026,357943,2026-02-01 03:39:40 UTC,public,FALSE,FALSE
ELEC,North Correctional Facility Parking Lot,205 West 6th Avenue,Ellensburg,WA,98926,888-998-2546,E,,Public,,8,,,Blink Network,46.99819045,-120.549717,2/1/2026,357971,2026-02-01 00:10:08 UTC,public,FALSE,FALSE
ELEC,AMZ SEA40-14,2021 7th Ave,Seattle,WA,98121,888-758-4389,E,,Public,,2,,,ChargePoint Network,47.615111,-122.338365,2/1/2026,357978,2026-02-01 03:38:37 UTC,public,FALSE,FALSE
ELEC,AMZ SEA40-15,2021 7th Ave,Seattle,WA,98121,888-758-4389,E,,Public,,2,,,ChargePoint Network,47.6151,-122.338386,2/1/2026,357979,2026-02-01 03:38:37 UTC,public,FALSE,FALSE
ELEC,AMZ SEA40-17,2001 Westlake Ave,Seattle,WA,98121,888-758-4389,E,,Public,,2,,,ChargePoint Network,47.614992,-122.338277,2/1/2026,357980,2026-02-01 03:38:38 UTC,public,FALSE,FALSE
ELEC,AMZ SEA40-16,2021 7th Ave,Seattle,WA,98121,888-758-4389,E,,Public,,2,,,ChargePoint Network,47.615004,-122.3383,2/1/2026,357981,2026-02-01 03:38:38 UTC,public,FALSE,FALSE
ELEC,Scarff Ford,501 Auburn Way N,Auburn,WA,98002,888-357-1009,E,,Public,,,2,,FORD_CHARGE,47.31236,-122.2263,2/1/2026,358430,2026-02-01 06:53:21 UTC,public,FALSE,FALSE
ELEC,Korum Lincoln,150 River Rd,Puyallup,WA,98371,888-357-1009,E,,Public,,,2,,FORD_CHARGE,47.19892,-122.296345,2/1/2026,358431,2026-02-01 06:53:12 UTC,public,FALSE,FALSE
ELEC,Vancouver Ford,6801 NE 40th St,Vancouver,WA,98661,888-357-1009,E,,Public,,,4,,FORD_CHARGE,45.650608,-122.603205,2/1/2026,358432,2026-02-01 06:53:14 UTC,public,FALSE,FALSE
ELEC,Pat Armstrong Ford,700 3rd St SE,East Wenatchee,WA,98802,888-357-1009,E,,Public,,,4,,FORD_CHARGE,47.399969,-120.277069,2/1/2026,358434,2026-02-01 06:53:19 UTC,public,FALSE,FALSE
ELEC,Jess Ford of Pullman,2590 S Grand Ave,Pullman,WA,99163,888-357-1009,E,,Public,,,4,,FORD_CHARGE,46.709926,-117.201218,2/1/2026,358435,2026-02-01 06:53:34 UTC,public,FALSE,FALSE
ELEC,AMZ SEA40-20,2001 Westlake Ave,Seattle,WA,98121,888-758-4389,E,,Public,,2,,,ChargePoint Network,47.614988,-122.338322,2/1/2026,358463,2026-02-01 03:38:37 UTC,public,FALSE,FALSE
ELEC,AMZ SEA40-19,2001 Westlake Ave,Seattle,WA,98121,888-758-4389,E,,Public,,2,,,ChargePoint Network,47.614982,-122.338297,2/1/2026,358464,2026-02-01 03:38:37 UTC,public,FALSE,FALSE
ELEC,AMZ SEA40-18,2001 Westlake Ave,Seattle,WA,98121,888-758-4389,E,,Public,,2,,,ChargePoint Network,47.614986,-122.33829,2/1/2026,358465,2026-02-01 03:38:38 UTC,public,FALSE,FALSE
ELEC,AMZ SEA40-26,2021 7th Ave,Seattle,WA,98121,888-758-4389,E,,Public,,2,,,ChargePoint Network,47.615012,-122.33832,2/1/2026,358466,2026-02-01 03:38:38 UTC,public,FALSE,FALSE
ELEC,AMZ SEA40-25,2021 7th Ave,Seattle,WA,98121,888-758-4389,E,,Public,,2,,,ChargePoint Network,47.615014,-122.338291,2/1/2026,358467,2026-02-01 03:38:38 UTC,public,FALSE,FALSE
ELEC,AMZ SEA40-24,2021 7th Ave,Seattle,WA,98121,888-758-4389,E,,Public,,2,,,ChargePoint Network,47.61502,-122.338311,2/1/2026,358468,2026-02-01 03:38:38 UTC,public,FALSE,FALSE
ELEC,AMZ SEA40-23,2001 Westlake Ave,Seattle,WA,98121,888-758-4389,E,,Public,,2,,,ChargePoint Network,47.614974,-122.338306,2/1/2026,358469,2026-02-01 03:38:39 UTC,public,FALSE,FALSE
ELEC,AMZ SEA40-22,2001 Westlake Ave,Seattle,WA,98121,888-758-4389,E,,Public,,2,,,ChargePoint Network,47.614997,-122.338314,2/1/2026,358470,2026-02-01 03:38:39 UTC,public,FALSE,FALSE
ELEC,AMZ SEA40-21,2001 Westlake Ave,Seattle,WA,98121,888-758-4389,E,,Public,,2,,,ChargePoint Network,47.614998,-122.338285,2/1/2026,358471,2026-02-01 03:38:39 UTC,public,FALSE,FALSE
ELEC,AMZ SEA40-32,2001 Westlake Ave,Seattle,WA,98121,888-758-4389,E,,Public,,2,,,ChargePoint Network,47.615004,-122.338268,2/1/2026,358472,2026-02-01 03:38:39 UTC,public,FALSE,FALSE
ELEC,AMZ SEA40-31,2021 7th Ave,Seattle,WA,98121,888-758-4389,E,,Public,,2,,,ChargePoint Network,47.615003,-122.33833,2/1/2026,358473,2026-02-01 03:38:39 UTC,public,FALSE,FALSE
ELEC,AMZ SEA40-30,2041 7th Ave,Seattle,WA,98121,888-758-4389,E,,Public,,2,,,ChargePoint Network,47.615302,-122.338526,2/1/2026,358474,2026-02-01 03:38:39 UTC,public,FALSE,FALSE
ELEC,AMZ SEA40-29,2041 7th Ave,Seattle,WA,98121,888-758-4389,E,,Public,,2,,,ChargePoint Network,47.615283,-122.338545,2/1/2026,358475,2026-02-01 03:38:40 UTC,public,FALSE,FALSE
ELEC,AMZ SEA40-28,2041 7th Ave,Seattle,WA,98121,888-758-4389,E,,Public,,2,,,ChargePoint Network,47.615331,-122.338553,2/1/2026,358476,2026-02-01 03:38:40 UTC,public,FALSE,FALSE
ELEC,AMZ SEA40-27,2041 7th Ave,Seattle,WA,98121,888-758-4389,E,,Public,,2,,,ChargePoint Network,47.615323,-122.338563,2/1/2026,358477,2026-02-01 03:38:40 UTC,public,FALSE,FALSE
ELEC,Baker Road Cabin - Tesla Destination,288 Baker Rd,Randle,WA,98377,877-798-3752,E,,Public,,1,,,Tesla Destination,46.573332,-121.704176,7/1/2024,358544,2025-02-12 00:16:32 UTC,public,,FALSE
ELEC,Silver Bluemoon - Tesla Destination,930 N Mullan Rd,Spokane Valley,WA,99206,877-798-3752,E,,Public,,10,,,Non-Networked,47.665432,-117.281203,7/1/2024,358548,2025-02-12 00:16:32 UTC,public,,FALSE
ELEC,"Port Ludlow, WA - Tesla Destination",1 Heron Rd,Port Ludlow,WA,98365,877-798-3752,E,,Public,,6,,,Tesla Destination,47.922465,-122.682648,7/1/2024,358555,2025-05-06 21:10:23 UTC,public,,FALSE
ELEC,Homewood Suites by Hilton Seattle Downtown - Tesla Destination,206  Western Ave W,Seattle,WA,98119,877-798-3752,E,,Public,,6,,,Tesla Destination,47.620565,-122.359182,7/1/2024,358565,2025-02-12 00:16:32 UTC,public,,FALSE
ELEC,SpaceX Redmond - Tesla Destination,23020  Northeast Alder Crest Drive,Redmond,WA,98053,877-798-3752,E,,Private,,42,,,Tesla Destination,47.693887,-122.033002,7/1/2024,358593,2025-02-12 00:16:32 UTC,private,,FALSE
ELEC,Isenhower Cellars - Tesla Destination,3471 Pranger Rd,Walla Walla,WA,99362,877-798-3752,E,,Public,,1,,,Tesla Destination,46.022906,-118.360066,7/1/2024,358705,2025-05-06 21:10:23 UTC,public,,FALSE
ELEC,Millennium Tower - Tesla Destination,719 2nd Ave,Seattle,WA,98104,877-798-3752,E,,Public,,6,,,Tesla Destination,47.599191,-122.331591,7/1/2024,358812,2025-05-06 21:10:23 UTC,public,,FALSE
ELEC,AGC of Washington - Tesla Destination,1200 Westlake Ave N,Seattle,WA,98109,877-798-3752,E,,Public,,6,,,Tesla Destination,47.630012,-122.33959,7/1/2024,358843,2025-05-06 21:10:23 UTC,public,,FALSE
ELEC,Friday Harbor Suites - Tesla Destination,680 Spring St,Friday Harbor,WA,98250,877-798-3752,E,,Public,,4,,,Tesla Destination,48.531832,-123.023948,7/1/2024,358956,2025-05-06 21:10:23 UTC,public,,FALSE
ELEC,Rainier Square - Level E - Tesla Destination,1340 4th Ave,Seattle,WA,98101,877-798-3752,E,,Public,,12,,,Tesla Destination,47.609191,-122.335342,7/1/2024,359307,2025-02-12 00:16:32 UTC,public,,FALSE
ELEC,Harmony Meadows Tennis & Event Center - Tesla Destination,4848 Green Ave,Manson,WA,98831,877-798-3752,E,,Public,,4,,,Tesla Destination,47.920276,-120.186599,7/1/2024,359320,2025-02-12 00:16:32 UTC,public,,FALSE
ELEC,Ridgepoint Corporate Park - Tesla Destination,2700 156th Ave NE,Bellevue,WA,98007,877-798-3752,E,,Private,,4,,,Tesla Destination,47.633435,-122.131851,7/1/2024,359352,2025-05-06 21:10:23 UTC,private,,FALSE
ELEC,Ironworks Cafe & Market LLC - Tesla Destination,335 S Broadway Ave,Othello,WA,99344,877-798-3752,E,,Public,,2,,,Tesla Destination,46.822423,-119.175393,7/1/2024,359395,2025-05-06 21:10:23 UTC,public,,FALSE
ELEC,Redmond Park Apartments - Tesla Destination,14700 NE 35th St,Bellevue,WA,98007,877-798-3752,E,,Private,,4,,,Tesla Destination,47.641761,-122.144205,7/1/2024,359447,2025-05-06 21:10:23 UTC,private,,FALSE
ELEC,Puget Sound Solar - Tesla Destination,805 Rainier Ave S,Seattle,WA,98144,877-798-3752,E,,Public,,6,,,Tesla Destination,47.595418,-122.311677,7/1/2024,359605,2025-05-06 21:10:23 UTC,public,,FALSE
ELEC,"Port Ludlow, WA - Highland Dr - Tesla Destination",751 Highland Dr,Port Ludlow,WA,98365,877-798-3752,E,,Public,,6,,,Tesla Destination,47.90431,-122.692844,7/1/2024,359630,2025-05-06 21:10:23 UTC,public,,FALSE
ELEC,Comfort Inn & Suites Vancouver Downtown City Center - Tesla Destination,401  E 13th St,Vancouver,WA,10009,877-798-3752,E,,Public,,4,,,Non-Networked,45.63057,-122.66763,7/1/2024,359646,2025-02-12 00:16:32 UTC,public,,FALSE
ELEC,Holiday Inn Seattle-Issaquah - Tesla Destination,1801 12th Ave NW,Issaquah,WA,98027,877-798-3752,E,,Public,,8,,,Tesla Destination,47.550984,-122.057823,7/1/2024,359696,2025-02-12 00:16:32 UTC,public,,FALSE
ELEC,Seattle Children's Research Institute: Building Cure - Tesla Destination,1920 Terry Ave,Seattle,WA,98101,877-798-3752,E,,Private,,2,,,Tesla Destination,47.616799,-122.33398,7/1/2024,359712,2025-05-06 21:10:23 UTC,private,,FALSE
ELEC,Hampton Inn Ellensburg - Tesla Destination,2705 Triple L Loop,Ellensburg,WA,98926,877-798-3752,E,,Public,,6,,,Tesla Destination,47.008043,-120.590433,7/1/2024,359787,2025-05-06 21:10:23 UTC,public,,FALSE
ELEC,Signal of Western Washington - Tesla Destination,2410 Airport Way S,Seattle,WA,98134,877-798-3752,E,,Private,,14,,,Tesla Destination,47.58164,-122.320978,7/1/2024,359878,2025-05-06 21:10:23 UTC,private,,FALSE
ELEC,Vancouver Hyundai,6802 Northeast 40th Street,Vancouver,WA,98661,888-998-2546,E,,Public,,1,2,,Blink Network,45.65136197,-122.6033635,2/1/2026,360234,2026-02-01 00:40:06 UTC,public,FALSE,FALSE
ELEC,DOL TUKWILA 2,200 Andover Park E,Tukwila,WA,98188,888-758-4389,E,,Public,,1,,,ChargePoint Network,47.457908,-122.249272,2/1/2026,360243,2026-02-01 03:22:13 UTC,public,FALSE,FALSE
ELEC,DOL TUKWILA 1,200 Andover Park E,Tukwila,WA,98188,888-758-4389,E,,Public,,2,,,ChargePoint Network,47.457906,-122.249162,2/1/2026,360251,2026-02-01 03:39:54 UTC,public,FALSE,FALSE
ELEC,Center Plaza Shopping Center - Tesla Supercharger,2012 S 320th St,Federal Way,WA,98003,877-798-3752,E,,Public,,,15,,Tesla,47.316965,-122.307906,11/6/2024,360295,2025-05-06 21:07:47 UTC,public,FALSE,FALSE
ELEC,BELLINGHAM CITY CIVIC FIELD 2,1355 Civic Field Way,Bellingham,WA,98229,888-758-4389,E,,Public,,2,,,ChargePoint Network,48.747429,-122.457789,2/1/2026,360308,2026-02-01 02:54:21 UTC,public,FALSE,FALSE
ELEC,CITY OF LACEY CITY HALL 2,420 College Street Southeast,Lacey,WA,98503,888-758-4389,E,,Public,,2,,,ChargePoint Network,47.045381,-122.821566,2/1/2026,360483,2026-02-01 03:40:34 UTC,public,FALSE,FALSE
ELEC,CITY OF LACEY LIBRARY,Timberland Regional Library 500 College Stree,Lacey,WA,98503,888-758-4389,E,,Public,,2,,,ChargePoint Network,47.043598,-122.822429,2/1/2026,360484,2026-02-01 03:40:34 UTC,public,FALSE,FALSE
ELEC,CITY OF LACEY CITY HALL 1,420 College Street Southeast,Lacey,WA,98503,888-758-4389,E,,Public,,2,,,ChargePoint Network,47.045369,-122.821974,2/1/2026,360581,2026-02-01 03:40:33 UTC,public,FALSE,FALSE
ELEC,415 F Street Southwest,415 F St SW,Quincy,WA,98848,1-800-636-0986,E,,Public,,2,,,CHARGELAB,47.23374352,-119.8609396,7/21/2025,360612,2025-07-21 04:28:43 UTC,public,,FALSE
ELEC,DCPUD HQ PL 2,1151 Valley Mall Pkwy,East Wenatchee,WA,98802,888-758-4389,E,,Public,,,2,,ChargePoint Network,47.420081,-120.295852,2/1/2026,360671,2026-02-01 03:40:47 UTC,public,FALSE,FALSE
ELEC,DCPUD HQ PL 1,1151 Valley Mall Pkwy,East Wenatchee,WA,98802,888-758-4389,E,,Public,,,2,,ChargePoint Network,47.420094,-120.295851,2/1/2026,360713,2026-02-01 03:40:47 UTC,public,FALSE,FALSE
ELEC,Electric Era Charging Station,519 N 56th Place,Ridgefield,WA,98642,888-409-2980,E,,Public,,,6,,ELECTRIC_ERA,45.8198903,-122.6930028,2/1/2026,360762,2026-02-01 06:44:53 UTC,public,FALSE,FALSE
ELEC,Titus-Will Hyundai,2255 Carriage Loop Southwest,Olympia,WA,98502,888-998-2546,E,,Public,,,2,,Blink Network,47.03123266,-122.932594,2/1/2026,360774,2026-02-01 00:35:18 UTC,public,FALSE,FALSE
ELEC,RAG - Alfa Romeo Kirkland,12415 Slater Avenue Northeast,Kirkland,WA,98034,888-998-2546,E,,Public,,,2,,Blink Network,47.71355226,-122.1669712,2/1/2026,360777,2026-02-01 00:37:04 UTC,public,FALSE,FALSE
ELEC,Kendall Ford of Marysville,15900 Smokey Point Boulevard,Marysville,WA,98271,888-998-2546,E,,Public,,7,6,,Blink Network,48.14152,-122.1848,2/1/2026,360784,2026-02-01 00:19:47 UTC,public,FALSE,FALSE
ELEC,Tahoma Market,6006 Pacific Highway E,Fife,WA,98424,866-300-3827,E,,Public,,5,10,,EVCS,47.2420832,-122.3479142,2/1/2026,361045,2026-02-01 05:50:26 UTC,public,FALSE,FALSE
ELEC,The Harvester,410 W. 1st St.,Spangle,WA,99031,866-816-7584,E,,Public,,,4,,EV Connect,47.428213,-117.383833,2/1/2026,361106,2026-02-01 04:56:57 UTC,public,FALSE,FALSE
ELEC,DELAURENTIS INT AIRPORT,1140 N Monroe Landing Rd,Oak Harbor,WA,98277,888-758-4389,E,,Public,,2,,,ChargePoint Network,48.250936,-122.679265,2/1/2026,361171,2026-02-01 03:41:40 UTC,public,FALSE,FALSE
ELEC,"ARCO, Hawks Prairie Rd NE, Lacey, WA",7465 Hawks Prairie Rd NE,Lacey,WA,98516,833-277-8573,E,,Public,,,6,,BP_PULSE,47.08294,-122.781669,2/1/2026,361213,2026-02-01 05:43:43 UTC,public,FALSE,FALSE
ELEC,CITY LIGHT MINOR 2,1134 13th Ave,Seattle,WA,98122,888-758-4389,E,,Public,,1,,,ChargePoint Network,47.612641,-122.315266,2/1/2026,361735,2026-02-01 03:58:44 UTC,public,FALSE,FALSE
ELEC,Lawrence Oil Fuel Station Washtucna,445 N. Main Street,Washtucna,WA,99371,888-356-8911,E,,Public,,4,,,FLO,46.756843,-118.30975,2/1/2026,361740,2026-02-01 05:18:25 UTC,public,FALSE,FALSE
ELEC,Friends Corner Burbank,773 Kohler Road,Burbank,WA,99323,888-356-8911,E,,Public,,2,,,FLO,46.203247,-119.012593,2/1/2026,367647,2026-02-01 05:18:25 UTC,public,FALSE,FALSE
ELEC,MARI STATION 2,10232 NE 10th St,Bellevue,WA,98004,888-758-4389,E,,Public,,2,,,ChargePoint Network,47.619604,-122.203243,2/1/2026,367775,2026-02-01 03:37:26 UTC,public,FALSE,FALSE
ELEC,MARI STATION 6,10232 NE 10th St,Bellevue,WA,98004,888-758-4389,E,,Public,,2,,,ChargePoint Network,47.619554,-122.203248,2/1/2026,367777,2026-02-01 03:37:35 UTC,public,FALSE,FALSE
ELEC,LC TRANSIT MORTON E-T 2,200 Westlake Avenue,Morton,WA,98356,888-758-4389,E,,Public,,,1,,ChargePoint Network,46.552855,-122.277439,2/1/2026,367801,2026-02-01 03:42:40 UTC,public,FALSE,FALSE
ELEC,LC TRANSIT MORTON E-T 1,200 Westlake Avenue,Morton,WA,98356,888-758-4389,E,,Public,,,1,,ChargePoint Network,46.552796,-122.277471,2/1/2026,367802,2026-02-01 03:42:40 UTC,public,FALSE,FALSE
ELEC,Community Services (DCFC),805 South Mission Street,Wenatchee,WA,98801,888-998-2546,E,,Public,,,2,,Blink Network,47.41342001,-120.3037559,2/1/2026,367835,2026-02-01 00:16:32 UTC,public,FALSE,FALSE
ELEC,University Crossing Pullman,1490 Northeast North Fairway Drive,Pullman,WA,99163,888-356-8911,E,,Public,,2,,,FLO,46.741659,-117.149685,2/1/2026,367848,2026-02-01 05:18:27 UTC,public,FALSE,FALSE
ELEC,MARI STATION 4,10232 NE 10th St,Bellevue,WA,98004,888-758-4389,E,,Public,,2,,,ChargePoint Network,47.619634,-122.203202,2/1/2026,371396,2026-02-01 03:37:23 UTC,public,FALSE,FALSE
ELEC,MARI STATION 3,10232 NE 10th St,Bellevue,WA,98004,888-758-4389,E,,Public,,2,,,ChargePoint Network,47.61956,-122.203299,2/1/2026,371397,2026-02-01 03:37:25 UTC,public,FALSE,FALSE
ELEC,BELLINGHAM CITY CORDATA PARK 1,4530 Cordata Pkwy,Bellingham,WA,98226,888-758-4389,E,,Public,,2,,,ChargePoint Network,48.802022,-122.494608,2/1/2026,371398,2026-02-01 03:38:22 UTC,public,FALSE,FALSE
ELEC,DCPUD WELLS DAM PL 1,375 Azwell Road,Chelan,WA,98816,888-758-4389,E,,Public,,,2,,ChargePoint Network,47.949319,-119.876339,2/1/2026,371436,2026-02-01 03:42:59 UTC,public,FALSE,FALSE
ELEC,BELLINGHAM CITY BOULEVARD PARK1,480 Bayview Drive,Bellingham,WA,98225,888-758-4389,T,12/13/2025,TEMPORARILY UNAVAILABLE (Public),,2,,,ChargePoint Network,48.730754,-122.503015,2/1/2026,371441,2026-02-01 03:43:03 UTC,public,FALSE,FALSE
ELEC,BELLINGHAM CITY RAILROAD 2,1500 Railroad Avenue,Bellingham,WA,98225,888-758-4389,E,,Public,,2,,,ChargePoint Network,48.751517,-122.474771,2/1/2026,371442,2026-02-01 03:43:03 UTC,public,FALSE,FALSE
ELEC,BELLINGHAM CITY RAILROAD 3,1500 Railroad Avenue,Bellingham,WA,98225,888-758-4389,E,,Public,,2,,,ChargePoint Network,48.751563,-122.474725,2/1/2026,371443,2026-02-01 03:43:03 UTC,public,FALSE,FALSE
ELEC,BELLINGHAM CITY RAILROAD 1,1500 Railroad Avenue,Bellingham,WA,98225,888-758-4389,E,,Public,,2,,,ChargePoint Network,48.751474,-122.474819,2/1/2026,371444,2026-02-01 03:43:03 UTC,public,FALSE,FALSE
ELEC,BELLINGHAM CITY BLOEDEL 1,2214 Electric Avenue,Bellingham,WA,98229,888-758-4389,E,,Public,,2,,,ChargePoint Network,48.760133,-122.418868,2/1/2026,371445,2026-02-01 03:43:03 UTC,public,FALSE,FALSE
ELEC,BELLINGHAM CITY WTA CORDATA 1,4194 Cordata Parkway,Bellingham,WA,98226,888-758-4389,E,,Public,,2,,,ChargePoint Network,48.793136,-122.490499,2/1/2026,371446,2026-02-01 03:43:03 UTC,public,FALSE,FALSE
ELEC,BELLINGHAM CITY WTA CORTADA 2,4194 Cordata Parkway,Bellingham,WA,98226,888-758-4389,E,,Public,,2,,,ChargePoint Network,48.793089,-122.490479,2/1/2026,371447,2026-02-01 03:43:04 UTC,public,FALSE,FALSE
ELEC,University Crossing Pullman - ULTRA,1490 Northeast North Fairway Drive,Pullman,WA,99163,888-356-8911,E,,Public,,,4,,FLO,46.741681,-117.149685,2/1/2026,371567,2026-02-01 05:18:27 UTC,public,FALSE,FALSE
ELEC,Friends Corner Burbank - ULTRA,773 Kohler Road,Burbank,WA,99323,888-356-8911,E,,Public,,,4,,FLO,46.203247,-119.012593,2/1/2026,371568,2026-02-01 05:18:27 UTC,public,FALSE,FALSE
ELEC,TPS FACILITIES BRYANT ES,712 South Grant Avenue,Tacoma,WA,98405,888-758-4389,E,,Public,,2,,,ChargePoint Network,47.255488,-122.46021,2/1/2026,371648,2026-02-01 03:36:47 UTC,public,FALSE,FALSE
ELEC,YORK LOT WAYSTATION,1500 North State Street,Bellingham,WA,98225,888-758-4389,E,,Public,,2,,,ChargePoint Network,48.750478,-122.473799,2/1/2026,371797,2026-02-01 03:43:05 UTC,public,FALSE,FALSE
ELEC,YORK LOT STATION 2,200 York Street,Bellingham,WA,98225,888-758-4389,E,,Public,,2,,,ChargePoint Network,48.751665,-122.473666,2/1/2026,371798,2026-02-01 03:43:05 UTC,public,FALSE,FALSE
ELEC,YORK LOT STATION 1,200 York Street,Bellingham,WA,98225,888-758-4389,E,,Public,,2,,,ChargePoint Network,48.751638,-122.473717,2/1/2026,371799,2026-02-01 03:43:06 UTC,public,FALSE,FALSE
ELEC,YORK LOT STATION 4,200 York Street,Bellingham,WA,98225,888-758-4389,E,,Public,,2,,,ChargePoint Network,48.751741,-122.473321,2/1/2026,371800,2026-02-01 03:43:06 UTC,public,FALSE,FALSE
ELEC,WA Trust Bank – Manito,3103 S. Grand Blvd.,Spokane,WA,99203,866-816-7584,E,,Public,,,2,,EV Connect,47.626155,-117.4015,2/1/2026,371892,2026-02-01 04:57:00 UTC,public,FALSE,FALSE
ELEC,110 S. 10th St. Public,110 S. 10th St.,Tacoma,WA,98402,888-356-8911,E,,Public,,1,,,FLO,47.2542482,-122.4379363,2/1/2026,371958,2026-02-01 05:18:28 UTC,public,FALSE,FALSE
ELEC,1137 Commerce St.,1137 Commerce St.,Tacoma,WA,98402,888-356-8911,E,,Public,,2,,,FLO,47.2518811,-122.4389128,2/1/2026,371959,2026-02-01 05:18:28 UTC,public,FALSE,FALSE
ELEC,THE MILLER STATION 1,500 W Columbia Way,Vancouver,WA,98660,888-758-4389,E,,Public,,2,,,ChargePoint Network,45.624172,-122.67733,2/1/2026,371991,2026-02-01 03:07:39 UTC,public,FALSE,FALSE
ELEC,Eliason Square,18824 3RD AVE NE,Poulsbo,WA,98370,855-885-9571,E,,Public,,6,,,OpConnect,47.7345715,-122.645123,2/1/2026,372297,2026-02-01 04:48:57 UTC,public,FALSE,FALSE
ELEC,SIA SIA/LOT C 4,9000 West Airport Drive,Spokane,WA,99224,888-758-4389,E,,Public,,2,,,ChargePoint Network,47.625351,-117.542155,2/1/2026,372450,2026-02-01 03:44:12 UTC,public,FALSE,FALSE
ELEC,SIA SIA/LOT C 5,9000 West Airport Drive,Spokane,WA,99224,888-758-4389,E,,Public,,2,,,ChargePoint Network,47.62536,-117.542192,2/1/2026,372451,2026-02-01 03:44:12 UTC,public,FALSE,FALSE
ELEC,CITY OF LACEY RAC2,8345 Steilacoom Road Southeast,Lacey,WA,98513,888-758-4389,E,,Public,,,1,,ChargePoint Network,47.046145,-122.762941,2/1/2026,372526,2026-02-01 03:33:33 UTC,public,FALSE,FALSE
ELEC,CITY OF LACEY RAC4,8345 Steilacoom Road Southeast,Lacey,WA,98513,888-758-4389,E,,Public,,,1,,ChargePoint Network,47.046133,-122.762902,2/1/2026,372527,2026-02-01 03:33:33 UTC,public,FALSE,FALSE
ELEC,CITY OF LACEY RAC5,8345 Steilacoom Road Southeast,Lacey,WA,98513,888-758-4389,E,,Public,,,1,,ChargePoint Network,47.046113,-122.762905,2/1/2026,372528,2026-02-01 03:33:34 UTC,public,FALSE,FALSE
ELEC,CITY OF LACEY RAC6,8345 Steilacoom Road Southeast,Lacey,WA,98513,888-758-4389,E,,Public,,,1,,ChargePoint Network,47.046158,-122.762918,2/1/2026,372529,2026-02-01 03:33:34 UTC,public,FALSE,FALSE
ELEC,CITY OF LACEY RAC3,8345 Steilacoom Road Southeast,Lacey,WA,98513,888-758-4389,E,,Public,,,1,,ChargePoint Network,47.046165,-122.762914,2/1/2026,372530,2026-02-01 03:33:34 UTC,public,FALSE,FALSE
ELEC,BELLINGHAM CITY MANNING,3255 Manning Street,Bellingham,WA,98226,888-758-4389,E,,Public,,2,,,ChargePoint Network,48.772981,-122.441873,2/1/2026,372534,2026-02-01 03:43:07 UTC,public,FALSE,FALSE
ELEC,BELLINGHAM CITY CAROLINA 1,1300 Carolina Street,Bellingham,WA,98229,888-758-4389,E,,Public,,2,,,ChargePoint Network,48.760327,-122.456912,2/1/2026,372535,2026-02-01 03:43:32 UTC,public,FALSE,FALSE
ELEC,BELLINGHAM CITY CAROLINA 3,1300 Carolina Street,Bellingham,WA,98229,888-758-4389,E,,Public,,2,,,ChargePoint Network,48.760283,-122.45683,2/1/2026,372536,2026-02-01 03:43:33 UTC,public,FALSE,FALSE
ELEC,BELLINGHAM CITY CAROLINA 2,1300 Carolina Street,Bellingham,WA,98229,888-758-4389,E,,Public,,2,,,ChargePoint Network,48.760315,-122.456722,2/1/2026,372537,2026-02-01 03:43:33 UTC,public,FALSE,FALSE
ELEC,WinCo Foods - Tesla Supercharger,2101 NE Andresen Rd,Vancouver,WA,98661,877-798-3752,E,,Public,,,12,,Tesla,45.638195,-122.598938,1/13/2025,372613,2025-05-06 21:07:47 UTC,public,FALSE,FALSE
ELEC,Westvue Apartments,14309 NE Woodinville Duvall Rd.,Woodinville,WA,98072,866-816-7584,E,,Public,,4,,,EV Connect,47.757162,-122.147667,2/1/2026,372720,2026-02-01 04:57:02 UTC,public,FALSE,FALSE
ELEC,Summit Building,55 1st Pl NW,Issaquah,WA,98027,866-816-7584,T,2/1/2026,TEMPORARILY UNAVAILABLE (Public),,2,,,EV Connect,47.530924,-122.037987,2/1/2026,372773,2026-02-01 04:57:01 UTC,public,FALSE,FALSE
ELEC,Sahalee Country Club,21200 NE Sahalee Country Club Dr.,Sammamish,WA,98074,866-816-7584,E,,Public,,6,,,EV Connect,47.635666,-122.053212,2/1/2026,372774,2026-02-01 04:57:02 UTC,public,FALSE,FALSE
ELEC,Lancer Lanes & Casino Clarkston - ULTRA,1250 Bridge Street,Clarkston,WA,99403,888-356-8911,E,,Public,,,2,,FLO,46.42016,-117.055684,2/1/2026,372789,2026-02-01 05:18:28 UTC,public,FALSE,FALSE
ELEC,Lancer Lanes & Casino Clarkston,1250 Bridge Street,Clarkston,WA,99403,888-356-8911,E,,Public,,2,,,FLO,46.42016,-117.055684,2/1/2026,372790,2026-02-01 05:18:30 UTC,public,FALSE,FALSE
ELEC,CJDR - Site 98022,726 Washington Avenue,Enumclaw,WA,98022,844-226-3873,E,,Public,,2,,,ABM,47.2043937,-121.9852566,2/1/2026,372795,2026-02-01 05:51:21 UTC,public,FALSE,FALSE
ELEC,OLYMPIA KIA OLYMPIASUBKIA1,2300 Carriage Loop SW,Olympia,WA,98502,888-758-4389,E,,Public,,,1,,ChargePoint Network,47.031769,-122.930813,2/1/2026,372810,2026-02-01 03:00:24 UTC,public,FALSE,FALSE
ELEC,Arvon Apartments,11603 NE 71st St,Vancouver,WA,98662,855-885-9571,E,,Public,,23,,,OpConnect,45.623182,-122.6732697,2/1/2026,372843,2026-02-01 04:48:57 UTC,public,FALSE,FALSE
ELEC,Riverside Lanes - Mt. Vernon,225 Riverside Ln,Mount Vernon,WA,98273,866-300-3827,E,,Public,,,3,,EVCS,48.4393349,-122.3365756,2/1/2026,372852,2026-02-01 05:51:22 UTC,public,FALSE,FALSE
ELEC,Town and Country Bainbridge,343 Winslow Way East,Bainbridge Island,WA,98110,866-300-3827,E,,Public,,1,4,,EVCS,47.624342,-122.5176591,2/1/2026,372853,2026-02-01 05:51:22 UTC,public,FALSE,FALSE
ELEC,Whole Foods Seattle (Westlake),2210 Westlake Ave,Seattle,WA,98121,877-455-3833,E,,Public,,,6,,eVgo Network,47.6183604,-122.3383451,1/31/2026,373069,2026-01-31 23:57:58 UTC,public,FALSE,FALSE
ELEC,Northgate QFC,11100 Roosevelt Way NE,Seattle,WA,98125,877-455-3833,T,1/27/2026,TEMPORARILY UNAVAILABLE (Public),,,2,,eVgo Network,47.70931,-122.31601,1/31/2026,373073,2026-01-31 23:57:59 UTC,public,FALSE,FALSE
ELEC,Central Highlands Plaza,4601 NE Sunset Blvd.,Renton,WA,98059,877-455-3833,E,,Public,,,6,,eVgo Network,47.5055425,-122.1575712,1/31/2026,373082,2026-01-31 23:58:02 UTC,public,FALSE,FALSE
ELEC,Fred Meyer Bellevue #23,2041 148th Ave NE,Bellevue,WA,98007,877-455-3833,E,,Public,,,4,,eVgo Network,47.6280692,-122.1438882,1/31/2026,373093,2026-01-31 23:58:07 UTC,public,FALSE,FALSE
ELEC,Fred Meyer WBN Burien #28,14300 1st Ave S,Burien,WA,98168,877-455-3833,E,,Public,,,6,,eVgo Network,47.476251,-122.332159,1/31/2026,373100,2026-01-31 23:58:09 UTC,public,FALSE,FALSE
ELEC,Google,1105 Valley St,Seattle,WA,98109,,E,,Private,,3,,,ChargePoint Network,47.62554123,-122.3355343,1/13/2025,373787,2025-02-12 00:16:32 UTC,private,,TRUE
ELEC,Google,2915 4th Ave S,Seattle,WA,98134,,E,,Private,,4,,,ChargePoint Network,47.5771014,-122.3295037,1/13/2025,373875,2025-02-12 00:16:32 UTC,private,,TRUE
ELEC,Google,303 Parkplace Center,Kirkland,WA,98033,,E,,Private,,4,,,ChargePoint Network,47.678,-122.198814,1/13/2025,373880,2025-02-12 00:16:32 UTC,private,,TRUE
ELEC,Google,308 Parkplace Center,Kirkland,WA,98033,,E,,Private,,6,,,ChargePoint Network,47.67763528,-122.1996451,1/13/2025,373881,2025-02-12 00:16:32 UTC,private,,TRUE
ELEC,Google,320 Park Pl,Kirkland,WA,98033,,E,,Private,,2,,,ChargePoint Network,47.677845,-122.1995,1/13/2025,373883,2025-02-12 00:16:32 UTC,private,,TRUE
ELEC,Google,328 Parkplace Center,Kirkland,WA,98033,,E,,Private,,6,,,ChargePoint Network,47.67784825,-122.1989143,1/13/2025,373885,2025-02-12 00:16:32 UTC,private,,TRUE
ELEC,Google,335 Parkplace Center,Kirkland,WA,98033,,E,,Private,,12,,,ChargePoint Network,47.6778185,-122.1990415,1/13/2025,373886,2025-02-12 00:16:32 UTC,private,,TRUE
ELEC,Google,340 Parkplace Center,Kirkland,WA,98033,,E,,Private,,2,,,ChargePoint Network,47.677876,-122.198975,1/13/2025,373887,2025-02-12 00:16:32 UTC,private,,TRUE
ELEC,Google,423 6th St S,Kirkland,WA,98033,,E,,Private,,24,,,ChargePoint Network,47.67154886,-122.1967259,1/13/2025,373893,2025-02-12 00:16:32 UTC,private,,TRUE
ELEC,Google,425 Urban Plaza,Kirkland,WA,98033,,E,,Private,,52,,,ChargePoint Network,47.67781317,-122.1991171,1/13/2025,373895,2025-06-27 18:08:17 UTC,private,,TRUE
ELEC,Google,457 Central Way,Kirkland,WA,98033,,E,,Private,,2,,,ChargePoint Network,47.67773209,-122.1987611,1/13/2025,373899,2025-02-12 00:16:32 UTC,private,,TRUE
ELEC,Google,515 6th St S,Kirkland,WA,98033,,E,,Private,,24,,,ChargePoint Network,47.6712554,-122.1971804,1/13/2025,373906,2025-02-12 00:16:32 UTC,private,,TRUE
ELEC,Google,602 Terry Ave N,Seattle,WA,98109,,E,,Private,,2,,,ChargePoint Network,47.62516525,-122.3369071,1/13/2025,373915,2025-02-12 00:16:32 UTC,private,,TRUE
ELEC,East Whatcom Regional Resource Center,8255 Kendall Rd SR547,Maple Falls,WA,98266,360-599-3944,E,,Public,,2,,,Non-Networked,48.94197,-122.14958,1/13/2025,373979,2025-02-12 00:16:32 UTC,public,FALSE,TRUE
ELEC,CITY OF LACEY WOODLAND CREEK,6729 Pacific Ave SE,Lacey,WA,98503,888-758-4389,E,,Public,,2,,,ChargePoint Network,47.039844,-122.794082,2/1/2026,374002,2026-02-01 03:41:46 UTC,public,FALSE,FALSE
ELEC,City of Colville - 202 N Main,202 N Main St,Colville,WA,99114,888-356-8911,E,,Public,,2,,,FLO,48.545784,-117.905506,2/1/2026,374183,2026-02-01 05:18:31 UTC,public,FALSE,FALSE
ELEC,Kaiser Permanente Everett Specialty Center,2929 Pine Street,Everett,WA,98201,888-998-2546,E,,Public,,12,,,Blink Network,47.97827179,-122.1919969,2/1/2026,374199,2026-02-01 00:35:14 UTC,public,FALSE,FALSE
ELEC,City of Colville - City Hall,170 S Oak St,Colville,WA,99114,888-356-8911,E,,Public,,2,,,FLO,48.543905,-117.904788,2/1/2026,374289,2026-02-01 05:18:31 UTC,public,FALSE,FALSE
ELEC,CAMP MURRAY STATION ANG-02,41st Division Way,Camp Murray,WA,98430,888-758-4389,E,,Public,,2,,,ChargePoint Network,47.114618,-122.574268,2/1/2026,374750,2026-02-01 03:45:05 UTC,public,FALSE,FALSE
ELEC,CAMP MURRAY STATION ANG-01,106 41st Division Way,Camp Murray,WA,98430,888-758-4389,E,,Public,,2,,,ChargePoint Network,47.114673,-122.574248,2/1/2026,374751,2026-02-01 03:45:06 UTC,public,FALSE,FALSE
ELEC,Interstate Tire and Auto,119 S 160th St,Burien,WA,98148,866-816-7584,E,,Public,,2,,,EV Connect,47.459552,-122.332668,2/1/2026,374774,2026-02-01 04:57:06 UTC,public,FALSE,FALSE
ELEC,CITYOFLEAVENWOR G-EV-C,170 US Highway 2,Leavenworth,WA,98826,888-758-4389,E,,Public,,2,,,ChargePoint Network,47.591307,-120.670714,2/1/2026,374826,2026-02-01 03:44:47 UTC,public,FALSE,FALSE
ELEC,CITYOFLEAVENWOR G-EV-B,170 US Highway 2,Leavenworth,WA,98826,888-758-4389,E,,Public,,2,,,ChargePoint Network,47.591289,-120.670838,2/1/2026,374827,2026-02-01 03:44:49 UTC,public,FALSE,FALSE
ELEC,CITYOFLEAVENWOR G-EV-A,170 US Highway 2,Leavenworth,WA,98826,888-758-4389,E,,Public,,2,,,ChargePoint Network,47.591265,-120.67074,2/1/2026,374828,2026-02-01 03:44:51 UTC,public,FALSE,FALSE
ELEC,CITYOFLEAVENWOR G-EV-D,170 US Highway 2,Leavenworth,WA,98826,888-758-4389,E,,Public,,2,,,ChargePoint Network,47.591258,-120.670703,2/1/2026,374829,2026-02-01 03:44:51 UTC,public,FALSE,FALSE
ELEC,Platinum Parking North West,1230 Western Avenue,Seattle,WA,98101,888-998-2546,T,1/25/2026,TEMPORARILY UNAVAILABLE (Public),,2,,,Blink Network,47.60631518,-122.3390575,2/1/2026,375269,2026-02-01 00:20:07 UTC,public,FALSE,FALSE
ELEC,BOREN LABS 1 NORTH CHARGING,1928 Boren Ave,Seattle,WA,98101,888-758-4389,E,,Public,,2,,,ChargePoint Network,47.617552,-122.333404,2/1/2026,375290,2026-02-01 03:44:11 UTC,public,FALSE,FALSE
ELEC,BOREN LABS 1 SOUTH CHARGING,1918 Boren Ave,Seattle,WA,98101,888-758-4389,E,,Public,,2,,,ChargePoint Network,47.617674,-122.333222,2/1/2026,375291,2026-02-01 03:44:11 UTC,public,FALSE,FALSE
ELEC,THE BOEING CO 1788 #3,898 Pacific Ave N,Auburn,WA,98001,888-758-4389,E,,Public,,2,,,ChargePoint Network,47.279022,-122.239425,2/1/2026,375365,2026-02-01 03:34:01 UTC,public,FALSE,FALSE
ELEC,Starbucks,8915 E Trent Ave,Spokane,WA,99212,509-922-8675,E,,Public,,4,,,Non-Networked,47.6812757,-117.2839276,1/13/2025,375434,2025-02-12 00:16:32 UTC,public,FALSE,FALSE
ELEC,Tru by Hilton,13509 E Mansfield Ave,Spokane Valley,WA,99216,509-782-9878,E,,Public,,6,,,Non-Networked,47.6773804,-117.2231773,1/13/2025,375435,2025-02-12 00:16:32 UTC,public,FALSE,FALSE
ELEC,CENT COLLE EV CHARGER 2,600 Centralia College Boulevard,Centralia,WA,98531,888-758-4389,E,,Public,,2,,,ChargePoint Network,46.714648,-122.963464,2/1/2026,375724,2026-02-01 03:47:00 UTC,public,FALSE,FALSE
ELEC,CENT COLLE EV CHARGER 1,600 Centralia College Boulevard,Centralia,WA,98531,888-758-4389,E,,Public,,2,,,ChargePoint Network,46.714613,-122.963463,2/1/2026,375725,2026-02-01 03:47:00 UTC,public,FALSE,FALSE
ELEC,Municipal Lot Fast Charger,728 Market St.,Tacoma,WA,98402,888-356-8911,E,,Public,,,2,,FLO,47.2564939,-122.4425869,2/1/2026,375743,2026-02-01 05:18:35 UTC,public,FALSE,FALSE
ELEC,Westlie Ford,40 S Marina Way,Washougal,WA,98671,888-357-1009,E,,Public,,,4,,FORD_CHARGE,45.57964,-122.37971,2/1/2026,375842,2026-02-01 06:53:38 UTC,public,FALSE,FALSE
ELEC,Bud Clary Ford,700 7th Ave,Longview,WA,98632,888-357-1009,E,,Public,,,4,,FORD_CHARGE,46.125551,-122.929511,2/1/2026,375843,2026-02-01 06:53:48 UTC,public,FALSE,FALSE
ELEC,Bud Clary Ford of Moses Lake,1140 S Pioneer Way,Moses Lake,WA,98837,888-357-1009,E,,Public,,,4,,FORD_CHARGE,47.119056,-119.26758,2/1/2026,375844,2026-02-01 06:53:52 UTC,public,FALSE,FALSE
ELEC,"Muckleshoot Indian Tribe, Government – CCDF",37521 156th Avenue Southeast,Auburn,WA,98092,888-998-2546,E,,Public,,4,,,Blink Network,47.26556177,-122.1349922,2/1/2026,375963,2026-02-01 00:38:44 UTC,public,FALSE,FALSE
ELEC,AV Capital - Parking Lot,3201 East 33rd Street,Vancouver,WA,98661,888-998-2546,E,,Public,,2,,,Blink Network,45.64434939,-122.6344231,2/1/2026,376079,2026-02-01 00:53:09 UTC,public,FALSE,FALSE
ELEC,531629  Lakewood Office Building I,5712 Main Street Southwest,Lakewood,WA,98499,888-998-2546,E,,Public,,6,,,Blink Network,47.1614048,-122.5144065,2/1/2026,376148,2026-02-01 00:15:05 UTC,public,FALSE,FALSE
ELEC,Fairwood,14300 Southeast 171st Way,Renton,WA,98058,888-998-2546,E,,Public,,2,,,Blink Network,47.44626469,-122.148016,2/1/2026,376330,2026-02-01 00:12:29 UTC,public,FALSE,FALSE
ELEC,Sterling Ridge,11328 Southeast Kent-Kangley Road,Kent,WA,98030,888-998-2546,E,,Public,,1,,,Blink Network,47.36843443,-122.1892679,2/1/2026,376332,2026-02-01 00:18:53 UTC,public,FALSE,FALSE
ELEC,Friendly Village,18425 Northeast 95th Street,Redmond,WA,98052,888-998-2546,E,,Public,,1,,,Blink Network,47.6834253,-122.093351,2/1/2026,376333,2026-02-01 00:25:57 UTC,public,FALSE,FALSE
ELEC,Surrey down II,13035 Southeast 26th Street,Bellevue,WA,98005,888-998-2546,E,,Public,,1,,,Blink Network,47.58660009,-122.1657578,2/1/2026,376335,2026-02-01 00:58:17 UTC,public,FALSE,FALSE
ELEC,Red Dot Corporation,2504 E Main Ave,Puyallup,WA,98372,949-945-2000,E,,Public,,2,,,EVGATEWAY,47.1914488,-122.2610199,2/1/2026,376550,2026-02-01 06:12:48 UTC,public,FALSE,FALSE
ELEC,City of Normandy Park,801 SW 174th St,Normandy Park,WA,98166,866-816-7584,E,,Public,,2,,,EV Connect,47.445558,-122.345547,2/1/2026,376663,2026-02-01 04:57:08 UTC,public,FALSE,FALSE
ELEC,NORAM DEXTER 1,1101 Dexter Ave N,Seattle,WA,98109,888-758-4389,E,,Public,,2,,,ChargePoint Network,47.628734,-122.342924,2/1/2026,377528,2026-02-01 01:04:59 UTC,public,FALSE,FALSE
ELEC,NORAM DEXTER 3,1101 Dexter Ave N,Seattle,WA,98109,888-758-4389,E,,Public,,2,,,ChargePoint Network,47.6285,-122.342944,2/1/2026,377529,2026-02-01 01:12:59 UTC,public,FALSE,FALSE
ELEC,NORAM DEXTER 2,1101 Dexter Ave N,Seattle,WA,98109,888-758-4389,E,,Public,,2,,,ChargePoint Network,47.628558,-122.342944,2/1/2026,377530,2026-02-01 01:13:00 UTC,public,FALSE,FALSE
ELEC,NORAM DEXTER 4,1101 Dexter Ave N,Seattle,WA,98109,888-758-4389,E,,Public,,2,,,ChargePoint Network,47.628616,-122.342933,2/1/2026,377531,2026-02-01 01:13:00 UTC,public,FALSE,FALSE
ELEC,NORAM DEXTER 5,1101 Dexter Ave N,Seattle,WA,98109,888-758-4389,E,,Public,,2,,,ChargePoint Network,47.628639,-122.342659,2/1/2026,377532,2026-02-01 01:25:31 UTC,public,FALSE,FALSE
ELEC,NORAM DEXTER 6,1101 Dexter Ave N,Seattle,WA,98109,888-758-4389,E,,Public,,2,,,ChargePoint Network,47.628509,-122.342643,2/1/2026,377533,2026-02-01 01:25:31 UTC,public,FALSE,FALSE
ELEC,SCD NE 8th LLC,10770 Northeast 8th Street,Bellevue,WA,98004,888-998-2546,E,,Public,,15,,,Blink Network,47.61793514,-122.1963953,2/1/2026,377591,2026-02-01 00:25:49 UTC,public,FALSE,FALSE
ELEC,Bennington On First,505 Southeast 184th Avenue,Vancouver,WA,98683,888-998-2546,E,,Public,,6,,,Blink Network,45.61957295,-122.48451,2/1/2026,378991,2026-02-01 00:12:49 UTC,public,FALSE,FALSE
ELEC,Bellevue 108 Avenue Owner LLC,333 108th Avenue Northeast,Bellevue,WA,98004,888-998-2546,E,,Public,,2,,,Blink Network,47.61343,-122.19698,2/1/2026,380225,2026-02-01 00:23:21 UTC,public,FALSE,FALSE
ELEC,Wapato Point Resort,1 Wapato Point Parkway,Manson,WA,98831,888-998-2546,E,,Public,,5,,,Blink Network,47.8819832,-120.1546971,2/1/2026,380234,2026-02-01 00:25:20 UTC,public,FALSE,FALSE
ELEC,The Outlook Apartments,10234 194th Street East,Graham,WA,98338,888-998-2546,E,,Public,,1,,,Blink Network,47.079736,-122.292061,2/1/2026,381669,2026-02-01 00:38:39 UTC,public,FALSE,FALSE
ELEC,(Staff) Summit Veterinary Referral,2505 South 80th Street,Tacoma,WA,98409,888-998-2546,E,,Public,,2,,,Blink Network,47.18524,-122.47072,2/1/2026,381773,2026-02-01 00:39:36 UTC,public,FALSE,FALSE
ELEC,WDFW Region 3,1701 South 24th Avenue,Yakima,WA,98902,888-998-2546,E,,Public,,2,,,Blink Network,46.5740206,-120.5397233,2/1/2026,382038,2026-02-01 00:42:04 UTC,public,FALSE,FALSE
ELEC,BELLINGHAM CITY MILL 1,1011 Mill Avenue,Bellingham,WA,98225,888-758-4389,E,,Public,,2,,,ChargePoint Network,48.720831,-122.504186,2/1/2026,383828,2026-02-01 03:48:02 UTC,public,FALSE,FALSE
ELEC,BELLINGHAM CITY CAROLINA DC1,1300 Carolina Street,Bellingham,WA,98229,888-758-4389,E,,Public,,,1,,ChargePoint Network,48.760334,-122.457017,2/1/2026,384079,2026-02-01 03:49:22 UTC,public,FALSE,FALSE
ELEC,BELLINGHAM CITY CAROLINA DC2,1300 Carolina St,Bellingham,WA,98229,888-758-4389,E,,Public,,,1,,ChargePoint Network,48.760109,-122.457275,2/1/2026,384080,2026-02-01 03:49:22 UTC,public,FALSE,FALSE
ELEC,EVROADWAY WA-PACSCI01,164 2nd Ave,Seattle,WA,98109,888-758-4389,E,,Public,,,1,,ChargePoint Network,47.619373,-122.352683,2/1/2026,384081,2026-02-01 03:49:22 UTC,public,FALSE,FALSE
ELEC,EVROADWAY WA-N-COLLEGE01,9600 College Way N,Seattle,WA,98103,888-758-4389,E,,Public,,,1,,ChargePoint Network,47.699417,-122.334601,2/1/2026,384082,2026-02-01 03:49:23 UTC,public,FALSE,FALSE
ELEC,EVROADWAY WA-C-COLLEGE01,1601 Harvard Ave,Seattle,WA,98122,888-758-4389,E,,Public,,,1,,ChargePoint Network,47.615459,-122.322558,2/1/2026,384141,2026-02-01 03:49:21 UTC,public,FALSE,FALSE
ELEC,EVROADWAY WA-G-COLLEGE01,6737 Corson Avenue South,Seattle,WA,98108,888-758-4389,E,,Public,,,1,,ChargePoint Network,47.54231,-122.324521,2/1/2026,384144,2026-02-01 03:49:24 UTC,public,FALSE,FALSE
ELEC,BELLINGHAM CITY CIVIC FIELD DC1,1355 Civic Field Way,Bellingham,WA,98229,888-758-4389,E,,Public,,,1,,ChargePoint Network,48.74741,-122.457767,2/1/2026,384146,2026-02-01 03:49:25 UTC,public,FALSE,FALSE
ELEC,BELLINGHAM CITY CIVIC FIELD DC2,1355 Civic Field Way,Bellingham,WA,98229,888-758-4389,T,1/28/2026,TEMPORARILY UNAVAILABLE (Public),,,1,,ChargePoint Network,48.747404,-122.457721,2/1/2026,384147,2026-02-01 03:49:25 UTC,public,FALSE,FALSE
ELEC,EVROADWAY WA-S-COLLEGE01,6000 16th Ave SW,Seattle,WA,98106,888-758-4389,E,,Public,,,1,,ChargePoint Network,47.546315,-122.351959,2/1/2026,384150,2026-02-01 03:49:26 UTC,public,FALSE,FALSE
ELEC,CCPUD NO 1 10,203 Olds Station Road,Wenatchee,WA,98801,888-758-4389,E,,Public,,2,,,ChargePoint Network,47.462235,-120.33263,2/1/2026,384297,2026-02-01 03:47:40 UTC,public,FALSE,FALSE
ELEC,CCPUD NO 1 11,203 Olds Station Road,Wenatchee,WA,98801,888-758-4389,E,,Public,,2,,,ChargePoint Network,47.462242,-120.332556,2/1/2026,384298,2026-02-01 03:47:40 UTC,public,FALSE,FALSE
ELEC,CCPUD NO 1 12,203 Olds Station Road,Wenatchee,WA,98801,888-758-4389,E,,Public,,2,,,ChargePoint Network,47.462231,-120.332484,2/1/2026,384310,2026-02-01 03:48:41 UTC,public,FALSE,FALSE
ELEC,CCPUD NO 1 13,203 Olds Station Road,Wenatchee,WA,98801,888-758-4389,E,,Public,,1,,,ChargePoint Network,47.462245,-120.332444,2/1/2026,384311,2026-02-01 03:48:41 UTC,public,FALSE,FALSE
ELEC,CCPUD NO 1 14,203 Olds Station Road,Wenatchee,WA,98801,888-758-4389,E,,Public,,2,,,ChargePoint Network,47.462235,-120.332311,2/1/2026,384312,2026-02-01 03:48:42 UTC,public,FALSE,FALSE
ELEC,CCPUD NO 1 15,203 Olds Station Road,Wenatchee,WA,98801,888-758-4389,E,,Public,,2,,,ChargePoint Network,47.462241,-120.332242,2/1/2026,384313,2026-02-01 03:48:42 UTC,public,FALSE,FALSE
ELEC,CCPUD NO 1 16,203 Olds Station Road,Wenatchee,WA,98801,888-758-4389,E,,Public,,2,,,ChargePoint Network,47.462244,-120.33217,2/1/2026,384314,2026-02-01 03:48:42 UTC,public,FALSE,FALSE
ELEC,PUD CHARGERS 9,203 Olds Station Rd,Wenatchee,WA,98801,888-758-4389,E,,Public,,1,,,ChargePoint Network,47.462071,-120.332739,2/1/2026,384315,2026-02-01 03:48:43 UTC,public,FALSE,FALSE
ELEC,BELLINGHAM CITY CORDATA DC1,4194 Cordata Pkwy,Bellingham,WA,98226,888-758-4389,E,,Public,,,1,,ChargePoint Network,48.792944,-122.490998,2/1/2026,384395,2026-02-01 03:49:30 UTC,public,FALSE,FALSE
ELEC,Gonzaga - Sustainability House,521 E Sharp Ave,Spokane,WA,99258,888-356-8911,E,,Public,,2,,,FLO,47.669994,-117.401782,2/1/2026,384443,2026-02-01 05:18:39 UTC,public,FALSE,FALSE
ELEC,CSG EV AAA TACOMA - #4,1801 S Union Ave,Tacoma,WA,98405,888-758-4389,E,,Public,,,1,,ChargePoint Network,47.243384,-122.482627,2/1/2026,384532,2026-02-01 03:46:02 UTC,public,FALSE,FALSE
ELEC,CSG EV AAA TACOMA - #3,1801 S Union Ave,Tacoma,WA,98405,888-758-4389,T,1/31/2026,TEMPORARILY UNAVAILABLE (Public),,,1,,ChargePoint Network,47.243398,-122.482594,2/1/2026,384533,2026-02-01 03:46:02 UTC,public,FALSE,FALSE
ELEC,PSE: Trailhead Apartments,1970 NE Fuson Rd,Bremerton,WA,98311,866-816-7584,E,,Public,,8,,,EV Connect,47.614616,-122.623901,2/1/2026,384560,2026-02-01 04:57:05 UTC,public,FALSE,FALSE
ELEC,Gonzaga - Madonna Hall,1021 North Cincinnati Street,Spokane,WA,99202,888-356-8911,E,,Public,,2,,,FLO,47.666927,-117.397347,2/1/2026,384561,2026-02-01 05:18:39 UTC,public,FALSE,FALSE
ELEC,CSG EV AAA TACOMA - #2,1801 S Union Ave,Tacoma,WA,98405,888-758-4389,E,,Public,,,1,,ChargePoint Network,47.243462,-122.482071,2/1/2026,384627,2026-02-01 02:11:25 UTC,public,FALSE,FALSE
ELEC,CSG EV AAA TACOMA - #1,1801 S Union Ave,Tacoma,WA,98405,888-758-4389,E,,Public,,,1,,ChargePoint Network,47.243423,-122.482646,2/1/2026,384631,2026-02-01 03:46:03 UTC,public,FALSE,FALSE
ELEC,AAA Washington,3605 132nd Ave SE,Bellevue,WA,98006,866-816-7584,E,,Public,,1,,,EV Connect,47.579256,-122.16531,2/1/2026,384836,2026-02-01 04:57:02 UTC,public,FALSE,FALSE
ELEC,Avista - Rosalia,534 S Whitman St,Rosalia,WA,99170,888-356-8911,E,,Public,,2,,,FLO,47.234716,-117.370127,2/1/2026,384842,2026-02-01 05:18:39 UTC,public,FALSE,FALSE
ELEC,Gonzaga - Music Hall,502 E Boone Ave,Spokane,WA,99258,888-356-8911,E,,Public,,4,,,FLO,47.669084,-117.402419,2/1/2026,384843,2026-02-01 05:18:40 UTC,public,FALSE,FALSE
ELEC,TPS FACILITIES TPS DOWNING 1,5130 N 26th St,Tacoma,WA,98406,888-758-4389,E,,Public,,2,,,ChargePoint Network,47.270436,-122.506419,2/1/2026,384884,2026-02-01 02:45:39 UTC,public,FALSE,FALSE
ELEC,SOUNDFORDELEC25 CP6000-1,101 Southwest Grady Wy,Renton,WA,98057,888-758-4389,E,,Public,,2,,,ChargePoint Network,47.47001,-122.218895,2/1/2026,384905,2026-02-01 03:49:36 UTC,public,FALSE,FALSE
ELEC,Hughes,East Cataldo Avenue,Spokane,WA,99258,888-356-8911,E,,Public,,2,,,FLO,47.666787,-117.403546,2/1/2026,384929,2026-02-01 05:18:40 UTC,public,FALSE,FALSE
ELEC,Gonzaga - Business Service Center,102 E Boone Ave,Spokane,WA,99258,888-356-8911,E,,Public,,2,,,FLO,47.668057,-117.409312,2/1/2026,387003,2026-02-01 05:18:40 UTC,public,FALSE,FALSE
ELEC,City of Palouse - Heritage Park,120 E Main St,Palouse,WA,99161,888-356-8911,E,,Public,,1,,,FLO,46.909463,-117.075478,2/1/2026,387123,2026-02-01 05:18:41 UTC,public,FALSE,FALSE
ELEC,OpenRoad NW,13617 NE 20th Street,Bellevue,WA,98005,888-356-8911,E,,Public,,3,,,FLO,47.6271375,-122.1583878,2/1/2026,387205,2026-02-01 05:18:41 UTC,public,FALSE,FALSE
ELEC,CITY LIGHT ADAMS 2,1722 Northwest 57th Street,Seattle,WA,98107,888-758-4389,E,,Public,,1,,,ChargePoint Network,47.670265,-122.379499,2/1/2026,387291,2026-02-01 03:50:38 UTC,public,FALSE,FALSE
ELEC,CITY LIGHT ADAMS 1,1722 Northwest 57th Street,Seattle,WA,98107,888-758-4389,E,,Public,,1,,,ChargePoint Network,47.67027,-122.3795,2/1/2026,387292,2026-02-01 03:50:38 UTC,public,FALSE,FALSE
ELEC,AMZ SEA113 - 7,85 106th Avenue Northeast,Bellevue,WA,98004,888-758-4389,E,,Public,,2,,,ChargePoint Network,47.610585,-122.199599,2/1/2026,387354,2026-02-01 03:47:08 UTC,public,FALSE,FALSE
ELEC,AMZ SEA113 - 8,85 106th Avenue Northeast,Bellevue,WA,98004,888-758-4389,E,,Public,,2,,,ChargePoint Network,47.610542,-122.199602,2/1/2026,387355,2026-02-01 03:47:08 UTC,public,FALSE,FALSE
ELEC,AMZ SEA113 - 9,85 106th Avenue Northeast,Bellevue,WA,98004,888-758-4389,E,,Public,,2,,,ChargePoint Network,47.610541,-122.199516,2/1/2026,387356,2026-02-01 03:47:09 UTC,public,FALSE,FALSE
ELEC,AMZ SEA113 - 10,85 106th Avenue Northeast,Bellevue,WA,98004,888-758-4389,E,,Public,,2,,,ChargePoint Network,47.610599,-122.199575,2/1/2026,387357,2026-02-01 03:47:09 UTC,public,FALSE,FALSE
ELEC,AMZ SEA113 - 11,85 106th Avenue Northeast,Bellevue,WA,98004,888-758-4389,E,,Public,,2,,,ChargePoint Network,47.610528,-122.199633,2/1/2026,387358,2026-02-01 03:47:09 UTC,public,FALSE,FALSE
ELEC,AMZ SEA113 - 15,85 106th Avenue Northeast,Bellevue,WA,98004,888-758-4389,E,,Public,,2,,,ChargePoint Network,47.610473,-122.199547,2/1/2026,387359,2026-02-01 03:47:09 UTC,public,FALSE,FALSE
ELEC,AMZ SEA113 - 12,85 106th Avenue Northeast,Bellevue,WA,98004,888-758-4389,E,,Public,,2,,,ChargePoint Network,47.610509,-122.199569,2/1/2026,387360,2026-02-01 03:47:28 UTC,public,FALSE,FALSE
ELEC,AMZ SEA113 - 13,85 106th Avenue Northeast,Bellevue,WA,98004,888-758-4389,E,,Public,,2,,,ChargePoint Network,47.610488,-122.199646,2/1/2026,387378,2026-02-01 03:50:38 UTC,public,FALSE,FALSE
ELEC,TLCMP A1-1,22215 Dauntless Dr NW,Poulsbo,WA,98370,888-758-4389,E,,Public,,1,,,ChargePoint Network,47.765325,-122.655228,2/1/2026,387392,2026-02-01 03:50:53 UTC,public,FALSE,FALSE
ELEC,TLCMP A1-2,22215 Dauntless Dr NW,Poulsbo,WA,98370,888-758-4389,E,,Public,,1,,,ChargePoint Network,47.765389,-122.654973,2/1/2026,387396,2026-02-01 03:50:55 UTC,public,FALSE,FALSE
ELEC,TLCMP A2-1,22215 Dauntless Dr NW,Poulsbo,WA,98370,888-758-4389,E,,Public,,1,,,ChargePoint Network,47.765324,-122.655083,2/1/2026,387397,2026-02-01 03:50:56 UTC,public,FALSE,FALSE
ELEC,TLCMP A2-2,22215 Dauntless Dr NW,Poulsbo,WA,98370,888-758-4389,E,,Public,,1,,,ChargePoint Network,47.765331,-122.655126,2/1/2026,387398,2026-02-01 03:50:56 UTC,public,FALSE,FALSE
ELEC,TLCMP B1-1,22200 Dauntless Dr NW,Poulsbo,WA,98370,888-758-4389,E,,Public,,1,,,ChargePoint Network,47.76354,-122.656533,2/1/2026,387399,2026-02-01 03:50:56 UTC,public,FALSE,FALSE
ELEC,TLCMP B1-2,22200 Dauntless Dr NW,Poulsbo,WA,98370,888-758-4389,E,,Public,,1,,,ChargePoint Network,47.763533,-122.656296,2/1/2026,387400,2026-02-01 03:50:56 UTC,public,FALSE,FALSE
ELEC,TLCMP B2-1,22200 Dauntless Dr NW,Poulsbo,WA,98370,888-758-4389,E,,Public,,1,,,ChargePoint Network,47.763526,-122.6559,2/1/2026,387401,2026-02-01 03:50:56 UTC,public,FALSE,FALSE
ELEC,TLCMP B2-2,22200 Dauntless Dr NW,Poulsbo,WA,98370,888-758-4389,E,,Public,,1,,,ChargePoint Network,47.763522,-122.656012,2/1/2026,387402,2026-02-01 03:50:57 UTC,public,FALSE,FALSE
ELEC,1313 E COLUMBIA CLMB 2707 WEST,1313 E Columbia St,Seattle,WA,98122,888-758-4389,E,,Public,,2,,,ChargePoint Network,47.60829,-122.314623,2/1/2026,387517,2026-02-01 03:50:45 UTC,public,FALSE,FALSE
ELEC,1313 E COLUMBIA CLMB 3274 EAST,1313 E Columbia St,Seattle,WA,98122,888-758-4389,E,,Public,,2,,,ChargePoint Network,47.608304,-122.314505,2/1/2026,387518,2026-02-01 03:50:45 UTC,public,FALSE,FALSE
ELEC,AMZ SEA113 - 14,85 106th Ave NE,Bellevue,WA,98004,888-758-4389,E,,Public,,2,,,ChargePoint Network,47.610368,-122.199158,2/1/2026,387520,2026-02-01 03:50:50 UTC,public,FALSE,FALSE
ELEC,SOUTH HILL STATION 1,250 North State Street,Bellingham,WA,98225,888-758-4389,E,,Public,,2,,,ChargePoint Network,48.737639,-122.492652,2/1/2026,387525,2026-02-01 03:50:57 UTC,public,FALSE,FALSE
ELEC,Avista - Gonzaga School of Law ACL2,721 North Cincinnati Street,Spokane,WA,99202,888-356-8911,E,,Public,,4,,,FLO,47.66355,-117.39822,2/1/2026,387587,2026-02-01 05:18:41 UTC,public,FALSE,FALSE
ELEC,7700 E Sprague Ave,7700 E Sprague Ave,Spokane Valley,WA,99212,866-816-7584,E,,Public,,4,,,EV Connect,47.655846,-117.303141,2/1/2026,387787,2026-02-01 04:55:20 UTC,public,FALSE,FALSE
ELEC,Vantage Glen,18100 107th Place Southeast,Renton,WA,98055,888-998-2546,E,,Public,,1,,,Blink Network,47.44022546,-122.2001054,2/1/2026,387866,2026-02-01 00:31:44 UTC,public,FALSE,FALSE
ELEC,CITY LIGHT WATERFRONT 1,56 Seneca St,Seattle,WA,98101,888-758-4389,E,,Public,,,1,,ChargePoint Network,47.605576,-122.338941,2/1/2026,387923,2026-02-01 03:51:03 UTC,public,FALSE,FALSE
ELEC,CITY LIGHT RIVERVIEW 2,5995 16th Ave SW,Seattle,WA,98106,888-758-4389,E,,Public,,1,,,ChargePoint Network,47.547937,-122.354985,2/1/2026,388222,2026-02-01 03:51:59 UTC,public,FALSE,FALSE
ELEC,Fairway Apartments,9907 W Aero Rd,Cheney,WA,99004,1-800-636-0986,E,,Public,,2,,,CHARGELAB,47.58728706,-117.5501328,7/21/2025,388247,2025-07-21 04:28:54 UTC,public,,FALSE
ELEC,UPTOWN WEST,4793 Point Fosdick Dr,Gig Harbor,WA,98335,888-758-4389,E,,Public,,2,,,ChargePoint Network,47.301292,-122.576824,2/1/2026,388273,2026-02-01 03:50:47 UTC,public,FALSE,FALSE
ELEC,UPTOWN EAST,4793 Point Fosdick Dr,Gig Harbor,WA,98335,888-758-4389,E,,Public,,2,,,ChargePoint Network,47.301277,-122.576856,2/1/2026,388274,2026-02-01 03:50:47 UTC,public,FALSE,FALSE
ELEC,Project Hawk,5802 N Capitol Ave,Pasco,WA,99301,888-222-6618,E,,Public,,2,,,NOODOE,46.2814932,-119.0862511,2/1/2026,388372,2026-02-01 05:51:58 UTC,public,FALSE,FALSE
ELEC,SNOPUD POWERED MUARL3101#3,17601 59th Avenue Northeast,Arlington,WA,98223,888-758-4389,E,,Public,,2,,,ChargePoint Network,48.15627,-122.150476,2/1/2026,388660,2026-02-01 03:35:30 UTC,public,FALSE,FALSE
ELEC,SNOPUD POWERED MUARL3101#4,17601 59th Ave NE,Arlington,WA,98223,888-758-4389,E,,Public,,1,,,ChargePoint Network,48.156185,-122.1507,2/1/2026,388663,2026-02-01 03:39:32 UTC,public,FALSE,FALSE
ELEC,SNOPUD POWERED MUARL3101#2,17601 59th Ave NE,Arlington,WA,98223,888-758-4389,E,,Public,,2,,,ChargePoint Network,48.156185,-122.150754,2/1/2026,388664,2026-02-01 03:39:32 UTC,public,FALSE,FALSE
ELEC,SNOPUD POWERED MUARL3101#1,17601 59th Ave NE,Arlington,WA,98223,888-758-4389,E,,Public,,2,,,ChargePoint Network,48.156185,-122.150572,2/1/2026,388665,2026-02-01 03:39:32 UTC,public,FALSE,FALSE
ELEC,BELLINGHAM CITY PADDEN 1,4882 S Samish Way,Bellingham,WA,98226,888-758-4389,E,,Public,,2,,,ChargePoint Network,48.698297,-122.443227,2/1/2026,388731,2026-02-01 03:50:29 UTC,public,FALSE,FALSE
ELEC,CITY LIGHT W QUEEN ANNE 2,550 West Olympic Place,Seattle,WA,98119,888-758-4389,E,,Public,,1,,,ChargePoint Network,47.627041,-122.364341,2/1/2026,388748,2026-02-01 03:52:32 UTC,public,FALSE,FALSE
ELEC,CITY LIGHT TUKWILA 4,13050 Interurban Ave S,Tukwila,WA,98168,888-758-4389,E,,Public,,,1,,ChargePoint Network,47.485076,-122.272667,2/1/2026,389081,2026-02-01 03:53:02 UTC,public,FALSE,FALSE
ELEC,CITY LIGHT TUKWILA 3,13050 Interurban Ave S,Tukwila,WA,98168,888-758-4389,E,,Public,,,1,,ChargePoint Network,47.485079,-122.272621,2/1/2026,389084,2026-02-01 03:53:03 UTC,public,FALSE,FALSE
ELEC,Gonzaga - BARC Parking (Public),817 East Boone Avenue,Spokane,WA,99202,888-356-8911,E,,Public,,8,,,FLO,47.668163,-117.397075,2/1/2026,389094,2026-02-01 05:18:44 UTC,public,FALSE,FALSE
ELEC,The Carriage House,18305 96th Ave NE,Bothell,WA,98011,866-816-7584,E,,Public,,2,,,EV Connect,47.760978,-122.212938,2/1/2026,389167,2026-02-01 04:57:27 UTC,public,FALSE,FALSE
ELEC,"CircleK - Wenatchee, WA",153 Easy St,Wenatchee,WA,98801,833-505-2291,E,,Public,,,4,,CIRCLE_K,47.46825,-120.33491,5/12/2025,389245,2025-05-12 16:15:59 UTC,public,FALSE,FALSE
ELEC,RETAIL PARKING PARK 88 #3,88 102nd Ave NE,Bellevue,WA,98004,888-758-4389,E,,Public,,2,,,ChargePoint Network,47.611146,-122.203926,2/1/2026,389395,2026-02-01 01:14:33 UTC,public,FALSE,FALSE
ELEC,RETAIL PARKING PARK 88 #2,88 102nd Ave NE,Bellevue,WA,98004,888-758-4389,E,,Public,,2,,,ChargePoint Network,47.611146,-122.203926,2/1/2026,389396,2026-02-01 01:14:44 UTC,public,FALSE,FALSE
ELEC,RETAIL PARKING PARK 88 #1,88 102nd Ave NE,Bellevue,WA,98004,888-758-4389,E,,Public,,2,,,ChargePoint Network,47.611146,-122.203926,2/1/2026,389397,2026-02-01 01:14:44 UTC,public,FALSE,FALSE
ELEC,DCPUD WELLS DAM PL 2,375 Azwell Rd,Pateros,WA,98846,888-758-4389,E,,Public,,,2,,ChargePoint Network,47.949368,-119.876407,2/1/2026,389462,2026-02-01 03:48:04 UTC,public,FALSE,FALSE
ELEC,RETAIL PARKING STALL 60 & 62,88 102nd Ave NE,Bellevue,WA,98004,888-758-4389,E,,Public,,2,,,ChargePoint Network,47.611146,-122.203926,2/1/2026,389470,2026-02-01 03:48:09 UTC,public,FALSE,FALSE
ELEC,RETAIL PARKING STALL 56 & 58,88 102nd Ave NE,Bellevue,WA,98004,888-758-4389,E,,Public,,2,,,ChargePoint Network,47.611146,-122.203926,2/1/2026,389471,2026-02-01 03:48:50 UTC,public,FALSE,FALSE
ELEC,Whitworth - Athletics Leadership Team Bldg,300 West Hawthorne Road,Spokane,WA,99218,888-356-8911,E,,Public,,2,,,FLO,47.754201,-117.42127,2/1/2026,389553,2026-02-01 05:18:43 UTC,public,FALSE,FALSE
ELEC,Whitworth - Oliver Hall,300 West Hawthorne Road,Spokane,WA,99251,888-356-8911,E,,Public,,2,,,FLO,47.754999,-117.413253,2/1/2026,389554,2026-02-01 05:18:43 UTC,public,FALSE,FALSE
ELEC,Whitworth - Boppell Hall,300 West Hawthorne Road,Spokane,WA,99251,888-356-8911,E,,Public,,2,,,FLO,47.753395,-117.413321,2/1/2026,389555,2026-02-01 05:18:44 UTC,public,FALSE,FALSE
ELEC,Connell,211 South Columbia Avenue,Connell,WA,99326,888-356-8911,E,,Public,,1,1,,FLO,46.659123,-118.861159,2/1/2026,389675,2026-02-01 05:18:45 UTC,public,FALSE,FALSE
ELEC,CITY LIGHT CID 1,649 7th Avenue South,Seattle,WA,98104,888-758-4389,E,,Public,,1,,,ChargePoint Network,47.597099,-122.323865,2/1/2026,389789,2026-02-01 03:53:44 UTC,public,FALSE,FALSE
ELEC,Rockwood PM - Adirondack Lodge,2711 E Adirondack Ln,Spokane,WA,99223,888-356-8911,E,,Public,,2,,,FLO,47.61438,-117.370552,2/1/2026,389825,2026-02-01 05:18:45 UTC,public,FALSE,FALSE
ELEC,HARBOR CENTER FISH PAVILLION,2599 S Harbor Loop Dr,Bellingham,WA,98225,888-758-4389,E,,Public,,2,,,ChargePoint Network,48.754537,-122.501213,2/1/2026,389901,2026-02-01 03:51:36 UTC,public,FALSE,FALSE
ELEC,Sea Tac Office Center,18000 International Boulevard,SeaTac,WA,98188,888-998-2546,E,,Public,,4,,,Blink Network,47.4413275,-122.2950909,2/1/2026,389950,2026-02-01 00:44:07 UTC,public,FALSE,FALSE
ELEC,Brotherton Cadillac Buick GMC.,215 Southwest 12th Street,Renton,WA,98057,888-998-2546,E,,Public,,6,2,,Blink Network,47.46910948,-122.2207897,2/1/2026,389951,2026-02-01 00:45:32 UTC,public,FALSE,FALSE
ELEC,SUMMERWALK VILLAGE 1,5134 Yelm Highway Southeast,Lacey,WA,98513,888-758-4389,E,,Public,,1,,,ChargePoint Network,46.996944,-122.817128,2/1/2026,389969,2026-02-01 03:51:32 UTC,public,FALSE,FALSE
ELEC,SUMMERWALK VILLAGE 2,5134 Yelm Highway Southeast,Lacey,WA,98513,888-758-4389,E,,Public,,1,,,ChargePoint Network,46.996974,-122.817106,2/1/2026,389970,2026-02-01 03:51:32 UTC,public,FALSE,FALSE
ELEC,SUMMERWALK VILLAGE 3,5134 Yelm Highway Southeast,Lacey,WA,98503,888-758-4389,E,,Public,,1,,,ChargePoint Network,46.997007,-122.817095,2/1/2026,389971,2026-02-01 03:51:32 UTC,public,FALSE,FALSE
ELEC,ICCU SSH-120 3,3065 South Regal Street,Spokane,WA,99223,888-758-4389,E,,Public,,2,,,ChargePoint Network,47.626625,-117.368192,2/1/2026,390063,2026-02-01 03:52:38 UTC,public,FALSE,FALSE
ELEC,ICCU SSH-120 1,3065 South Regal Street,Spokane,WA,99223,888-758-4389,E,,Public,,2,,,ChargePoint Network,47.626537,-117.368188,2/1/2026,390064,2026-02-01 03:52:38 UTC,public,FALSE,FALSE
ELEC,ICCU SSH-120 2,3065 South Regal Street,Spokane,WA,99223,888-758-4389,E,,Public,,2,,,ChargePoint Network,47.626424,-117.368178,2/1/2026,390065,2026-02-01 03:52:38 UTC,public,FALSE,FALSE
ELEC,THE NOBLE STALL 30 29,4301 Stone Way N,Seattle,WA,98103,888-758-4389,E,,Public,,2,,,ChargePoint Network,47.659329,-122.342775,2/1/2026,390071,2026-02-01 03:53:18 UTC,public,FALSE,FALSE
ELEC,Rockwood PM - Bitterroot Lodge,21580 East Bitterroot street,Liberty Lake,WA,99019,888-356-8911,E,,Public,,2,,,FLO,47.674933,-117.11513,2/1/2026,390092,2026-02-01 05:18:47 UTC,public,FALSE,FALSE
ELEC,NE Washington ESD101 - Public,4202 South Regal Street,Spokane,WA,99223,888-356-8911,E,,Public,,2,,,FLO,47.615244,-117.370158,2/1/2026,390184,2026-02-01 05:18:47 UTC,public,FALSE,FALSE
ELEC,NE Washington ESD101 - Workplace,4202 South Regal Street,Spokane,WA,99223,888-356-8911,E,,Public,,2,,,FLO,47.615244,-117.370158,2/1/2026,390185,2026-02-01 05:18:47 UTC,public,FALSE,FALSE
ELEC,Stevenson Library,120 NW Vancouver Ave,Stevenson,WA,98648,888-356-8911,E,,Public,,1,1,,FLO,45.695049,-121.881856,2/1/2026,390186,2026-02-01 05:18:47 UTC,public,FALSE,FALSE
ELEC,The Eight - Tesla Supercharger,10650 NE 8th St,Bellevue,WA,98004,877-798-3752,E,,Public,,,8,,Tesla,47.617714,-122.196617,5/12/2025,390249,2025-05-12 16:15:59 UTC,public,FALSE,FALSE
ELEC,Fred Meyer - Tesla Supercharger,915 NW 45th St,Seattle,WA,98107,877-798-3752,E,,Public,,,12,,Tesla,47.661146,-122.370395,5/12/2025,390323,2025-05-12 16:15:59 UTC,public,FALSE,FALSE
ELEC,AVIARA EV1,"Aviara Condominiums 14915 38th Drive SE, Bldg",Bothell,WA,98012,888-758-4389,E,,Public,,1,,,ChargePoint Network,47.861823,-122.1788,2/1/2026,390350,2026-02-01 03:52:53 UTC,public,FALSE,FALSE
ELEC,WinCo Foods - Tesla Supercharger,111 Columbia Point Dr,Richland,WA,99352,877-798-3752,E,,Public,,,12,,Tesla,46.264027,-119.265336,5/12/2025,390420,2025-05-12 16:15:59 UTC,public,FALSE,FALSE
ELEC,Gateway S.C. Shopping Mall - Tesla Supercharger,13314 Bothell-Everett Hwy,Mill Creek,WA,98012,877-798-3752,E,,Public,,,16,,Tesla,47.877623,-122.212884,5/12/2025,390493,2025-05-12 16:15:59 UTC,public,FALSE,FALSE
ELEC,Northway West Office Building - Tesla Supercharger,10700 Meridian Ave N,Seattle,WA,98133,877-798-3752,E,,Public,,,12,,Tesla,47.706949,-122.333572,5/12/2025,390518,2025-05-12 16:15:59 UTC,public,FALSE,FALSE
ELEC,5401 S Regal St,5401 S Regal St,Spokane,WA,99223,866-816-7584,E,,Public,,1,,,EV Connect,47.604742,-117.36784,2/1/2026,390578,2026-02-01 04:56:10 UTC,public,FALSE,FALSE
ELEC,BELLINGHAM CITY DEPOT MARKET 3,1100 Railroad Ave,Bellingham,WA,98225,888-758-4389,E,,Public,,2,,,ChargePoint Network,48.747719,-122.479993,2/1/2026,390612,2026-02-01 03:53:34 UTC,public,FALSE,FALSE
ELEC,City of Bingen Parking,404 W Steuben Street,Bingen,WA,98605,888-356-8911,E,,Public,,,1,,FLO,45.716485,-121.470368,2/1/2026,390649,2026-02-01 05:18:49 UTC,public,FALSE,FALSE
ELEC,CITY LIGHT TUKWILA 2,13050 Interurban Avenue South,Tukwila,WA,98168,888-758-4389,E,,Public,,,1,,ChargePoint Network,47.485042,-122.272515,2/1/2026,390807,2026-02-01 03:54:21 UTC,public,FALSE,FALSE
ELEC,CITY LIGHT MADISON MILLER2,2113 East Olive Street,Seattle,WA,98122,888-758-4389,E,,Public,,,1,,ChargePoint Network,47.617074,-122.30414,2/1/2026,390813,2026-02-01 03:54:53 UTC,public,FALSE,FALSE
ELEC,Townhouse Cafe - Goldendale,1040 E Broadway Street,Goldendale,WA,98620,888-356-8911,E,,Public,,1,,,FLO,45.825623,-120.805512,2/1/2026,390853,2026-02-01 05:18:49 UTC,public,FALSE,FALSE
ELEC,Central Office II,700 Andover Park West,Tukwila,WA,98188,888-998-2546,E,,Public,,1,,,Blink Network,47.44897,-122.25331,2/1/2026,390868,2026-02-01 00:16:35 UTC,public,FALSE,FALSE
ELEC,ILLAHEE FWPS-ILH-5,36001 1st Avenue South,Federal Way,WA,98003,888-758-4389,E,,Public,,1,,,ChargePoint Network,47.277756,-122.335053,2/1/2026,390902,2026-02-01 03:53:19 UTC,public,FALSE,FALSE
ELEC,ILLAHEE FWPS-ILH-4,36001 1st Avenue South,Federal Way,WA,98003,888-758-4389,E,,Public,,2,,,ChargePoint Network,47.277829,-122.334923,2/1/2026,390903,2026-02-01 03:53:19 UTC,public,FALSE,FALSE
ELEC,ILLAHEE FWPS-ILH-3,36001 1st Avenue South,Federal Way,WA,98003,888-758-4389,E,,Public,,2,,,ChargePoint Network,47.277763,-122.335159,2/1/2026,390905,2026-02-01 03:53:22 UTC,public,FALSE,FALSE
ELEC,BFT1 SHOP MOBILE,1000 Columbia Park Trail,Richland,WA,99352,888-758-4389,E,,Public,,,1,,ChargePoint Network,46.239529,-119.240834,2/1/2026,390914,2026-02-01 03:54:12 UTC,public,FALSE,FALSE
ELEC,CITY LIGHT SOUTH SERVICE 2,409 South Spokane Street,Seattle,WA,98134,888-758-4389,E,,Public,,,1,,ChargePoint Network,47.571207,-122.328676,2/1/2026,390936,2026-02-01 03:54:59 UTC,public,FALSE,FALSE
ELEC,Holiday Inn Express Burlington,900 Andis Road,Burlington,WA,98233,888-222-6618,E,,Public,,2,,,NOODOE,48.4661268,-122.343998,2/1/2026,391061,2026-02-01 05:52:58 UTC,public,FALSE,FALSE
ELEC,Electric Era Charging Station,2216 WA-530,Arlington,WA,98223,888-409-2980,E,,Public,,,8,,ELECTRIC_ERA,48.1876055,-122.1997164,2/1/2026,391093,2026-02-01 06:44:51 UTC,public,FALSE,FALSE
ELEC,"Snowpeak Campfield, WA",5415 Sandridge Road,Long Beach,WA,98631,866-576-1495,E,,Public,,5,,,RIVIAN_WAYPOINTS,46.341854,-124.042771,2/1/2026,391155,2026-02-01 05:00:41 UTC,public,FALSE,FALSE
ELEC,"Aberdeen, WA",415 West Heron Street,Aberdeen,WA,98520,866-576-1495,E,,Public,,,6,,RIVIAN_ADVENTURE,46.9708301,-123.821326,2/1/2026,391273,2026-02-01 05:01:16 UTC,public,FALSE,FALSE
ELEC,"Spokane, WA",14700 East Indiana Avenue,Spokane Valley,WA,99216,866-576-1495,E,,Public,,,6,,RIVIAN_ADVENTURE,47.6743272,-117.2045561,2/1/2026,391276,2026-02-01 05:01:17 UTC,public,FALSE,FALSE
ELEC,"Lynnwood, WA",3000 184th Street S,Lynnwood,WA,98037,866-576-1495,E,,Public,,,9,,RIVIAN_ADVENTURE,47.8284943,-122.2775755,2/1/2026,391283,2026-02-01 05:01:19 UTC,public,FALSE,FALSE
ELEC,Town of Winthrop,112 Norfolk Rd,Winthrop,WA,98862,866-576-1495,E,,Public,,2,,,RIVIAN_WAYPOINTS,48.4713473,-120.1807918,2/1/2026,391328,2026-02-01 05:01:31 UTC,public,FALSE,FALSE
ELEC,"Forks, WA",101 North Forks Avenue,Forks,WA,98331,866-576-1495,E,,Public,,,6,,RIVIAN_ADVENTURE,47.951511,-124.385225,2/1/2026,391346,2026-02-01 05:01:36 UTC,public,FALSE,FALSE
ELEC,Rockwood PM - Riverside at Trutina,22495 Clairmont Ln,Liberty Lake,WA,99019,888-356-8911,E,,Public,,2,,,FLO,47.683817,-117.104239,2/1/2026,391466,2026-02-01 05:18:49 UTC,public,FALSE,FALSE
ELEC,CAR CHARGE 1 STATION 7,1103 S. 20th Ave,Pasco,WA,99301,888-758-4389,E,,Public,,2,,,ChargePoint Network,46.225299,-119.116976,2/1/2026,391540,2026-02-01 03:55:25 UTC,public,FALSE,FALSE
ELEC,CAR CHARGE 1 STATION 2,1103 S 19th Ave,Pasco,WA,99301,888-758-4389,E,,Public,,2,,,ChargePoint Network,46.224931,-119.117248,2/1/2026,391541,2026-02-01 03:55:26 UTC,public,FALSE,FALSE
ELEC,CAR CHARGE 1 STATION 3,1103 S. 20th Ave,Pasco,WA,99301,888-758-4389,E,,Public,,2,,,ChargePoint Network,46.224939,-119.117495,2/1/2026,391542,2026-02-01 03:55:26 UTC,public,FALSE,FALSE
ELEC,CAR CHARGE 1 STATION 1,1103 S 20th Ave,Pasco,WA,99301,888-758-4389,E,,Public,,2,,,ChargePoint Network,46.225024,-119.117582,2/1/2026,391543,2026-02-01 03:55:26 UTC,public,FALSE,FALSE
ELEC,CAR CHARGE 1 STATION 4,1103 S. 20th Ave,Pasco,WA,99301,888-758-4389,E,,Public,,2,,,ChargePoint Network,46.224897,-119.117554,2/1/2026,391544,2026-02-01 03:55:26 UTC,public,FALSE,FALSE
ELEC,CAR CHARGE 1 STATION 5,1103 S. 20th Ave,Pasco,WA,99301,888-758-4389,E,,Public,,2,,,ChargePoint Network,46.225375,-119.117741,2/1/2026,391545,2026-02-01 03:55:26 UTC,public,FALSE,FALSE
ELEC,CAR CHARGE 1 STATION 6,1103 S. 20th Ave,Pasco,WA,99301,888-758-4389,E,,Public,,2,,,ChargePoint Network,46.225024,-119.117263,2/1/2026,391546,2026-02-01 03:55:26 UTC,public,FALSE,FALSE
ELEC,CITY LIGHT WEST SEATTLE 2,4535 39th Avenue Southwest,Seattle,WA,98116,888-758-4389,E,,Public,,,1,,ChargePoint Network,47.562216,-122.381639,2/1/2026,391553,2026-02-01 03:55:30 UTC,public,FALSE,FALSE
ELEC,110th S. 10th Street Garage - Public Permit Parking,110th S. 10th Street,Tacoma,WA,98402,888-356-8911,E,,Public,,3,,,FLO,47.2541115,-122.4376037,2/1/2026,391562,2026-02-01 05:18:32 UTC,public,FALSE,FALSE
ELEC,CITY LIGHT N BEACON HILL 2,2535 16th Avenue South,Seattle,WA,98144,888-758-4389,E,,Public,,,1,,ChargePoint Network,47.579728,-122.312203,2/1/2026,391649,2026-02-01 03:55:32 UTC,public,FALSE,FALSE
ELEC,"Fred Meyer 186 (Lacey, WA)",700 Sleater Kinney RD SE,Lacey,WA,98503,833-632-2778,E,,Public,,,6,,Electrify America,47.04018,-122.8328,2/1/2026,391666,2026-02-01 04:43:09 UTC,public,FALSE,FALSE
ELEC,Kennewick,2901 Southridge Blvd,Kennewick,WA,99338,888-356-8911,E,,Public,,1,,,FLO,46.179979,-119.188248,2/1/2026,391674,2026-02-01 05:18:51 UTC,public,FALSE,FALSE
ELEC,MAT CLINIC 05528,3661 Pacific Ave SE,Olympia,WA,98501,888-758-4389,E,,Public,,1,,,ChargePoint Network,47.040811,-122.842057,2/1/2026,391711,2026-02-01 03:49:36 UTC,public,FALSE,FALSE
ELEC,BELLINGHAM CITY HARRIS 1,610 Harris Avenue,Bellingham,WA,98225,888-758-4389,E,,Public,,2,,,ChargePoint Network,48.720058,-122.508756,2/1/2026,391718,2026-02-01 03:55:18 UTC,public,FALSE,FALSE
ELEC,MAT CLINIC 20008,3661 Pacific Ave SE,Olympia,WA,98501,888-758-4389,E,,Public,,2,,,ChargePoint Network,47.040809,-122.842101,2/1/2026,391731,2026-02-01 03:55:36 UTC,public,FALSE,FALSE
ELEC,MAT CLINIC 19999,3661 Pacific Ave SE,Olympia,WA,98501,888-758-4389,E,,Public,,2,,,ChargePoint Network,47.0408,-122.842078,2/1/2026,391732,2026-02-01 03:55:36 UTC,public,FALSE,FALSE
ELEC,Yakima,51 Firing Center Rd,Yakima,WA,98901,888-356-8911,E,,Public,,1,,,FLO,46.677571,-120.479158,2/1/2026,391742,2026-02-01 05:18:51 UTC,public,FALSE,FALSE
ELEC,Conoco - Tesla Supercharger,1507 Bauman St,Ritzville,WA,99169,877-798-3752,E,,Public,,,8,,Tesla,47.118551,-118.365106,5/12/2025,391769,2025-05-12 16:15:59 UTC,public,FALSE,FALSE
ELEC,CHARLES L1 #124,8005 161st Avenue Northeast,Redmond,WA,98052,888-758-4389,E,,Public,,1,,,ChargePoint Network,47.675249,-122.126003,2/1/2026,391800,2026-02-01 03:55:39 UTC,public,FALSE,FALSE
ELEC,Otis Orchards Library,22324 E Wellesley Ave,Otis Orchards,WA,99027,866-816-7584,E,,Public,,2,,,EV Connect,47.700205,-117.105435,2/1/2026,391809,2026-02-01 04:56:08 UTC,public,FALSE,FALSE
ELEC,Auburn Chevrolet,1600 Auburn Way North,Auburn,WA,98002,866-816-7584,E,,Public,,,2,,EV Connect,47.322616,-122.220402,2/1/2026,391810,2026-02-01 04:56:54 UTC,public,FALSE,FALSE
ELEC,SPOKANE HYUNDAI STATION 1,8801 E Sprague Ave,Spokane Valley,WA,99212,888-758-4389,E,,Public,,1,,,ChargePoint Network,47.657333,-117.28729,2/1/2026,394111,2026-02-01 02:26:46 UTC,public,FALSE,FALSE
ELEC,AMZ SEA113 – 18,85 106th Ave NE,Bellevue,WA,98004,888-758-4389,E,,Public,,2,,,ChargePoint Network,47.610506,-122.1996,2/1/2026,395216,2026-02-01 03:47:09 UTC,public,FALSE,FALSE
ELEC,AMZ SEA113 – 16,85 106th Ave NE,Bellevue,WA,98004,888-758-4389,E,,Public,,2,,,ChargePoint Network,47.610501,-122.199549,2/1/2026,395217,2026-02-01 03:47:26 UTC,public,FALSE,FALSE
ELEC,AMZ SEA113 – 17,85 106th Ave NE,Bellevue,WA,98004,888-758-4389,E,,Public,,2,,,ChargePoint Network,47.610536,-122.19955,2/1/2026,395218,2026-02-01 03:47:28 UTC,public,FALSE,FALSE
ELEC,SPOKANE CHARGER HD SPOKANE 2,4515 South Regal Street,Spokane,WA,99223,888-758-4389,E,,Public,,1,,,ChargePoint Network,47.612746,-117.36668,2/1/2026,395221,2026-02-01 03:55:03 UTC,public,FALSE,FALSE
ELEC,SPOKANE CHARGER HD SPOKANE 3,4515 South Regal Street,Spokane,WA,99223,888-758-4389,E,,Public,,1,,,ChargePoint Network,47.612738,-117.366765,2/1/2026,395222,2026-02-01 03:55:04 UTC,public,FALSE,FALSE
ELEC,SPOKANE CHARGER HD SPOKANE 1,4515 S Regal St,Spokane,WA,99223,888-758-4389,E,,Public,,1,,,ChargePoint Network,47.612773,-117.365571,2/1/2026,395237,2026-02-01 03:55:55 UTC,public,FALSE,FALSE
ELEC,Villa Bonita,9823 NE 130th Pl,Kirkland,WA,98034,866-816-7584,E,,Public,,2,,,EV Connect,47.716581,-122.209517,2/1/2026,395249,2026-02-01 04:57:35 UTC,public,FALSE,FALSE
ELEC,CITY OF LACEY CITY HALL DC,420 College Street Southeast,Lacey,WA,98503,888-758-4389,E,,Public,,,1,,ChargePoint Network,47.045337,-122.821973,2/1/2026,395272,2026-02-01 03:47:44 UTC,public,FALSE,FALSE
ELEC,Ellensburg,208 W. 3rd Ave,Ellensburg,WA,98926,888-356-8911,E,,Public,,1,,,FLO,46.994205,-120.549205,2/1/2026,395291,2026-02-01 05:18:52 UTC,public,FALSE,FALSE
ELEC,City Gate Apartments,1900 Front Street,Lynden,WA,98264,888-222-6618,E,,Public,,4,,,NOODOE,48.93963,-122.480453,2/1/2026,395295,2026-02-01 05:52:59 UTC,public,FALSE,FALSE
ELEC,Astria Toppenish Hospital,502 W 4th Ave,Toppenish,WA,98948,888-356-8911,E,,Public,,1,,,FLO,46.3705236,-120.3165278,2/1/2026,395358,2026-02-01 05:18:37 UTC,public,FALSE,FALSE
ELEC,Kingswood Drive - Tesla Supercharger,1401 Kingswood Dr SW,Tumwater,WA,98512,877-798-3752,E,,Public,,,20,,Tesla,46.99277,-122.921267,6/6/2025,395417,2025-06-06 18:42:11 UTC,public,FALSE,FALSE
ELEC,CITY LIGHT FREMONT 2,3930 Whitman Avenue North,Seattle,WA,98103,888-758-4389,E,,Public,,1,,,ChargePoint Network,47.654875,-122.345894,2/1/2026,395473,2026-02-01 03:56:13 UTC,public,FALSE,FALSE
ELEC,CITY LIGHT WALLINGFORD 3,4225 Stone Way North,Seattle,WA,98103,888-758-4389,E,,Public,,1,,,ChargePoint Network,47.658757,-122.342414,2/1/2026,395475,2026-02-01 03:56:14 UTC,public,FALSE,FALSE
ELEC,"SFIII Columbia West, LLC - Eastview",14725 Southeast 36th Street,Bellevue,WA,98006,888-998-2546,E,,Public,,4,,,Blink Network,47.5779404,-122.1433349,2/1/2026,395505,2026-02-01 00:16:34 UTC,public,FALSE,FALSE
ELEC,Women of Wisdom - Terraces at Summitview,3801 Summitview Ave,Yakima,WA,98902,855-885-9571,P,1/27/2026,PLANNED - not yet accessible (Public),,,4,,OpConnect,46.6013333,-120.5604841,2/1/2026,395568,2026-02-01 04:49:05 UTC,public,FALSE,FALSE
ELEC,Women of Wisdom - Tri Cities,745 The Pkwy,Richland,WA,99352,855-885-9571,P,9/9/2025,PLANNED - not yet accessible (Public),,1,12,,OpConnect,46.27586,-119.27605,2/1/2026,395569,2026-02-01 04:49:06 UTC,public,FALSE,FALSE
ELEC,Moses Lake,312 W. 3rd Ave,Moses Lake,WA,98837,888-356-8911,E,,Public,,1,,,FLO,47.12882,-119.281992,2/1/2026,395571,2026-02-01 05:18:52 UTC,public,FALSE,FALSE
ELEC,CITY LIGHT STEVENS 4,531 20th Ave E,Seattle,WA,98112,888-758-4389,E,,Public,,1,,,ChargePoint Network,47.624082,-122.306153,2/1/2026,395677,2026-02-01 03:56:14 UTC,public,FALSE,FALSE
ELEC,CITY LIGHT WEST SEATTLE 6,4834 Fauntleroy Wy SW,Seattle,WA,98116,888-758-4389,E,,Public,,1,,,ChargePoint Network,47.558283,-122.381237,2/1/2026,395751,2026-02-01 03:56:18 UTC,public,FALSE,FALSE
ELEC,CITY LIGHT STEVENS 2,1724 15th Avenue,Seattle,WA,98122,888-758-4389,E,,Public,,1,,,ChargePoint Network,47.617189,-122.312677,2/1/2026,395756,2026-02-01 03:56:31 UTC,public,FALSE,FALSE
ELEC,Avista - Two Rivers Resort ACL2,6828 WA-25,Davenport,WA,99122,888-356-8911,E,,Public,,2,,,FLO,47.90702,-118.32481,2/1/2026,395770,2026-02-01 05:18:54 UTC,public,FALSE,FALSE
ELEC,Gonzaga - College Hall,502 E Boone Ave,Spokane,WA,99258,888-356-8911,E,,Public,,4,,,FLO,47.669084,-117.402419,2/1/2026,395837,2026-02-01 05:18:54 UTC,public,FALSE,FALSE
ELEC,Big Wally's - Tesla Supercharger,9944 US-2,Coulee City,WA,99115,877-798-3752,E,,Public,,,8,,Tesla,47.621668,-119.27983,6/6/2025,395884,2025-06-06 18:42:11 UTC,public,FALSE,FALSE
ELEC,LYNNWOOD DCFC CH NORTH,19100 44th Avenue West,Lynnwood,WA,98036,888-758-4389,E,,Public,,,2,,ChargePoint Network,47.825275,-122.292906,2/1/2026,395899,2026-02-01 03:54:14 UTC,public,FALSE,FALSE
ELEC,LYNNWOOD DCFC CH SOUTH,19100 44th Avenue West,Lynnwood,WA,98036,888-758-4389,E,,Public,,,2,,ChargePoint Network,47.825209,-122.292904,2/1/2026,395900,2026-02-01 03:54:20 UTC,public,FALSE,FALSE
ELEC,LYNNWOOD DCFC CH NORTH.,19100 44th Ave W,Lynnwood,WA,98036,888-758-4389,E,,Public,,,2,,ChargePoint Network,47.825484,-122.292822,2/1/2026,395901,2026-02-01 03:54:23 UTC,public,FALSE,FALSE
ELEC,CITY LIGHT WEST SEATTLE 3,4848 California Avenue SW,Seattle,WA,98116,888-758-4389,E,,Public,,1,,,ChargePoint Network,47.557841,-122.386742,2/1/2026,395995,2026-02-01 03:56:27 UTC,public,FALSE,FALSE
ELEC,McLendon Hardware - Series,440 Rainier Ave South,Renton,WA,98057,888-998-2546,E,,Public,,2,,,Blink Network,47.477362,-122.215347,2/1/2026,396091,2026-02-01 00:31:46 UTC,public,FALSE,FALSE
ELEC,WSDSHS WSH-BL22-NO. 01,9601 Steilacoom Blvd GCFE Bld. 22 - Front Lot,Lakewood,WA,98498,888-758-4389,T,12/3/2025,TEMPORARILY UNAVAILABLE (Public),,1,,,ChargePoint Network,47.181112,-122.565739,2/1/2026,396097,2026-02-01 01:50:07 UTC,public,FALSE,FALSE
ELEC,WSDSHS AFPQO000001CHK0,751 Pine St,Medical Lake,WA,99022,888-758-4389,E,,Public,,2,,,ChargePoint Network,47.566656,-117.696597,2/1/2026,396146,2026-02-01 03:57:10 UTC,public,FALSE,FALSE
ELEC,WSDSHS FPQO000001CHJX,751 Pine St,Medical Lake,WA,99022,888-758-4389,E,,Public,,2,,,ChargePoint Network,47.566603,-117.696534,2/1/2026,396147,2026-02-01 03:57:10 UTC,public,FALSE,FALSE
ELEC,WSDSHS AFPQO000001CHK1,751 Pine St,Medical Lake,WA,99022,888-758-4389,E,,Public,,2,,,ChargePoint Network,47.566591,-117.69661,2/1/2026,396148,2026-02-01 03:57:10 UTC,public,FALSE,FALSE
ELEC,WSDSHS AFPQO000001CHJZ,751 Pine St,Medical Lake,WA,99022,888-758-4389,E,,Public,,2,,,ChargePoint Network,47.566816,-117.696038,2/1/2026,396149,2026-02-01 03:57:10 UTC,public,FALSE,FALSE
ELEC,WSDSHS AFPQO000001CHK3,751 Pine St,Medical Lake,WA,99022,888-758-4389,E,,Public,,2,,,ChargePoint Network,47.56679,-117.695994,2/1/2026,396150,2026-02-01 03:57:10 UTC,public,FALSE,FALSE
ELEC,WSDSHS AFPQO000001CHK2,850 Maple St West Charger,Medical Lake,WA,99022,888-758-4389,E,,Public,,2,,,ChargePoint Network,47.572485,-117.695203,2/1/2026,396151,2026-02-01 03:57:11 UTC,public,FALSE,FALSE
ELEC,WSDSHS AFPQO000001CHK4,850 Maple St Middle Charger,Medical Lake,WA,99022,888-758-4389,E,,Public,,2,,,ChargePoint Network,47.572491,-117.695259,2/1/2026,396152,2026-02-01 03:57:11 UTC,public,FALSE,FALSE
ELEC,WSDSHS AFPQO000001CHK5,850 Maple St East Charger,Medical Lake,WA,99022,888-758-4389,E,,Public,,2,,,ChargePoint Network,47.572477,-117.695188,2/1/2026,396153,2026-02-01 03:57:11 UTC,public,FALSE,FALSE
ELEC,WSDSHS AFPQO000001CHK6,751 Pine St,Medical Lake,WA,99022,888-758-4389,E,,Public,,2,,,ChargePoint Network,47.566759,-117.69604,2/1/2026,396154,2026-02-01 03:57:11 UTC,public,FALSE,FALSE
ELEC,WSDSHS AFPQO000001CHJY,751 Pine St,Medical Lake,WA,99022,888-758-4389,E,,Public,,2,,,ChargePoint Network,47.566817,-117.696042,2/1/2026,396155,2026-02-01 03:57:11 UTC,public,FALSE,FALSE
ELEC,ILLAHEE FWPS-ILH-2,36001 1st Ave S,Federal Way,WA,98003,888-758-4389,E,,Public,,2,,,ChargePoint Network,47.277508,-122.336985,2/1/2026,396182,2026-02-01 03:53:03 UTC,public,FALSE,FALSE
ELEC,WSCJTC CJTC 1,19010 1st Avenue South,Burien,WA,98148,888-758-4389,E,,Public,,2,,,ChargePoint Network,47.432791,-122.332893,2/1/2026,396292,2026-02-01 03:57:19 UTC,public,FALSE,FALSE
ELEC,WSCJTC CJTC 2,19010 1st Avenue South,Burien,WA,98148,888-758-4389,E,,Public,,2,,,ChargePoint Network,47.432794,-122.33282,2/1/2026,396293,2026-02-01 03:57:19 UTC,public,FALSE,FALSE
ELEC,WSCJTC CJTC 3,19010 1st Avenue South,Burien,WA,98148,888-758-4389,E,,Public,,2,,,ChargePoint Network,47.432781,-122.332745,2/1/2026,396294,2026-02-01 03:57:20 UTC,public,FALSE,FALSE
ELEC,WSCJTC CJTC 4,19010 1st Avenue South,Burien,WA,98148,888-758-4389,E,,Public,,2,,,ChargePoint Network,47.432792,-122.332646,2/1/2026,396295,2026-02-01 03:57:20 UTC,public,FALSE,FALSE
ELEC,WSCJTC CJTC 5,19010 1st Avenue South,Burien,WA,98148,888-758-4389,E,,Public,,2,,,ChargePoint Network,47.43279,-122.332563,2/1/2026,396296,2026-02-01 03:57:20 UTC,public,FALSE,FALSE
ELEC,Tumwater Trading Post,7000 Little Rock Rd SW,Tumwater,WA,98512,313-262-6722,E,,Public,,,4,,RED_E,46.98527542,-122.9320361,2/1/2026,396913,2026-02-01 06:49:19 UTC,public,FALSE,FALSE
ELEC,Frontier Ford Superstore,12610 Thompson Road,Anacortes,WA,98221,313-262-6722,E,,Public,,4,2,,RED_E,48.46107,-122.56042,2/1/2026,396915,2026-02-01 06:49:30 UTC,public,FALSE,FALSE
ELEC,Hotel Mccoy,455 South East Paradise St,Pullman,WA,99163,313-262-6722,E,,Public,,2,,,RED_E,46.729,-117.17744,2/1/2026,396923,2026-02-01 06:49:30 UTC,public,FALSE,FALSE
ELEC,CITY OF SEATAC CITY HALL 3,4800 S 188th St,SeaTac,WA,98168,888-758-4389,E,,Public,,2,,,ChargePoint Network,47.434037,-122.273187,2/1/2026,397040,2026-02-01 03:56:11 UTC,public,FALSE,FALSE
ELEC,CITY OF SEATAC CITY HALL 4,4800 S 188th ST,SeaTac,WA,98188,888-758-4389,E,,Public,,2,,,ChargePoint Network,47.434035,-122.273119,2/1/2026,397048,2026-02-01 03:57:16 UTC,public,FALSE,FALSE
ELEC,CITY OF SEATAC CITY HALL 5,4800 S 188th St,Seattle,WA,98118,888-758-4389,E,,Public,,2,,,ChargePoint Network,47.43403,-122.27305,2/1/2026,397049,2026-02-01 03:57:17 UTC,public,FALSE,FALSE
ELEC,CITY OF SEATAC CITY HALL 6,4800 S 188th St,SeaTac,WA,98188,888-758-4389,E,,Public,,2,,,ChargePoint Network,47.434028,-122.272966,2/1/2026,397050,2026-02-01 03:57:17 UTC,public,FALSE,FALSE
ELEC,FIRST LIGHT P86,300 Virginia Street,Seattle,WA,98101,888-758-4389,E,,Public,,1,,,ChargePoint Network,47.61285,-122.341082,2/1/2026,397058,2026-02-01 03:57:21 UTC,public,FALSE,FALSE
ELEC,CITY LIGHT OLYMPIC HILLS 1,1645 Northeast 143rd Street,Seattle,WA,98125,888-758-4389,E,,Public,,1,,,ChargePoint Network,47.732067,-122.31096,2/1/2026,397366,2026-02-01 03:57:29 UTC,public,FALSE,FALSE
ELEC,CITY LIGHT WALLINGFORD 2,1721 North 46th Street,Seattle,WA,98103,888-758-4389,E,,Public,,1,,,ChargePoint Network,47.662077,-122.337266,2/1/2026,397371,2026-02-01 03:57:30 UTC,public,FALSE,FALSE
ELEC,CITY LIGHT NORTH ADMIRAL 2,2106 California Avenue Southwest,Seattle,WA,98116,888-758-4389,E,,Public,,1,,,ChargePoint Network,47.585079,-122.386289,2/1/2026,397381,2026-02-01 03:57:30 UTC,public,FALSE,FALSE
ELEC,CITY LIGHT N BEACON HILL 3,1435 12th Avenue South,Seattle,WA,98144,888-758-4389,E,,Public,,1,,,ChargePoint Network,47.590181,-122.317398,2/1/2026,397385,2026-02-01 03:57:31 UTC,public,FALSE,FALSE
ELEC,Holiday Inn Express Valley,9220 E Mission Ave,Spokane,WA,99206,866-816-7584,E,,Public,,4,,,EV Connect,47.670689,-117.280684,2/1/2026,397402,2026-02-01 04:57:36 UTC,public,FALSE,FALSE
ELEC,TENINO AG PARK TENINO AG PARK,16404 Old Highway 99 Southeast,Tenino,WA,98589,888-758-4389,E,,Public,,2,,,ChargePoint Network,46.846175,-122.874238,2/1/2026,397468,2026-02-01 03:56:11 UTC,public,FALSE,FALSE
ELEC,TENINO AG PARK TENINO AG PARK.,16404 Old Highway 99 Southeast,Tenino,WA,98589,888-758-4389,E,,Public,,2,,,ChargePoint Network,46.845962,-122.874231,2/1/2026,397469,2026-02-01 03:56:11 UTC,public,FALSE,FALSE
ELEC,CITY LIGHT RIVERVIEW 4,7021 17th Avenue Southwest,Seattle,WA,98106,888-758-4389,E,,Public,,1,,,ChargePoint Network,47.540389,-122.356195,2/1/2026,397488,2026-02-01 03:57:36 UTC,public,FALSE,FALSE
ELEC,Spokane Public Schools - Rogers High School,1622 E Wellesley Ave,Spokane,WA,99207,888-356-8911,E,,Public,,2,,,FLO,47.699156,-117.386877,2/1/2026,397502,2026-02-01 05:18:50 UTC,public,FALSE,FALSE
ELEC,Spokane Public Schools - Sacajawea Middle School,401 E 33rd Ave,Spokane,WA,99203,888-356-8911,E,,Public,,2,,,FLO,47.624756,-117.405385,2/1/2026,397573,2026-02-01 05:18:57 UTC,public,FALSE,FALSE
ELEC,Spokane Public Schools - Ferris High School,3020 E 37th Ave,Spokane,WA,99223,888-356-8911,E,,Public,,2,,,FLO,47.619707,-117.363513,2/1/2026,397574,2026-02-01 05:18:58 UTC,public,FALSE,FALSE
ELEC,BiPlane Hangar,147 Schoen Lane,Eastsound,WA,98245,888-222-6618,E,,Public,,,2,,NOODOE,48.7049122,-122.9092731,2/1/2026,397576,2026-02-01 05:53:07 UTC,public,FALSE,FALSE
ELEC,Spokane Public Schools - Yasuhara Middle School,2701 North Perry Place,Spokane,WA,99207,888-356-8911,E,,Public,,2,,,FLO,47.683113,-117.389544,2/1/2026,397681,2026-02-01 05:18:58 UTC,public,FALSE,FALSE
ELEC,CITY LIGHT BITTER LAKE 1,14201 Linden Ave N,Seattle,WA,98133,888-758-4389,E,,Public,,1,,,ChargePoint Network,47.732112,-122.348371,2/1/2026,397740,2026-02-01 03:58:05 UTC,public,FALSE,FALSE
ELEC,CITY LIGHT BITTER LAKE 2,14201 Linden Ave N,Seattle,WA,98133,888-758-4389,E,,Public,,1,,,ChargePoint Network,47.732211,-122.348548,2/1/2026,397741,2026-02-01 03:58:05 UTC,public,FALSE,FALSE
ELEC,CITY LIGHT L QUEEN ANNE 2,317 W Mercer St,Seattle,WA,98119,888-758-4389,E,,Public,,1,,,ChargePoint Network,47.624365,-122.361647,2/1/2026,397743,2026-02-01 03:58:07 UTC,public,FALSE,FALSE
ELEC,CITY LIGHT L QUEEN ANNE 4,570 Valley St,Seattle,WA,98109,888-758-4389,E,,Public,,1,,,ChargePoint Network,47.62637,-122.345544,2/1/2026,397751,2026-02-01 03:58:11 UTC,public,FALSE,FALSE
ELEC,CITY LIGHT FREMONT 4,3658 Dayton Ave N,Seattle,WA,98103,888-758-4389,E,,Public,,1,,,ChargePoint Network,47.653533,-122.352073,2/1/2026,397859,2026-02-01 03:58:22 UTC,public,FALSE,FALSE
ELEC,CITY LIGHT COLUMBIA CITY 2,4707 35th Avenue South,Seattle,WA,98118,888-758-4389,E,,Public,,1,,,ChargePoint Network,47.560554,-122.288911,2/1/2026,397866,2026-02-01 03:58:26 UTC,public,FALSE,FALSE
ELEC,CITY LIGHT N BEACON HILL 6,1753 South Forest Street,Seattle,WA,98144,888-758-4389,E,,Public,,1,,,ChargePoint Network,47.577708,-122.309212,2/1/2026,397870,2026-02-01 03:58:30 UTC,public,FALSE,FALSE
ELEC,CITY LIGHT N BEACON HILL 7,1407 South Hill Street,Seattle,WA,98144,888-758-4389,E,,Public,,1,,,ChargePoint Network,47.584502,-122.313884,2/1/2026,397872,2026-02-01 03:58:32 UTC,public,FALSE,FALSE
ELEC,CITY LIGHT N BEACON HILL 8,2101 15th Ave S,Seattle,WA,98144,888-758-4389,E,,Public,,1,,,ChargePoint Network,47.584499,-122.313807,2/1/2026,397873,2026-02-01 03:58:32 UTC,public,FALSE,FALSE
ELEC,CITY LIGHT MADISON PARK 1,4022 E McGilvra St,Seattle,WA,98112,888-758-4389,E,,Public,,1,,,ChargePoint Network,47.640772,-122.280271,2/1/2026,397896,2026-02-01 03:58:43 UTC,public,FALSE,FALSE
ELEC,CITY LIGHT EASTLAKE 2,1938 Fairview Ave E,Seattle,WA,98102,888-758-4389,E,,Public,,1,,,ChargePoint Network,47.636686,-122.328391,2/1/2026,397900,2026-02-01 03:58:44 UTC,public,FALSE,FALSE
ELEC,Langston Landing,322 Washington Ave S,Kent,WA,98032,877-455-3833,E,,Public,,,6,,eVgo Network,47.38041,-122.24653,1/31/2026,397974,2026-01-31 23:58:53 UTC,public,FALSE,FALSE
ELEC,Ford of Kirkland,11800 124th Avenue Northeast,Kirkland,WA,98034,888-998-2546,E,,Public,,4,4,,Blink Network,47.70641515,-122.1743562,2/1/2026,397982,2026-02-01 00:16:29 UTC,public,FALSE,FALSE
ELEC,Mt Vernon Library Commons,208 W Kincaid St,Mt Vernon,WA,98273,1-800-636-0986,E,,Public,,70,6,,CHARGELAB,48.41591269,-122.3379956,7/21/2025,397983,2025-07-21 04:29:07 UTC,public,,FALSE
ELEC,LONG BEACH BOLSTAD2,250 Bolstad W,Long Beach,WA,98631,888-758-4389,E,,Public,,2,,,ChargePoint Network,46.351444,-124.057269,2/1/2026,398114,2026-02-01 03:58:45 UTC,public,FALSE,FALSE
ELEC,LONG BEACH BOLSTAD3,248 Bolstad W,Long Beach,WA,98631,888-758-4389,E,,Public,,2,,,ChargePoint Network,46.351439,-124.057159,2/1/2026,398115,2026-02-01 03:58:45 UTC,public,FALSE,FALSE
ELEC,LONG BEACH BOLSTAD4,246 Bolstad W,Long Beach,WA,98631,888-758-4389,E,,Public,,2,,,ChargePoint Network,46.351439,-124.057068,2/1/2026,398116,2026-02-01 03:58:48 UTC,public,FALSE,FALSE
ELEC,LONG BEACH BOLSTAD5,244 Bolstad West,Long Beach,WA,98631,888-758-4389,E,,Public,,2,,,ChargePoint Network,46.35143,-124.056989,2/1/2026,398117,2026-02-01 03:58:48 UTC,public,FALSE,FALSE
ELEC,KOP FAST CHARGE KOP FASTCHARGER,111 Valley Avenue Northeast,Puyallup,WA,98372,888-758-4389,E,,Public,,,1,,ChargePoint Network,47.206423,-122.29226,2/1/2026,398131,2026-02-01 03:59:00 UTC,public,FALSE,FALSE
ELEC,LOVE'S 514 - WA #514 DC2,1370 Washington 261,Ritzville,WA,99169,888-758-4389,E,,Public,,,2,,ChargePoint Network,47.113802,-118.366062,2/1/2026,398274,2026-02-01 03:59:16 UTC,public,FALSE,FALSE
ELEC,LOVE'S 514 - WA #514 DC1,1370 Washington 261,Ritzville,WA,99169,888-758-4389,E,,Public,,,2,,ChargePoint Network,47.11379,-118.365959,2/1/2026,398277,2026-02-01 03:59:17 UTC,public,FALSE,FALSE
ELEC,Avista - City of Colville ACL2,250 W. 1st St,Colville,WA,99114,888-356-8911,E,,Public,,2,,,FLO,48.54434,-117.90782,2/1/2026,398296,2026-02-01 05:18:58 UTC,public,FALSE,FALSE
ELEC,Avista - City of Colville DCFC,250 W. 1st Ave,Colville,WA,99114,888-356-8911,E,,Public,,,4,,FLO,48.54434,-117.90782,2/1/2026,398297,2026-02-01 05:18:59 UTC,public,FALSE,FALSE
ELEC,PORTCW GROVE FIELD 2,632 Northeast 267th Avenue,Camas,WA,98607,888-758-4389,E,,Public,,,1,,ChargePoint Network,45.626575,-122.399869,2/1/2026,398342,2026-02-01 03:56:46 UTC,public,FALSE,FALSE
ELEC,PORTCW GROVE FIELD 1,632 Northeast 267th Avenue,Camas,WA,98607,888-758-4389,E,,Public,,,1,,ChargePoint Network,45.626619,-122.399868,2/1/2026,398343,2026-02-01 03:56:46 UTC,public,FALSE,FALSE
ELEC,2630 116th Avenue Northeast,2630 116th Avenue Northeast,Bellevue,WA,98004,888-356-8911,E,,Public,,2,,,FLO,47.634746,-122.1851515,2/1/2026,398458,2026-02-01 05:18:59 UTC,public,FALSE,FALSE
ELEC,252 Broadway,252 Broadway,Tacoma,WA,98402,888-385-6671,E,,Public - Credit card at all times,,12,,,LOOP,47.26185819,-122.4439674,1/13/2026,399790,2026-01-13 01:16:14 UTC,public,FALSE,FALSE
ELEC,AMLI Wallingford,1850 N 34th St,Seattle,WA,98103,888-385-6671,E,,Public - Credit card at all times,,9,,,LOOP,47.648265,-122.335477,1/13/2026,399791,2026-01-13 01:16:14 UTC,public,FALSE,FALSE
ELEC,Avalon Bothell Commons,12207 NE 191st St,Bothell,WA,98011,888-385-6671,E,,Public - Credit card at all times,,2,,,LOOP,47.766526,-122.213529,1/13/2026,399792,2026-01-13 01:16:14 UTC,public,FALSE,FALSE
ELEC,PeaceHealth Corporate,1115 SE 164th Ave,Vancouver,WA,98683,888-385-6671,E,,Public - Credit card at all times,,4,,,LOOP,45.6123428,-122.5012542,1/13/2026,399793,2026-01-13 01:16:14 UTC,public,FALSE,FALSE
ELEC,PeaceHealth Southwest Medical Center,400 NE Mother Joseph Pl,Vancouver,WA,98664,888-385-6671,E,,Public - Credit card at all times,,11,,,LOOP,45.624587,-122.581451,1/13/2026,399794,2026-01-13 01:16:14 UTC,public,FALSE,FALSE
ELEC,PeaceHealth St Joseph Medical Center,3005 Squalicum Pkwy,Bellingham,WA,98225,888-385-6671,E,,Public - Credit card at all times,,10,,,LOOP,48.772339,-122.471172,1/13/2026,399795,2026-01-13 01:16:14 UTC,public,FALSE,FALSE
ELEC,AMLI South Lake Union,1260 Republican St,Seattle,WA,98109,888-385-6671,E,,Public - Credit card at all times,,6,,,LOOP,47.62328,-122.33138,1/13/2026,399797,2026-01-13 01:16:14 UTC,public,FALSE,FALSE
ELEC,CITY LIGHT FREMONT 5,3658 Dayton Avenue North,Seattle,WA,98103,888-758-4389,E,,Public,,1,,,ChargePoint Network,47.653597,-122.3523,2/1/2026,400008,2026-02-01 03:58:27 UTC,public,FALSE,FALSE
ELEC,CITY LIGHT GREEN LAKE 2,407 NE Maple Leaf Pl,Seattle,WA,98115,888-758-4389,E,,Public,,1,,,ChargePoint Network,47.681526,-122.324639,2/1/2026,400010,2026-02-01 03:58:27 UTC,public,FALSE,FALSE
ELEC,CITY LIGHT PORTAGE BAY 1,2915 Fuhrman Avenue East,Seattle,WA,98102,888-758-4389,E,,Public,,1,,,ChargePoint Network,47.647284,-122.317499,2/1/2026,400011,2026-02-01 03:58:27 UTC,public,FALSE,FALSE
ELEC,CITY LIGHT MINOR 1,1134 13th Ave,Seattle,WA,98122,888-758-4389,E,,Public,,1,,,ChargePoint Network,47.612506,-122.31537,2/1/2026,400013,2026-02-01 03:58:44 UTC,public,FALSE,FALSE
ELEC,KOHLS MARYSVILL,3713 116th Street Northeast,Marysville,WA,98271,888-758-4389,E,,Public,,2,,,ChargePoint Network,48.101754,-122.182469,2/1/2026,400598,2026-02-01 04:00:13 UTC,public,FALSE,FALSE
ELEC,Downtown Spokane / Basalt Hospitality LP,801 N Division St.,Spokane,WA,99201,866-816-7584,E,,Public,,4,,,EV Connect,47.664469,-117.412087,2/1/2026,400707,2026-02-01 04:57:40 UTC,public,FALSE,FALSE
ELEC,MEC - 345 Hills street,345 Hills Street,Richland,WA,99354,888-356-8911,E,,Public,,2,,,FLO,46.3383082,-119.2692778,2/1/2026,400708,2026-02-01 05:19:00 UTC,public,FALSE,FALSE
ELEC,ILLAHEE FWPS-ILH-1,36001 1st Avenue South,Federal Way,WA,98003,888-758-4389,E,,Public,,2,,,ChargePoint Network,47.277894,-122.33508,2/1/2026,404596,2026-02-01 03:54:21 UTC,public,FALSE,FALSE
ELEC,BSD501 SUNNYLAND 1,2800 James Street,Bellingham,WA,98225,888-758-4389,E,,Public,,2,,,ChargePoint Network,48.766727,-122.463914,2/1/2026,404611,2026-02-01 03:57:36 UTC,public,FALSE,FALSE
ELEC,BSD501 SUNNYLAND 2,2800 James Street,Bellingham,WA,98225,888-758-4389,E,,Public,,2,,,ChargePoint Network,48.766721,-122.463845,2/1/2026,404612,2026-02-01 03:57:37 UTC,public,FALSE,FALSE
ELEC,PEAK410 PEAK410-1,22503 97th Street East,Bonney Lake,WA,98391,888-758-4389,E,,Public,,1,,,ChargePoint Network,47.167117,-122.127378,2/1/2026,404614,2026-02-01 03:59:01 UTC,public,FALSE,FALSE
ELEC,WADOC EVERETT CJC 1,8625 Evergreen Way,Everett,WA,98208,888-758-4389,E,,Public,,2,,,ChargePoint Network,47.918037,-122.229865,2/1/2026,404623,2026-02-01 03:59:47 UTC,public,FALSE,FALSE
ELEC,LONG BEACH BOLSTAD1,252 Bolstad W,Long Beach,WA,98631,888-758-4389,E,,Public,,2,,,ChargePoint Network,46.351451,-124.056829,2/1/2026,404644,2026-02-01 04:00:38 UTC,public,FALSE,FALSE
ELEC,PEAK410 PEAK410-3,22503 97th Street East,Bonney Lake,WA,98391,888-758-4389,E,,Public,,1,,,ChargePoint Network,47.166891,-122.127801,2/1/2026,404664,2026-02-01 04:00:45 UTC,public,FALSE,FALSE
ELEC,PEAK410 PEAK410-2,22503 97th Street East,Bonney Lake,WA,98391,888-758-4389,E,,Public,,1,,,ChargePoint Network,47.167124,-122.127385,2/1/2026,404665,2026-02-01 04:00:45 UTC,public,FALSE,FALSE
ELEC,PEAK410 PEAK410-4,22503 97th Street East,Bonney Lake,WA,98391,888-758-4389,E,,Public,,1,,,ChargePoint Network,47.166854,-122.128114,2/1/2026,404666,2026-02-01 04:00:45 UTC,public,FALSE,FALSE
ELEC,PEAK410 PEAK410-5,22503 97th Street East,Bonney Lake,WA,98391,888-758-4389,E,,Public,,1,,,ChargePoint Network,47.166911,-122.12778,2/1/2026,404667,2026-02-01 04:00:45 UTC,public,FALSE,FALSE
ELEC,PEAK410 PEAK410-6,22503 97th Street East,Bonney Lake,WA,98391,888-758-4389,E,,Public,,1,,,ChargePoint Network,47.166857,-122.12776,2/1/2026,404669,2026-02-01 04:00:46 UTC,public,FALSE,FALSE
ELEC,Gee Liberty Lake Service Facility - Series,21702 E George Gee Ave,Liberty Lake,WA,99019,888-998-2546,E,,Public,,8,,,Blink Network,47.67269949,-117.1117423,2/1/2026,404699,2026-02-01 00:38:33 UTC,public,FALSE,FALSE
ELEC,Gee Liberty Lake Service Facility,1750 North Pepper Lane,Liberty Lake,WA,99019,888-998-2546,E,,Public,,2,2,,Blink Network,47.67273286,-117.1117423,2/1/2026,404700,2026-02-01 00:46:16 UTC,public,FALSE,FALSE
ELEC,Ashton Apartments - 3630 E 51st - 1,3630 East 51st Avenue,Spokane,WA,99223,888-356-8911,E,,Public,,2,,,FLO,47.606408,-117.355755,2/1/2026,404732,2026-02-01 05:19:00 UTC,public,FALSE,FALSE
ELEC,Ashton Apartments - 3630 E 51st - 2,3630 East 51st Avenue,Spokane,WA,99223,888-356-8911,E,,Public,,2,,,FLO,47.605927,-117.354783,2/1/2026,404733,2026-02-01 05:19:00 UTC,public,FALSE,FALSE
ELEC,Ashton Apartments - 3625 E 51st - 2,3625 East 51st Avenue,Spokane,WA,99223,888-356-8911,E,,Public,,2,,,FLO,47.607154,-117.355505,2/1/2026,404734,2026-02-01 05:19:00 UTC,public,FALSE,FALSE
ELEC,Ashton Apartments - 3625 E 51st - 1,3625 East 51st Avenue,Spokane,WA,99223,888-356-8911,E,,Public,,2,,,FLO,47.606818,-117.357525,2/1/2026,404735,2026-02-01 05:19:01 UTC,public,FALSE,FALSE
ELEC,Gerhardt Station,3916 Main Street,Vancouver,WA,98663,888-998-2546,E,,Public,,2,,,Blink Network,45.65076607,-122.6677254,2/1/2026,404803,2026-02-01 00:28:53 UTC,public,FALSE,FALSE
ELEC,Avista - Goodwill DCFC,2928 East 27th Avenue,Spokane,WA,99223,888-356-8911,E,,Public,,,2,,FLO,47.630586,-117.368447,2/1/2026,404837,2026-02-01 05:19:01 UTC,public,FALSE,FALSE
ELEC,TENINO AG PARK TENINO AG PARK2,16404 Old Highway 99 Southeast,Tenino,WA,98589,888-758-4389,T,2/1/2026,TEMPORARILY UNAVAILABLE (Public),,,1,,ChargePoint Network,46.845889,-122.874973,2/1/2026,404899,2026-02-01 04:01:02 UTC,public,FALSE,FALSE
ELEC,TENINO AG PARK TENINO AG PARK1,16404 Old Hwy 99 SE,Tenino,WA,98589,888-758-4389,E,,Public,,,1,,ChargePoint Network,46.845888,-122.87512,2/1/2026,404900,2026-02-01 04:01:02 UTC,public,FALSE,FALSE
ELEC,Granite Falls City Hall,215 South Granite Avenue,Granite Falls,WA,98252,888-356-8911,E,,Public,,3,,,FLO,48.0815847,-121.9687527,2/1/2026,405358,2026-02-01 05:19:01 UTC,public,FALSE,FALSE
ELEC,Tacoma Dome - Event Parking Lot,2727 East D Street,Tacoma,WA,98421,888-356-8911,E,,Public,,2,,,FLO,47.2380278,-122.4293507,2/1/2026,405402,2026-02-01 05:19:02 UTC,public,FALSE,FALSE
ELEC,IQ CHARGING RIDGEFIELD,5304 Pioneer Street,Ridgefield,WA,98642,888-758-4389,E,,Public,,2,,,ChargePoint Network,45.816274,-122.69438,2/1/2026,405448,2026-02-01 03:59:21 UTC,public,FALSE,FALSE
ELEC,Pacific Regent Bellevue by Cogir,919 109th Ave NE,Bellevue,WA,98004,844-226-3873,E,,Public,,2,,,ABM,47.6185542,-122.1950406,2/1/2026,405519,2026-02-01 05:53:16 UTC,public,FALSE,FALSE
ELEC,BLAKE1 STATION 1,5020 California Avenue Southwest,Seattle,WA,98136,888-758-4389,E,,Public,,1,,,ChargePoint Network,47.556565,-122.386442,2/1/2026,405779,2026-02-01 03:49:45 UTC,public,FALSE,FALSE
ELEC,Sunset Trailhead: 720 E. Sunset Way,720 E. Sunset Way,Issaquah,WA,98027,866-816-7584,E,,Public,,2,,,EV Connect,47.529972,-122.025196,2/1/2026,405812,2026-02-01 04:57:43 UTC,public,FALSE,FALSE
ELEC,Avista - NE Community Center (NECC),4001 North Cook Street,Spokane,WA,99207,888-356-8911,E,,Public,,2,,,FLO,47.693645,-117.374846,2/1/2026,405899,2026-02-01 05:19:03 UTC,public,FALSE,FALSE
ELEC,Avista - Kendall Yards,1335 West Bridge Avenue,Spokane,WA,99201,888-356-8911,E,,Public,,2,,,FLO,47.662711,-117.431829,2/1/2026,405900,2026-02-01 05:19:03 UTC,public,FALSE,FALSE
ELEC,Tulalip health clinic,7520 Totem Beach Rd,Tulalip,WA,98271,,E,,Private,,1,,,AMPUP,48.0649668,-122.2829886,8/12/2025,415895,2025-08-12 16:52:28 UTC,private,,FALSE
ELEC,601 E Riverside Ave,601 E Riverside Ave,Spokane,WA,99202,,E,,Private,,1,,,AMPUP,47.658394,-117.4024463,8/12/2025,415896,2025-08-12 16:52:28 UTC,private,,FALSE
ELEC,Vue on Harvard - Garage,740 Harvard Ave E,Seattle,WA,98102,206-561-0032,E,,Public,,4,,,AMPUP,47.62623543,-122.3220311,8/12/2025,415910,2025-08-12 16:52:28 UTC,public,FALSE,FALSE
ELEC,Weidner Apartment Homes,9757 Northeast Juanita Drive,Kirkland,WA,98034,866-816-7584,E,,Public,,2,,,EV Connect,47.704142,-122.211955,2/1/2026,416113,2026-02-01 04:57:48 UTC,public,FALSE,FALSE
ELEC,Avista - The Hive,2904 East Sprague Avenue,Spokane,WA,99202,888-356-8911,E,,Public,,2,,,FLO,47.657041,-117.367283,2/1/2026,416114,2026-02-01 05:19:03 UTC,public,FALSE,FALSE
ELEC,LES SCHWAB HANDICAP,1374 Washington 261,Ritzville,WA,99169,888-758-4389,E,,Public,,2,,,ChargePoint Network,47.114475,-118.365967,2/1/2026,416167,2026-02-01 03:58:23 UTC,public,FALSE,FALSE
ELEC,KIELO PORT 3,5988 Northwest 38th Avenue,Camas,WA,98607,888-758-4389,E,,Public,,1,,,ChargePoint Network,45.606446,-122.471509,2/1/2026,416174,2026-02-01 04:02:13 UTC,public,FALSE,FALSE
ELEC,KIELO PORT 1,5988 Northwest 38th Avenue,Camas,WA,98607,888-758-4389,E,,Public,,1,,,ChargePoint Network,45.605718,-122.471391,2/1/2026,416177,2026-02-01 04:02:14 UTC,public,FALSE,FALSE
ELEC,KIELO PORT 2,5988 Northwest 38th Avenue,Camas,WA,98607,888-758-4389,E,,Public,,1,,,ChargePoint Network,45.605705,-122.471396,2/1/2026,416178,2026-02-01 04:02:14 UTC,public,FALSE,FALSE
ELEC,Kitsap Bank - 1700 Village Lane,1700 Village Lane SE,Port Orchard,WA,98366,866-300-3827,E,,Public,,1,8,,EVCS,47.5333727,-122.5955185,2/1/2026,416197,2026-02-01 05:53:22 UTC,public,FALSE,FALSE
ELEC,KIELO PORT 5,5988 Northwest 38th Avenue,Camas,WA,98607,888-758-4389,E,,Public,,1,,,ChargePoint Network,45.606446,-122.471511,2/1/2026,416279,2026-02-01 04:02:13 UTC,public,FALSE,FALSE
ELEC,KIELO PORT 4,5988 Northwest 38th Avenue,Camas,WA,98607,888-758-4389,E,,Public,,1,,,ChargePoint Network,45.603935,-122.471433,2/1/2026,416280,2026-02-01 04:02:14 UTC,public,FALSE,FALSE
ELEC,KIELO PORT 6,5922 NW 38th Ave,Camas,WA,98607,888-758-4389,E,,Public,,1,,,ChargePoint Network,45.603935,-122.471441,2/1/2026,416281,2026-02-01 04:02:14 UTC,public,FALSE,FALSE
ELEC,201 ELLIOTT STATION 1,201 Elliott Ave W,Seattle,WA,98119,888-758-4389,E,,Public,,2,,,ChargePoint Network,47.619981,-122.360192,2/1/2026,416282,2026-02-01 04:02:18 UTC,public,FALSE,FALSE
ELEC,201 ELLIOTT STATION 2,201 Elliott Ave W,Seattle,WA,98119,888-758-4389,E,,Public,,2,,,ChargePoint Network,47.619981,-122.360278,2/1/2026,416283,2026-02-01 04:02:18 UTC,public,FALSE,FALSE
ELEC,LES SCHWAB SOUTH STATION,1374 Washington 261,Ritzville,WA,99169,888-758-4389,E,,Public,,2,,,ChargePoint Network,47.114268,-118.366138,2/1/2026,416335,2026-02-01 03:58:23 UTC,public,FALSE,FALSE
ELEC,Northstar Lodge - Northstar Lodge Aparments,6614 North Cedar Street,Spokane,WA,99208,888-356-8911,E,,Public,,2,,,FLO,47.718848,-117.431903,2/1/2026,416355,2026-02-01 05:19:04 UTC,public,FALSE,FALSE
ELEC,HARBOR CENTER PORT OF BHAM,1801 Roeder Ave,Bellingham,WA,98225,888-758-4389,E,,Public,,2,,,ChargePoint Network,48.75788,-122.496,2/1/2026,416416,2026-02-01 04:02:29 UTC,public,FALSE,FALSE
ELEC,Square One Distribution,35214 SE Center St,Snoqualmie,WA,98065,866-816-7584,E,,Public,,2,,,EV Connect,47.528206,-121.870253,2/1/2026,416426,2026-02-01 04:57:48 UTC,public,FALSE,FALSE
ELEC,Bothell Public Foods: 18404 120th Ave NE,18404 120th Ave NE,Bothell,WA,98011,866-816-7584,E,,Public,,4,4,,EV Connect,47.761303,-122.175434,2/1/2026,416497,2026-02-01 04:57:50 UTC,public,FALSE,FALSE
ELEC,Whitworth - Warren Hall,300 West Hawthorne Road,Spokane,WA,99251,888-356-8911,E,,Public,,2,,,FLO,47.7527076,-117.4194049,2/1/2026,416499,2026-02-01 05:19:04 UTC,public,FALSE,FALSE
ELEC,Women of Wisdom - Silverline Electric,4209 W Clearwater Ave,Kennewick,WA,99336,855-885-9571,P,1/3/2026,PLANNED - not yet accessible (Public),,,2,,OpConnect,46.211882,-119.177569,2/1/2026,416634,2026-02-01 04:49:22 UTC,public,FALSE,FALSE
ELEC,Korum Ford,100 River Rd,Puyallup,WA,98371,888-357-1009,E,,Public,,,8,,FORD_CHARGE,47.1976176,-122.294162,2/1/2026,416767,2026-02-01 06:53:01 UTC,public,FALSE,FALSE
ELEC,Awesome Ford,1001 SW Interstate Ave,Chehalis,WA,98532,888-357-1009,E,,Public,,,4,,FORD_CHARGE,46.64526,-122.95333,2/1/2026,416809,2026-02-01 06:54:04 UTC,public,FALSE,FALSE
ELEC,Safeway Seattle #1143 - 8340 15th Ave Nw,8340 15th Ave NW,Seattle,WA,98117,877-455-3833,E,,Public,,,4,,eVgo Network,47.689356,-122.37659,2/1/2026,416913,2026-02-01 00:02:37 UTC,public,FALSE,FALSE
ELEC,Safeway Auburn #0531,101 Auburn Way S,Auburn,WA,98002,877-455-3833,E,,Public,,,6,,eVgo Network,47.3059473,-122.2273587,2/1/2026,416914,2026-02-01 00:02:38 UTC,public,FALSE,FALSE
ELEC,Safeway Tacoma,1112 S M St,Tacoma,WA,98405,877-455-3833,E,,Public,,,4,,eVgo Network,47.250837,-122.455311,2/1/2026,416915,2026-02-01 00:02:38 UTC,public,FALSE,FALSE
ELEC,Haggen's Bellingham #3449,210 36th St,Bellingham,WA,98225,877-455-3833,E,,Public,,,4,,eVgo Network,48.733149,-122.4715278,2/1/2026,416916,2026-02-01 00:02:38 UTC,public,FALSE,FALSE
ELEC,Ballard Blocks,1451 NW 46th St,Seattle,WA,98107,877-455-3833,E,,Public,,,2,,eVgo Network,47.6617217,-122.3758674,2/1/2026,416920,2026-02-01 00:02:41 UTC,public,FALSE,FALSE
ELEC,Whole Foods Madison Broadway,1001 Broadway,Seattle,WA,98122,877-455-3833,E,,Public,,,2,,eVgo Network,47.611261,-122.320999,2/1/2026,416922,2026-02-01 00:02:42 UTC,public,FALSE,FALSE
ELEC,Whole Foods Bellevue (BLV),888 116th Ave NE,Bellevue,WA,98004,877-455-3833,E,,Public,,,4,,eVgo Network,47.618675,-122.18436,2/1/2026,416947,2026-02-01 00:02:55 UTC,public,FALSE,FALSE
ELEC,Chuckanut Builders,1000 North State St,Bellingham,WA,98225,866-816-7584,E,,Public,,2,,,EV Connect,48.74529,-122.481125,2/1/2026,417009,2026-02-01 04:57:31 UTC,public,FALSE,FALSE
ELEC,EV CHARGER # EV CHARGER #1,1620 Edward P Smith Drive,Aberdeen,WA,98520,888-758-4389,E,,Public,,2,,,ChargePoint Network,46.95268,-123.803612,2/1/2026,417054,2026-02-01 03:59:31 UTC,public,FALSE,FALSE
ELEC,EV CHARGER # EV CHARGER #2,1620 Edward P Smith Drive,Aberdeen,WA,98520,888-758-4389,E,,Public,,2,,,ChargePoint Network,46.952654,-123.803684,2/1/2026,417055,2026-02-01 03:59:31 UTC,public,FALSE,FALSE
ELEC,Westridge Condominium Association,311 S 174th Pl,Burien,WA,98148,866-816-7584,E,,Public,,1,,,EV Connect,47.446833,-122.329513,2/1/2026,417089,2026-02-01 04:57:36 UTC,public,FALSE,FALSE
ELEC,DOL WEST SEATTLE 2,2420 SW Dakota St,Seattle,WA,98106,888-758-4389,E,,Public,,2,,,ChargePoint Network,47.566877,-122.36464,2/1/2026,417196,2026-02-01 03:19:40 UTC,public,FALSE,FALSE
ELEC,HFA Borrower LLC,200 1st Avenue West,Seattle,WA,98119,888-998-2546,E,,Public,,4,,,Blink Network,47.62025721,-122.3576682,2/1/2026,417316,2026-02-01 00:06:40 UTC,public,FALSE,FALSE
ELEC,YMDC MIRAMAR-K EVC-1,6351 West Rio Grande Avenue,Kennewick,WA,99336,888-758-4389,E,,Public,,2,,,ChargePoint Network,46.223571,-119.2052,2/1/2026,417436,2026-02-01 04:00:49 UTC,public,FALSE,FALSE
ELEC,Blue Parking Lot - South - Series,10th Ave SE,Puyallup,WA,98372,888-998-2546,E,,Public,,3,,,Blink Network,47.181019,-122.293055,2/1/2026,417509,2026-02-01 00:45:13 UTC,public,FALSE,FALSE
ELEC,VESPR Apartments - 806 S College Ave - Non-Networked,806 South College Avenue,College Place,WA,99324,888-998-2546,E,,Public,,3,,,Blink Network,46.04194747,-118.3889919,2/1/2026,417511,2026-02-01 00:58:17 UTC,public,FALSE,FALSE
ELEC,Marcus Whitman Hotel,6 W Rose St,Walla Walla,WA,99362,313-262-6722,E,,Public,,10,,,RED_E,46.0678,-118.34142,2/1/2026,417586,2026-02-01 06:49:54 UTC,public,FALSE,FALSE
ELEC,Electric Era Charging Station,3125 Queensgate Drive,Richland,WA,99352,888-409-2980,E,,Public,,,6,,ELECTRIC_ERA,46.2594556,-119.3114845,2/1/2026,417726,2026-02-01 06:44:54 UTC,public,FALSE,FALSE
ELEC,Highline Community College (Series Charger),2400 S 240th St,Des Moines,WA,98198,888-998-2546,E,,Public,,4,,,Blink Network,47.389529,-122.301609,2/1/2026,417926,2026-02-01 00:19:13 UTC,public,FALSE,FALSE
ELEC,Avista - Goodwill ACL2,2927 East 27th Avenue,Spokane,WA,99223,888-356-8911,E,,Public,,2,,,FLO,47.630586,-117.368447,2/1/2026,418048,2026-02-01 05:19:07 UTC,public,FALSE,FALSE
ELEC,4th & Madison - Series,925 4th Avenue,Seattle,WA,98104,888-998-2546,E,,Public,,8,,,Blink Network,47.605192,-122.33285,2/1/2026,418098,2026-02-01 00:47:31 UTC,public,FALSE,FALSE
ELEC,FAIRHAVENPLAZA FP GARAGE 49,3129 Old Fairhaven Parkway,Bellingham,WA,98225,888-758-4389,E,,Public,,1,,,ChargePoint Network,48.714802,-122.475942,2/1/2026,418133,2026-02-01 04:05:29 UTC,public,FALSE,FALSE
ELEC,FAIRHAVENPLAZA FP GARAGE 50,3129 Old Fairhaven Parkway,Bellingham,WA,98225,888-758-4389,E,,Public,,1,,,ChargePoint Network,48.71483,-122.476003,2/1/2026,418134,2026-02-01 04:05:29 UTC,public,FALSE,FALSE
ELEC,FAIRHAVENPLAZA FP GARAGE 51,3129 Old Fairhaven Pkwy,Bellingham,WA,98225,888-758-4389,E,,Public,,1,,,ChargePoint Network,48.71507,-122.476064,2/1/2026,418135,2026-02-01 04:05:29 UTC,public,FALSE,FALSE
ELEC,FAIRHAVENPLAZA FP GARAGE 52,3129 Old Fairhaven Pkwy,Bellingham,WA,98225,888-758-4389,E,,Public,,1,,,ChargePoint Network,48.71507,-122.476064,2/1/2026,418136,2026-02-01 04:05:29 UTC,public,FALSE,FALSE
ELEC,FAIRHAVENPLAZA FP APT RIGHT,3129 Old Fairhaven Pkwy,Bellingham,WA,98225,888-758-4389,E,,Public,,1,,,ChargePoint Network,48.71507,-122.476064,2/1/2026,418137,2026-02-01 04:05:29 UTC,public,FALSE,FALSE
ELEC,FAIRHAVENPLAZA FP APT LEFT,3129 Old Fairhaven Pkwy,Bellingham,WA,98225,888-758-4389,E,,Public,,1,,,ChargePoint Network,48.71507,-122.476064,2/1/2026,418138,2026-02-01 04:05:29 UTC,public,FALSE,FALSE
ELEC,Puget Sound T-Mobile,3305 160th Avenue SE,Bellevue,WA,98007,866-816-7584,E,,Public,,4,,,EV Connect,47.581098,-122.132018,2/1/2026,418153,2026-02-01 04:57:30 UTC,public,FALSE,FALSE
ELEC,SWTCH Energy,90 Elgin St,Seattle,WA,98103,,E,,Private,,5,,,SWTCH,47.690965,-122.354287,1/13/2026,419933,2026-01-13 01:16:14 UTC,private,,FALSE
ELEC,SWTCH Energy,259 Commodore Dr,Seattle,WA,98103,,E,,Private,,1,,,SWTCH,47.690965,-122.354287,1/13/2026,419934,2026-01-13 01:16:14 UTC,private,,FALSE
ELEC,SWTCH Energy,320 N 85th St,Seattle,WA,98103,,E,,Private,,14,,,SWTCH,47.690965,-122.354287,1/13/2026,419935,2026-01-13 01:16:14 UTC,private,,FALSE
ELEC,Avista - Two Rivers Resort DCFC,6828 Washington 25,Davenport,WA,99122,888-356-8911,E,,Public,,,2,,FLO,47.90702,-118.32481,2/1/2026,420193,2026-02-01 05:19:07 UTC,public,FALSE,FALSE
ELEC,"Hotel International - Lynnwood, WA",5621 196th Street Southwest,Lynnwood,WA,98036,888-356-8911,E,,Public,,2,,,FLO,47.8218869,-122.3096395,2/1/2026,420706,2026-02-01 05:19:08 UTC,public,FALSE,FALSE
ELEC,Kettle Falls SD - Elementary School,225 East 8th Avenue,Kettle Falls,WA,99141,888-356-8911,E,,Public,,2,,,FLO,48.60597,-118.05346,2/1/2026,420781,2026-02-01 05:19:08 UTC,public,FALSE,FALSE
ELEC,PIERCE TRANSIT SPANAWAYPUBLIC1,20702 Mountain Hwy E,Spanaway,WA,98387,888-758-4389,E,,Public,,2,,,ChargePoint Network,47.068947,-122.41667,2/1/2026,420861,2026-02-01 03:39:00 UTC,public,FALSE,FALSE
ELEC,Women of Wisdom - Luxelocker Luxury Storage,903 Curie Street Unit A36,Richland,WA,99354,855-885-9571,E,,Public,,2,2,,OpConnect,46.32971,-119.282296,2/1/2026,420905,2026-02-01 04:49:23 UTC,public,FALSE,FALSE
ELEC,MTR - Seattle,7800 Detroit Ave SW,Seattle,WA,98106,888-222-6618,E,,Public,,,3,,NOODOE,47.5320289,-122.3375342,2/1/2026,420915,2026-02-01 05:53:37 UTC,public,FALSE,FALSE
ELEC,Tacoma Community College Lot D/E,6501 South 19th St.,Tacoma,WA,98466,888-356-8911,E,,Public,,10,,,FLO,47.245779,-122.525831,2/1/2026,421006,2026-02-01 05:18:59 UTC,public,FALSE,FALSE
ELEC,Avista - 5 Mile STA DCFC,1762 West 5 Mile Road,Spokane,WA,99208,888-356-8911,E,,Public,,,2,,FLO,47.717487,-117.437103,2/1/2026,421007,2026-02-01 05:19:08 UTC,public,FALSE,FALSE
ELEC,Avista - 5 Mile STA ACL2,1762 West 5 Mile Road,Spokane,WA,99208,888-356-8911,E,,Public,,2,,,FLO,47.717487,-117.437103,2/1/2026,421008,2026-02-01 05:19:08 UTC,public,FALSE,FALSE
ELEC,CC MAIN CC2,5200 West Nob Hill Boulevard,Yakima,WA,98908,888-758-4389,E,,Public,,2,,,ChargePoint Network,46.582897,-120.574646,2/1/2026,421165,2026-02-01 04:04:17 UTC,public,FALSE,FALSE
ELEC,CC MAIN CC1,5200 West Nob Hill Boulevard,Yakima,WA,98908,888-758-4389,E,,Public,,2,,,ChargePoint Network,46.58294,-120.575047,2/1/2026,421166,2026-02-01 04:04:17 UTC,public,FALSE,FALSE
ELEC,Chuck's Salmon Creek,"2302 Northeast 117th Street, 2302 NE 117th Street",Vancouver,WA,98686,888-356-8911,E,,Public,,4,,,FLO,45.7061916,-122.6491162,2/1/2026,421196,2026-02-01 05:19:09 UTC,public,FALSE,FALSE
ELEC,PENMET PARKS HQEV1-SINGLE,2416 14th Ave NW,Gig Harbor,WA,98335,888-758-4389,E,,Public,,1,,,ChargePoint Network,47.28129,-122.558649,2/1/2026,421236,2026-02-01 04:06:18 UTC,public,FALSE,FALSE
ELEC,PENMET PARKS HQEV2-DUAL,2416 14th Ave NW,Gig Harbor,WA,98335,888-758-4389,E,,Public,,2,,,ChargePoint Network,47.28096,-122.558699,2/1/2026,421240,2026-02-01 04:06:20 UTC,public,FALSE,FALSE
ELEC,Spokane Public Schools - Shadle Park High School,4327 North Ash Street,Spokane,WA,99205,888-356-8911,E,,Public,,2,,,FLO,47.699499,-117.437352,2/1/2026,421243,2026-02-01 05:19:10 UTC,public,FALSE,FALSE
ELEC,Target - Tesla Supercharger,3310 S Meridian,Puyallup,WA,98373,877-798-3752,E,,Public,,,12,,Tesla,47.158693,-122.293656,9/12/2025,421304,2025-09-12 21:22:13 UTC,public,FALSE,FALSE
ELEC,Avista - Inchelium Public Parking,Hornet Avenue,Inchelium,WA,99138,888-356-8911,E,,Public,,2,,,FLO,48.301831,-118.198289,2/1/2026,421390,2026-02-01 05:19:10 UTC,public,FALSE,FALSE
ELEC,Avista - Inchelium MultiFamily Parking,Hornet Avenue,Inchelium,WA,99138,888-356-8911,E,,Public,,2,,,FLO,48.302114,-118.198567,2/1/2026,421391,2026-02-01 05:19:10 UTC,public,FALSE,FALSE
ELEC,Gridline,1421 Harvard Ave,Seattle,WA,98122,206-294-3453,E,,Public,,10,,,AMPUP,47.61343,-122.322494,9/12/2025,421544,2025-09-12 21:22:13 UTC,public,FALSE,FALSE
ELEC,ETC EV CHARGERS #1-SW,3002 Pioneer Way East,Puyallup,WA,98372,888-758-4389,E,,Public,,2,,,ChargePoint Network,47.184003,-122.255385,2/1/2026,421578,2026-02-01 04:06:23 UTC,public,FALSE,FALSE
ELEC,ETC EV CHARGERS #2-SW,3002 Pioneer Way East,Puyallup,WA,98372,888-758-4389,E,,Public,,2,,,ChargePoint Network,47.184066,-122.25522,2/1/2026,421579,2026-02-01 04:06:23 UTC,public,FALSE,FALSE
ELEC,ISLAND LUMBER ISLAND LUMBER,9800 SW Bank Rd,Vashon,WA,98070,888-758-4389,E,,Public,,2,,,ChargePoint Network,47.447123,-122.459256,2/1/2026,421745,2026-02-01 04:05:42 UTC,public,FALSE,FALSE
ELEC,Renton Housing Authority,2900 Northeast 10th Street,Renton,WA,98056,888-998-2546,E,,Public,,4,,,Blink Network,47.49960058,-122.1788897,2/1/2026,421835,2026-02-01 00:48:19 UTC,public,FALSE,FALSE
ELEC,HARMONY FLATS HARMONY FLATS 1,4909 Long House Trail Rd.,Arlington,WA,98223,888-758-4389,E,,Public,,1,,,ChargePoint Network,48.14749,-122.162964,2/1/2026,421863,2026-02-01 03:02:50 UTC,public,FALSE,FALSE
ELEC,ISD411 ADMIN CENTER 1,5150 220th Avenue Southeast,Issaquah,WA,98029,888-758-4389,E,,Public,,2,,,ChargePoint Network,47.55497,-122.047403,2/1/2026,422067,2026-02-01 04:06:39 UTC,public,FALSE,FALSE
ELEC,WHITMAN COLLEGE WC HJT 01,South Park Street,Walla Walla,WA,99362,888-758-4389,E,,Public,,2,,,ChargePoint Network,46.071952,-118.330888,2/1/2026,422151,2026-02-01 04:06:37 UTC,public,FALSE,FALSE
ELEC,Building F,19910 North Creek Pkwy,Bothell,WA,98011,866-816-7584,E,,Public,,2,,,EV Connect,47.772832,-122.185023,2/1/2026,422403,2026-02-01 04:57:58 UTC,public,FALSE,FALSE
ELEC,EDMONDSNISSAN COMMERCIAL 2,24015 84th Ave W,Edmonds,WA,98026,888-758-4389,E,,Public,,,1,,ChargePoint Network,47.781357,-122.34569,2/1/2026,422429,2026-02-01 02:09:18 UTC,public,FALSE,FALSE
ELEC,BELLINGHAM CITY DEPOT MARKET 1,1100 Railroad Avenue,Bellingham,WA,98225,888-758-4389,E,,Public,,2,,,ChargePoint Network,48.747728,-122.480047,2/1/2026,422450,2026-02-01 04:07:10 UTC,public,FALSE,FALSE
ELEC,"West Hills 76 - 4650 Werner Rd, Bremerton",4650 Werner Rd,Bremerton,WA,98312,866-816-7584,E,,Public,,2,4,,EV Connect,47.558338,-122.675791,2/1/2026,422551,2026-02-01 04:57:21 UTC,public,FALSE,FALSE
ELEC,Kettle Falls SD - Middle School Public,105 West 11th Avenue,Kettle Falls,WA,99141,888-356-8911,E,,Public,,2,,,FLO,48.60269,-118.0557,2/1/2026,422554,2026-02-01 05:19:11 UTC,public,FALSE,FALSE
ELEC,Lodge at Columbia Point,530 Columbia Point Dr,Richland,WA,99352,313-262-6722,E,,Public,,10,,,RED_E,46.26311,-119.25227,2/1/2026,422559,2026-02-01 06:50:17 UTC,public,FALSE,FALSE
ELEC,ICCU KEN-16-1,3720 S Zintel Wy,Kennewick,WA,99337,888-758-4389,E,,Public,,1,,,ChargePoint Network,46.176555,-119.185614,2/1/2026,422605,2026-02-01 04:04:13 UTC,public,FALSE,FALSE
ELEC,ICCU KEN-16-2,3610 S Zintel Wy,Kennewick,WA,99337,888-758-4389,E,,Public,,2,,,ChargePoint Network,46.176532,-119.185521,2/1/2026,422606,2026-02-01 04:04:13 UTC,public,FALSE,FALSE
ELEC,ICCU KEN-16-4,3720 South Zintel Way,Kennewick,WA,99337,888-758-4389,E,,Public,,2,,,ChargePoint Network,46.176894,-119.185205,2/1/2026,422607,2026-02-01 04:04:14 UTC,public,FALSE,FALSE
ELEC,ICCU KEN-16-5,3720 South Zintel Way,Kennewick,WA,99337,888-758-4389,E,,Public,,2,,,ChargePoint Network,46.176854,-119.18505,2/1/2026,422608,2026-02-01 04:04:14 UTC,public,FALSE,FALSE
ELEC,ICCU KEN-16-3,3720 South Zintel Way,Kennewick,WA,99337,888-758-4389,E,,Public,,2,,,ChargePoint Network,46.176912,-119.185247,2/1/2026,422609,2026-02-01 04:04:23 UTC,public,FALSE,FALSE
ELEC,Avista - Martin Luther King Community Center ACL2,500 South Stone Street,Spokane,WA,99202,888-356-8911,E,,Public,,2,,,FLO,47.65135,-117.3776,2/1/2026,422693,2026-02-01 05:19:11 UTC,public,FALSE,FALSE
ELEC,BEARCREEK PMG P1S1,8515 Northeast Saint Johns Road,Vancouver,WA,98665,888-758-4389,E,,Public,,1,,,ChargePoint Network,45.684144,-122.625361,2/1/2026,422739,2026-02-01 04:07:39 UTC,public,FALSE,FALSE
ELEC,BEARCREEK PMG P1S2,8515 Northeast Saint Johns Road,Vancouver,WA,98665,888-758-4389,E,,Public,,1,,,ChargePoint Network,45.684146,-122.625421,2/1/2026,422740,2026-02-01 04:07:40 UTC,public,FALSE,FALSE
ELEC,Okanogan IGA Market,310 2nd Avenue South,Okanogan,WA,98840,866-300-3827,E,,Public,,1,8,,EVCS,48.3630209,-119.5835973,2/1/2026,422851,2026-02-01 05:53:43 UTC,public,FALSE,FALSE
ELEC,Yakima,419 E Yakima Ave,Yakima,WA,98901,,E,,Public,,,8,,POWERPUMP,46.6038307,-120.5005622,10/13/2025,422862,2025-10-13 20:52:30 UTC,public,FALSE,FALSE
ELEC,Yakima AC,424 E Yakima Ave,Yakima,WA,98901,,E,,Public,,2,,,POWERPUMP,46.6032173,-120.5002317,10/13/2025,422863,2025-10-13 20:52:30 UTC,public,FALSE,FALSE
ELEC,The Hoh Indian Tribe,2269 Lower Hoh Rd,Forks,WA,98331,,E,,Private,,2,,,POWERPUMP,47.7408177,-124.4133148,10/13/2025,422864,2025-10-13 20:52:30 UTC,private,,TRUE
ELEC,The Hoh Indian Tribe S Forks,41 S Forks Ave,Forks,WA,98336,360-374-6582,E,,Public,,2,,,POWERPUMP,47.9500917,-124.3850766,11/13/2025,422865,2025-11-13 20:02:17 UTC,public,FALSE,FALSE
ELEC,BEARCREEK PMG P2S3,8515 Northeast Saint Johns Road,Vancouver,WA,98665,888-758-4389,E,,Public,,1,,,ChargePoint Network,45.684134,-122.625365,2/1/2026,422923,2026-02-01 04:07:40 UTC,public,FALSE,FALSE
ELEC,BEARCREEK PMG P2S4,8515 Northeast Saint Johns Road,Vancouver,WA,98665,888-758-4389,E,,Public,,1,,,ChargePoint Network,45.684142,-122.62538,2/1/2026,422924,2026-02-01 04:07:40 UTC,public,FALSE,FALSE
ELEC,Republic (Old U-Haul),30398 State Route 20,Republic,WA,99166,866-300-3827,E,,Public,,1,4,,EVCS,48.6499909,-118.7098173,2/1/2026,423052,2026-02-01 05:53:44 UTC,public,FALSE,FALSE
ELEC,Newport Hospital,714 Pine Street,Newport,WA,99156,866-300-3827,E,,Public,,1,8,,EVCS,48.1823484,-117.049175,2/1/2026,423053,2026-02-01 05:53:44 UTC,public,FALSE,FALSE
ELEC,MARI STATION 1,10232 NE 10th St,Bellevue,WA,98004,888-758-4389,E,,Public,,1,,,ChargePoint Network,47.619553,-122.203223,2/1/2026,428427,2026-02-01 03:37:36 UTC,public,FALSE,FALSE
ELEC,Terminal-1 Garage,378 W Columbia Way,Vancouver,WA,98660,206-793-4556,E,,Public,,25,,,Non-Networked,45.62255992,-122.6747283,10/13/2025,428506,2025-10-13 20:52:30 UTC,public,FALSE,FALSE
ELEC,Komo Plaza Garage,140 4th Ave N.,Seattle,WA,98109,855-223-5351,E,,Public,,8,,,FLASH,47.61963112,-122.3482222,2/1/2026,428597,2026-02-01 05:04:14 UTC,public,FALSE,FALSE
ELEC,Dollar Tree - Colville,102 Ponderosa Rd,Colville,WA,99114,866-300-3827,E,,Public,,1,8,,EVCS,48.5568987,-117.9219539,2/1/2026,428652,2026-02-01 05:53:48 UTC,public,FALSE,FALSE
ELEC,249 Winslow Way East,249 Winslow Way East,Bainbridge Island,WA,98110,866-816-7584,E,,Public,,2,,,EV Connect,47.624522,-122.51897,2/1/2026,428725,2026-02-01 04:57:36 UTC,public,FALSE,FALSE
ELEC,RAG - CJDR Bellingham,1615 Iowa Street,Bellingham,WA,98229,888-998-2546,E,,Public,,,4,,Blink Network,48.75706261,-122.452151,2/1/2026,428733,2026-02-01 00:12:07 UTC,public,FALSE,FALSE
ELEC,PIKE PLACE STALL 890 & 891,1901 Western Avenue,Seattle,WA,98101,888-758-4389,E,,Public,,2,,,ChargePoint Network,47.609568,-122.342753,2/1/2026,428735,2026-02-01 04:08:02 UTC,public,FALSE,FALSE
ELEC,PIKE PLACE STALL 888 & 889,1901 Western Avenue,Seattle,WA,98101,888-758-4389,E,,Public,,2,,,ChargePoint Network,47.60977,-122.343068,2/1/2026,428736,2026-02-01 04:08:03 UTC,public,FALSE,FALSE
ELEC,PIKE PLACE STALL 950,1901 Western Avenue,Seattle,WA,98101,888-758-4389,E,,Public,,1,,,ChargePoint Network,47.609553,-122.342925,2/1/2026,428737,2026-02-01 04:08:15 UTC,public,FALSE,FALSE
ELEC,701-00391,12221 120th Avenue Northeast,Kirkland,WA,98034,888-998-2546,E,,Public,,2,,,Blink Network,47.71797692,-122.1809364,2/1/2026,429500,2026-02-01 00:09:58 UTC,public,FALSE,FALSE
ELEC,CHARGEPOINT QA CT4K-GW-5829,10600 Quil Ceda Blvd,Tulalip Bay,WA,98271,888-758-4389,E,,Public,,2,,,ChargePoint Network,48.093563,-122.188866,2/1/2026,429594,2026-02-01 03:00:50 UTC,public,FALSE,FALSE
ELEC,MARI STATION 5,10232 NE 10th St,Bellevue,WA,98004,888-758-4389,E,,Public,,2,,,ChargePoint Network,47.619558,-122.203195,2/1/2026,429598,2026-02-01 03:37:29 UTC,public,FALSE,FALSE
ELEC,DOR RICHLAND STATION 1,1657 Fowler St,Richland,WA,99352,888-758-4389,E,,Public,,2,,,ChargePoint Network,46.234523,-119.224959,2/1/2026,429614,2026-02-01 03:50:50 UTC,public,FALSE,FALSE
ELEC,KINECTS 109,1823 Minor Ave,Seattle,WA,98101,888-758-4389,E,,Public,,1,,,ChargePoint Network,47.617281,-122.331378,2/1/2026,429627,2026-02-01 04:08:18 UTC,public,FALSE,FALSE
ELEC,KINECTS 107,1823 Minor Ave,Seattle,WA,98101,888-758-4389,E,,Public,,1,,,ChargePoint Network,47.617329,-122.331424,2/1/2026,429628,2026-02-01 04:08:18 UTC,public,FALSE,FALSE
ELEC,The FINCH Walla Walla,325 E Main St,Walla Walla,WA,99362,313-262-6722,E,,Public,,14,,,RED_E,46.07057,-118.33551,2/1/2026,429733,2026-02-01 06:50:22 UTC,public,FALSE,FALSE
ELEC,Store No - 701-00460 - 800 NE  Tenney  Road,800 Northeast Tenney Road,Vancouver,WA,98685,888-998-2546,E,,Public,,1,,,Blink Network,45.72073727,-122.6625944,2/1/2026,429752,2026-02-01 00:31:26 UTC,public,FALSE,FALSE
ELEC,KINECTS 108,1823 Minor Ave,Seattle,WA,98101,888-758-4389,E,,Public,,1,,,ChargePoint Network,47.617293,-122.331413,2/1/2026,429759,2026-02-01 04:08:18 UTC,public,FALSE,FALSE
ELEC,NINTENDO 4500 # 8,4500 150th Ave NE,Redmond,WA,98052,888-758-4389,E,,Public,,2,,,ChargePoint Network,47.65012,-122.13915,2/1/2026,429884,2026-02-01 04:08:55 UTC,public,FALSE,FALSE
ELEC,NINTENDO 4500 # 9,4500 150th Ave NE,Redmond,WA,98052,888-758-4389,E,,Public,,2,,,ChargePoint Network,47.65016,-122.13925,2/1/2026,429885,2026-02-01 04:08:56 UTC,public,FALSE,FALSE
ELEC,NINTENDO 4500 # 10,4500 150th Ave NE,Redmond,WA,98052,888-758-4389,E,,Public,,2,,,ChargePoint Network,47.650166,-122.13906,2/1/2026,429886,2026-02-01 04:08:56 UTC,public,FALSE,FALSE
ELEC,NINTENDO 4500 # 11,4500 150th Ave NE,Redmond,WA,98052,888-758-4389,E,,Public,,2,,,ChargePoint Network,47.650158,-122.13922,2/1/2026,429887,2026-02-01 04:08:56 UTC,public,FALSE,FALSE
ELEC,Fred Meyer - Tesla Supercharger,801 Auburn Way N,Auburn,WA,98002,877-798-3752,E,,Public,,,12,,Tesla,47.315916,-122.224106,11/13/2025,430837,2025-11-13 20:02:17 UTC,public,FALSE,FALSE
ELEC,TENINO CITY LOT SANDSTONE 2,273 W Central Ave,Tenino,WA,98589,888-758-4389,E,,Public,,2,,,ChargePoint Network,46.856715,-122.852947,2/1/2026,434159,2026-02-01 04:08:54 UTC,public,FALSE,FALSE
ELEC,TENINO CITY LOT SANDSTONE 1,273 W Central Ave,Tenino,WA,98589,888-758-4389,E,,Public,,2,,,ChargePoint Network,46.856719,-122.85292,2/1/2026,434160,2026-02-01 04:08:55 UTC,public,FALSE,FALSE
ELEC,PIKE PLACE STALL 892 & 893,1901 Western Avenue,Seattle,WA,98101,888-758-4389,E,,Public,,2,,,ChargePoint Network,47.60968,-122.34291,2/1/2026,434743,2026-02-01 04:08:02 UTC,public,FALSE,FALSE
ELEC,Aerojet Rocketdyne,11411 139th Pl NE,Redmond,WA,98052,866-816-7584,E,,Public,,2,,,EV Connect,47.704831,-122.156866,2/1/2026,434771,2026-02-01 04:57:05 UTC,public,FALSE,FALSE
ELEC,Pullman SD - Trans Center,170 Northwest Albion Drive,Pullman,WA,99163,888-356-8911,E,,Public,,2,,,FLO,46.7607032,-117.17319,2/1/2026,434773,2026-02-01 05:19:13 UTC,public,FALSE,FALSE
ELEC,CITY OF LACEY WCP DC FAST,6279 Pacific Avenue Southeast,Lacey,WA,98503,888-758-4389,E,,Public,,,1,,ChargePoint Network,47.03986,-122.794071,2/1/2026,434825,2026-02-01 04:09:37 UTC,public,FALSE,FALSE
ELEC,Landitrust LLC,34617 11th Place South,Federal Way,WA,98003,866-816-7584,E,,Public,,2,,,EV Connect,47.291397,-122.32034,2/1/2026,434829,2026-02-01 04:58:06 UTC,public,FALSE,FALSE
ELEC,PSE:  Puget Sound Educational Service District,800 Oakesdale Ave SW,Renton,WA,98057,866-816-7584,E,,Public,,3,,,EV Connect,47.472476,-122.234621,2/1/2026,434929,2026-02-01 04:58:07 UTC,public,FALSE,FALSE
ELEC,Kalispel Market and Casino,420 Qlispe River Way,Cusick,WA,99119,866-300-3827,E,,Public,,1,10,,EVCS,48.3495219,-117.3030174,2/1/2026,434935,2026-02-01 05:53:54 UTC,public,FALSE,FALSE
ELEC,Kalispel Tribe - Camas Center,1821 LeClerc Rd. N #1,Cusick,WA,99119,855-885-9571,E,,Public,,4,,,OpConnect,48.3438373,-117.2723993,2/1/2026,434990,2026-02-01 04:49:40 UTC,public,FALSE,FALSE
ELEC,Kalispel Tribe - RV Park,303 SOUTH KALISPEL WAY,AIRWAY HEIGHTS,WA,99001,855-885-9571,P,11/18/2025,PLANNED - not yet accessible (Public),,2,,,OpConnect,47.6532073,-117.5663691,2/1/2026,434991,2026-02-01 04:49:40 UTC,public,FALSE,FALSE
ELEC,Kalispel Tribe - Parking Garage,100 N HAYFORD RD,AIRWAY HEIGHTS,WA,99001,855-885-9571,E,,Public,,6,,,OpConnect,47.6595309,-117.564464,2/1/2026,434992,2026-02-01 04:49:40 UTC,public,FALSE,FALSE
ELEC,Kalispel Tribe - River Tower,100 N HAYFORD RD,AIRWAY HEIGHTS,WA,99001,855-885-9571,P,11/18/2025,PLANNED - not yet accessible (Public),,6,,,OpConnect,47.6595309,-117.564464,2/1/2026,434993,2026-02-01 04:49:40 UTC,public,FALSE,FALSE
ELEC,Kalispel Tribe - Kalispel Development,202 SOUTH INDUSTRY DRIVE,AIRWAY HEIGHTS,WA,99001,855-885-9571,P,11/18/2025,PLANNED - not yet accessible (Public),,2,,,OpConnect,47.6550725,-117.5702061,2/1/2026,434994,2026-02-01 04:49:41 UTC,public,FALSE,FALSE
ELEC,NOLS SQ EAST,630 N Sequim Ave,Sequim,WA,98382,888-758-4389,E,,Public,,2,,,ChargePoint Network,48.085817,-123.101359,2/1/2026,437599,2026-02-01 04:06:31 UTC,public,FALSE,FALSE
ELEC,NOLS SQ WEST,630 N Sequim Ave,Sequim,WA,98382,888-758-4389,E,,Public,,2,,,ChargePoint Network,48.085817,-123.101359,2/1/2026,437600,2026-02-01 04:06:31 UTC,public,FALSE,FALSE
ELEC,MOUNTLAKE EVCS EV14,23204 58th Ave W,Mountlake Terrace,WA,98043,888-758-4389,E,,Public,,2,,,ChargePoint Network,47.787743,-122.311679,2/1/2026,437984,2026-02-01 04:09:43 UTC,public,FALSE,FALSE
ELEC,Avista - West Plains Transit Center - L2,10810 West Westbow Road,Spokane,WA,99224,888-356-8911,E,,Public,,2,,,FLO,47.590162,-117.565515,2/1/2026,439492,2026-02-01 05:19:14 UTC,public,FALSE,FALSE
ELEC,CHARLES P1 #13,8065 161st Avenue Northeast,Redmond,WA,98052,888-758-4389,E,,Public,,1,,,ChargePoint Network,47.675564,-122.125896,2/1/2026,439684,2026-02-01 04:02:55 UTC,public,FALSE,FALSE
ELEC,Met Park West,1731 Minor Ave,Seattle,WA,98121,833-611-5965,E,,Public,,3,,,VIALYNK,47.61627,-122.33032,2/1/2026,439743,2026-02-01 06:02:21 UTC,public,FALSE,FALSE
ELEC,WBTSPHASEIIICOA STATION 1,1600 West Ocean Avenue,Westport,WA,98595,888-758-4389,E,,Public,,1,,,ChargePoint Network,46.886248,-124.123109,2/1/2026,439787,2026-02-01 04:09:02 UTC,public,FALSE,FALSE
ELEC,WBTSPHASEIIICOA STATION 2,1600 West Ocean Avenue,Westport,WA,98595,888-758-4389,E,,Public,,1,,,ChargePoint Network,46.886249,-124.123098,2/1/2026,439788,2026-02-01 04:09:03 UTC,public,FALSE,FALSE
ELEC,SOUNDFORDELEC25 CP6000-3,125 SW 12th St,Renton,WA,98057,888-758-4389,E,,Public,,2,,,ChargePoint Network,47.469771,-122.219579,2/1/2026,439797,2026-02-01 04:09:54 UTC,public,FALSE,FALSE
ELEC,SOUNDFORDELEC25 CP6000-2,1123 Maple Ave SW,Renton,WA,98057,888-758-4389,E,,Public,,2,,,ChargePoint Network,47.469185,-122.221951,2/1/2026,439798,2026-02-01 04:09:54 UTC,public,FALSE,FALSE
ELEC,Avista - West Plains Transit Center DCFC,10810 West Westbow Road,Spokane,WA,99224,888-356-8911,E,,Public,,,2,,FLO,47.590163,-117.565584,2/1/2026,439907,2026-02-01 05:19:14 UTC,public,FALSE,FALSE
ELEC,PNNL / SCW,3065 Innovation Blvd,Richland,WA,99354,,E,,Private - Government only,2,,,,Non-Networked,46.344459,-119.276454,12/12/2025,439923,2025-12-12 22:54:41 UTC,private,,TRUE
ELEC,PNNL / 3340,3340 Stevens Dr,Richland,WA,99354,,E,,Private - Government only,8,,,,Non-Networked,46.348558,-119.28121,12/12/2025,439940,2025-12-12 22:54:41 UTC,private,,TRUE
ELEC,Pacific Northwest National Laboratory PNNL/ESC 2,3340 Stevens Dr,Richland,WA,99354,,E,,Private - Government only,,2,,,Non-Networked,46.3491,-119.281633,12/12/2025,439941,2025-12-12 22:54:41 UTC,private,,TRUE
ELEC,FEC NW / N68967-B2134-6,2000 W Marine View Dr,Everett,WA,98207,,E,,Private - Government only,,2,,,Non-Networked,47.992602,-122.223253,12/12/2025,439942,2025-12-12 22:54:41 UTC,private,,TRUE
ELEC,Pacific Northwest National Laboratory PNNL/ESC 3,3340 Stevens Dr,Richland,WA,99354,,E,,Private - Government only,,2,,,Non-Networked,46.3491,-119.281633,12/12/2025,439945,2025-12-12 22:54:41 UTC,private,,FALSE
ELEC,"PNNL / GSL 1,2,3",3370 Stevens Dr,Richland,WA,99354,,E,,Private - Government only,,6,,,Non-Networked,46.350133,-119.280711,12/12/2025,439947,2025-12-12 22:54:41 UTC,private,,TRUE
ELEC,PNNL / 339A,339 Nebraska Ave,Richland,WA,99354,,E,,Private - Government only,,1,,,Non-Networked,46.365289,-119.280012,12/12/2025,439948,2025-12-12 22:54:41 UTC,private,,TRUE
ELEC,Air and Marine Branch-Bellingham,3871 Airport Way,Bellingham,WA,98226,,E,,Private - Government only,,2,,,Non-Networked,48.785918,-122.527803,12/12/2025,440025,2025-12-12 22:54:41 UTC,private,,TRUE
ELEC,Pacific Northwest National Laboratory PNNL/ESC 1,860 Horn Rapids Rd 3860 3,Richland,WA,99354,,E,,Private - Government only,,2,,,Non-Networked,46.352983,-119.28209,12/12/2025,440049,2025-12-12 22:54:41 UTC,private,,TRUE
ELEC,ROSS TSB,5411 NE HWY 99,Vancouver,WA,98663,,P,1/1/2026,PLANNED - not yet accessible (Private - Government only),,26,,,Non-Networked,45.662605,-122.661779,12/12/2025,440052,2025-12-12 22:54:41 UTC,private,,TRUE
ELEC,Pacific Northwest National Laboratory PNNL/350B,350 ASH ST,Richland,WA,99354,,E,,Private - Government only,,1,,,Non-Networked,46.270346,-119.299244,12/12/2025,440087,2025-12-12 22:54:41 UTC,private,,TRUE
ELEC,WinCo Foods - Tesla Supercharger,2425 Longfibre Rd,Union Gap,WA,98903,877-798-3752,E,,Public,,,8,,Tesla,46.562104,-120.496045,12/12/2025,440454,2025-12-12 22:54:41 UTC,public,FALSE,FALSE
ELEC,Fred Meyer - Tesla Supercharger,21045 Bothell Everett Hwy,Bothell,WA,98021,877-798-3752,E,,Public,,,12,,Tesla,47.808204,-122.207149,12/12/2025,440463,2025-12-12 22:54:41 UTC,public,FALSE,FALSE
ELEC,Women of Wisdom - Fowler,1295 Fowler St,Richland,WA,99352,855-885-9571,E,,Public,,,10,,OpConnect,46.2345183,-119.2342986,2/1/2026,440817,2026-02-01 04:49:19 UTC,public,FALSE,FALSE
ELEC,Kaiser Permanente - Everett WA,2929 Pine Street,Everett,WA,98201,888-998-2546,E,,Public,,3,,,Blink Network,47.9781856,-122.1920398,2/1/2026,440894,2026-02-01 00:44:37 UTC,public,FALSE,FALSE
ELEC,Met Park East,1730 Minor Ave,Seattle,WA,98121,833-611-5965,E,,Public,,3,,,VIALYNK,47.61683,-122.32967,2/1/2026,440970,2026-02-01 06:02:17 UTC,public,FALSE,FALSE
ELEC,PWRO: NOCA-STEHEKIN GOLDEN WEST VC,Stehekin Valley Rd,Stehekin,WA,98852,,E,,Private - Government only,1,,,,Non-Networked,48.3103,-120.6568,12/12/2025,442979,2025-12-12 22:54:41 UTC,private,,TRUE
ELEC,JBLM,5280 Pendleton Ave,Joint Base Lewis McCord,WA,98433,,E,,Private - Government only,,14,,,Non-Networked,47.091892,-122.589502,12/12/2025,442993,2025-12-12 22:54:41 UTC,private,,TRUE
ELEC,PWRO: NOCA-HEADQUARTERS,810 State Route 20,Sedro-Woolley,WA,98284,,E,,Private - Government only,1,,,,Non-Networked,48.5108,-122.2272,12/12/2025,443027,2025-12-12 22:54:41 UTC,private,,TRUE
ELEC,PWRO: NOCA-NEW HALEM VISITOR CENTER,503 Newhalem Creek,Marblemount,WA,98267,,E,,Private - Government only,1,1,,,Non-Networked,48.6739,-121.2435,12/12/2025,443028,2025-12-12 22:54:41 UTC,private,,TRUE
ELEC,"PWRO: OLYM - QUINAULT AST,",908 N Shore Rd,Amanda Park,WA,98526,,E,,Private - Government only,,1,,,Non-Networked,47.5019,-123.8221,12/12/2025,443030,2025-12-12 22:54:41 UTC,private,,TRUE
ELEC,NAS WHIDBEY IS / N00620-B1972-1,1115 W Lexington St,Whidbey Island Station,WA,98277,,E,,Private - Government only,,2,,,Non-Networked,48.343208,-122.674995,12/12/2025,443083,2025-12-12 22:54:41 UTC,private,,TRUE
ELEC,NAS WHIDBEY IS / N00620-B1973-1,1115 W Lexington St,Whidbey Island Station,WA,98277,,E,,Private - Government only,,2,,,Non-Networked,48.343166,-122.674942,12/12/2025,443084,2025-12-12 22:54:41 UTC,private,,TRUE
ELEC,FEC NW / N8346-B7059-1,Attu Rd,Silverdale,WA,98315,,E,,Private - Government only,,2,,,Non-Networked,47.723022,-122.729675,12/12/2025,443085,2025-12-12 22:54:41 UTC,private,,TRUE
ELEC,FEC NW / N8436-B1100-1,17216 Olympic View Rd NW,Silverdale,WA,98383,,E,,Private - Government only,,2,,,Non-Networked,47.72093,-122.7457,12/12/2025,443086,2025-12-12 22:54:41 UTC,private,,TRUE
ELEC,FEC NW / N8436-B1101-1,17216 Olympic View Rd NW,Silverdale,WA,98383,,E,,Private - Government only,,2,,,Non-Networked,47.72092,-122.7457,12/12/2025,443087,2025-12-12 22:54:41 UTC,private,,TRUE
ELEC,FEC NW / N8436-B1202-1,17216 Olympic View Rd NW,Silverdale,WA,98383,,E,,Private - Government only,,2,,,Non-Networked,47.720866,-122.745782,12/12/2025,443088,2025-12-12 22:54:41 UTC,private,,TRUE
ELEC,"FEC NW / N8436-BT-51-1,2",17222 Olympic View Rd NW,Silverdale,WA,98383,,E,,Private - Government only,,4,,,Non-Networked,47.720899,-122.745204,12/12/2025,443089,2025-12-12 22:54:41 UTC,private,,TRUE
ELEC,FEC NW / N8436-BT-75-1,17222 Olympic View Rd NW,Silverdale,WA,98383,,E,,Private - Government only,,2,,,Non-Networked,47.720899,-122.745204,12/12/2025,443090,2025-12-12 22:54:41 UTC,private,,TRUE
ELEC,FEC NW / N32416-B107-1,Burwell at Park Ave,Bremerton,WA,98337,,E,,Private - Government only,,2,,,Non-Networked,47.56415,-122.630287,12/12/2025,443091,2025-12-12 22:54:41 UTC,private,,TRUE
ELEC,FEC NW / N32416-B1107-1,433 Barclay St,Bremerton,WA,98314,,E,,Private - Government only,,2,,,Non-Networked,47.5594,-122.651365,12/12/2025,443092,2025-12-12 22:54:41 UTC,private,,TRUE
ELEC,FEC NW / N32416-B427-1,1400 Farragut St,Bremerton,WA,98337,,E,,Private - Government only,,2,,,Non-Networked,47.558217,-122.643688,12/12/2025,443093,2025-12-12 22:54:41 UTC,private,,TRUE
ELEC,FEC NW / N32416-B460-1,102 Arvon Ave,Bremerton,WA,98312,,E,,Private - Government only,,2,,,Non-Networked,47.56387,-122.647275,12/12/2025,443094,2025-12-12 22:54:41 UTC,private,,TRUE
ELEC,FEC NW / N32416-B78-1,2240 Decatur Ave,Bremerton,WA,98337,,E,,Private - Government only,,2,,,Non-Networked,47.562763,-122.627298,12/12/2025,443095,2025-12-12 22:54:41 UTC,private,,TRUE
ELEC,FEC NW / N1066-B151-1,1331 Griffith Point Rd,Marrowstone,WA,98358,,E,,Private - Government only,,2,,,Non-Networked,48.054234,-122.695382,12/12/2025,443096,2025-12-12 22:54:41 UTC,private,,TRUE
ELEC,FEC NW / N32416-B495-1,2240 Decatur Ave,Bremerton,WA,98337,,E,,Private - Government only,,2,,,Non-Networked,47.560795,-122.628517,12/12/2025,443097,2025-12-12 22:54:41 UTC,private,,TRUE
ELEC,PNNL / MSL5,1529 W Sequim Bay Rd,Sequim,WA,98382,,E,,Private - Government only,,2,,,Non-Networked,48.077323,-123.046652,12/12/2025,443794,2025-12-12 22:54:41 UTC,private,,TRUE
ELEC,FWS: Ridgefield NWR,28908 NW Main Ave,Ridgefield,WA,98642,,E,,Public,,2,,,Non-Networked,45.83038,-122.747466,12/12/2025,443806,2025-12-12 22:54:41 UTC,public,FALSE,TRUE
ELEC,PNNL / MATH 1,902 Battelle Blvd,Richland,WA,99354,,E,,Private - Government only,,1,,,Non-Networked,46.344943,-119.279039,12/12/2025,443844,2025-12-12 22:54:41 UTC,private,,TRUE
ELEC,PNNL / EDL,910 Battelle Blvd,Richland,WA,99354,,E,,Private - Government only,2,,,,Non-Networked,46.345933,-119.281299,12/12/2025,443876,2025-12-12 22:54:41 UTC,private,,TRUE
ELEC,Fairchild AFB,100 W Ent St,Fairchild AFB,WA,99011,,E,,Private - Government only,,20,,,Non-Networked,47.636565,-117.6531,12/12/2025,445345,2025-12-12 22:54:41 UTC,private,,TRUE
ELEC,Fairchild AFB,701 Hospital Loop,Fairchild AFB,WA,99011,,P,1/1/2026,PLANNED - not yet accessible (Private - Government only),,4,,,Non-Networked,47.62742,-117.670202,12/12/2025,445354,2025-12-12 22:54:41 UTC,private,,TRUE
ELEC,Fairchild AFB,610 W California Ave,Fairchild AFB,WA,99011,,P,1/1/2026,PLANNED - not yet accessible (Private - Government only),,4,,,Non-Networked,47.61245,-117.645131,12/12/2025,445355,2025-12-12 22:54:41 UTC,private,,TRUE
ELEC,Fairchild AFB,803 S Hansell Ave,Fairchild AFB,WA,99011,,P,1/1/2026,PLANNED - not yet accessible (Private - Government only),,2,,,Non-Networked,47.630585,-117.638272,12/12/2025,445356,2025-12-12 22:54:41 UTC,private,,TRUE
ELEC,USDA - ARS - WENATCHEE,1104 N Western Ave,Wenatchee,WA,98801,,E,,Private - Government only,,1,,,Non-Networked,47.437262,-120.34698,12/12/2025,445363,2025-12-12 22:54:41 UTC,private,,TRUE
ELEC,FS - Curlew Job Corps Center,3 Campus St,Curlew,WA,99118,,E,,Private - Government only,,1,,,Non-Networked,48.93244,-118.76551,12/12/2025,445371,2025-12-12 22:54:41 UTC,private,,TRUE
ELEC,FHWA - Washington Division,"711 Capitol Way, Suite 501",Olympia,WA,98501,,E,,Private - Government only,,6,,,Non-Networked,47.041783,-122.901492,12/12/2025,445386,2025-12-12 22:54:41 UTC,private,,TRUE
ELEC,984 - TACOMA WA VMF,3825 S Warner St,Tacoma,WA,98409,,E,,Private - Government only,,2,,,Non-Networked,47.221688,-122.479818,12/12/2025,445400,2025-12-12 22:54:41 UTC,private,,TRUE
ELEC,993 - PASCO WA VMF,Rt 36,Pasco,WA,99301,,E,,Private - Government only,,2,,,Non-Networked,46.240504,-119.137156,12/12/2025,445401,2025-12-12 22:54:41 UTC,private,,TRUE
ELEC,PASCO WA SDC,Rt 36,Pasco,WA,99301,,E,,Private - Government only,,144,,,Non-Networked,46.240504,-119.137156,12/12/2025,445414,2025-12-12 22:54:41 UTC,private,,TRUE
ELEC,VISN 20/Union Gap CBOC (687)_Grid,1211 Ahtanum Ridge Dr,Union Gap,WA,98903,,E,,Private - Government only,,8,,,Non-Networked,46.55734,-120.49353,12/12/2025,445452,2025-12-12 22:54:41 UTC,private,,TRUE
ELEC,PNNL / RPL,Redwood St,Richland,WA,99354,,E,,Private - Government only,4,,,,Non-Networked,46.368053,-119.277481,12/12/2025,445464,2025-12-12 22:54:41 UTC,private,,TRUE
ELEC,Pacific Northwest National Laboratory PNNL/BRSW,790 6th St,Richland,WA,99354,,E,,Private - Government only,,1,,,Non-Networked,46.340928,-119.278439,12/12/2025,445468,2025-12-12 22:54:41 UTC,private,,TRUE
ELEC,PNNL / GES,790 6th St,Richland,WA,99354,,E,,Private - Government only,5,,,,Non-Networked,46.340928,-119.278439,12/12/2025,445469,2025-12-12 22:54:41 UTC,private,,TRUE
ELEC,NORTH THURSTON EV 1,305 College St NE,Lacey,WA,98516,888-758-4389,E,,Public,,2,,,ChargePoint Network,47.05103,-122.8236,2/1/2026,445656,2026-02-01 03:53:20 UTC,public,FALSE,FALSE
ELEC,"Vancouver, WA Rechargery Relay - SE 15th St",16415 SE 15th St,Vancouver,WA,98683,833-466-2474,E,,Public,,,14,,IONNA,45.609217,-122.501793,2/1/2026,445746,2026-02-01 06:39:52 UTC,public,FALSE,FALSE
ELEC,Pine Lake Village - Tesla Supercharger,3014 Issaquah-Pine Lake Rd SE,Sammamish,WA,98075,877-798-3752,E,,Public,,,8,,Tesla,47.581987,-122.033581,12/12/2025,445754,2025-12-12 22:54:41 UTC,public,FALSE,FALSE
ELEC,Methow Valley Thriftway,920 W Hwy 20,Winthrop,WA,98862,866-300-3827,E,,Public,,1,4,,EVCS,48.4670464,-120.1745365,2/1/2026,445836,2026-02-01 05:53:58 UTC,public,FALSE,FALSE
ELEC,Sedro-Woolley ROW- Metcalf Street,900 Metcalf Street,Sedro-Woolley,WA,98284,866-300-3827,E,,Public,,1,8,,EVCS,48.5031128,-122.238931,2/1/2026,445837,2026-02-01 05:53:59 UTC,public,FALSE,FALSE
ELEC,219 TERRY 219 TERRY,219 Terry Ave N,Seattle,WA,98109,888-758-4389,E,,Public,,2,,,ChargePoint Network,47.620359,-122.337475,2/1/2026,445869,2026-02-01 02:26:35 UTC,public,FALSE,FALSE
ELEC,LEXUSOFBELLEVUE STATION 1,101 116th Avenue Southeast,Bellevue,WA,98004,888-758-4389,E,,Public,,2,,,ChargePoint Network,47.608469,-122.187204,2/1/2026,445917,2026-02-01 03:29:27 UTC,public,FALSE,FALSE
ELEC,CITY LIGHT SOUTH SERVICE 3,409 S Spokane St,Seattle,WA,98134,888-758-4389,E,,Public,,1,,,ChargePoint Network,47.57135,-122.328571,2/1/2026,445996,2026-02-01 04:09:30 UTC,public,FALSE,FALSE
ELEC,CITY LIGHT SOUTH SERVICE 4,409 S Spokane St,Seattle,WA,98134,888-758-4389,E,,Public,,1,,,ChargePoint Network,47.571327,-122.328484,2/1/2026,445997,2026-02-01 04:09:30 UTC,public,FALSE,FALSE
ELEC,PRPRD EV PRPRD 1,1437 Gulf Road,Point Roberts,WA,98281,888-758-4389,E,,Public,,2,,,ChargePoint Network,48.984598,-123.0762,2/1/2026,446010,2026-02-01 04:10:58 UTC,public,FALSE,FALSE
ELEC,Green River College,12401 SE 320th St,Auburn,WA,98092,866-816-7584,E,,Public,,2,,,EV Connect,47.315022,-122.1752,2/1/2026,446029,2026-02-01 04:57:49 UTC,public,FALSE,FALSE
ELEC,Best Western Plus Spokane North,9601 N Newport Hwy,Spokane,WA,99218,509-468-5020,E,,Public,,2,,,TURNONGREEN,47.74527,-117.4077,12/12/2025,446180,2025-12-12 22:54:41 UTC,public,TRUE,FALSE
ELEC,14th & Pacific Parking Lot Fast Charger,1416 Court A,Tacoma,WA,98402,888-356-8911,E,,Public,,,2,,FLO,47.2500792,-122.4374137,2/1/2026,446232,2026-02-01 05:19:14 UTC,public,FALSE,FALSE
ELEC,Avista - Moran Prairie STA DCFC,5626 South Palouse Highway,Spokane,WA,99223,888-356-8911,E,,Public,,,2,,FLO,47.60268,-117.35164,2/1/2026,446233,2026-02-01 05:19:15 UTC,public,FALSE,FALSE
ELEC,Avista - Moran Prairie STA ACL2,5626 East Palouse Highway,Spokane,WA,99223,888-356-8911,E,,Public,,2,,,FLO,47.60268,-117.35164,2/1/2026,446234,2026-02-01 05:19:15 UTC,public,FALSE,FALSE
ELEC,Computer Citi,11910 Meridian Ave E,Puyallup,WA,98373,866-816-7584,E,,Public,,2,,,EV Connect,47.148057,-122.294122,2/1/2026,446284,2026-02-01 04:58:10 UTC,public,FALSE,FALSE
ELEC,Albertsons Kenmore #3500 - 6850 N E Bothell Way,6850 N E Bothell Way,Kenmore,WA,98028,877-455-3833,E,,Public,,,7,,eVgo Network,47.758326,-122.247987,1/31/2026,446299,2026-01-31 23:57:42 UTC,public,FALSE,FALSE
ELEC,Pierre Ford of Lynnwood,20020 Highway 99,Lynnwood,WA,98036,888-998-2546,E,,Public,,,4,,Blink Network,47.81733926,-122.3201352,2/1/2026,446310,2026-02-01 00:11:33 UTC,public,FALSE,FALSE
ELEC,WSU - Food Services Bldg,2420 Grimes Way,Pullman,WA,99163,888-356-8911,E,,Public,,6,,,FLO,46.7299556,-117.1470549,2/1/2026,446475,2026-02-01 05:19:15 UTC,public,FALSE,FALSE
ELEC,Avista - Moran Prairie Library,6004 South Regal Street,Spokane,WA,99223,888-356-8911,E,,Public,,2,,,FLO,47.599883,-117.369004,2/1/2026,446476,2026-02-01 05:19:15 UTC,public,FALSE,FALSE
ELEC,La Quinta Hawthorn Suites Leavenworth,300 Ward Strasse,Leavenworth,WA,98826,888-356-8911,E,,Public,,8,,,FLO,47.5974437,-120.6431831,2/1/2026,446569,2026-02-01 05:19:16 UTC,public,FALSE,FALSE
ELEC,Electric Era Charging Station,"13101 Gravelly Lake Dr SW,",Lakewood,WA,98499,888-409-2980,E,,Public,,,4,,ELECTRIC_ERA,47.1385573,-122.5256141,2/1/2026,446574,2026-02-01 06:44:55 UTC,public,FALSE,FALSE
ELEC,Central Valley SD - Greenacres MS,17409 East Sprague Avenue,Spokane Valley,WA,99016,888-356-8911,E,,Public,,2,,,FLO,47.6576666,-117.1705651,2/1/2026,446640,2026-02-01 05:19:17 UTC,public,FALSE,FALSE
ELEC,MARTINGALE APTS BLDG 1 LEFT,8675  Litt Dr SE,Lacey,WA,98516,888-758-4389,E,,Public,,1,,,ChargePoint Network,47.055268,-122.756552,2/1/2026,446730,2026-02-01 04:11:29 UTC,public,FALSE,FALSE
ELEC,MARTINGALE APTS BLDG 1 RIGHT,8675 Litt Drive SE,Lacey,WA,98516,888-758-4389,E,,Public,,1,,,ChargePoint Network,47.055122,-122.756668,2/1/2026,446731,2026-02-01 04:11:29 UTC,public,FALSE,FALSE
ELEC,MARTINGALE APTS BLDG 6 RIGHT,8675 Litt Drive SE,Lacey,WA,98516,888-758-4389,E,,Public,,1,,,ChargePoint Network,47.054401,-122.75502,2/1/2026,446733,2026-02-01 04:11:32 UTC,public,FALSE,FALSE
ELEC,MARTINGALE APTS BLDG 6 LEFT,8675 Litt Drive SE,Lacey,WA,98516,888-758-4389,E,,Public,,1,,,ChargePoint Network,47.054463,-122.754959,2/1/2026,446734,2026-02-01 04:11:32 UTC,public,FALSE,FALSE
ELEC,MARTINGALE APTS BLDG 5 LEFT,8675 Litt Drive SE,Lacey,WA,98516,888-758-4389,E,,Public,,1,,,ChargePoint Network,47.055027,-122.754961,2/1/2026,446735,2026-02-01 04:11:32 UTC,public,FALSE,FALSE
ELEC,MARTINGALE APTS BLDG 5 RIGHT,8675 Litt Drive SE,Lacey,WA,98516,888-758-4389,E,,Public,,1,,,ChargePoint Network,47.055027,-122.754951,2/1/2026,446736,2026-02-01 04:11:32 UTC,public,FALSE,FALSE
ELEC,MARTINGALE APTS BLDG 4 LEFT,8675 Litt Drive SE,Lacey,WA,98516,888-758-4389,E,,Public,,1,,,ChargePoint Network,47.055428,-122.755085,2/1/2026,446737,2026-02-01 04:11:33 UTC,public,FALSE,FALSE
ELEC,MARTINGALE APTS BLDG 4 RIGHT,8675 Litt Drive SE,Lacey,WA,98516,888-758-4389,E,,Public,,1,,,ChargePoint Network,47.055434,-122.75512,2/1/2026,446738,2026-02-01 04:11:33 UTC,public,FALSE,FALSE
ELEC,MARTINGALE APTS BLDG 8 W LEFT,8675 Litt Drive SE,Lacey,WA,98516,888-758-4389,E,,Public,,1,,,ChargePoint Network,47.054522,-122.756517,2/1/2026,446739,2026-02-01 04:11:33 UTC,public,FALSE,FALSE
ELEC,MARTINGALE APTS BLDG 8 W RIGHT,8675 Litt Drive SE,Lacey,WA,98516,888-758-4389,E,,Public,,1,,,ChargePoint Network,47.054552,-122.756518,2/1/2026,446740,2026-02-01 04:11:33 UTC,public,FALSE,FALSE
ELEC,Central Valley SD - University Elem,1613 South University Road,Spokane Valley,WA,99206,888-356-8911,E,,Public,,2,,,FLO,47.642004,-117.2603969,2/1/2026,446804,2026-02-01 05:19:18 UTC,public,FALSE,FALSE
ELEC,Tolt Towne Center - Carnation Market,31722 East Eugene Street,Carnation,WA,98014,866-300-3827,E,,Public,,1,8,,EVCS,47.6470781,-121.9161931,2/1/2026,446810,2026-02-01 05:54:00 UTC,public,FALSE,FALSE
ELEC,WSP - Yakima/Union Gap D3 HQ,2715 Rudkin Road,Union Gap,WA,98903,888-356-8911,E,,Public,,1,,,FLO,46.5606957,-120.4745515,2/1/2026,446862,2026-02-01 05:19:18 UTC,public,FALSE,FALSE
ELEC,SOUNDFORDELEC25 SOUND FORD LINK,101 Southwest Grady Way,Renton,WA,98057,888-758-4389,T,1/28/2026,TEMPORARILY UNAVAILABLE (Public),,,2,,ChargePoint Network,47.469749,-122.21949,2/1/2026,447021,2026-02-01 04:11:55 UTC,public,FALSE,FALSE
ELEC,PRPRD EV PRPRD1,1437 Gulf Rd,Point Roberts,WA,98281,888-758-4389,E,,Public,,,1,,ChargePoint Network,48.984499,-123.076712,2/1/2026,447024,2026-02-01 04:11:55 UTC,public,FALSE,FALSE
ELEC,PRPRD EV PRPRD 2,1437 Gulf Road,Point Roberts,WA,98281,888-758-4389,E,,Public,,,1,,ChargePoint Network,48.984356,-123.076943,2/1/2026,447025,2026-02-01 04:11:56 UTC,public,FALSE,FALSE
ELEC,Columbia Basin College,2600 N 20th Ave,Pasco,WA,99301,,P,6/30/2026,PLANNED - not yet accessible (Public),,4,,,FLO,46.24984,-119.12033,,447076,2025-12-08 20:49:36 UTC,public,FALSE,FALSE
ELEC,Samaritan Healthcare,2000 South Clover Drive,Moses Lake,WA,98837,888-998-2546,E,,Public,,10,,,Blink Network,47.11660094,-119.2573778,2/1/2026,447151,2026-02-01 00:53:04 UTC,public,FALSE,FALSE
ELEC,Central Valley SD - Greenacres Elem,17915 East 4th Avenue,Spokane Valley,WA,99016,888-356-8911,E,,Public,,2,,,FLO,47.6535728,-117.1625156,2/1/2026,447268,2026-02-01 05:19:19 UTC,public,FALSE,FALSE
ELEC,Central Valley SD - Liberty Creek Elem,23909 Country Vista Drive,Liberty Lake,WA,99019,888-356-8911,E,,Public,,2,,,FLO,47.6650892,-117.0847701,2/1/2026,447269,2026-02-01 05:19:19 UTC,public,FALSE,FALSE
ELEC,Avista - Port of Clarkston,849 Port Way,Clarkston,WA,99403,888-356-8911,E,,Public,,2,,,FLO,46.425536,-117.049137,2/1/2026,447367,2026-02-01 05:19:19 UTC,public,FALSE,FALSE
ELEC,HARBOR CENTER SQ SAWTOOTH,2615 South Harbor Loop Drive,Bellingham,WA,98225,888-758-4389,E,,Public,,2,,,ChargePoint Network,48.757137,-122.50372,2/1/2026,447419,2026-02-01 04:12:47 UTC,public,FALSE,FALSE
ELEC,STATION 1 EV1,25525 Dahl Rd,Arlington,WA,98223,888-758-4389,E,,Public,,2,,,ChargePoint Network,48.227749,-122.224591,2/1/2026,448096,2026-02-01 03:28:45 UTC,public,FALSE,FALSE
ELEC,STATION 1 EV2,25525 Dahl Rd,Arlington,WA,98223,888-758-4389,E,,Public,,2,,,ChargePoint Network,48.227749,-122.224645,2/1/2026,448097,2026-02-01 03:28:45 UTC,public,FALSE,FALSE
ELEC,MARTINGALE APTS CLUBHOUSE LEFT,8675 Litt Dr SE,Lacey,WA,98516,888-758-4389,E,,Public,,1,,,ChargePoint Network,47.055397,-122.755897,2/1/2026,448112,2026-02-01 04:13:17 UTC,public,FALSE,FALSE
ELEC,MARTINGALE APTS CLUBHOUSE RIGHT,8675 Litt Dr SE,Lacey,WA,98516,888-758-4389,E,,Public,,1,,,ChargePoint Network,47.055396,-122.755857,2/1/2026,448113,2026-02-01 04:13:17 UTC,public,FALSE,FALSE
ELEC,Pierre Ford of Seattle – Parts and Service,12531 30th Avenue Northeast,Seattle,WA,98125,888-998-2546,E,,Public,,,6,,Blink Network,47.72060191,-122.2966931,2/1/2026,448180,2026-02-01 00:58:07 UTC,public,FALSE,FALSE
ELEC,SLBP STATION 6,10309 20th Street Southeast,Lake Stevens,WA,98258,888-758-4389,E,,Public,,1,,,ChargePoint Network,47.979487,-122.093188,2/1/2026,448185,2026-02-01 04:11:42 UTC,public,FALSE,FALSE
ELEC,SLBP STATION 2,10309 20th Street Southeast,Lake Stevens,WA,98258,888-758-4389,E,,Public,,2,,,ChargePoint Network,47.979288,-122.091923,2/1/2026,448186,2026-02-01 04:11:43 UTC,public,FALSE,FALSE
ELEC,SLBP STATION 3,10309 20th Street Southeast,Lake Stevens,WA,98258,888-758-4389,E,,Public,,2,,,ChargePoint Network,47.979318,-122.092026,2/1/2026,448187,2026-02-01 04:11:43 UTC,public,FALSE,FALSE
ELEC,SLBP STATION 4,10309 20th Street Southeast,Lake Stevens,WA,98258,888-758-4389,E,,Public,,2,,,ChargePoint Network,47.979253,-122.091906,2/1/2026,448188,2026-02-01 04:11:43 UTC,public,FALSE,FALSE
ELEC,SLBP STATION 1,10309 20th Street Southeast,Lake Stevens,WA,98258,888-758-4389,E,,Public,,2,,,ChargePoint Network,47.979177,-122.091914,2/1/2026,448189,2026-02-01 04:11:44 UTC,public,FALSE,FALSE
ELEC,SLBP STATION 5,10309 20th Street Southeast,Lake Stevens,WA,98258,888-758-4389,E,,Public,,2,,,ChargePoint Network,47.979199,-122.091965,2/1/2026,448190,2026-02-01 04:11:44 UTC,public,FALSE,FALSE
ELEC,ICCU RICH-22-3,3180 Duportail Street,Richland,WA,99352,888-758-4389,E,,Public,,2,,,ChargePoint Network,46.256028,-119.318515,2/1/2026,448259,2026-02-01 04:12:59 UTC,public,FALSE,FALSE
ELEC,ICCU RICH-22-5,3180 Duportail Street,Richland,WA,99352,888-758-4389,E,,Public,,2,,,ChargePoint Network,46.255844,-119.318746,2/1/2026,448262,2026-02-01 04:12:59 UTC,public,FALSE,FALSE
ELEC,ICCU RICH-22-4,3180 Duportail St,Richland,WA,99352,888-758-4389,E,,Public,,2,,,ChargePoint Network,46.255795,-119.318781,2/1/2026,448263,2026-02-01 04:12:59 UTC,public,FALSE,FALSE
ELEC,ICCU RICH-22-2,3180 Duportail Street,Richland,WA,99352,888-758-4389,E,,Public,,2,,,ChargePoint Network,46.255953,-119.318375,2/1/2026,448264,2026-02-01 04:13:00 UTC,public,FALSE,FALSE
ELEC,ICCU RICH-22-1,3180 Duportail Street,Richland,WA,99352,888-758-4389,E,,Public,,2,,,ChargePoint Network,46.255912,-119.31835,2/1/2026,448265,2026-02-01 04:13:00 UTC,public,FALSE,FALSE
ELEC,Central Valley SD - Opportunity Elem,1109 South Wilbur Road,Spokane Valley,WA,99206,888-356-8911,E,,Public,,2,,,FLO,47.6468447,-117.2474471,2/1/2026,448292,2026-02-01 05:19:20 UTC,public,FALSE,FALSE
ELEC,BRIGHTSTARS_355 STATION 1,355 East Sunset Way,Issaquah,WA,98027,888-758-4389,E,,Public,,1,,,ChargePoint Network,47.529802,-122.030709,2/1/2026,448345,2026-02-01 04:11:52 UTC,public,FALSE,FALSE
ELEC,MARTINGALE APTS BLDG 8 SO LEFT,8675 Litt Dr SE,Lacey,WA,98516,888-758-4389,E,,Public,,1,,,ChargePoint Network,47.055193,-122.755862,2/1/2026,448380,2026-02-01 04:13:26 UTC,public,FALSE,FALSE
ELEC,MARTINGALE APTS BLDG 8 SO RIGHT,8675 Litt Dr SE,Lacey,WA,98516,888-758-4389,E,,Public,,1,,,ChargePoint Network,47.055277,-122.755841,2/1/2026,448381,2026-02-01 04:13:26 UTC,public,FALSE,FALSE
ELEC,MARTINGALE APTS BLDG 9 LEFT,8675 Litt Dr SE,Lacey,WA,98516,888-758-4389,E,,Public,,1,,,ChargePoint Network,47.055266,-122.75579,2/1/2026,448382,2026-02-01 04:13:26 UTC,public,FALSE,FALSE
ELEC,MARTINGALE APTS BLDG 9 RIGHT,8675 Litt Dr SE,Lacey,WA,98516,888-758-4389,E,,Public,,1,,,ChargePoint Network,47.05519,-122.755784,2/1/2026,448383,2026-02-01 04:13:26 UTC,public,FALSE,FALSE
ELEC,Lake Kirkland Park Condominium Association,12323 NE 97th St,Kirkland,WA,98033,866-816-7584,E,,Public,,2,,,EV Connect,47.687331,-122.176601,2/1/2026,448446,2026-02-01 04:57:40 UTC,public,FALSE,FALSE
ELEC,Museum of Glass Parking Lot,1801 Dock Street,Tacoma,WA,98402,888-356-8911,E,,Public,,2,,,FLO,47.2459488,-122.4340675,2/1/2026,448455,2026-02-01 05:19:20 UTC,public,FALSE,FALSE
ELEC,110 S. 10th Public,110 South 10th Street,Tacoma,WA,98402,888-356-8911,E,,Public,,2,,,FLO,47.2539815,-122.4385412,2/1/2026,448456,2026-02-01 05:19:20 UTC,public,FALSE,FALSE
ELEC,MARTINGALE APTS BLDG 2 LEFT,8675 Litt Dr SE,Lacey,WA,98516,888-758-4389,E,,Public,,1,,,ChargePoint Network,47.055636,-122.756597,2/1/2026,448495,2026-02-01 04:13:25 UTC,public,FALSE,FALSE
ELEC,MARTINGALE APTS BLDG 2 RIGHT,8675 Litt Dr SE,Lacey,WA,98516,888-758-4389,E,,Public,,1,,,ChargePoint Network,47.055548,-122.756576,2/1/2026,448496,2026-02-01 04:13:25 UTC,public,FALSE,FALSE
ELEC,MARTINGALE APTS BLDG 7 LEFT,8675 Litt Dr SE,Lacey,WA,98516,888-758-4389,E,,Public,,1,,,ChargePoint Network,47.055265,-122.755967,2/1/2026,448497,2026-02-01 04:13:25 UTC,public,FALSE,FALSE
ELEC,MARTINGALE APTS BLDG 7 RIGHT,8675 Litt Dr SE,Lacey,WA,98516,888-758-4389,E,,Public,,1,,,ChargePoint Network,47.055226,-122.755741,2/1/2026,448498,2026-02-01 04:13:26 UTC,public,FALSE,FALSE
ELEC,Campbell Nissan - Edmonds,24325 Highway 99,Edmonds,WA,98026,425-774-2174,E,,Public,,,2,,NAYAX_ENERGY,47.77834593,-122.3443107,1/13/2026,448689,2026-01-13 01:16:14 UTC,public,FALSE,FALSE
ELEC,Women of Wisdom - PNWU,200 University Parkway,Yakima,WA,98901,855-885-9571,E,,Public,,6,,,OpConnect,46.2760085,-119.2746521,2/1/2026,448738,2026-02-01 04:49:47 UTC,public,FALSE,FALSE
ELEC,GYM STATION POWERHOUSE_FLAT,4401 W Powerhouse Rd,Yakima,WA,98908,888-758-4389,E,,Public,,2,,,ChargePoint Network,46.620582,-120.566766,2/1/2026,448786,2026-02-01 04:09:59 UTC,public,FALSE,FALSE
ELEC,GYM STATION POWERHOUSE FLAT,4401 W Powerhouse Rd,Yakima,WA,98908,888-758-4389,E,,Public,,2,,,ChargePoint Network,46.62057,-120.566688,2/1/2026,448787,2026-02-01 04:09:59 UTC,public,FALSE,FALSE
ELEC,110 S. 10th Public - 2,110 South 10th Street,Tacoma,WA,98402,888-356-8911,E,,Public,,4,,,FLO,47.2545531,-122.440062,2/1/2026,448805,2026-02-01 05:19:21 UTC,public,FALSE,FALSE
ELEC,Central Valley SD - Riverbend Elem,17720 East Mission Avenue,Spokane Valley,WA,99016,888-356-8911,E,,Public,,2,,,FLO,47.671165,-117.1660303,2/1/2026,448923,2026-02-01 05:19:22 UTC,public,FALSE,FALSE
ELEC,Avista - WA Trust - Wandemere,438 East Hastings Road,Spokane,WA,99218,888-356-8911,E,,Public,,2,,,FLO,47.769055,-117.402184,2/1/2026,448924,2026-02-01 05:19:22 UTC,public,FALSE,FALSE
ELEC,WEST HARBOR 6,2500 9th St,Port Townsend,WA,98368,888-758-4389,E,,Public,,2,,,ChargePoint Network,48.106674,-122.805495,2/1/2026,448985,2026-02-01 03:12:22 UTC,public,FALSE,FALSE
ELEC,LCCR LCCR STATION 2,91,Kamilche,WA,98584,888-758-4389,E,,Public,,2,,,ChargePoint Network,47.128318,-123.103117,2/1/2026,448989,2026-02-01 04:12:34 UTC,public,FALSE,FALSE
ELEC,Avista - WSU Visitor Center,150 East Spring Street,Pullman,WA,99163,888-356-8911,E,,Public,,2,,,FLO,46.730005,-117.173896,2/1/2026,449041,2026-02-01 05:19:22 UTC,public,FALSE,FALSE
ELEC,Gear Jammer Plaza,2310 Rudkin Rd,Union Gap,WA,98903,855-885-9571,E,,Public,,2,,,OpConnect,46.567935,-120.474028,2/1/2026,449155,2026-02-01 04:49:48 UTC,public,FALSE,FALSE
ELEC,Central Valley SD - Mica Peak HS,15111 East Sprague Avenue,Spokane Valley,WA,99037,888-356-8911,E,,Public,,2,,,FLO,47.6591167,-117.2013258,2/1/2026,449159,2026-02-01 05:19:22 UTC,public,FALSE,FALSE
ELEC,Avista - South Hill Library,3324 South Perry Street,Spokane,WA,99203,888-356-8911,E,,Public,,2,,,FLO,47.624341,-117.389858,2/1/2026,449282,2026-02-01 05:19:23 UTC,public,FALSE,FALSE
ELEC,Karmart Nissan,655 Auto Blvd,Burlington,WA,98233,360-757-2277,E,,Public,,2,,,Non-Networked,48.45009,-122.34423,1/13/2026,449406,2026-01-13 01:16:14 UTC,public,TRUE,FALSE
ELEC,Town Pointe Condominiums,8850 Redmond Woodinville Road NE Redmond,Redmond,WA,98052,866-816-7584,T,1/13/2026,TEMPORARILY UNAVAILABLE (Public),,4,,,EV Connect,47.681148,-122.120869,2/1/2026,449449,2026-02-01 04:58:14 UTC,public,FALSE,FALSE
ELEC,Avista - South Hill Library Free,3324 South Perry Street,Spokane,WA,99203,888-356-8911,E,,Public,,2,,,FLO,47.624341,-117.389858,2/1/2026,449450,2026-02-01 05:19:22 UTC,public,FALSE,FALSE
ELEC,1500 Commerce Gated Parking Lot - Permit,1500 Commerce Street,Tacoma,WA,98402,888-356-8911,E,,Public,,3,,,FLO,47.2483283,-122.4392874,2/1/2026,449451,2026-02-01 05:19:23 UTC,public,FALSE,FALSE
ELEC,ARCADIAN COURT STATION 1,511 East Roy Street,Seattle,WA,98102,888-758-4389,E,,Public,,1,,,ChargePoint Network,47.624655,-122.324744,2/1/2026,449546,2026-02-01 04:13:37 UTC,public,FALSE,FALSE
ELEC,HUB FIELDS STATION 1,19619 East Cataldo Avenue,Liberty Lake,WA,99016,888-758-4389,E,,Public,,2,,,ChargePoint Network,47.668359,-117.140017,2/1/2026,449630,2026-02-01 03:49:30 UTC,public,FALSE,FALSE
ELEC,HUB FIELDS STATION 2,19619 East Cataldo Avenue,Liberty Lake,WA,99016,888-758-4389,E,,Public,,2,,,ChargePoint Network,47.6684,-117.140026,2/1/2026,449631,2026-02-01 03:49:30 UTC,public,FALSE,FALSE
ELEC,HUB FIELDS STATION 9,19619 East Cataldo Avenue,Liberty Lake,WA,99016,888-758-4389,E,,Public,,2,,,ChargePoint Network,47.668345,-117.140241,2/1/2026,449632,2026-02-01 03:49:31 UTC,public,FALSE,FALSE
ELEC,WSU - Chief Joseph Apts,2037 Northeast Terre View Drive,Pullman,WA,99163,888-356-8911,E,,Public,,2,,,FLO,46.742399,-117.1537587,2/1/2026,449653,2026-02-01 05:19:23 UTC,public,FALSE,FALSE
ELEC,WSU - Chief Joseph Apts -2,2025 Northeast Terre View Drive,Pullman,WA,99163,888-356-8911,E,,Public,,4,,,FLO,46.7419775,-117.1545451,2/1/2026,449654,2026-02-01 05:19:23 UTC,public,FALSE,FALSE
ELEC,LCCR LCCR STATION 3,93 WA-108,Shelton,WA,98584,888-758-4389,E,,Public,,2,,,ChargePoint Network,47.128321,-123.103174,2/1/2026,449715,2026-02-01 04:14:21 UTC,public,FALSE,FALSE
ELEC,Electric Era Charging Station,3438 Stoluckquamish Ln,Arlington,WA,98223,888-409-2980,E,,Public,,,6,,ELECTRIC_ERA,48.2143554,-122.1844313,2/1/2026,449738,2026-02-01 06:44:57 UTC,public,FALSE,FALSE
ELEC,ARCADIAN COURT STATION 2,511 East Roy Street,Seattle,WA,98102,888-758-4389,E,,Public,,1,,,ChargePoint Network,47.624795,-122.324648,2/1/2026,449750,2026-02-01 04:13:37 UTC,public,FALSE,FALSE
ELEC,PUYALLUP STATION 2,731 Shaw Rd E,Puyallup,WA,98372,888-758-4389,E,,Public,,1,,,ChargePoint Network,47.184526,-122.255526,2/1/2026,449906,2026-02-01 04:13:43 UTC,public,FALSE,FALSE
ELEC,PUYALLUP STATION 1,731 Shaw Rd E,Puyallup,WA,98372,888-758-4389,E,,Public,,1,,,ChargePoint Network,47.184485,-122.25539,2/1/2026,449907,2026-02-01 04:13:44 UTC,public,FALSE,FALSE
ELEC,KENT STATION KEHOC CPF50-10,12607 Southeast 248th Street,Kent,WA,98030,888-758-4389,E,,Public,,1,,,ChargePoint Network,47.377902,-122.174436,2/1/2026,450066,2026-02-01 04:10:34 UTC,public,FALSE,FALSE
ELEC,Women of Wisdom - Walla Walla University,401 S college,College Place,WA,99324,855-885-9571,E,,Public,,,2,,OpConnect,46.0455114,-118.3882042,2/1/2026,450141,2026-02-01 04:49:53 UTC,public,FALSE,FALSE
ELEC,CAMP MURRAY STATION ANG-03,106 41st Division Way,Camp Murray,WA,98430,888-758-4389,E,,Public,,2,,,ChargePoint Network,47.112573,-122.573477,2/1/2026,450182,2026-02-01 03:51:00 UTC,public,FALSE,FALSE
ELEC,CAMP MURRAY STATION ANG-04,106 41st Division Way,Camp Murray,WA,98430,888-758-4389,E,,Public,,2,,,ChargePoint Network,47.112546,-122.573694,2/1/2026,450183,2026-02-01 03:51:00 UTC,public,FALSE,FALSE
ELEC,CAMP MURRAY STATION ANG-05,106 41st Division Way,Camp Murray,WA,98430,888-758-4389,E,,Public,,2,,,ChargePoint Network,47.112475,-122.573447,2/1/2026,450184,2026-02-01 03:51:01 UTC,public,FALSE,FALSE
ELEC,CAMP MURRAY STATION ANG-06,106 41st Division Way,Camp Murray,WA,98430,888-758-4389,E,,Public,,2,,,ChargePoint Network,47.595418,-122.311677,2/1/2026,450185,2026-02-01 03:53:33 UTC,public,FALSE,FALSE
ELEC,CITY HALL P1 EV2,18415 101st Avenue Northeast,Bothell,WA,98011,888-758-4389,E,,Public,,2,,,ChargePoint Network,47.761573,-122.206447,2/1/2026,450231,2026-02-01 04:14:32 UTC,public,FALSE,FALSE
ELEC,CITY HALL P1 EV3,18415 101st Avenue Northeast,Bothell,WA,98011,888-758-4389,E,,Public,,2,,,ChargePoint Network,47.761538,-122.206427,2/1/2026,450232,2026-02-01 04:14:32 UTC,public,FALSE,FALSE
ELEC,CITY HALL P1 P1 EV4,18415 101st Avenue Northeast,Bothell,WA,98011,888-758-4389,E,,Public,,2,,,ChargePoint Network,47.761552,-122.206429,2/1/2026,450233,2026-02-01 04:14:32 UTC,public,FALSE,FALSE
ELEC,CITY HALL P1 EV1,18415 101st Avenue Northeast,Bothell,WA,98011,888-758-4389,E,,Public,,2,,,ChargePoint Network,47.761571,-122.206468,2/1/2026,450234,2026-02-01 04:14:32 UTC,public,FALSE,FALSE
ELEC,Becker Buick GMC,626 E Sprague Ave,Spokane,WA,99202,509-455-3550,E,,Public,,,1,,Non-Networked,47.65717,-117.40108,,450256,2026-01-28 18:08:55 UTC,public,FALSE,FALSE
ELEC,Central Valley SD - Ridgeline HS,20150 Country Vista Drive,Liberty Lake,WA,99019,888-356-8911,E,,Public,,2,,,FLO,47.6616905,-117.1337931,2/1/2026,450381,2026-02-01 05:19:27 UTC,public,FALSE,FALSE
ELEC,"Ellensburg, WA",2708 Triple L Loop,Ellensburg,WA,98926,866-576-1495,E,,Public,,,8,,RIVIAN_ADVENTURE,47.0085677,-120.5898465,2/1/2026,450410,2026-02-01 05:00:55 UTC,public,FALSE,FALSE
ELEC,Women of Wisdom - Inspiration,3008 Inspiration Dr,Yakima,WA,98901,855-885-9571,E,,Public,,1,,,OpConnect,46.6025951,-120.4592267,2/1/2026,450480,2026-02-01 04:49:54 UTC,public,FALSE,FALSE
