lat,lon,time_range,flag,geartype,vessel_ids,apparent_fishing_hours,effort_index,fuel_consumption,catch_value_usd,crew_size
-8.4,-81.9,2023-03,,purse_seines,1,0.04,8.18,10.08,5.76,6.9
-8.8,-80.2,2023-02,PER,other_purse_seines,1,1.57,7.0,17.08,9.01,8.2
-13.5,-76.3,2023-03,PER,other_purse_seines,1,1.87,4.03,4.7,10.61,7.4
-11.9,-80.6,2023-02,PER,tuna_purse_seines,1,0.33,0.0,0.0,3.51,
-12.9,-78.0,2023-02,PER,fishing,1,4.18,1.49,9.63,68.36,10.0
-14.3,-77.7,2023-02,PER,other_purse_seines,7,27.3905,34.2,33.58,97.53,10.1
-12.4,-78.7,2023-02,PER,pole_and_line,1,1.06,2.12,3.16,25.46,7.1
-5.1,-82.7,2023-03,ECU,tuna_purse_seines,1,0.19,0.93,5.99,7.48,7.7
-14.6,-77.0,2023-03,PER,other_purse_seines,13,27.3905,33.3,34.86,193.3,9.3
-10.7,-80.0,2023-03,ECU,tuna_purse_seines,1,0.28,4.11,3.34,8.68,7.6
-11.8,-77.4,2023-01,SSD,tuna_purse_seines,1,1.7,0.0,4.6,7.52,7.2
-17.7,-71.5,2023-02,PER,other_purse_seines,9,16.83,25.99,24.82,82.27,
-17.0,-78.0,2023-03,PER,tuna_purse_seines,1,5.0,1.89,5.46,37.2,7.0
-17.7,-77.0,2023-02,,purse_seines,1,4.75,16.21,15.42,31.12,8.0
-7.6,-79.8,2023-02,,other_purse_seines,1,0.33,6.58,9.41,5.66,7.0
-15.3,-77.6,2023-02,PER,tuna_purse_seines,1,1.33,3.69,8.76,12.58,7.6
-13.5,-76.2,2023-02,,other_purse_seines,2,0.42,9.5,18.52,4.78,6.9
-12.6,-77.8,2023-02,PER,set_longlines,1,0.66,4.8,0.8,18.07,8.6
-14.7,-77.5,2023-02,,pole_and_line,1,9.78,17.35,12.34,32.75,7.5
-10.2,-78.5,2023-02,PER,other_purse_seines,1,1.93,6.53,6.64,23.5,8.4
-16.3,-77.8,2023-03,PER,tuna_purse_seines,3,8.6,17.58,19.8,28.56,8.1
-9.1,-78.7,2023-02,PER,tuna_purse_seines,1,0.35,8.37,12.42,5.54,
-14.9,-77.2,2023-02,PER,pole_and_line,1,7.36,8.69,10.26,93.75,7.7
-12.0,-77.3,2023-03,PER,fishing,1,2.55,4.51,6.83,25.07,7.2
-9.9,-82.1,2023-02,PER,tuna_purse_seines,1,0.12,5.42,8.15,6.08,6.8
-17.6,-71.4,2023-01,PER,other_purse_seines,1,0.29,3.53,8.45,5.06,6.6
-12.1,-77.6,2023-03,PER,other_purse_seines,2,3.31,0.0,0.0,29.37,7.1
-14.7,-76.0,2023-01,,other_purse_seines,1,0.33,11.97,18.56,3.6,7.3
-11.1,-77.7,2023-01,,other_purse_seines,1,3.23,0.0,13.08,20.89,7.8
-14.7,-77.5,2023-02,GBR,other_purse_seines,1,0.82,0.0,6.94,10.21,8.8
-8.2,-79.1,2023-01,,other_purse_seines,3,8.94,9.04,14.37,112.37,8.1
-16.3,-78.4,2023-03,PER,tuna_purse_seines,1,2.63,9.01,13.61,10.99,7.3
-8.2,-79.2,2023-02,GBR,other_purse_seines,1,1.51,12.4,12.73,14.99,
-6.1,-81.4,2023-01,PER,tuna_purse_seines,2,5.48,9.14,14.25,28.15,7.2
-6.5,-80.7,2023-01,,other_purse_seines,1,5.38,8.45,3.02,33.01,9.6
-5.4,-82.1,2023-02,PER,other_purse_seines,1,1.57,6.38,15.94,20.99,9.0
-8.9,-78.8,2023-01,PER,purse_seines,3,4.87,7.98,11.18,15.12,9.4
-5.9,-81.3,2023-01,PER,other_purse_seines,4,16.59,22.56,33.77,118.55,9.7
-7.7,-79.9,2023-01,PER,other_purse_seines,2,2.38,2.34,2.08,4.76,7.0
-14.2,-77.0,2023-02,,pole_and_line,1,0.8,6.53,12.58,5.68,8.0
-11.9,-77.2,2023-03,PER,other_purse_seines,1,0.77,6.32,12.74,11.96,6.5
-12.5,-77.1,2023-01,PER,inconclusive,1,0.65,0.0,1.34,17.98,8.1
-16.9,-76.7,2023-03,,purse_seines,1,2.48,6.31,8.02,10.04,6.9
-14.4,-77.7,2023-02,PER,pole_and_line,1,0.97,5.68,9.58,11.82,8.1
-17.3,-71.9,2023-01,,other_purse_seines,2,5.74,12.42,13.36,29.13,7.7
-10.2,-78.3,2023-01,PER,other_purse_seines,30,27.3905,31.07,36.52,154.66,9.5
-13.2,-77.7,2023-02,PER,other_purse_seines,1,1.03,0.15,2.76,14.97,7.8
-3.5,-81.7,2023-02,PER,other_purse_seines,1,1.33,1.89,7.17,14.94,7.4
-16.8,-78.4,2023-03,PER,tuna_purse_seines,1,4.34,10.83,4.03,34.39,6.8
-9.2,-78.7,2023-03,PER,other_purse_seines,1,1.79,2.77,8.62,12.8,8.4
-11.1,-77.8,2023-01,HND,other_purse_seines,1,4.8,6.41,10.15,25.83,7.1
-14.4,-77.0,2023-01,PER,set_gillnets,1,3.16,11.77,6.04,29.08,8.7
-7.3,-79.9,2023-01,PER,other_purse_seines,33,27.3905,31.18,29.75,110.53,9.3
-10.8,-78.2,2023-02,PER,tuna_purse_seines,1,2.34,3.2,6.5,22.44,7.1
-5.9,-81.5,2023-02,PER,other_purse_seines,1,0.48,4.19,4.23,4.35,7.6
-15.5,-76.8,2023-03,,pole_and_line,1,8.42,14.01,15.67,51.52,8.5
-12.8,-76.7,2023-01,PER,inconclusive,1,0.45,8.39,11.09,6.25,8.7
-14.0,-77.2,2023-01,PER,fishing,1,1.21,2.03,4.04,7.05,8.4
-12.6,-76.9,2023-02,,other_purse_seines,1,4.75,3.34,3.73,37.56,7.5
-14.7,-77.0,2023-03,PER,other_purse_seines,11,27.3905,33.67,40.16,567.95,8.7
-9.1,-78.6,2023-03,PER,fishing,1,0.49,6.96,8.49,7.22,8.5
-14.2,-76.6,2023-03,PER,pole_and_line,1,1.38,0.0,7.45,12.0,7.6
-14.8,-76.1,2023-03,PER,other_purse_seines,1,0.25,2.45,2.56,2.65,6.9
-12.9,-76.6,2023-03,PER,other_purse_seines,1,3.62,9.13,7.3,20.55,9.6
-6.9,-80.2,2023-01,PER,purse_seines,3,3.6,8.83,10.37,10.52,8.4
-11.9,-77.2,2023-03,PER,pole_and_line,1,2.67,7.25,7.8,11.91,7.6
-15.4,-77.0,2023-03,PER,other_purse_seines,6,6.62,10.32,11.07,49.83,7.8
-9.0,-82.4,2023-03,PAN,tuna_purse_seines,1,3.32,4.65,0.0,36.56,7.1
-15.8,-78.7,2023-02,ECU,tuna_purse_seines,1,1.56,2.23,7.77,5.99,7.1
-12.8,-77.6,2023-02,PER,set_longlines,1,1.93,10.46,16.99,29.4,
-8.1,-79.2,2023-01,,other_purse_seines,2,2.07,2.08,7.41,18.17,7.5
-12.0,-77.8,2023-03,PER,other_purse_seines,1,1.5,10.26,10.01,27.13,6.9
-15.8,-74.7,2023-03,PER,other_purse_seines,1,1.75,0.99,3.4,16.49,6.9
-12.4,-77.1,2023-01,PER,pole_and_line,2,5.42,20.86,18.41,102.66,7.2
-7.6,-79.6,2023-02,PER,other_purse_seines,1,3.94,1.81,1.14,27.17,8.6
-10.9,-77.8,2023-01,PER,purse_seines,1,1.01,11.13,10.24,14.33,7.0
-16.4,-75.4,2023-03,PER,set_longlines,1,5.17,6.32,4.89,12.41,8.1
-7.4,-79.8,2023-01,PER,other_purse_seines,55,27.3905,33.7,31.23,51.12,10.5
-13.9,-78.2,2023-02,ECU,tuna_purse_seines,1,0.13,3.9,6.74,5.91,7.6
-12.0,-78.4,2023-03,PER,other_purse_seines,1,0.1,1.66,0.0,2.08,
-9.1,-78.7,2023-01,,other_purse_seines,1,3.0,15.67,8.3,24.14,8.3
-13.0,-76.7,2023-02,,other_purse_seines,1,0.18,4.55,8.83,5.68,6.7
-8.2,-79.4,2023-01,PER,other_purse_seines,32,27.3905,29.17,27.41,189.2,8.9
-14.6,-77.5,2023-03,PER,other_purse_seines,5,4.85,11.76,15.63,33.94,7.3
-9.3,-78.8,2023-01,PER,other_purse_seines,3,1.96,8.83,12.51,26.34,7.9
-4.5,-82.3,2023-02,PER,other_purse_seines,1,0.13,0.0,6.48,6.43,7.0
-10.7,-78.1,2023-02,PER,purse_seines,1,2.04,8.25,2.62,6.04,6.5
-13.5,-77.7,2023-01,PER,pole_and_line,1,0.31,4.6,8.25,5.56,7.5
-14.6,-77.0,2023-03,AIA,purse_seines,1,0.31,7.42,10.86,4.51,7.1
-14.5,-76.2,2023-01,PER,other_purse_seines,6,9.65,17.29,20.16,85.98,7.8
-15.3,-77.1,2023-02,PER,tuna_purse_seines,1,7.97,12.74,10.6,34.71,7.4
-14.1,-77.6,2023-01,PER,set_gillnets,1,3.02,5.79,11.14,16.3,8.0
-11.5,-78.3,2023-02,PER,purse_seines,1,2.67,10.35,2.68,17.15,6.7
-7.1,-79.8,2023-01,PER,pole_and_line,1,3.22,8.72,7.95,36.07,7.3
-9.3,-82.5,2023-02,PER,tuna_purse_seines,1,8.9,8.2,8.89,73.6,7.6
-12.3,-78.7,2023-02,PER,pole_and_line,1,5.96,8.51,16.28,35.28,8.1
-9.7,-78.4,2023-01,PER,other_purse_seines,10,17.38,21.3,21.81,59.19,9.2
-10.3,-78.2,2023-03,PER,other_purse_seines,1,1.5,4.67,2.48,12.12,8.5
-15.7,-78.1,2023-02,PER,tuna_purse_seines,1,0.32,12.93,11.76,11.47,7.1
-7.4,-80.0,2023-01,AIA,purse_seines,1,1.92,4.7,0.0,27.0,6.8
-13.1,-77.7,2023-02,PER,other_purse_seines,1,0.98,6.87,3.45,7.0,7.1
-7.0,-80.1,2023-01,PER,tuna_purse_seines,5,15.8,27.59,19.16,69.43,8.7
-14.9,-77.7,2023-02,HND,other_purse_seines,1,3.85,10.13,10.58,6.79,8.8
-15.5,-77.4,2023-02,PER,tuna_purse_seines,1,1.48,7.25,1.38,8.29,7.6
-7.5,-79.7,2023-02,PER,purse_seines,1,2.41,11.52,4.97,19.74,7.9
-6.8,-80.2,2023-02,PER,other_purse_seines,3,7.92,13.45,12.13,27.24,7.8
-6.8,-80.9,2023-01,PER,tuna_purse_seines,1,1.72,6.59,3.24,10.39,7.0
-7.8,-79.8,2023-01,HND,other_purse_seines,1,3.59,10.53,13.05,24.24,8.2
-15.4,-77.5,2023-02,GBR,other_purse_seines,1,4.0,9.95,17.14,28.71,8.2
-12.0,-77.2,2023-01,PER,fishing,2,5.01,6.96,12.7,28.39,7.2
-15.6,-76.0,2023-03,PER,other_purse_seines,1,6.88,7.19,14.63,48.68,8.1
-14.1,-77.0,2023-03,AIA,purse_seines,1,1.08,4.76,0.0,8.9,7.4
-15.3,-78.2,2023-02,ECU,tuna_purse_seines,1,4.98,14.73,11.43,46.53,8.2
-8.3,-79.3,2023-01,PER,other_purse_seines,25,27.3905,33.28,38.98,83.36,10.5
-15.3,-76.7,2023-02,PER,other_purse_seines,9,14.69,24.47,26.03,131.56,8.0
-7.5,-80.2,2023-01,PER,other_purse_seines,1,0.01,5.56,7.05,4.35,7.7
-10.8,-77.9,2023-01,PER,purse_seines,3,9.03,12.77,7.06,102.18,7.4
-9.1,-78.7,2023-03,PER,other_purse_seines,1,0.63,0.0,6.2,16.38,7.3
-13.0,-77.8,2023-02,PER,set_gillnets,1,2.64,7.74,17.66,23.7,7.4
-8.0,-79.3,2023-01,PER,fishing,2,1.66,4.79,2.81,9.53,8.5
-7.3,-79.7,2023-03,PER,other_purse_seines,1,0.56,0.0,0.0,4.62,7.2
-9.2,-78.9,2023-01,PER,other_purse_seines,3,2.13,8.27,9.19,27.59,6.9
-12.9,-77.9,2023-02,PER,fishing,1,2.81,7.0,8.15,8.84,6.9
-16.2,-78.3,2023-02,ECU,tuna_purse_seines,1,1.22,6.75,6.78,12.51,6.9
-11.9,-77.4,2023-01,PER,other_purse_seines,28,27.3905,31.86,38.07,100.48,10.3
-14.1,-77.0,2023-03,PER,other_purse_seines,1,2.13,7.1,1.93,6.29,7.5
-16.2,-77.9,2023-02,ECU,tuna_purse_seines,1,2.61,5.09,10.52,16.76,8.8
-9.8,-78.3,2023-01,PER,other_purse_seines,7,6.21,14.83,8.22,49.05,7.7
-14.8,-77.7,2023-02,PER,other_purse_seines,8,14.54,20.46,13.62,99.26,7.9
-14.3,-77.2,2023-02,PER,pole_and_line,1,4.76,3.97,12.46,11.29,7.9
-6.6,-80.4,2023-01,PER,tuna_purse_seines,1,1.44,6.39,10.93,6.12,
-16.1,-74.9,2023-03,PER,other_purse_seines,1,3.07,7.63,10.09,26.85,
-6.6,-80.8,2023-01,PER,purse_seines,5,16.45,21.33,25.86,153.78,8.2
-17.4,-71.5,2023-02,PER,other_purse_seines,2,1.78,0.89,9.13,10.7,7.4
-14.5,-78.9,2023-03,ECU,tuna_purse_seines,1,0.42,8.44,10.43,18.96,7.9
-9.2,-81.6,2023-03,ECU,tuna_purse_seines,1,0.06,1.32,0.89,6.07,9.7
-14.8,-77.1,2023-03,AIA,purse_seines,1,1.77,11.89,13.44,27.3,9.7
-10.3,-78.4,2023-01,PER,other_purse_seines,1,0.52,2.09,0.0,19.7,6.9
-14.4,-77.2,2023-02,,pole_and_line,1,0.58,4.76,6.65,11.52,6.8
-6.6,-80.4,2023-01,PER,purse_seines,3,4.96,9.29,1.9,17.91,7.2
-4.7,-81.5,2023-02,PER,other_purse_seines,1,1.75,6.49,7.58,30.19,
-8.1,-79.4,2023-01,PER,other_purse_seines,61,27.3905,44.05,42.15,64.29,9.3
-17.9,-71.3,2023-01,PER,other_purse_seines,1,8.77,11.78,12.66,63.65,7.6
-14.3,-77.5,2023-01,PER,set_gillnets,1,0.89,12.75,3.59,3.81,7.3
-6.1,-81.3,2023-01,PER,purse_seines,1,0.39,6.77,0.0,4.03,8.1
-6.9,-80.8,2023-01,PER,tuna_purse_seines,1,0.11,1.51,6.31,4.33,6.7
-14.2,-77.2,2023-01,PER,set_gillnets,1,0.16,8.89,4.18,1.65,6.4
-15.2,-76.0,2023-03,PER,other_purse_seines,1,3.99,11.55,14.21,15.37,7.3
-16.5,-76.7,2023-03,PER,fishing,1,9.96,18.54,16.79,25.29,8.9
-12.6,-76.8,2023-02,,other_purse_seines,1,1.56,0.71,2.14,9.33,8.6
-12.2,-79.5,2023-02,PER,tuna_purse_seines,1,3.23,9.44,0.0,20.43,7.9
-6.7,-80.7,2023-01,PER,purse_seines,4,9.15,12.55,17.07,118.81,7.7
-14.5,-76.9,2023-03,PER,other_purse_seines,5,19.26,24.65,26.4,138.75,8.8
-10.7,-77.9,2023-01,PER,other_purse_seines,15,27.3905,33.64,32.79,284.47,
-9.4,-78.6,2023-02,PER,other_purse_seines,5,4.49,9.09,5.72,24.67,
-16.1,-77.8,2023-02,ECU,tuna_purse_seines,1,5.0,15.47,5.64,47.74,7.9
-9.1,-79.1,2023-02,PER,other_purse_seines,1,5.22,11.16,6.24,26.58,7.6
-15.3,-77.1,2023-03,PER,other_purse_seines,9,20.71,19.86,29.78,221.0,10.1
-7.6,-79.8,2023-01,HND,other_purse_seines,1,0.74,9.49,8.98,3.78,7.6
-6.6,-80.9,2023-01,PER,tuna_purse_seines,7,14.33,20.09,27.19,47.94,8.6
-17.0,-72.3,2023-02,PER,fishing,1,0.26,4.78,7.99,7.47,7.9
-5.0,-81.8,2023-02,PER,other_purse_seines,1,2.97,0.41,1.67,14.66,9.3
-15.4,-77.4,2023-02,AIA,purse_seines,1,1.43,7.07,8.34,5.72,8.0
-6.9,-80.3,2023-01,PER,fishing,1,2.83,5.24,0.0,44.53,7.3
-6.9,-80.3,2023-01,PER,tuna_purse_seines,5,16.1,25.3,29.74,75.19,8.4
-7.9,-79.4,2023-01,HND,other_purse_seines,1,0.49,6.25,4.83,8.23,6.8
-12.0,-80.9,2023-02,ECU,tuna_purse_seines,1,2.0,9.31,8.17,14.36,7.1
-14.3,-77.2,2023-02,,pole_and_line,1,9.11,12.62,14.79,24.61,8.4
-12.7,-76.9,2023-01,PER,inconclusive,1,4.45,2.03,6.17,39.52,7.3
-14.6,-77.5,2023-02,PER,tuna_purse_seines,1,2.02,9.86,9.2,31.83,6.8
-17.3,-71.8,2023-01,,other_purse_seines,2,0.73,6.38,5.62,10.12,7.0
-12.2,-78.5,2023-02,PER,pole_and_line,1,1.1,3.97,1.6,18.25,7.2
-7.1,-79.9,2023-01,PER,pole_and_line,1,4.39,6.74,6.4,23.73,7.4
-10.3,-81.6,2023-03,ECU,tuna_purse_seines,1,0.06,0.74,0.0,12.24,6.5
-10.4,-79.0,2023-02,PER,other_purse_seines,1,0.1,0.0,3.33,6.94,7.5
-12.9,-77.7,2023-02,PER,other_purse_seines,2,2.2,2.0,0.0,17.7,8.0
-10.1,-78.5,2023-02,PER,other_purse_seines,2,3.21,7.27,10.47,10.48,6.9
-14.8,-77.2,2023-02,PER,other_purse_seines,2,5.88,16.51,11.48,30.63,7.6
-12.9,-76.6,2023-02,,other_purse_seines,1,0.07,5.78,2.81,4.94,8.2
-8.3,-79.5,2023-02,PER,other_purse_seines,8,19.99,32.01,21.45,163.29,8.8
-6.4,-81.0,2023-03,PER,other_purse_seines,1,1.04,1.35,3.22,10.37,8.8
-7.5,-79.8,2023-02,PER,other_purse_seines,17,27.3905,38.85,34.1,327.03,8.9
-8.6,-80.0,2023-03,PER,other_purse_seines,1,0.6,3.1,5.13,12.74,8.1
-14.6,-77.5,2023-02,GBR,other_purse_seines,1,5.46,15.51,13.3,16.63,7.3
-13.0,-76.8,2023-03,PER,other_purse_seines,1,4.03,13.04,10.6,9.88,7.5
-8.0,-79.7,2023-02,AIA,purse_seines,1,2.3,6.66,9.52,29.41,7.4
-9.2,-80.5,2023-03,PER,other_purse_seines,2,4.63,9.6,7.46,25.49,8.2
-10.0,-78.3,2023-01,PER,fishing,1,2.08,10.86,6.9,10.75,7.1
-18.1,-71.0,2023-01,,other_purse_seines,1,0.76,1.85,0.36,10.28,6.6
-8.5,-79.6,2023-01,HND,other_purse_seines,1,2.56,0.0,2.08,19.98,7.6
-15.0,-75.6,2023-01,PER,other_purse_seines,3,10.29,18.39,15.73,49.01,9.0
-16.8,-76.8,2023-03,PER,tuna_purse_seines,2,3.64,16.18,15.61,14.44,8.0
-14.0,-76.3,2023-03,PER,pole_and_line,1,1.09,0.0,4.97,15.11,6.6
-11.0,-78.1,2023-01,PER,other_purse_seines,2,1.95,6.93,5.01,10.24,9.0
-8.5,-82.9,2023-03,ECU,tuna_purse_seines,1,0.31,0.0,0.0,5.56,7.4
-9.8,-78.4,2023-01,PER,purse_seines,8,21.2448,26.28,25.87,107.98,
-9.2,-79.7,2023-03,PER,other_purse_seines,1,0.6,0.91,5.09,5.34,7.2
-14.0,-76.5,2023-03,PER,pole_and_line,1,0.14,7.44,4.79,3.03,8.0
-17.3,-77.8,2023-03,,purse_seines,1,1.48,3.58,3.41,12.78,7.4
-15.3,-77.1,2023-03,AIA,purse_seines,1,3.28,6.88,1.91,19.77,7.2
-4.7,-82.1,2023-02,PER,other_purse_seines,1,3.06,3.3,10.09,16.54,7.0
-14.5,-77.1,2023-02,PER,pole_and_line,1,1.18,8.05,4.82,12.97,
-14.3,-76.6,2023-01,PER,purse_seines,1,0.41,2.54,3.5,8.6,6.9
-10.0,-78.9,2023-02,PER,other_purse_seines,1,1.63,4.37,9.7,10.89,6.7
-11.6,-77.7,2023-03,PER,other_purse_seines,1,0.82,4.62,0.0,5.2,7.5
-11.8,-77.4,2023-01,PER,purse_seines,5,4.99,4.04,5.4,18.47,8.8
-9.1,-78.6,2023-03,PER,tuna_purse_seines,2,20.68,26.67,31.71,306.4,8.5
-12.0,-77.2,2023-01,PER,pole_and_line,2,19.53,19.43,17.6,40.4,8.2
-9.6,-78.6,2023-01,PER,purse_seines,4,7.25,11.16,8.35,67.81,7.3
-12.0,-77.2,2023-01,SSD,tuna_purse_seines,1,0.42,3.64,2.88,16.16,7.1
-10.8,-78.2,2023-01,AIA,purse_seines,1,4.88,7.87,8.09,49.06,10.4
-7.4,-79.8,2023-01,PER,fishing,1,2.17,5.64,4.69,11.85,7.3
-12.4,-76.9,2023-01,PER,tuna_purse_seines,1,1.14,2.72,3.68,6.05,
-12.2,-78.6,2023-03,PER,pole_and_line,1,0.96,6.97,1.58,9.76,9.3
-12.1,-77.7,2023-02,PER,other_purse_seines,1,0.38,4.41,0.82,5.56,6.5
-11.1,-78.3,2023-01,PER,other_purse_seines,2,1.33,3.69,3.11,13.62,7.5
-15.2,-77.5,2023-02,PER,tuna_purse_seines,1,1.68,4.99,3.52,11.42,7.1
-8.4,-79.2,2023-03,PER,other_purse_seines,1,2.74,4.47,11.22,7.01,7.7
-17.2,-71.9,2023-02,,other_purse_seines,1,5.76,9.86,9.23,14.6,9.1
-13.0,-76.7,2023-01,PER,pole_and_line,1,1.73,4.73,7.21,10.77,7.0
-14.9,-77.5,2023-03,PER,other_purse_seines,1,3.24,0.8,10.12,16.77,7.2
-7.0,-80.2,2023-01,PER,other_purse_seines,17,21.2448,33.55,31.48,170.65,8.6
-11.1,-77.9,2023-01,PER,other_purse_seines,2,1.18,3.63,4.64,9.7,7.7
-13.6,-79.5,2023-02,PER,tuna_purse_seines,1,1.28,2.89,1.84,8.76,8.2
-6.3,-80.9,2023-01,PER,tuna_purse_seines,5,8.11,14.05,14.17,89.48,7.8
-9.9,-78.3,2023-01,PER,purse_seines,2,0.65,0.0,0.0,2.76,7.3
-8.5,-79.1,2023-01,PER,fishing,2,0.79,3.38,4.41,4.72,10.8
-11.6,-77.7,2023-01,PER,set_longlines,1,2.06,7.42,11.33,13.84,6.5
-12.3,-76.9,2023-01,PER,fishing,1,0.25,3.28,0.0,3.04,7.4
-7.0,-80.9,2023-03,PER,other_purse_seines,1,1.56,5.96,8.28,15.79,8.8
-8.6,-79.0,2023-03,PER,inconclusive,1,1.7,4.2,8.8,15.99,7.2
-5.9,-82.1,2023-02,PER,other_purse_seines,1,0.12,2.75,0.0,2.7,6.9
-9.9,-78.5,2023-01,PER,purse_seines,2,2.07,6.12,12.12,9.93,
-17.6,-71.6,2023-02,PER,other_purse_seines,1,1.2,5.89,5.73,11.5,7.0
-6.8,-82.6,2023-03,ECU,tuna_purse_seines,1,0.22,0.13,4.93,2.07,7.3
-12.3,-77.2,2023-01,PER,inconclusive,1,1.04,6.19,8.67,12.48,7.7
-5.4,-81.3,2023-01,PER,other_purse_seines,1,0.91,6.12,8.53,6.81,7.7
-12.3,-79.1,2023-02,PER,tuna_purse_seines,1,3.01,4.99,7.3,11.48,6.7
-8.0,-79.4,2023-01,,other_purse_seines,3,18.62,22.33,25.96,69.41,8.2
-7.2,-79.9,2023-01,PER,other_purse_seines,36,21.2448,27.81,30.52,157.88,9.2
-14.5,-76.1,2023-01,,other_purse_seines,1,5.35,14.25,8.91,45.48,8.6
-15.2,-76.6,2023-03,,pole_and_line,1,3.85,12.32,16.37,25.71,9.5
-6.6,-81.7,2023-02,PER,other_purse_seines,1,0.28,1.18,0.42,8.66,7.6
-9.1,-78.6,2023-02,PER,other_purse_seines,17,21.2448,25.33,27.6,112.4,8.8
-15.3,-76.6,2023-03,PER,other_purse_seines,1,2.25,4.36,2.45,9.9,8.1
-5.6,-81.1,2023-02,PER,other_purse_seines,1,8.38,14.65,21.39,17.59,8.6
-10.9,-78.0,2023-02,PER,other_purse_seines,1,0.72,4.19,10.08,6.62,8.3
-9.7,-79.4,2023-01,PER,other_purse_seines,1,0.37,5.6,6.68,6.64,6.9
-13.0,-76.7,2023-01,HND,other_purse_seines,1,3.32,12.32,15.04,17.62,8.1
-8.0,-79.5,2023-01,PER,other_purse_seines,39,21.2448,28.16,38.28,227.41,9.0
-14.5,-77.9,2023-02,PER,tuna_purse_seines,2,1.76,7.41,7.87,13.07,8.5
-9.5,-78.8,2023-02,PER,other_purse_seines,2,1.65,7.06,12.27,13.8,7.0
-11.9,-77.4,2023-01,PER,purse_seines,1,0.34,1.43,4.91,20.4,8.1
-17.8,-71.3,2023-01,PER,other_purse_seines,2,9.58,13.87,8.12,48.62,7.5
-9.2,-82.5,2023-03,PAN,tuna_purse_seines,1,0.07,3.1,2.26,3.43,7.1
-11.0,-77.8,2023-01,,other_purse_seines,1,0.13,2.12,10.47,11.38,8.1
-7.0,-80.7,2023-01,PER,other_purse_seines,1,2.87,12.71,10.71,22.9,7.7
-14.9,-77.0,2023-03,PER,other_purse_seines,1,1.13,7.22,11.68,16.67,6.6
-6.8,-82.0,2023-03,PER,other_purse_seines,1,5.02,0.0,3.47,23.57,8.5
-15.4,-77.1,2023-03,AIA,purse_seines,1,3.05,4.15,4.58,38.7,6.9
-15.9,-77.2,2023-02,ECU,tuna_purse_seines,1,2.14,5.84,10.63,26.32,6.6
-8.5,-79.1,2023-01,HND,other_purse_seines,1,2.67,6.77,12.7,27.18,7.7
-14.0,-77.4,2023-03,PER,other_purse_seines,1,0.91,1.75,3.63,3.44,7.0
-8.0,-79.3,2023-01,,other_purse_seines,3,3.5,6.46,1.97,39.15,8.0
-7.6,-80.0,2023-03,PER,other_purse_seines,1,0.18,2.56,0.0,3.23,9.4
-9.4,-81.3,2023-01,PER,tuna_purse_seines,1,4.09,6.57,12.34,53.01,7.2
-10.0,-78.4,2023-02,PER,other_purse_seines,9,18.7,26.78,27.74,120.57,8.0
-8.0,-79.5,2023-01,,other_purse_seines,2,0.34,4.02,2.55,6.41,6.6
-9.0,-78.8,2023-01,,other_purse_seines,1,0.32,2.06,5.92,7.47,8.9
-8.9,-79.9,2023-01,PER,other_purse_seines,1,2.7,5.7,9.37,7.6,8.6
-9.9,-78.4,2023-01,PER,purse_seines,10,21.2448,27.19,33.43,60.38,
-9.8,-78.5,2023-01,PER,purse_seines,1,0.86,0.66,3.72,22.78,7.3
-12.4,-77.3,2023-03,PER,fishing,1,0.2,1.99,9.94,4.73,6.9
-15.2,-76.6,2023-03,PER,pole_and_line,1,2.08,8.4,15.7,43.53,7.7
-14.9,-77.0,2023-02,PER,tuna_purse_seines,1,1.16,8.87,6.85,10.01,7.4
-7.9,-83.1,2023-03,ECU,tuna_purse_seines,1,0.38,0.0,1.13,11.04,6.6
-8.0,-79.7,2023-02,PER,fishing,1,1.94,15.22,17.56,7.63,6.6
-7.7,-79.6,2023-02,PER,other_purse_seines,29,21.2448,24.93,31.8,393.37,9.0
-9.2,-78.8,2023-01,HND,other_purse_seines,1,0.07,7.03,6.03,3.28,7.2
-17.6,-71.6,2023-02,,other_purse_seines,1,3.32,2.48,0.0,7.13,8.6
-17.3,-77.9,2023-03,,purse_seines,1,0.45,7.09,6.61,12.76,
-15.3,-78.6,2023-03,ECU,tuna_purse_seines,1,0.07,4.17,5.06,11.77,7.2
-8.9,-82.5,2023-03,PAN,tuna_purse_seines,1,0.94,4.73,7.47,8.98,7.6
-9.8,-78.3,2023-01,PER,purse_seines,2,2.47,5.59,4.28,13.75,8.0
-8.1,-81.0,2023-02,,purse_seines,1,5.58,9.19,9.16,19.24,8.0
-9.8,-78.4,2023-01,HND,other_purse_seines,1,7.3,14.8,16.7,41.15,
-14.0,-76.4,2023-03,PER,pole_and_line,1,2.33,3.73,2.34,30.57,
-6.8,-80.6,2023-03,PER,other_purse_seines,1,1.17,4.33,2.32,20.02,7.6
-8.6,-79.6,2023-01,PER,purse_seines,1,2.22,4.96,8.28,12.19,6.8
-7.6,-79.9,2023-01,PER,other_purse_seines,27,21.2448,21.23,23.65,125.69,8.9
-8.3,-81.6,2023-02,,purse_seines,1,5.44,10.34,8.95,29.69,7.2
-8.2,-79.1,2023-02,PER,other_purse_seines,2,9.05,13.81,14.32,45.54,7.7
-10.0,-78.3,2023-02,PER,purse_seines,1,0.83,3.11,1.19,18.71,8.0
-8.6,-83.0,2023-03,ECU,tuna_purse_seines,1,5.41,4.82,5.49,28.8,7.7
-11.8,-77.5,2023-01,PER,purse_seines,2,8.65,12.2,5.95,87.15,8.5
-8.5,-79.0,2023-01,PER,other_purse_seines,4,2.82,6.49,2.78,16.05,7.0
-16.5,-78.2,2023-03,ECU,tuna_purse_seines,1,5.11,9.58,14.1,24.92,7.0
-10.7,-78.0,2023-01,AIA,purse_seines,1,3.01,7.5,3.21,17.84,7.8
-11.8,-77.9,2023-01,PER,purse_seines,1,1.65,1.31,4.83,38.29,7.4
-10.1,-80.9,2023-01,PER,tuna_purse_seines,1,0.52,8.41,5.45,4.85,7.4
-12.9,-76.9,2023-01,PER,tuna_purse_seines,1,0.55,7.58,2.23,15.75,7.0
-11.8,-77.3,2023-01,PER,purse_seines,4,7.24,14.93,14.03,36.02,7.5
-7.9,-79.7,2023-01,PER,pole_and_line,1,2.03,7.99,5.13,13.94,7.0
-9.1,-80.0,2023-03,PER,other_purse_seines,1,1.09,10.14,8.62,3.89,7.3
-6.8,-81.7,2023-02,PER,other_purse_seines,1,4.32,11.5,12.26,26.18,7.4
-16.4,-77.8,2023-03,PER,tuna_purse_seines,3,21.2448,31.61,30.18,154.94,10.4
-12.0,-77.1,2023-02,PER,purse_seines,3,21.2448,28.6,28.9,159.89,9.7
-10.2,-78.3,2023-01,AIA,purse_seines,1,0.17,4.74,3.38,3.51,7.2
-6.6,-82.6,2023-03,ECU,tuna_purse_seines,1,0.21,6.61,1.88,11.29,6.6
-7.6,-79.9,2023-01,PER,pole_and_line,1,3.92,5.68,0.0,21.79,8.1
-15.6,-79.0,2023-03,ECU,tuna_purse_seines,1,0.09,3.25,0.73,3.68,
-15.3,-77.2,2023-02,PER,other_purse_seines,12,21.2448,28.15,24.59,107.23,9.1
-9.1,-79.2,2023-03,PER,other_purse_seines,1,0.38,2.21,7.57,21.19,9.0
-3.6,-81.2,2023-01,ECU,tuna_purse_seines,1,1.79,0.0,0.55,10.62,7.3
-10.4,-78.3,2023-01,PER,other_purse_seines,1,0.18,2.01,0.0,7.99,7.3
-13.8,-76.5,2023-03,PER,other_purse_seines,1,3.34,4.89,8.18,13.02,8.5
-9.1,-78.6,2023-01,PER,purse_seines,6,6.81,14.72,18.54,46.09,7.7
-11.3,-78.2,2023-03,PER,other_purse_seines,1,0.87,0.0,0.0,11.5,
-7.9,-79.5,2023-02,PER,other_purse_seines,12,21.2448,24.48,30.81,37.06,8.9
-6.0,-81.3,2023-03,PER,other_purse_seines,1,2.64,12.88,16.66,13.3,7.1
-4.0,-81.9,2023-02,PER,other_purse_seines,1,0.19,0.0,0.0,8.16,6.7
-11.3,-77.8,2023-01,PER,purse_seines,2,11.69,15.82,11.82,43.28,7.7
-7.1,-80.0,2023-01,PER,pole_and_line,1,1.55,3.27,2.22,23.27,7.5
-10.3,-78.2,2023-01,AIA,purse_seines,1,4.7,2.7,14.31,31.32,7.1
-13.8,-77.1,2023-01,PER,pole_and_line,1,4.78,9.26,17.1,33.68,8.0
-13.4,-80.0,2023-02,ECU,tuna_purse_seines,1,1.11,1.87,2.49,7.25,8.8
-11.8,-77.8,2023-01,PER,other_purse_seines,4,5.62,0.0,1.37,30.93,7.1
-14.0,-77.1,2023-02,PER,pole_and_line,1,1.36,3.18,8.59,6.95,6.9
-8.3,-79.3,2023-01,PER,purse_seines,4,3.65,2.92,6.29,16.12,6.7
-7.8,-79.9,2023-02,PER,purse_seines,3,9.67,18.66,20.52,96.69,9.5
-15.2,-77.5,2023-02,PER,pole_and_line,1,0.93,5.04,4.46,9.81,7.3
-14.0,-78.1,2023-02,PER,purse_seines,1,0.14,0.0,0.0,22.16,7.0
-9.2,-78.7,2023-01,PER,purse_seines,2,5.64,10.93,13.04,21.46,7.1
-14.7,-76.5,2023-03,PER,other_purse_seines,1,1.18,12.42,0.83,11.88,
-11.7,-80.6,2023-02,PER,tuna_purse_seines,1,1.33,0.58,3.74,23.86,7.0
-5.1,-81.1,2023-02,ECU,inconclusive,1,0.99,1.26,6.3,7.54,8.8
-7.8,-79.7,2023-02,PER,tuna_purse_seines,2,3.29,7.19,11.72,15.45,7.0
-8.2,-79.2,2023-01,PER,purse_seines,6,21.2448,27.5,30.87,104.93,
-15.0,-76.4,2023-03,PER,other_purse_seines,1,1.24,5.94,4.75,11.89,7.3
-9.1,-82.5,2023-03,PAN,tuna_purse_seines,1,0.44,0.0,3.62,9.82,6.9
-8.9,-78.9,2023-01,PER,purse_seines,2,3.85,8.57,3.72,23.94,9.1
-14.8,-76.6,2023-03,PER,other_purse_seines,1,1.23,0.89,9.33,15.86,7.6
-14.9,-77.0,2023-01,PER,set_gillnets,1,3.39,4.74,7.2,15.4,8.5
-15.0,-77.4,2023-03,PER,other_purse_seines,10,17.28,26.36,23.21,62.85,8.2
-17.4,-71.8,2023-01,PER,other_purse_seines,1,0.23,1.45,7.16,9.23,8.5
-18.3,-70.8,2023-01,,other_purse_seines,1,0.06,6.24,0.68,4.78,7.5
-7.0,-80.1,2023-01,GBR,other_purse_seines,1,4.72,7.87,9.01,46.52,9.4
-11.0,-77.8,2023-02,PER,other_purse_seines,2,2.47,7.25,3.58,10.18,7.9
-14.7,-77.5,2023-03,PER,other_purse_seines,3,4.54,9.49,1.02,31.63,
-14.7,-77.4,2023-02,,pole_and_line,1,1.81,8.31,7.25,26.81,7.0
-4.2,-82.6,2023-02,PER,other_purse_seines,1,0.67,7.41,7.62,6.71,7.1
-16.5,-78.1,2023-02,ECU,tuna_purse_seines,1,6.71,8.53,6.24,23.48,7.8
-12.0,-77.1,2023-01,PER,inconclusive,1,3.1,13.56,15.44,17.05,
-12.6,-77.6,2023-03,PER,other_purse_seines,1,0.96,7.26,6.63,8.03,6.8
-15.5,-76.9,2023-03,PER,other_purse_seines,6,11.88,20.59,23.21,78.68,8.1
-17.1,-77.3,2023-03,PER,fishing,1,0.12,7.81,4.33,4.38,7.1
-7.9,-79.6,2023-02,HND,other_purse_seines,1,9.41,12.54,19.19,44.06,7.7
-13.3,-78.6,2023-02,PER,tuna_purse_seines,1,4.16,8.31,6.56,18.92,7.0
-15.4,-77.7,2023-02,PER,pole_and_line,1,0.35,4.67,4.83,6.72,7.3
-11.9,-77.3,2023-01,SSD,tuna_purse_seines,1,3.68,9.1,10.4,24.99,7.6
-8.4,-79.0,2023-01,PER,purse_seines,1,1.53,12.04,7.05,7.51,7.3
-14.5,-76.4,2023-03,,pole_and_line,1,6.28,17.86,12.87,39.7,7.8
-15.6,-77.5,2023-02,PER,tuna_purse_seines,1,0.58,17.61,14.7,10.04,7.0
-9.4,-78.7,2023-02,PER,tuna_purse_seines,1,0.61,11.57,6.03,9.2,6.8
-12.7,-77.7,2023-02,PER,other_purse_seines,1,1.46,11.94,14.19,9.11,8.5
-14.4,-76.9,2023-01,PER,set_gillnets,1,14.77,20.01,21.44,49.43,8.8
-8.5,-79.0,2023-01,,other_purse_seines,1,0.25,1.15,0.0,4.08,7.0
-5.5,-81.8,2023-02,PER,other_purse_seines,1,0.69,4.86,7.53,12.36,6.9
-12.3,-78.7,2023-02,PER,other_purse_seines,1,4.28,7.68,13.28,44.93,7.8
-12.4,-77.6,2023-03,PER,other_purse_seines,1,1.18,1.54,6.11,6.65,6.9
-18.0,-71.1,2023-01,PER,other_purse_seines,2,10.86,15.06,19.59,111.2,7.7
-16.0,-78.6,2023-03,,purse_seines,1,6.54,12.85,14.2,43.07,7.4
-11.5,-77.5,2023-01,,other_purse_seines,4,10.52,15.79,17.76,84.32,8.8
-15.1,-75.6,2023-01,PER,purse_seines,1,1.29,8.84,14.16,18.83,6.9
-9.1,-78.8,2023-01,HND,other_purse_seines,1,0.35,6.74,2.97,13.83,
-9.7,-80.3,2023-01,PER,tuna_purse_seines,1,4.17,10.25,6.26,44.44,7.7
-16.6,-77.9,2023-03,PER,tuna_purse_seines,1,11.09,20.99,20.45,80.4,8.5
-10.0,-78.7,2023-03,PER,fishing,1,2.26,6.13,3.02,13.23,6.8
-7.8,-79.7,2023-03,PER,other_purse_seines,1,5.56,10.46,9.18,25.41,8.0
-11.1,-78.0,2023-02,PER,other_purse_seines,1,0.55,10.14,4.28,17.2,7.0
-6.8,-80.3,2023-01,,other_purse_seines,1,0.99,8.75,5.97,6.3,7.7
-15.4,-76.5,2023-03,PER,other_purse_seines,2,3.32,2.06,2.53,32.66,6.8
-10.4,-80.6,2023-02,PER,tuna_purse_seines,1,4.34,9.3,10.1,24.98,9.1
-17.2,-78.2,2023-02,,purse_seines,1,12.14,23.21,20.64,85.94,8.0
-6.7,-80.4,2023-01,PER,tuna_purse_seines,4,13.05,20.23,22.42,82.56,8.6
-17.8,-71.5,2023-02,PER,other_purse_seines,4,11.04,20.83,16.9,62.77,8.3
-15.5,-77.9,2023-02,PER,tuna_purse_seines,1,0.8,0.0,1.95,15.98,
-7.8,-79.7,2023-02,PER,fishing,2,6.04,12.42,20.12,46.08,7.6
-7.0,-80.6,2023-01,PER,tuna_purse_seines,3,7.53,4.83,12.56,59.16,7.9
-17.7,-76.6,2023-03,,purse_seines,1,0.05,6.84,0.6,5.37,7.3
-8.7,-79.4,2023-01,PER,other_purse_seines,1,0.28,0.0,0.0,4.29,6.4
-11.5,-77.8,2023-01,PER,set_longlines,1,10.01,20.44,15.35,36.32,7.4
-11.1,-77.6,2023-02,PER,other_purse_seines,1,1.83,3.58,8.36,11.88,7.6
-10.9,-77.9,2023-01,PER,purse_seines,3,2.01,6.81,4.9,15.83,8.1
-4.6,-82.1,2023-02,PER,other_purse_seines,1,2.41,7.83,3.05,17.06,7.5
-9.8,-78.5,2023-02,PER,other_purse_seines,2,1.1,5.29,7.35,10.86,7.3
-7.9,-79.7,2023-02,,other_purse_seines,1,1.22,0.0,0.0,7.48,
-12.9,-79.5,2023-03,PER,fishing,1,1.37,8.37,10.1,13.46,6.7
-16.0,-79.2,2023-03,ECU,tuna_purse_seines,1,1.85,4.3,0.76,21.74,8.3
-15.6,-78.0,2023-03,ECU,tuna_purse_seines,1,1.19,14.64,10.98,11.12,7.0
-9.7,-79.6,2023-02,PER,other_purse_seines,1,0.32,3.5,8.45,4.78,6.6
-13.1,-77.9,2023-01,PER,fishing,1,3.04,8.32,17.63,34.42,
-6.8,-80.4,2023-01,PER,tuna_purse_seines,7,18.58,23.35,23.81,116.79,8.9
-16.4,-76.8,2023-03,PER,tuna_purse_seines,1,0.5,11.17,8.85,6.66,6.8
-13.4,-79.3,2023-03,ESP,drifting_longlines,1,1.94,11.92,18.73,10.89,6.8
-15.0,-76.9,2023-03,PER,pole_and_line,1,2.24,8.92,12.56,14.93,6.9
-18.1,-70.9,2023-01,,other_purse_seines,1,3.11,11.48,14.71,9.9,7.5
-12.1,-77.3,2023-01,PER,pole_and_line,1,5.93,7.37,6.23,76.59,8.1
-9.1,-78.9,2023-01,PER,other_purse_seines,5,5.75,6.91,11.48,106.5,8.5
-7.5,-80.4,2023-03,PER,other_purse_seines,1,3.9,13.31,21.95,42.12,7.2
-16.7,-76.8,2023-03,PER,tuna_purse_seines,2,20.62,23.59,25.29,211.17,8.4
-7.7,-79.4,2023-01,PER,other_purse_seines,13,21.2448,26.37,25.55,191.83,
-14.9,-75.9,2023-01,PER,purse_seines,1,2.43,0.98,4.62,18.52,
-7.7,-79.7,2023-02,PER,tuna_purse_seines,1,2.13,5.01,5.39,10.33,9.0
-10.5,-78.1,2023-01,PER,other_purse_seines,9,13.1,20.09,22.71,52.09,8.3
-14.8,-77.2,2023-02,PER,pole_and_line,1,0.95,4.87,5.51,6.97,7.0
-9.0,-80.4,2023-03,PER,other_purse_seines,6,9.25,8.57,18.26,25.88,8.1
-5.1,-81.1,2023-01,ESP,drifting_longlines,1,0.95,8.14,10.86,10.13,7.3
-7.3,-80.3,2023-01,PER,tuna_purse_seines,1,2.05,7.0,14.4,9.88,8.2
-14.7,-77.5,2023-02,PER,pole_and_line,1,5.39,0.45,6.87,51.24,8.0
-17.9,-71.2,2023-01,,other_purse_seines,1,0.18,0.16,6.33,5.75,7.4
-14.3,-77.0,2023-01,PER,set_gillnets,1,6.64,10.07,7.99,28.85,7.5
-6.6,-80.5,2023-01,PER,purse_seines,2,5.26,7.84,13.24,33.83,7.1
-8.9,-78.9,2023-01,PER,other_purse_seines,1,0.27,4.95,11.99,8.59,7.8
-15.2,-77.4,2023-02,PER,fishing,1,3.94,12.43,11.56,16.37,8.3
-10.8,-77.8,2023-01,PER,other_purse_seines,7,4.48,8.67,6.02,15.65,8.3
-7.8,-79.6,2023-02,PER,other_purse_seines,30,21.2448,27.07,23.07,213.12,8.3
-13.8,-78.2,2023-02,PER,other_purse_seines,5,19.69,30.8,31.27,33.68,8.7
-12.5,-77.0,2023-01,PER,tuna_purse_seines,1,1.36,11.56,10.99,18.62,7.7
-13.9,-77.1,2023-03,PER,other_purse_seines,1,2.32,5.42,10.09,23.02,
-12.9,-76.7,2023-01,PER,inconclusive,1,11.91,23.22,21.28,69.82,7.3
-12.6,-77.0,2023-01,PER,pole_and_line,2,7.39,5.58,3.37,40.07,7.7
-14.8,-75.9,2023-01,PER,other_purse_seines,7,9.38,20.24,17.18,52.7,8.8
-14.3,-77.7,2023-02,PER,pole_and_line,1,7.12,13.68,4.59,59.49,7.8
-6.6,-80.3,2023-01,PER,purse_seines,1,1.33,2.32,9.93,6.13,7.1
-16.8,-77.3,2023-03,PER,tuna_purse_seines,1,2.17,4.54,5.85,7.29,8.4
-15.7,-78.0,2023-03,ECU,tuna_purse_seines,1,2.0,6.73,6.14,10.56,7.0
-6.6,-80.9,2023-01,PER,purse_seines,2,2.85,12.17,13.54,17.63,7.5
-11.5,-77.5,2023-01,PER,other_purse_seines,18,21.2448,30.68,26.88,141.99,11.5
-9.3,-80.1,2023-03,PER,other_purse_seines,6,19.14,26.2,25.13,119.37,8.0
-10.8,-78.4,2023-01,PER,other_purse_seines,1,2.97,5.85,10.41,13.54,7.3
-6.7,-80.6,2023-03,PER,other_purse_seines,1,3.62,8.36,4.94,13.71,7.0
-11.6,-77.4,2023-01,PER,other_purse_seines,27,21.2448,22.85,28.02,140.77,8.2
-8.9,-80.5,2023-03,PER,other_purse_seines,1,1.35,3.98,4.32,25.76,7.3
-8.2,-79.6,2023-02,PER,other_purse_seines,31,21.2448,24.16,30.77,355.44,8.6
-13.4,-78.5,2023-02,PER,tuna_purse_seines,1,1.85,4.68,14.93,8.1,8.4
-11.9,-77.3,2023-01,PER,purse_seines,2,9.06,15.62,16.17,93.09,7.9
-14.4,-77.0,2023-03,PER,other_purse_seines,2,2.33,5.33,12.95,9.2,6.8
-17.1,-77.9,2023-03,PER,tuna_purse_seines,1,0.37,0.0,2.15,6.5,9.2
-7.6,-79.7,2023-02,PER,tuna_purse_seines,1,2.06,10.3,9.99,13.2,7.3
-7.9,-79.8,2023-01,PER,other_purse_seines,1,0.68,4.64,7.2,5.56,7.0
-12.9,-76.7,2023-02,PER,other_purse_seines,2,1.06,6.71,1.7,12.43,8.0
-16.9,-77.3,2023-03,PER,tuna_purse_seines,1,2.45,3.97,10.17,16.14,6.8
-13.7,-78.2,2023-02,PER,fishing,1,2.82,6.07,4.78,15.13,7.1
-7.7,-79.6,2023-02,PER,purse_seines,5,5.78,9.18,12.5,20.46,8.8
-17.0,-77.6,2023-03,PER,tuna_purse_seines,1,4.52,14.23,5.71,23.3,7.6
-7.3,-83.5,2023-03,ECU,tuna_purse_seines,1,1.27,0.68,3.39,23.42,7.6
-14.3,-77.6,2023-01,PER,fishing,1,1.72,9.11,10.21,21.91,8.5
-3.7,-83.9,2023-03,ECU,tuna_purse_seines,1,0.15,3.75,5.42,9.25,6.7
-14.0,-77.9,2023-02,PER,tuna_purse_seines,1,4.41,11.38,19.61,12.2,6.8
-12.3,-77.1,2023-01,PER,pole_and_line,2,5.57,7.69,15.86,51.68,7.7
-6.7,-81.7,2023-02,PER,other_purse_seines,1,1.34,0.0,6.0,8.67,8.3
-7.1,-80.0,2023-02,PER,tuna_purse_seines,1,0.1,7.41,3.92,3.99,8.6
-12.0,-77.3,2023-03,PER,other_purse_seines,7,9.0,12.35,12.22,43.25,10.0
-11.7,-77.3,2023-03,PER,pole_and_line,1,0.23,5.9,3.86,2.7,7.3
-10.5,-78.1,2023-01,AIA,purse_seines,1,0.13,6.64,0.41,11.61,6.7
-16.5,-76.6,2023-03,PER,tuna_purse_seines,1,12.63,11.24,14.1,69.9,8.0
-7.1,-79.9,2023-01,PER,other_purse_seines,42,21.2448,25.34,32.97,53.7,8.5
-11.5,-77.6,2023-01,SSD,tuna_purse_seines,1,0.91,4.1,9.26,12.05,6.9
-14.7,-77.5,2023-02,PER,tuna_purse_seines,1,4.68,11.16,15.85,15.28,8.5
-13.3,-76.6,2023-01,PER,pole_and_line,1,2.41,8.78,6.24,15.78,8.5
-7.8,-81.5,2023-03,PER,other_purse_seines,1,0.2,7.03,13.73,3.93,7.4
-7.8,-83.0,2023-03,ECU,tuna_purse_seines,1,0.39,3.49,10.78,30.06,6.7
-12.8,-78.2,2023-02,PER,pole_and_line,1,3.64,12.98,11.33,15.82,7.7
-16.6,-76.9,2023-03,PER,tuna_purse_seines,1,17.77,23.6,25.77,97.93,8.2
-11.2,-78.3,2023-01,PER,other_purse_seines,1,2.09,5.98,8.89,6.21,8.1
-12.2,-77.7,2023-02,PER,other_purse_seines,1,0.98,3.18,7.1,12.57,6.8
-9.4,-78.8,2023-01,PER,purse_seines,2,1.73,1.6,6.42,12.32,7.6
-9.9,-78.4,2023-01,PER,other_purse_seines,64,21.2448,27.24,28.84,96.59,8.8
-16.9,-77.7,2023-03,,purse_seines,1,1.21,6.26,2.97,12.37,7.0
-10.8,-78.1,2023-02,PER,other_purse_seines,1,1.95,7.14,7.03,15.13,7.6
-14.4,-76.8,2023-01,PER,set_gillnets,1,0.8,13.0,10.79,7.5,7.0
-11.8,-77.3,2023-01,PER,other_purse_seines,24,21.2448,28.47,22.14,83.34,9.6
-9.5,-78.6,2023-01,HND,other_purse_seines,1,0.49,5.9,14.07,2.53,7.2
-8.4,-79.3,2023-01,PER,purse_seines,1,2.34,1.65,5.43,7.57,8.2
-4.1,-81.5,2023-03,ECU,fishing,1,0.97,4.08,7.66,3.13,
-14.8,-77.1,2023-03,PER,other_purse_seines,5,9.0,13.97,12.95,68.46,8.2
-14.4,-77.8,2023-02,AIA,purse_seines,1,1.61,7.51,6.73,20.79,8.1
-8.3,-79.4,2023-01,HND,other_purse_seines,1,0.93,4.22,0.61,6.8,6.7
-13.7,-79.5,2023-02,PER,tuna_purse_seines,1,7.91,13.94,11.56,51.93,8.0
-14.0,-76.6,2023-01,,other_purse_seines,1,2.72,3.22,0.96,10.3,7.3
-11.2,-77.9,2023-01,PER,other_purse_seines,14,21.2448,31.55,34.96,92.72,8.7
-14.0,-77.1,2023-02,,pole_and_line,1,2.1,10.11,0.0,9.62,7.8
-14.5,-76.5,2023-03,,pole_and_line,1,1.98,1.84,4.98,12.23,10.1
-7.8,-79.9,2023-01,PER,other_purse_seines,7,9.3,8.5,15.29,180.76,8.2
-16.3,-78.3,2023-02,ECU,tuna_purse_seines,1,5.43,7.38,12.82,39.25,8.2
-15.3,-77.7,2023-02,PER,other_purse_seines,18,21.2448,27.88,24.76,123.67,8.9
-9.8,-79.0,2023-02,PER,other_purse_seines,1,1.65,2.41,0.45,13.42,6.7
-13.9,-77.1,2023-01,PER,pole_and_line,1,1.21,5.84,7.33,4.36,7.4
-11.5,-77.4,2023-01,,other_purse_seines,1,0.95,7.76,5.58,13.15,8.0
-9.1,-80.5,2023-03,PER,other_purse_seines,3,8.15,16.51,12.67,59.81,8.1
-13.7,-77.1,2023-03,PER,other_purse_seines,1,1.35,9.54,10.44,24.67,8.0
-7.8,-79.7,2023-02,GBR,other_purse_seines,1,1.98,0.57,4.92,16.06,7.4
-16.3,-77.9,2023-02,ECU,tuna_purse_seines,1,1.89,0.0,1.12,4.86,8.6
-12.4,-78.7,2023-02,PER,fishing,1,4.39,10.56,5.21,13.93,7.7
-8.3,-79.0,2023-01,PER,fishing,2,3.57,4.9,13.22,63.49,11.0
-8.7,-78.9,2023-01,PER,other_purse_seines,3,10.28,12.3,17.98,74.32,7.6
-12.9,-76.6,2023-01,PER,pole_and_line,1,4.9,5.18,7.99,15.37,7.2
-6.3,-81.1,2023-03,PER,other_purse_seines,1,0.76,2.25,3.66,23.61,7.2
-14.3,-76.9,2023-01,PER,set_gillnets,1,5.75,12.17,7.52,26.99,6.8
-8.1,-79.6,2023-02,PER,other_purse_seines,20,21.2448,21.71,22.32,74.87,8.5
-12.3,-78.6,2023-02,PER,fishing,1,0.45,0.0,3.19,3.5,7.0
-11.7,-77.4,2023-01,PER,other_purse_seines,30,21.2448,30.91,26.36,64.33,9.3
-15.5,-78.9,2023-03,ECU,tuna_purse_seines,2,2.09,8.39,13.22,12.6,9.2
-7.4,-79.9,2023-01,HND,other_purse_seines,1,3.25,0.94,11.9,14.06,9.2
-11.3,-77.8,2023-01,PER,other_purse_seines,20,21.2448,20.14,33.12,28.8,9.1
-12.4,-77.1,2023-03,PER,other_purse_seines,1,5.46,11.01,11.57,17.52,7.0
-8.2,-79.3,2023-01,HND,other_purse_seines,1,4.29,11.5,9.87,106.44,8.6
-8.3,-79.4,2023-01,PER,purse_seines,1,0.74,12.1,8.66,9.55,6.7
-6.6,-81.0,2023-01,PER,purse_seines,2,3.02,9.37,5.96,14.33,7.5
-15.3,-77.7,2023-02,PER,pole_and_line,1,4.35,10.76,6.83,30.99,6.9
-7.4,-80.1,2023-03,PER,other_purse_seines,1,0.51,3.16,5.61,17.48,6.9
-12.0,-77.2,2023-03,PAN,inconclusive,1,2.27,6.24,8.69,10.08,7.1
-7.8,-79.8,2023-02,PER,purse_seines,1,4.05,6.4,3.17,18.25,7.4
-11.3,-77.9,2023-01,PER,purse_seines,1,0.13,8.04,8.65,3.25,6.8
-10.9,-78.3,2023-01,PER,other_purse_seines,2,1.22,6.26,5.06,20.55,7.4
-17.3,-71.8,2023-01,PER,other_purse_seines,1,1.27,8.88,11.31,26.41,7.5
-14.3,-76.9,2023-01,PER,fishing,1,5.53,10.74,7.74,32.47,7.7
-3.8,-81.9,2023-03,ECU,tuna_purse_seines,1,0.24,0.25,5.39,7.09,8.2
-14.9,-75.8,2023-01,PER,other_purse_seines,4,6.1,10.12,10.96,24.36,8.0
-9.5,-78.5,2023-01,PER,other_purse_seines,20,21.2448,30.87,24.08,125.08,9.0
-8.0,-79.8,2023-02,PER,other_purse_seines,5,9.72,15.56,14.04,28.77,7.8
-14.8,-77.1,2023-02,PER,tuna_purse_seines,1,2.72,0.0,0.0,24.92,7.4
-12.0,-77.6,2023-02,PER,purse_seines,1,1.83,9.46,9.98,31.01,6.9
-5.8,-81.2,2023-01,PER,pole_and_line,1,0.38,2.24,2.76,9.84,8.5
-8.1,-79.6,2023-01,PER,purse_seines,5,9.8,19.4,11.66,83.08,8.1
-7.4,-80.1,2023-02,PER,purse_seines,1,3.15,5.74,2.89,15.38,8.5
-9.2,-78.6,2023-02,PER,other_purse_seines,2,3.59,4.24,0.0,12.15,7.7
-7.6,-79.8,2023-01,PER,pole_and_line,1,2.3,9.13,10.23,37.06,6.7
-10.9,-77.9,2023-01,PER,other_purse_seines,31,21.2448,22.5,30.96,68.03,9.3
-7.7,-79.8,2023-01,HND,other_purse_seines,1,4.45,12.83,14.73,36.69,7.3
-6.7,-80.9,2023-01,PER,tuna_purse_seines,7,21.2448,25.05,31.04,177.14,9.4
-13.5,-76.2,2023-01,PER,pole_and_line,1,4.32,10.58,14.09,23.16,7.7
-7.9,-79.6,2023-02,PER,purse_seines,1,0.7,0.0,2.67,9.43,8.1
-10.1,-81.6,2023-02,PER,tuna_purse_seines,1,3.86,7.92,9.24,18.45,
-16.5,-77.1,2023-03,PER,tuna_purse_seines,1,0.14,1.74,0.0,9.66,7.1
-17.0,-78.2,2023-03,ECU,tuna_purse_seines,1,2.33,12.13,16.11,23.1,
-15.8,-78.0,2023-03,ECU,tuna_purse_seines,2,7.62,9.09,15.48,52.33,7.5
-12.0,-80.8,2023-02,ECU,tuna_purse_seines,1,0.26,3.23,3.29,17.19,7.0
-15.4,-77.7,2023-02,PER,other_purse_seines,16,21.2448,23.93,24.41,85.87,8.5
-9.6,-78.5,2023-02,PER,other_purse_seines,4,9.85,14.47,18.25,51.98,9.4
-11.2,-77.8,2023-01,AIA,purse_seines,1,4.15,8.75,5.44,14.08,8.2
-10.2,-78.2,2023-01,PER,purse_seines,2,2.12,10.27,13.66,24.67,8.2
-8.1,-79.8,2023-01,PER,other_purse_seines,1,1.84,8.32,8.22,36.3,7.0
-6.8,-80.3,2023-02,PER,purse_seines,3,7.03,5.72,4.15,38.9,7.5
-7.1,-79.8,2023-01,PER,purse_seines,1,1.1,11.91,15.12,11.97,7.5
-5.0,-81.9,2023-02,PER,other_purse_seines,1,5.99,10.81,13.02,43.5,7.4
-13.5,-76.2,2023-01,PER,other_purse_seines,10,7.12,15.82,17.11,42.09,10.7
-6.9,-80.4,2023-01,PER,tuna_purse_seines,1,0.42,2.98,10.91,9.08,6.9
-6.8,-82.1,2023-03,PER,other_purse_seines,1,2.01,8.84,6.43,13.86,7.6
-13.7,-78.2,2023-02,PER,other_purse_seines,3,4.54,8.39,4.46,58.28,
-7.0,-80.1,2023-01,PER,purse_seines,7,21.2448,26.04,32.85,106.63,9.7
-14.6,-78.0,2023-02,PER,tuna_purse_seines,1,4.75,8.59,2.78,31.27,7.8
-7.1,-81.4,2023-03,ECU,fishing,1,2.0,2.81,8.76,10.11,8.1
-14.5,-76.8,2023-03,PER,other_purse_seines,1,2.59,8.39,4.33,17.46,6.8
-6.6,-80.8,2023-01,PER,tuna_purse_seines,8,21.2448,28.61,35.03,37.63,8.6
-16.1,-77.9,2023-02,ECU,tuna_purse_seines,1,0.82,7.25,2.08,36.53,8.0
-16.5,-73.9,2023-03,PER,fishing,1,2.51,11.28,2.89,21.48,7.0
-5.5,-81.1,2023-01,PER,other_purse_seines,4,5.31,13.52,17.23,49.82,7.3
-10.3,-78.3,2023-01,PER,purse_seines,2,2.57,8.34,8.84,25.36,7.4
-12.2,-78.6,2023-03,PER,other_purse_seines,1,1.92,9.89,10.26,13.79,8.6
-16.2,-77.8,2023-02,ECU,tuna_purse_seines,1,3.02,7.91,5.61,17.53,
-14.0,-79.9,2023-02,PER,tuna_purse_seines,1,0.45,7.99,0.0,5.42,7.1
-8.0,-79.6,2023-01,PER,other_purse_seines,20,21.2448,27.0,31.6,197.97,
-12.6,-77.0,2023-01,PER,purse_seines,4,6.72,4.68,4.31,31.21,7.6
-9.8,-78.4,2023-01,PER,other_purse_seines,57,21.2448,24.68,26.91,69.41,11.6
-14.9,-75.6,2023-02,PER,other_purse_seines,2,1.49,2.05,0.0,14.19,7.2
-8.4,-79.0,2023-02,,other_purse_seines,1,1.21,3.57,3.78,5.6,9.4
-7.5,-79.7,2023-01,PER,tuna_purse_seines,8,14.27,19.14,16.99,49.65,8.6
-9.2,-78.8,2023-01,AIA,purse_seines,1,6.7,11.76,14.96,58.77,8.0
-11.9,-77.3,2023-01,PER,other_purse_seines,29,21.2448,29.36,27.54,139.1,9.5
-8.2,-79.5,2023-01,AIA,purse_seines,1,0.53,0.7,8.81,9.96,7.0
-6.6,-80.5,2023-01,PER,pole_and_line,1,3.48,6.17,0.0,42.75,7.6
-14.9,-77.1,2023-03,PER,other_purse_seines,1,0.17,6.74,12.28,3.3,6.7
-9.3,-78.7,2023-01,AIA,purse_seines,1,2.03,8.53,13.23,8.23,7.1
-16.2,-78.4,2023-02,ECU,tuna_purse_seines,1,0.58,9.32,14.58,15.19,8.0
-14.4,-77.5,2023-03,,other_purse_seines,1,3.24,6.68,12.58,20.35,8.2
-8.4,-80.6,2023-03,PER,other_purse_seines,1,3.25,15.95,12.04,32.21,8.7
-7.6,-81.5,2023-03,,purse_seines,1,1.91,3.67,5.65,15.38,7.1
-9.2,-78.8,2023-01,PER,other_purse_seines,20,21.2448,21.76,22.8,99.84,8.7
-7.7,-79.5,2023-02,PER,other_purse_seines,5,2.22,5.15,7.77,13.67,8.3
-13.9,-76.6,2023-01,PER,purse_seines,2,2.17,1.38,1.49,18.31,6.7
-15.6,-77.3,2023-02,,other_purse_seines,1,2.02,8.58,5.9,8.95,8.3
-12.3,-78.6,2023-02,PER,set_longlines,1,0.58,4.19,4.85,11.5,7.1
-13.0,-76.6,2023-01,,other_purse_seines,3,6.36,5.31,1.49,52.97,7.8
-11.2,-78.1,2023-02,PER,other_purse_seines,2,6.73,11.96,20.44,47.53,
-13.0,-76.7,2023-01,PER,other_purse_seines,23,21.2448,30.97,31.17,40.68,9.7
-12.3,-79.5,2023-02,PER,tuna_purse_seines,1,3.96,6.04,14.5,19.08,7.2
-10.8,-77.9,2023-01,PER,other_purse_seines,41,21.2448,25.77,23.68,177.71,9.1
-8.9,-78.8,2023-01,PER,other_purse_seines,7,6.81,8.53,16.02,41.22,7.1
-3.7,-81.2,2023-01,ECU,tuna_purse_seines,1,4.51,6.63,13.78,39.4,7.5
-8.9,-82.6,2023-03,PAN,tuna_purse_seines,1,3.8,2.95,0.0,21.13,7.0
-8.6,-79.3,2023-01,PER,other_purse_seines,3,3.25,6.49,7.66,10.58,7.5
-12.0,-77.1,2023-01,,other_purse_seines,1,4.46,4.79,9.17,19.85,7.5
-8.2,-79.2,2023-02,,other_purse_seines,3,3.35,8.04,10.17,18.72,7.9
-14.7,-77.7,2023-02,PER,other_purse_seines,4,4.29,12.69,15.51,29.56,7.9
-17.2,-71.9,2023-01,PER,other_purse_seines,1,7.12,14.42,17.24,42.27,7.5
-12.4,-78.2,2023-02,PER,other_purse_seines,2,3.32,8.44,7.45,29.41,7.7
-11.4,-77.8,2023-01,PER,other_purse_seines,3,3.55,11.8,15.92,23.0,7.2
-9.2,-78.7,2023-02,,other_purse_seines,1,2.3,8.66,10.77,15.64,6.7
-8.5,-79.1,2023-01,PER,other_purse_seines,14,14.17,17.16,20.95,77.47,7.9
-14.1,-76.5,2023-02,,other_purse_seines,1,2.35,7.85,14.09,4.69,7.1
-12.9,-77.7,2023-02,PER,pole_and_line,1,0.39,6.56,0.95,5.82,7.1
-15.1,-77.4,2023-02,,other_purse_seines,1,4.03,7.3,10.34,20.55,8.3
-4.1,-83.2,2023-03,ECU,tuna_purse_seines,1,0.34,6.35,5.01,10.99,6.7
-11.5,-77.4,2023-02,PER,other_purse_seines,1,0.07,0.72,5.7,4.46,7.5
-12.2,-80.6,2023-02,ECU,tuna_purse_seines,1,0.6,5.88,5.06,13.39,7.2
-9.0,-80.3,2023-03,PER,other_purse_seines,6,21.2448,29.35,36.92,155.26,
-10.8,-78.5,2023-02,PER,other_purse_seines,2,4.42,9.29,10.56,14.12,7.1
-16.7,-76.9,2023-03,PER,tuna_purse_seines,2,11.07,14.93,19.69,79.9,8.2
-9.1,-78.8,2023-01,PER,other_purse_seines,24,21.2448,28.2,29.77,151.16,9.7
-15.5,-78.4,2023-03,PER,other_purse_seines,1,0.84,1.6,1.07,11.7,7.4
-8.6,-79.5,2023-02,PER,other_purse_seines,1,1.78,3.68,4.72,10.92,6.4
-14.6,-77.5,2023-02,PER,set_longlines,1,11.93,19.0,17.16,137.31,9.1
-12.7,-76.9,2023-01,,other_purse_seines,3,10.06,18.61,17.11,24.02,7.4
-16.4,-78.4,2023-02,ECU,tuna_purse_seines,1,2.25,9.44,9.48,30.26,7.2
-12.5,-77.2,2023-01,PER,other_purse_seines,1,0.37,4.11,4.61,8.18,7.4
-13.9,-76.9,2023-01,PER,set_gillnets,1,2.27,8.07,15.19,17.98,
-6.4,-81.7,2023-02,PER,other_purse_seines,1,4.34,6.39,0.89,39.28,7.5
-14.9,-77.7,2023-02,PER,purse_seines,1,3.49,8.59,10.41,19.96,7.6
-15.6,-79.1,2023-03,ECU,tuna_purse_seines,1,0.77,2.46,3.31,3.4,8.3
-16.6,-76.8,2023-03,PER,tuna_purse_seines,3,21.2448,22.85,26.1,77.58,9.5
-7.4,-79.7,2023-02,PER,tuna_purse_seines,1,7.76,13.64,22.36,47.3,7.7
-17.4,-77.8,2023-03,,purse_seines,1,6.3,9.63,13.13,27.86,9.6
-8.2,-79.8,2023-01,PER,other_purse_seines,2,0.91,4.2,4.15,8.19,6.9
-9.1,-80.1,2023-03,PER,other_purse_seines,1,0.16,1.03,2.4,6.28,6.6
-9.7,-78.5,2023-02,PER,other_purse_seines,19,21.2448,32.96,29.61,57.36,10.4
-13.6,-77.7,2023-01,PER,fishing,1,0.62,6.33,0.0,12.92,6.6
-11.7,-77.6,2023-01,PER,inconclusive,1,0.66,1.68,11.62,6.95,
-3.5,-81.1,2023-03,ECU,tuna_purse_seines,1,6.66,13.65,19.81,36.43,8.2
-13.7,-77.5,2023-03,PER,other_purse_seines,1,0.28,4.44,1.84,6.33,7.0
-13.4,-80.1,2023-02,ECU,tuna_purse_seines,1,0.72,1.98,0.0,12.78,6.9
-7.1,-79.8,2023-01,PER,other_purse_seines,22,21.2448,24.44,23.87,37.85,8.3
-15.0,-78.9,2023-02,PER,tuna_purse_seines,1,4.32,12.23,10.03,48.32,7.6
-14.7,-78.0,2023-02,PER,tuna_purse_seines,1,1.93,4.91,11.87,26.64,7.4
-12.0,-77.4,2023-03,PER,other_purse_seines,3,8.63,14.94,19.7,24.16,8.7
-7.9,-79.6,2023-02,PER,other_purse_seines,12,13.24,16.22,19.65,195.69,8.6
-12.0,-77.4,2023-03,PER,pole_and_line,1,0.86,6.73,7.46,11.83,7.8
-12.9,-76.7,2023-01,,other_purse_seines,2,10.59,17.3,12.9,60.84,
-13.3,-76.6,2023-01,PER,purse_seines,2,4.62,10.84,9.93,22.72,7.9
-12.0,-77.2,2023-02,ESP,drifting_longlines,1,17.41,24.64,27.75,59.0,8.7
-12.0,-77.7,2023-01,PER,other_purse_seines,3,0.77,8.58,5.28,10.47,8.1
-14.6,-77.7,2023-02,PER,other_purse_seines,3,3.01,10.14,8.46,11.33,7.9
-11.9,-77.4,2023-02,,other_purse_seines,1,2.24,4.35,11.7,13.33,7.2
-12.0,-77.8,2023-03,PER,pole_and_line,1,3.03,13.53,14.74,9.17,
-12.4,-77.5,2023-03,PER,other_purse_seines,1,4.48,7.24,9.39,17.6,7.4
-7.8,-79.8,2023-02,PER,fishing,1,0.48,2.34,0.0,12.07,7.4
-12.3,-77.1,2023-01,PER,purse_seines,7,15.02,20.59,22.29,109.04,8.1
-11.0,-77.9,2023-02,PER,other_purse_seines,5,8.73,16.71,7.42,42.17,
-10.6,-78.7,2023-03,PER,other_purse_seines,1,0.62,6.47,0.0,8.56,7.7
-13.7,-77.7,2023-02,AIA,purse_seines,1,3.21,3.55,1.97,49.31,7.6
-18.0,-71.0,2023-01,PER,other_purse_seines,2,7.14,10.16,14.57,35.86,7.5
-16.6,-78.3,2023-02,ECU,tuna_purse_seines,1,0.24,7.83,1.74,7.49,11.5
-15.6,-77.6,2023-02,PER,tuna_purse_seines,1,9.31,15.21,15.74,55.72,8.0
-18.0,-71.2,2023-02,PER,fishing,1,1.29,6.33,10.43,15.34,7.0
-15.0,-77.3,2023-03,PER,other_purse_seines,8,12.66,12.18,12.15,95.21,9.2
-11.1,-78.1,2023-02,PER,other_purse_seines,1,0.3,4.44,7.99,1.47,8.5
-6.8,-80.3,2023-01,PER,tuna_purse_seines,4,8.17,14.01,11.85,32.95,7.8
-12.1,-77.5,2023-01,PER,purse_seines,1,1.25,1.46,0.0,40.51,8.2
-14.8,-77.2,2023-02,PER,purse_seines,1,3.93,1.47,6.33,22.35,7.0
-14.7,-77.5,2023-02,PER,purse_seines,1,0.49,5.36,2.41,3.14,6.6
-13.6,-76.6,2023-01,PER,set_gillnets,1,1.07,8.14,7.25,13.01,8.4
-8.7,-79.3,2023-01,PER,other_purse_seines,2,0.88,0.09,12.65,9.23,6.4
-12.4,-79.1,2023-02,PER,tuna_purse_seines,1,2.99,6.08,1.09,17.31,8.0
-12.9,-77.0,2023-02,PER,tuna_purse_seines,1,2.87,12.16,20.21,11.84,
-12.1,-77.3,2023-01,PER,purse_seines,3,6.86,17.47,9.0,92.07,8.1
-15.5,-77.8,2023-02,PER,tuna_purse_seines,1,4.52,9.38,0.0,19.87,8.4
-10.1,-81.0,2023-02,PER,tuna_purse_seines,2,10.75,7.47,12.51,51.54,11.2
-8.0,-79.9,2023-02,PER,purse_seines,1,1.01,5.76,6.13,5.67,
-9.7,-78.5,2023-01,AIA,purse_seines,1,3.22,10.98,8.93,21.06,7.2
-15.4,-76.6,2023-03,PER,other_purse_seines,2,3.12,16.89,18.15,27.44,9.6
-15.4,-78.1,2023-03,ECU,tuna_purse_seines,1,5.01,13.36,13.83,61.33,7.4
-14.9,-78.2,2023-02,ECU,tuna_purse_seines,1,0.99,7.99,2.9,16.97,7.8
-8.1,-79.5,2023-02,PER,other_purse_seines,14,19.65,24.71,26.1,52.59,9.0
-12.4,-77.1,2023-01,PER,purse_seines,4,11.78,11.67,20.11,18.03,
-6.8,-80.3,2023-01,GBR,other_purse_seines,1,0.67,1.89,6.53,11.27,7.3
-12.0,-77.3,2023-01,PER,fishing,1,3.63,4.86,6.79,9.69,7.4
-14.6,-77.2,2023-02,PER,other_purse_seines,1,0.2,2.12,6.71,12.24,6.7
-12.0,-77.2,2023-01,PER,other_purse_seines,29,21.2448,30.21,35.08,117.09,8.4
-12.1,-77.1,2023-03,PER,inconclusive,2,20.9,27.46,22.71,90.51,8.3
-14.8,-77.5,2023-02,GBR,other_purse_seines,1,0.65,0.0,0.0,5.43,8.3
-12.5,-77.1,2023-01,,other_purse_seines,4,6.96,10.49,13.37,41.51,7.0
-8.8,-80.0,2023-03,PER,other_purse_seines,1,2.85,11.62,16.4,10.73,7.0
-12.7,-76.8,2023-01,,other_purse_seines,2,3.36,10.83,13.13,17.18,
-6.3,-81.0,2023-03,PER,other_purse_seines,1,6.72,17.07,17.02,34.42,8.3
-15.1,-77.3,2023-02,,other_purse_seines,1,2.52,2.83,2.48,6.73,8.8
-12.8,-76.7,2023-01,,other_purse_seines,2,6.39,12.52,4.48,43.79,
-12.6,-76.9,2023-02,PER,inconclusive,1,0.49,3.33,6.96,9.24,6.7
-14.6,-77.4,2023-02,PER,set_longlines,1,2.17,2.45,2.8,6.73,7.5
-13.5,-76.6,2023-01,,other_purse_seines,2,2.27,3.94,4.67,41.96,7.1
-12.4,-77.0,2023-03,PER,other_purse_seines,1,1.66,0.0,0.27,13.65,7.0
-9.5,-78.6,2023-01,PER,other_purse_seines,15,21.2448,21.24,15.77,165.37,8.4
-14.8,-77.0,2023-02,PER,tuna_purse_seines,1,4.66,9.75,8.34,21.96,8.5
-8.3,-79.4,2023-01,PER,other_purse_seines,5,4.07,7.79,14.18,38.47,
-6.8,-80.8,2023-01,PER,tuna_purse_seines,3,6.31,9.29,10.5,41.22,8.3
-9.9,-78.4,2023-01,HND,other_purse_seines,1,13.26,23.28,22.91,308.82,9.2
-15.5,-77.3,2023-02,PER,tuna_purse_seines,1,2.01,4.86,7.59,12.4,10.0
-16.5,-77.0,2023-03,PER,tuna_purse_seines,1,4.16,10.71,9.14,27.03,7.0
-10.1,-81.5,2023-02,PER,tuna_purse_seines,1,4.88,5.35,3.44,9.92,7.5
-12.5,-78.8,2023-03,PER,other_purse_seines,1,2.28,2.09,8.76,11.69,7.4
-10.8,-78.0,2023-02,PER,other_purse_seines,1,3.1,5.73,8.17,6.8,7.3
-15.0,-77.3,2023-02,GBR,other_purse_seines,1,2.77,4.97,11.6,22.86,7.5
-7.4,-79.7,2023-01,PER,purse_seines,7,21.2448,26.21,28.53,104.66,9.1
-7.7,-79.8,2023-01,PER,other_purse_seines,36,21.2448,27.5,27.37,94.92,8.6
-7.7,-79.6,2023-01,,other_purse_seines,3,18.95,31.1,31.99,106.27,9.2
-7.4,-79.7,2023-02,GBR,other_purse_seines,1,0.62,1.28,0.0,8.53,7.2
-14.1,-77.4,2023-01,PER,pole_and_line,1,1.22,0.62,0.53,11.31,6.6
-6.1,-81.3,2023-01,PER,tuna_purse_seines,3,6.48,12.98,17.02,39.48,7.9
-16.3,-78.3,2023-03,PER,tuna_purse_seines,1,4.81,13.88,13.95,29.49,8.3
-14.1,-77.0,2023-01,PER,pole_and_line,1,0.7,11.29,9.12,9.23,7.0
-17.6,-71.3,2023-01,PER,other_purse_seines,1,1.02,1.14,0.0,8.6,7.0
-11.7,-78.0,2023-03,PER,pole_and_line,1,4.73,11.12,10.25,26.46,7.0
-16.3,-77.9,2023-03,PER,tuna_purse_seines,3,16.67,15.64,18.51,72.09,8.7
-14.8,-77.0,2023-03,PER,other_purse_seines,3,7.14,11.62,11.77,20.53,7.4
-11.7,-77.4,2023-01,AIA,purse_seines,1,3.46,3.79,8.87,13.47,7.6
-14.1,-77.7,2023-02,PER,other_purse_seines,3,6.78,9.41,11.65,23.42,7.6
-10.0,-80.9,2023-02,PER,tuna_purse_seines,1,5.9,5.0,12.38,41.21,7.3
-7.4,-79.9,2023-01,PER,other_purse_seines,39,21.2448,32.05,24.26,101.63,9.1
-8.2,-79.3,2023-01,PER,other_purse_seines,51,21.2448,30.9,29.29,146.36,12.0
-15.2,-76.7,2023-02,PER,other_purse_seines,2,3.33,9.43,12.37,28.28,7.4
-9.1,-80.6,2023-03,PER,other_purse_seines,1,0.91,1.49,0.26,11.27,
-14.7,-77.4,2023-02,PER,purse_seines,1,1.13,11.51,9.45,23.52,7.1
-14.0,-77.5,2023-03,PER,purse_seines,1,0.09,8.07,8.25,11.81,7.7
-14.0,-76.5,2023-02,PER,set_gillnets,1,1.5,4.74,14.03,8.74,7.9
-15.4,-77.6,2023-02,,other_purse_seines,1,0.08,8.19,8.24,5.28,6.4
-14.8,-77.7,2023-02,PER,purse_seines,1,0.31,6.24,0.25,5.58,6.7
-12.0,-77.2,2023-03,PER,fishing,3,3.41,10.11,4.16,26.22,7.7
-3.5,-82.2,2023-02,PER,other_purse_seines,1,0.77,7.87,6.96,6.12,7.6
-14.8,-78.7,2023-03,PER,tuna_purse_seines,1,0.06,7.0,9.41,8.79,7.5
-14.9,-77.6,2023-02,PER,tuna_purse_seines,1,5.01,9.59,8.9,29.22,7.3
-11.4,-81.1,2023-03,ECU,tuna_purse_seines,1,8.97,9.05,17.28,116.44,8.0
-7.6,-80.0,2023-01,PER,purse_seines,2,5.28,6.0,8.84,31.17,7.0
-14.6,-77.2,2023-02,PER,set_gillnets,1,0.91,6.71,2.56,15.33,7.8
-7.3,-79.8,2023-01,PER,other_purse_seines,40,21.2448,25.84,35.2,119.79,
-7.1,-79.9,2023-01,PER,purse_seines,5,6.63,12.59,12.99,37.43,8.1
-8.6,-79.8,2023-01,PER,other_purse_seines,1,0.31,0.0,6.3,7.85,7.4
-16.5,-74.0,2023-03,PER,fishing,1,0.93,3.48,2.34,10.54,7.1
-10.2,-78.4,2023-01,PER,other_purse_seines,4,2.56,5.33,6.54,8.05,7.8
-13.8,-76.6,2023-01,PER,purse_seines,2,6.16,16.49,16.3,33.17,7.1
-10.3,-80.6,2023-02,PER,tuna_purse_seines,1,3.02,6.28,5.56,16.41,7.4
-12.5,-77.4,2023-03,PER,pole_and_line,1,2.63,4.62,4.76,13.89,7.4
-16.8,-78.3,2023-03,PER,tuna_purse_seines,2,5.8,10.83,14.26,30.39,7.9
-5.6,-81.0,2023-02,PER,other_purse_seines,1,2.71,11.48,7.91,24.75,7.9
-12.4,-76.8,2023-03,USA,fishing,1,3.85,17.81,10.85,32.06,7.4
-14.4,-77.2,2023-02,PER,fishing,1,0.74,0.0,0.67,10.27,
-17.6,-71.5,2023-02,PER,other_purse_seines,5,4.61,15.64,16.16,44.88,7.5
-16.6,-76.9,2023-03,PER,fishing,1,1.69,0.0,7.96,41.26,6.7
-9.3,-80.2,2023-03,PER,purse_seines,1,1.02,10.23,7.52,12.41,7.7
-15.3,-76.7,2023-02,PER,purse_seines,1,0.97,10.54,0.0,15.82,7.3
-14.4,-77.1,2023-03,PER,other_purse_seines,1,3.5,12.09,7.59,37.72,7.4
-14.7,-77.2,2023-02,PER,other_purse_seines,1,0.11,0.0,1.89,4.52,7.5
-6.5,-83.4,2023-03,ECU,tuna_purse_seines,1,0.12,0.62,4.55,5.24,6.9
-5.8,-81.3,2023-01,PER,other_purse_seines,2,7.21,18.67,22.36,77.08,7.0
-13.4,-78.6,2023-02,PER,tuna_purse_seines,1,4.94,11.19,3.19,20.61,8.8
-14.0,-77.3,2023-01,PER,fishing,2,7.22,15.94,7.57,30.2,8.0
-8.2,-79.5,2023-02,PER,other_purse_seines,10,8.88,14.03,14.79,38.42,8.3
-7.6,-81.4,2023-03,,purse_seines,1,1.01,6.3,10.63,11.95,7.7
-13.6,-76.8,2023-01,PER,purse_seines,1,1.6,7.08,11.87,26.92,7.1
-8.5,-79.5,2023-02,PER,purse_seines,1,1.49,3.37,0.0,35.32,7.8
-7.3,-83.6,2023-03,ECU,tuna_purse_seines,1,8.81,17.39,29.83,111.51,7.8
-14.4,-77.4,2023-03,,other_purse_seines,1,0.21,12.96,8.32,5.92,8.6
-7.1,-80.4,2023-01,PER,tuna_purse_seines,1,1.29,1.43,4.01,9.58,6.9
-13.5,-76.4,2023-03,PER,other_purse_seines,1,6.32,7.37,14.42,22.09,7.5
-7.8,-79.7,2023-02,AIA,purse_seines,1,5.88,6.9,15.84,12.92,7.1
-10.4,-78.1,2023-02,PER,other_purse_seines,8,9.82,11.77,12.87,49.01,9.1
-15.2,-76.8,2023-02,PER,purse_seines,1,1.3,6.04,4.23,4.97,7.6
-9.2,-80.3,2023-03,PER,purse_seines,1,0.4,6.25,10.29,7.38,8.9
-11.0,-78.0,2023-01,PER,other_purse_seines,1,1.09,7.27,12.97,12.72,7.3
-7.9,-79.6,2023-01,,other_purse_seines,2,5.52,11.03,11.2,27.93,7.8
-13.5,-76.7,2023-01,PER,other_purse_seines,1,0.08,0.0,7.81,13.2,6.7
-14.7,-76.0,2023-01,PER,inconclusive,1,0.3,3.77,3.94,7.8,7.1
-17.9,-71.4,2023-01,PER,other_purse_seines,2,8.0,8.95,7.95,34.64,8.5
-8.1,-79.3,2023-01,PER,other_purse_seines,74,21.2448,26.9,24.08,140.29,9.8
-9.2,-80.6,2023-03,PER,other_purse_seines,2,3.71,9.96,7.06,9.32,7.1
-8.1,-79.6,2023-02,,other_purse_seines,3,2.68,7.2,5.57,13.99,7.5
-15.1,-78.2,2023-02,ECU,tuna_purse_seines,1,6.38,15.95,20.58,36.89,7.8
-7.5,-79.7,2023-01,GBR,other_purse_seines,1,4.43,9.39,11.77,17.43,7.9
-9.4,-81.7,2023-01,,purse_seines,1,2.07,10.27,9.33,15.94,10.8
-15.4,-77.2,2023-02,PER,other_purse_seines,10,21.2448,38.21,37.5,152.01,8.9
-10.3,-78.3,2023-01,PER,other_purse_seines,12,20.74,29.92,41.32,95.61,9.2
-13.4,-77.9,2023-02,AIA,purse_seines,1,1.36,0.0,1.4,8.25,8.2
-12.3,-77.4,2023-03,PER,fishing,1,12.42,13.2,21.52,73.42,8.2
-15.6,-77.8,2023-02,,other_purse_seines,1,3.29,7.12,0.0,26.02,7.7
-7.5,-79.9,2023-02,PER,other_purse_seines,10,15.79,24.33,19.32,172.89,8.8
-11.9,-77.8,2023-01,PER,other_purse_seines,1,1.27,4.04,3.39,4.91,10.0
-8.1,-79.2,2023-01,PER,inconclusive,1,0.14,6.5,3.32,20.69,7.9
-12.0,-77.2,2023-02,PER,inconclusive,1,21.2448,25.71,25.8,129.08,8.4
-7.7,-81.2,2023-03,,purse_seines,1,1.91,5.16,6.41,6.74,7.0
-15.2,-77.6,2023-02,PER,tuna_purse_seines,2,3.41,6.82,3.62,31.37,7.4
-9.4,-78.7,2023-01,AIA,purse_seines,1,1.97,13.58,8.36,24.64,7.7
-13.0,-76.9,2023-03,PER,other_purse_seines,1,1.93,9.7,3.3,9.43,7.3
-7.6,-79.9,2023-01,PER,fishing,1,3.54,2.83,6.12,19.68,7.7
-7.5,-80.0,2023-01,PER,tuna_purse_seines,1,0.12,3.73,9.59,3.42,7.6
-6.9,-80.4,2023-01,GBR,other_purse_seines,1,1.4,11.77,9.34,9.59,7.4
-14.2,-77.7,2023-02,PER,other_purse_seines,4,12.3,18.05,22.19,82.76,7.8
-13.6,-78.2,2023-02,PER,fishing,1,4.49,17.65,10.3,36.12,7.2
-13.8,-76.3,2023-03,PER,inconclusive,1,0.03,5.12,3.16,5.06,6.8
-6.1,-81.5,2023-03,PER,other_purse_seines,1,1.46,6.6,7.99,8.02,7.4
-14.5,-77.7,2023-02,,other_purse_seines,1,1.99,5.18,0.0,12.9,7.8
-13.5,-77.4,2023-03,PER,other_purse_seines,1,0.13,3.57,2.09,6.31,7.2
-11.1,-77.8,2023-01,PER,other_purse_seines,19,21.2448,26.83,22.74,63.56,8.6
-5.1,-81.6,2023-03,ECU,fishing,1,1.92,8.46,6.33,8.28,7.0
-7.3,-80.1,2023-03,PER,other_purse_seines,1,0.91,9.57,10.0,13.55,
-12.3,-76.9,2023-03,PER,inconclusive,2,21.2448,26.27,27.53,147.6,8.8
-17.1,-78.3,2023-03,,purse_seines,1,1.29,7.71,3.28,19.4,6.8
-16.1,-77.3,2023-03,PER,tuna_purse_seines,1,0.07,0.0,8.18,2.1,7.8
-17.0,-77.6,2023-03,,purse_seines,1,5.27,10.27,11.08,84.46,7.4
-6.4,-83.6,2023-03,ECU,tuna_purse_seines,1,0.19,6.56,4.68,12.72,
-6.5,-80.9,2023-03,PER,other_purse_seines,1,0.13,3.96,4.79,2.86,7.4
-8.3,-79.6,2023-02,PER,other_purse_seines,1,0.13,1.33,0.0,5.87,9.9
-13.7,-76.5,2023-01,,other_purse_seines,3,5.61,12.61,11.63,25.84,8.0
-14.5,-76.9,2023-01,PER,fishing,2,21.06,31.11,33.08,79.15,
-12.3,-76.9,2023-03,PER,fishing,1,1.96,10.85,2.11,15.58,7.4
-15.6,-77.2,2023-02,PER,other_purse_seines,5,7.04,13.99,14.21,16.57,7.4
-12.7,-77.0,2023-01,,other_purse_seines,3,5.48,16.87,12.08,25.04,7.6
-18.1,-71.0,2023-02,PER,other_purse_seines,2,1.08,4.28,2.1,21.02,6.6
-7.5,-79.7,2023-01,,other_purse_seines,3,4.85,11.58,11.11,29.15,6.7
-11.9,-77.3,2023-01,PER,pole_and_line,2,6.84,5.79,11.99,28.03,7.4
-13.9,-77.0,2023-01,PER,set_gillnets,1,1.47,5.7,16.0,10.62,6.9
-16.8,-76.9,2023-03,PER,tuna_purse_seines,3,17.03,23.14,25.35,51.91,8.2
-11.7,-77.5,2023-02,PER,other_purse_seines,1,1.3,13.57,14.24,34.27,8.6
-7.4,-79.7,2023-01,PER,fishing,1,1.53,10.64,7.31,8.77,6.9
-7.9,-80.0,2023-02,PER,tuna_purse_seines,1,1.5,10.33,19.52,15.01,8.0
-9.0,-78.9,2023-02,PER,other_purse_seines,1,2.5,3.26,12.24,22.38,7.6
-8.1,-79.4,2023-01,HND,other_purse_seines,1,1.51,4.72,4.07,15.6,7.8
-14.3,-77.5,2023-01,PER,fishing,1,1.05,5.86,6.52,7.89,7.3
-13.2,-79.2,2023-03,PER,tuna_purse_seines,1,0.25,0.0,4.7,3.39,7.7
-5.3,-81.5,2023-02,PER,other_purse_seines,1,17.53,21.83,20.59,137.01,8.0
-5.7,-81.3,2023-01,PER,other_purse_seines,4,4.48,11.81,13.26,30.65,7.3
-15.0,-77.4,2023-03,PER,purse_seines,1,0.21,4.11,5.82,3.1,7.1
-16.5,-77.2,2023-03,ECU,tuna_purse_seines,2,10.66,12.46,15.28,87.43,7.6
-18.0,-71.1,2023-01,,other_purse_seines,2,9.6,21.8,21.26,90.8,7.3
-12.7,-77.0,2023-03,PER,other_purse_seines,1,1.26,7.22,7.65,25.47,7.8
-14.0,-77.2,2023-01,PER,pole_and_line,1,2.26,6.53,0.65,12.15,7.6
-17.1,-77.8,2023-03,PER,tuna_purse_seines,1,10.54,10.9,18.53,23.97,7.8
-6.9,-80.3,2023-01,AIA,purse_seines,1,4.62,12.52,4.61,20.48,7.3
-10.6,-78.1,2023-02,PER,other_purse_seines,3,4.17,7.68,11.96,27.02,8.4
-12.3,-78.0,2023-03,PER,other_purse_seines,1,0.16,2.54,2.94,8.74,6.8
-7.9,-79.7,2023-02,GBR,other_purse_seines,1,2.0,3.81,11.86,22.69,8.8
-13.8,-78.2,2023-02,PER,purse_seines,1,1.29,10.18,9.12,11.43,9.7
-13.0,-76.7,2023-01,PER,purse_seines,2,1.63,0.0,2.4,7.71,8.4
-13.8,-77.9,2023-01,PER,set_gillnets,1,2.02,2.4,7.38,23.3,7.4
-7.2,-79.8,2023-01,PER,other_purse_seines,42,21.2448,30.4,28.3,182.78,8.2
-14.1,-76.7,2023-02,PER,set_gillnets,1,0.94,6.38,8.89,19.33,6.8
-12.0,-77.2,2023-01,PER,purse_seines,1,2.78,8.96,4.29,16.64,7.2
-8.5,-79.0,2023-01,PER,fishing,1,0.59,3.52,1.33,8.47,7.2
-15.1,-77.7,2023-02,PER,other_purse_seines,2,1.35,7.25,6.37,12.73,7.7
-9.9,-78.5,2023-02,PER,other_purse_seines,3,0.68,2.11,0.79,28.7,8.3
-9.3,-80.5,2023-03,PER,other_purse_seines,1,0.44,2.08,2.1,2.31,7.1
-15.7,-76.1,2023-03,PER,other_purse_seines,1,1.41,4.81,4.36,13.67,7.6
-15.7,-77.2,2023-02,PER,other_purse_seines,2,3.9,6.39,2.84,6.53,7.5
-5.7,-81.5,2023-02,PER,other_purse_seines,1,1.39,7.23,1.5,8.86,
-11.2,-77.9,2023-01,PER,fishing,1,0.66,4.8,7.77,5.53,7.5
-12.6,-76.9,2023-01,PER,purse_seines,4,8.9,11.28,14.84,69.83,7.4
-8.3,-79.1,2023-01,PER,fishing,3,8.32,8.69,15.12,78.08,7.1
-5.8,-82.1,2023-02,PER,other_purse_seines,1,0.65,11.35,8.0,4.87,7.7
-9.3,-78.6,2023-02,PER,other_purse_seines,2,2.47,3.01,9.61,37.54,7.4
-15.3,-77.7,2023-02,PER,purse_seines,1,3.56,8.39,5.89,48.73,
-8.5,-79.4,2023-02,PER,other_purse_seines,1,1.41,0.23,5.71,11.7,7.6
-16.3,-78.3,2023-03,,purse_seines,1,1.17,0.61,10.49,7.66,9.0
-15.4,-77.1,2023-03,PER,other_purse_seines,10,21.2448,28.34,31.35,104.16,9.2
-17.6,-71.7,2023-01,,other_purse_seines,1,0.21,10.42,6.16,2.69,7.3
-16.3,-78.5,2023-03,,purse_seines,1,5.25,15.67,11.79,49.87,8.3
-16.3,-78.4,2023-02,ECU,tuna_purse_seines,2,9.61,12.92,19.51,15.24,7.8
-7.6,-79.8,2023-01,PER,purse_seines,7,7.99,9.43,15.2,59.78,7.4
-13.7,-76.6,2023-03,PER,pole_and_line,1,1.56,8.61,7.11,20.97,7.9
-7.1,-82.0,2023-03,PER,other_purse_seines,1,0.62,9.79,6.81,10.77,7.7
-7.8,-79.8,2023-01,PER,other_purse_seines,3,4.33,5.92,7.54,28.01,
-12.0,-78.6,2023-02,PER,purse_seines,1,1.52,3.08,3.17,9.28,6.9
-13.3,-77.8,2023-01,PER,set_gillnets,1,3.22,13.22,8.45,13.67,7.4
-11.2,-77.8,2023-01,PER,other_purse_seines,17,21.2448,24.28,26.94,99.36,8.6
-11.8,-77.4,2023-01,PER,other_purse_seines,20,21.2448,30.56,35.53,76.11,9.9
-11.2,-78.4,2023-01,PER,other_purse_seines,1,0.5,1.88,6.24,5.02,
-12.2,-77.3,2023-01,PER,tuna_purse_seines,1,1.19,6.95,2.61,27.82,6.5
-14.9,-77.7,2023-02,PER,other_purse_seines,12,21.2448,22.41,21.18,125.3,10.6
-9.9,-78.3,2023-01,PER,other_purse_seines,20,21.2448,29.21,37.23,189.5,10.8
-8.8,-78.9,2023-01,PER,other_purse_seines,3,0.51,0.68,2.85,10.79,8.7
-7.0,-80.0,2023-01,PER,tuna_purse_seines,6,21.2448,22.89,25.26,252.95,
-13.8,-77.1,2023-03,PER,other_purse_seines,1,0.38,2.49,10.91,5.34,7.3
-13.9,-78.2,2023-02,PER,other_purse_seines,5,9.44,19.12,10.18,29.43,
-10.9,-77.8,2023-01,PER,other_purse_seines,21,21.2448,28.67,32.47,82.53,9.1
-7.0,-79.9,2023-02,PER,other_purse_seines,2,4.03,8.66,5.16,48.31,9.1
-6.7,-80.8,2023-01,PER,tuna_purse_seines,9,21.2448,30.35,34.73,57.5,8.4
-14.9,-75.9,2023-01,PER,other_purse_seines,12,21.2448,25.1,24.42,53.14,9.8
-8.0,-79.9,2023-02,PER,other_purse_seines,9,16.52,26.45,27.14,74.76,9.2
-15.2,-77.7,2023-02,PER,other_purse_seines,11,21.2448,22.47,32.16,86.93,10.1
-15.4,-77.6,2023-02,GBR,other_purse_seines,1,6.97,19.34,14.24,26.63,7.8
-9.7,-79.0,2023-02,PER,other_purse_seines,1,0.47,6.4,0.0,13.43,6.9
-17.3,-71.9,2023-01,PER,other_purse_seines,2,2.53,7.63,9.17,22.82,8.0
-9.4,-78.8,2023-01,PER,other_purse_seines,1,0.29,0.0,6.72,6.41,7.8
-12.2,-77.3,2023-01,,other_purse_seines,2,4.25,8.86,14.02,63.51,10.4
-14.8,-76.0,2023-03,PER,other_purse_seines,1,1.32,5.44,3.4,18.37,8.4
-12.9,-76.6,2023-01,PER,purse_seines,1,1.74,8.69,3.79,14.45,6.9
-6.4,-80.9,2023-01,PER,tuna_purse_seines,5,6.09,6.63,11.39,34.69,8.9
-13.3,-76.7,2023-01,,other_purse_seines,1,0.61,11.13,4.81,6.43,7.2
-7.4,-79.8,2023-01,HND,other_purse_seines,1,0.25,3.71,0.0,11.8,7.0
-14.7,-77.1,2023-03,PER,other_purse_seines,7,13.65,20.37,26.43,53.04,8.6
-8.2,-79.4,2023-01,HND,other_purse_seines,1,10.58,13.58,16.29,38.81,7.3
-11.3,-77.9,2023-01,PER,other_purse_seines,12,21.2448,36.83,30.5,171.31,10.4
-5.1,-81.1,2023-02,PER,inconclusive,1,19.47,23.39,35.2,153.1,8.2
-10.7,-78.1,2023-02,PER,other_purse_seines,1,0.78,5.47,5.95,4.93,7.8
-16.5,-78.5,2023-02,ECU,tuna_purse_seines,1,0.36,8.25,14.55,15.97,7.7
-11.7,-77.3,2023-01,PER,other_purse_seines,12,15.71,30.33,34.63,65.75,7.9
-12.3,-78.5,2023-02,PER,fishing,1,1.36,5.86,9.3,25.93,7.1
-8.4,-79.2,2023-01,PER,fishing,2,3.27,5.91,8.87,8.72,6.9
-14.6,-77.5,2023-02,,other_purse_seines,1,5.32,9.02,4.56,20.81,7.6
-6.0,-81.2,2023-01,PER,other_purse_seines,8,8.28,13.67,10.7,16.38,7.7
-12.3,-77.2,2023-01,,other_purse_seines,7,18.44,26.91,19.75,59.36,8.3
-17.4,-71.5,2023-01,,other_purse_seines,2,2.16,6.86,7.46,15.99,8.1
-6.7,-80.3,2023-01,PER,tuna_purse_seines,4,5.87,6.66,5.0,43.09,9.6
-7.5,-81.6,2023-03,,purse_seines,1,2.38,7.12,9.46,25.06,8.0
-8.2,-79.2,2023-01,PER,pole_and_line,1,1.27,6.32,4.52,12.15,
-9.0,-79.6,2023-01,PER,other_purse_seines,1,1.0,3.33,6.06,11.98,
-13.7,-76.5,2023-03,PER,other_purse_seines,1,4.01,12.21,9.4,16.61,
-7.0,-80.5,2023-01,PER,tuna_purse_seines,5,17.95,28.85,31.17,151.25,8.0
-16.6,-78.4,2023-03,PER,tuna_purse_seines,2,2.22,0.0,0.0,15.88,7.7
-14.5,-76.9,2023-03,PER,purse_seines,1,5.55,12.66,7.27,23.11,8.7
-8.3,-79.3,2023-01,PER,pole_and_line,1,1.02,7.93,11.78,8.95,7.7
-16.3,-78.4,2023-03,,purse_seines,1,3.29,13.73,10.74,10.12,8.4
-15.2,-77.2,2023-02,PER,other_purse_seines,10,21.2448,30.75,34.93,62.21,9.3
-14.3,-77.0,2023-01,PER,fishing,1,0.58,11.13,6.99,5.04,6.8
-9.7,-80.4,2023-01,PER,tuna_purse_seines,1,0.98,9.71,8.94,4.56,8.8
-15.3,-77.2,2023-02,PER,purse_seines,1,2.7,3.73,11.12,39.84,7.4
-8.0,-79.4,2023-02,PER,other_purse_seines,4,2.08,4.6,1.93,9.48,8.5
-8.0,-79.7,2023-01,PER,tuna_purse_seines,1,0.21,1.92,0.32,9.8,
-15.6,-78.1,2023-03,ECU,tuna_purse_seines,1,0.11,6.6,5.5,12.22,
-9.8,-78.6,2023-02,PER,other_purse_seines,1,1.6,4.59,8.34,9.25,6.7
-12.6,-76.8,2023-01,PER,purse_seines,1,0.82,1.65,7.8,6.58,7.2
-6.2,-81.5,2023-03,PER,other_purse_seines,1,6.91,13.69,15.03,89.6,7.8
-8.9,-80.2,2023-02,PER,other_purse_seines,1,3.5,13.56,18.3,61.18,7.5
-7.0,-80.0,2023-01,GBR,other_purse_seines,1,0.34,4.88,0.4,7.36,7.5
-10.0,-78.5,2023-01,PER,other_purse_seines,1,0.83,3.03,3.12,17.68,6.7
-13.5,-77.0,2023-03,PER,pole_and_line,1,0.25,1.64,6.8,3.67,7.0
-12.5,-76.9,2023-02,PER,tuna_purse_seines,2,3.21,7.02,14.13,34.12,6.9
-7.1,-80.0,2023-01,PER,purse_seines,4,3.98,8.71,14.7,10.27,7.9
-15.1,-77.0,2023-01,PER,fishing,1,16.07,22.75,27.17,44.58,8.0
-11.8,-80.6,2023-02,PER,tuna_purse_seines,1,9.86,17.84,17.63,92.15,7.8
-14.4,-77.7,2023-02,PER,other_purse_seines,5,5.85,11.26,15.6,11.47,7.3
-8.9,-79.0,2023-02,PER,other_purse_seines,1,2.31,0.0,3.76,29.64,7.8
-12.4,-77.2,2023-01,,other_purse_seines,4,2.68,10.95,10.69,11.66,7.5
-16.7,-77.9,2023-03,PER,tuna_purse_seines,2,3.57,19.83,18.78,18.78,6.9
-13.7,-78.1,2023-02,PER,tuna_purse_seines,1,2.7,4.1,5.02,22.28,7.2
-12.6,-77.5,2023-03,PER,other_purse_seines,1,4.42,4.07,4.89,23.66,7.5
-7.1,-80.1,2023-03,PER,other_purse_seines,1,0.37,9.71,10.06,4.11,7.3
-7.1,-80.4,2023-01,PER,purse_seines,1,0.79,11.66,5.59,4.62,7.7
-11.9,-77.4,2023-01,SSD,tuna_purse_seines,1,4.38,10.12,12.11,46.24,7.7
-12.4,-78.1,2023-03,PER,other_purse_seines,1,1.57,13.8,15.21,25.73,8.4
-16.7,-78.3,2023-03,PER,tuna_purse_seines,1,0.53,11.79,1.81,6.22,6.9
-11.7,-77.8,2023-01,PER,other_purse_seines,1,0.26,8.11,14.51,4.8,6.6
-15.5,-76.8,2023-03,PER,other_purse_seines,2,3.47,17.59,12.25,8.31,
-16.5,-78.0,2023-02,ECU,tuna_purse_seines,1,0.49,0.0,2.85,12.29,
-7.6,-79.9,2023-01,PER,purse_seines,5,12.02,21.62,21.75,75.29,8.3
-12.4,-76.8,2023-02,USA,fishing,1,20.26,22.15,24.86,140.32,8.3
-15.4,-77.6,2023-02,PER,tuna_purse_seines,1,3.88,5.62,4.29,35.02,8.1
-4.0,-81.8,2023-02,PER,other_purse_seines,1,1.34,4.73,1.35,6.92,8.6
-9.2,-82.7,2023-02,ECU,tuna_purse_seines,1,0.08,2.84,5.96,5.73,6.7
-8.5,-79.2,2023-01,PER,tuna_purse_seines,1,0.28,4.24,4.33,4.97,6.5
-6.7,-80.8,2023-01,AIA,purse_seines,1,1.57,14.44,10.43,24.85,8.8
-5.7,-81.0,2023-02,PER,other_purse_seines,1,4.23,10.17,9.6,24.91,
-16.4,-78.3,2023-03,PER,tuna_purse_seines,1,3.97,6.81,8.5,46.03,7.9
-7.3,-79.8,2023-01,,other_purse_seines,2,4.94,7.47,5.26,48.41,7.3
-15.7,-77.7,2023-02,PER,other_purse_seines,8,7.34,11.42,7.0,57.42,7.0
-7.8,-81.6,2023-03,PER,other_purse_seines,1,0.04,0.0,0.0,3.48,7.4
-7.8,-83.1,2023-03,ECU,tuna_purse_seines,1,0.3,12.07,13.21,5.7,6.7
-4.0,-82.4,2023-02,PER,other_purse_seines,1,0.06,1.31,0.18,9.47,6.7
-15.5,-77.7,2023-02,,other_purse_seines,1,2.69,14.18,0.0,30.85,9.1
-11.5,-77.5,2023-01,SSD,tuna_purse_seines,1,0.71,0.0,1.81,11.75,6.9
-9.8,-80.3,2023-01,PER,tuna_purse_seines,1,0.16,1.01,7.93,3.88,7.1
-15.7,-75.2,2023-03,PER,other_purse_seines,1,0.91,2.24,1.08,10.71,8.0
-16.4,-77.9,2023-03,PER,tuna_purse_seines,2,3.13,9.31,14.28,21.35,6.8
-12.2,-78.7,2023-02,PER,other_purse_seines,2,4.53,12.03,20.88,31.24,7.9
-15.4,-79.0,2023-02,PER,tuna_purse_seines,1,0.22,0.0,0.0,6.37,8.6
-17.3,-71.7,2023-03,PER,other_purse_seines,2,5.7,4.55,5.55,51.25,
-7.7,-79.7,2023-01,PER,purse_seines,8,21.2448,26.87,27.27,88.39,
-13.2,-76.5,2023-01,,other_purse_seines,2,1.6,6.84,0.0,18.53,8.3
-14.9,-77.2,2023-02,PER,other_purse_seines,10,21.2448,29.18,27.08,125.66,8.1
-8.4,-79.5,2023-02,PER,other_purse_seines,4,8.51,5.77,8.91,37.4,7.1
-11.8,-77.9,2023-01,PER,other_purse_seines,1,0.29,9.9,9.55,4.25,7.5
-17.5,-71.5,2023-01,PER,other_purse_seines,1,0.74,4.54,6.23,16.3,6.9
-14.2,-77.1,2023-03,PER,other_purse_seines,2,1.39,7.08,3.7,10.02,7.4
-10.5,-78.0,2023-01,PER,other_purse_seines,1,0.39,6.46,6.95,8.03,8.5
-7.9,-79.7,2023-02,PER,tuna_purse_seines,1,1.94,2.67,5.56,43.74,7.2
-7.9,-79.4,2023-01,PER,other_purse_seines,19,21.2448,31.16,32.48,98.11,9.8
-11.5,-77.5,2023-01,PER,inconclusive,1,1.93,12.81,6.98,29.1,
-10.1,-80.8,2023-01,PER,tuna_purse_seines,1,2.02,7.97,12.93,15.72,
-3.5,-81.2,2023-03,ECU,other_purse_seines,1,3.34,4.84,6.59,25.39,6.8
-14.9,-76.1,2023-03,PER,other_purse_seines,1,1.73,4.05,8.37,12.86,7.6
-12.9,-79.4,2023-03,PER,fishing,1,3.08,8.25,11.27,32.29,6.8
-12.4,-77.2,2023-03,PER,fishing,1,3.5,8.59,4.72,15.18,8.0
-9.3,-82.6,2023-02,PER,tuna_purse_seines,1,1.83,10.17,12.93,11.62,7.1
-15.0,-77.2,2023-02,,other_purse_seines,1,1.1,2.2,0.0,17.35,7.1
-11.6,-77.8,2023-01,PER,other_purse_seines,1,0.2,3.41,7.25,21.81,6.8
-16.9,-78.3,2023-03,PER,tuna_purse_seines,3,9.64,16.09,17.28,47.74,7.3
-7.6,-79.8,2023-01,PER,other_purse_seines,34,21.2448,27.79,32.93,46.37,8.7
-16.5,-77.7,2023-03,ECU,tuna_purse_seines,2,0.9,4.38,5.54,10.55,7.3
-6.5,-80.7,2023-01,PER,other_purse_seines,26,21.2448,24.06,23.39,86.73,8.4
-11.9,-77.4,2023-01,PER,pole_and_line,1,0.4,2.77,9.81,11.18,6.8
-7.8,-79.5,2023-02,PER,other_purse_seines,1,4.01,8.42,2.68,36.62,
-11.1,-78.2,2023-03,PER,other_purse_seines,1,1.58,10.16,11.37,3.49,8.0
-14.5,-79.3,2023-03,ECU,tuna_purse_seines,1,2.16,6.04,8.44,21.5,7.8
-7.0,-84.3,2023-02,ECU,tuna_purse_seines,1,13.61,24.5,32.01,46.82,8.1
-11.5,-77.6,2023-01,PER,other_purse_seines,5,2.03,9.18,5.06,19.99,6.8
-15.7,-78.1,2023-03,ECU,tuna_purse_seines,1,5.15,10.85,13.61,32.77,7.6
-13.9,-78.2,2023-02,PER,purse_seines,1,1.14,6.91,6.09,17.31,
-6.7,-80.5,2023-03,PER,other_purse_seines,1,7.35,12.84,13.8,36.47,7.6
-9.6,-80.4,2023-01,PER,tuna_purse_seines,1,6.28,9.61,11.17,57.68,6.8
-15.1,-77.2,2023-02,PER,other_purse_seines,6,11.78,14.62,12.27,98.91,7.4
-8.4,-79.3,2023-01,PER,other_purse_seines,15,13.01,23.45,22.91,111.09,9.6
-9.5,-78.6,2023-01,AIA,purse_seines,1,2.96,4.72,3.24,23.67,8.8
-16.1,-77.8,2023-03,PER,tuna_purse_seines,2,1.72,10.0,9.46,11.23,
-15.0,-77.5,2023-03,PER,purse_seines,1,5.05,6.97,0.0,29.48,7.4
-9.8,-82.1,2023-02,PER,tuna_purse_seines,1,10.29,16.16,18.66,62.82,10.2
-6.7,-80.5,2023-02,PER,tuna_purse_seines,2,1.17,8.16,10.08,10.24,7.2
-17.8,-71.4,2023-01,PER,other_purse_seines,2,20.61,31.74,33.85,96.13,9.6
-12.1,-78.7,2023-02,PER,other_purse_seines,2,2.24,7.99,3.98,10.56,6.6
-14.1,-77.1,2023-03,PER,other_purse_seines,2,2.33,3.41,1.62,23.31,7.4
-14.5,-77.8,2023-02,PER,tuna_purse_seines,2,3.44,3.45,16.03,41.75,9.4
-8.3,-79.1,2023-02,PER,other_purse_seines,2,6.12,8.07,20.99,17.01,7.9
-12.0,-77.2,2023-02,PER,fishing,1,0.35,7.48,2.48,8.0,9.4
-14.4,-76.6,2023-03,PER,other_purse_seines,1,0.96,1.18,6.5,14.41,6.7
-9.7,-79.3,2023-01,PER,other_purse_seines,1,0.26,7.79,7.1,6.5,8.0
-12.4,-76.9,2023-03,PER,inconclusive,1,0.19,4.15,9.07,5.58,7.0
-17.5,-71.5,2023-02,,other_purse_seines,3,21.2448,20.95,24.56,184.02,8.7
-8.2,-79.6,2023-02,PER,purse_seines,3,6.74,8.91,7.2,52.85,
-7.6,-79.6,2023-01,PER,fishing,3,10.67,17.43,24.89,43.42,8.0
-6.1,-81.6,2023-03,ECU,fishing,1,1.98,2.8,1.82,6.12,7.7
-12.1,-77.2,2023-03,PER,pole_and_line,1,0.94,5.95,2.44,4.8,8.7
-15.6,-77.7,2023-02,PER,other_purse_seines,8,14.26,21.41,19.67,35.87,9.6
-10.1,-81.0,2023-02,,purse_seines,1,1.11,0.0,5.24,14.21,7.0
-9.4,-78.5,2023-02,PER,other_purse_seines,2,2.27,0.0,2.58,16.19,7.0
-9.8,-79.7,2023-03,PER,other_purse_seines,1,2.49,3.23,0.83,19.08,7.5
-12.2,-77.1,2023-03,PER,pole_and_line,1,0.09,0.0,7.78,5.88,8.2
-15.3,-77.0,2023-03,PER,other_purse_seines,1,1.22,6.71,11.4,11.65,
-13.7,-77.7,2023-01,PER,set_gillnets,1,7.17,11.39,13.99,30.24,10.0
-8.1,-79.7,2023-02,PER,purse_seines,2,4.17,5.65,1.91,17.15,6.7
-9.1,-82.7,2023-02,ECU,tuna_purse_seines,1,1.3,6.08,13.41,25.49,6.9
-11.8,-77.3,2023-01,PER,pole_and_line,1,0.75,6.39,2.31,13.04,6.8
-16.3,-75.4,2023-03,PER,set_longlines,1,8.13,5.28,8.7,50.23,8.1
-6.7,-82.1,2023-03,PER,other_purse_seines,1,1.92,2.35,0.0,25.85,
-7.9,-79.7,2023-01,PER,purse_seines,3,4.77,7.72,3.49,15.33,7.3
-10.0,-78.3,2023-02,PER,other_purse_seines,11,21.2448,33.27,33.29,172.16,9.6
-9.7,-78.4,2023-01,HND,other_purse_seines,1,0.99,4.15,5.5,9.99,7.4
-15.1,-77.7,2023-02,PER,set_gillnets,1,1.0,9.92,12.89,4.9,7.9
-3.5,-81.2,2023-02,ECU,tuna_purse_seines,2,2.67,1.83,2.02,15.31,7.1
-15.9,-74.7,2023-03,PER,other_purse_seines,1,1.18,0.71,0.0,15.28,6.9
-16.2,-77.9,2023-03,PER,tuna_purse_seines,1,0.5,6.6,14.11,10.2,6.9
-17.0,-72.1,2023-03,PER,other_purse_seines,1,21.2448,25.37,29.97,160.42,9.4
-13.4,-80.2,2023-03,ECU,tuna_purse_seines,1,1.66,11.09,3.07,6.66,7.0
-14.0,-77.3,2023-03,PER,other_purse_seines,5,5.56,13.23,11.09,29.52,10.3
-15.1,-77.0,2023-01,PER,pole_and_line,1,14.36,15.85,19.43,85.37,10.1
-11.8,-77.5,2023-01,PER,pole_and_line,2,4.89,4.29,4.61,26.49,7.4
-7.9,-79.7,2023-03,PER,other_purse_seines,1,2.66,10.42,7.34,23.65,6.5
-13.6,-78.1,2023-03,PER,other_purse_seines,2,8.25,14.47,11.15,26.68,9.2
-15.3,-76.7,2023-03,PER,other_purse_seines,8,13.4,20.24,19.03,49.14,7.8
-15.5,-75.2,2023-01,PER,other_purse_seines,1,1.53,1.33,0.25,20.52,7.1
-12.7,-76.9,2023-01,PER,other_purse_seines,40,21.2448,28.54,32.0,142.63,8.5
-9.1,-78.7,2023-02,PER,other_purse_seines,1,0.27,0.0,8.71,6.9,8.3
-13.7,-76.6,2023-01,PER,inconclusive,1,1.64,7.21,6.66,12.35,6.8
-14.4,-76.8,2023-01,PER,other_purse_seines,3,2.09,8.3,2.58,25.22,6.7
-6.6,-81.6,2023-02,PER,other_purse_seines,1,2.97,4.4,1.28,12.54,8.4
-11.7,-77.4,2023-02,PER,fishing,1,2.71,4.46,1.97,35.24,8.7
-12.3,-79.2,2023-02,PER,tuna_purse_seines,1,3.19,19.97,22.38,12.88,7.3
-9.4,-82.5,2023-02,ECU,tuna_purse_seines,1,0.96,6.02,9.86,9.63,7.8
-10.1,-78.3,2023-02,,other_purse_seines,1,6.07,11.01,15.95,62.94,6.9
-14.8,-77.2,2023-03,,pole_and_line,1,3.07,3.27,7.25,23.79,7.2
-7.1,-79.9,2023-01,GBR,other_purse_seines,1,2.07,8.63,6.52,10.91,
-6.1,-81.4,2023-01,PER,other_purse_seines,7,15.0,21.22,23.76,112.88,9.7
-6.9,-80.3,2023-01,,other_purse_seines,1,3.34,8.83,2.45,84.02,6.7
-5.9,-81.3,2023-01,PER,tuna_purse_seines,1,0.75,9.49,7.47,14.48,7.5
-6.7,-80.8,2023-01,HND,other_purse_seines,1,4.25,10.92,11.62,16.39,7.5
-14.0,-76.5,2023-01,,other_purse_seines,1,0.86,14.83,7.62,5.65,
-14.4,-77.0,2023-01,PER,fishing,1,3.77,6.25,3.31,14.08,9.0
-10.7,-77.9,2023-01,,other_purse_seines,2,2.41,3.93,4.45,15.44,6.9
-17.0,-77.7,2023-03,PER,tuna_purse_seines,1,18.36,27.74,29.8,73.6,8.3
-10.8,-77.9,2023-01,PER,fishing,1,1.59,2.61,5.04,2.44,7.4
-16.6,-77.3,2023-03,ECU,tuna_purse_seines,2,7.68,15.82,19.29,36.1,7.9
-7.5,-79.8,2023-02,,other_purse_seines,1,2.45,2.23,0.0,13.03,7.8
-12.9,-76.6,2023-02,PER,other_purse_seines,4,3.2,7.94,4.95,15.71,7.0
-13.7,-76.8,2023-01,SSD,tuna_purse_seines,1,4.31,16.84,12.98,35.68,7.2
-12.8,-77.0,2023-02,,other_purse_seines,1,0.72,5.25,11.06,13.72,7.4
-7.4,-79.8,2023-01,PER,tuna_purse_seines,4,7.21,13.68,8.41,81.96,8.3
-8.2,-79.7,2023-02,PER,other_purse_seines,1,0.69,12.29,3.59,6.89,9.1
-8.2,-79.4,2023-01,PER,tuna_purse_seines,6,21.2448,29.66,27.47,69.52,8.8
-5.2,-81.7,2023-02,PER,other_purse_seines,1,1.79,4.39,10.56,21.16,9.5
-11.4,-78.0,2023-03,PER,other_purse_seines,1,0.59,4.21,8.67,8.42,6.7
-14.7,-77.0,2023-03,PER,tuna_purse_seines,3,4.98,16.05,11.04,59.27,7.3
-12.8,-76.8,2023-01,PER,other_purse_seines,29,21.2448,33.58,35.52,103.52,8.6
-6.0,-81.3,2023-01,PER,purse_seines,1,2.51,12.5,12.2,15.67,7.1
-6.5,-81.0,2023-01,PER,other_purse_seines,1,1.93,6.67,4.05,15.35,7.2
-14.0,-77.3,2023-02,PER,pole_and_line,1,0.05,1.72,3.09,5.32,6.7
-14.0,-77.2,2023-01,PER,set_gillnets,1,0.71,6.25,8.54,13.13,8.2
-8.3,-79.1,2023-01,PER,purse_seines,6,14.14,13.71,20.93,158.24,11.1
-3.5,-80.6,2023-02,PER,other_purse_seines,1,0.7,0.0,3.98,4.45,8.2
-14.8,-76.0,2023-01,PER,purse_seines,1,2.82,4.43,1.29,27.15,8.6
-13.5,-76.5,2023-01,PER,other_purse_seines,11,19.61,25.39,28.16,116.03,10.3
-6.5,-80.8,2023-01,PER,purse_seines,2,2.75,9.19,11.81,26.79,
-15.2,-77.8,2023-02,PER,fishing,1,4.3,0.08,1.22,56.19,8.1
-12.0,-77.8,2023-02,PER,other_purse_seines,1,1.05,12.06,11.31,6.71,6.9
-15.0,-75.7,2023-01,PER,other_purse_seines,1,0.15,3.81,3.03,1.85,7.0
-8.5,-79.7,2023-01,HND,other_purse_seines,1,0.57,7.78,18.35,9.91,
-9.3,-78.6,2023-01,PER,purse_seines,1,0.31,10.91,16.55,7.98,7.1
-13.3,-79.1,2023-03,PER,tuna_purse_seines,2,0.63,6.85,0.0,8.67,7.5
-11.5,-77.8,2023-03,PER,other_purse_seines,1,0.7,12.08,12.4,6.49,6.9
-9.6,-78.5,2023-01,PER,fishing,1,0.14,2.92,6.53,5.81,9.1
-12.0,-78.3,2023-02,PER,pole_and_line,1,1.55,1.71,4.44,6.2,7.3
-13.4,-76.9,2023-01,PER,other_purse_seines,2,1.43,5.81,0.0,15.3,7.4
-14.2,-77.5,2023-02,PER,other_purse_seines,1,0.05,0.91,0.0,6.32,6.9
-7.0,-80.1,2023-01,PER,other_purse_seines,48,21.2448,33.4,32.8,121.81,8.7
-7.9,-79.9,2023-02,PER,purse_seines,3,20.71,19.39,18.21,214.18,9.0
-12.0,-77.3,2023-02,PER,purse_seines,1,1.66,7.89,0.0,8.87,8.3
-15.5,-77.4,2023-02,PER,other_purse_seines,3,4.55,10.27,12.68,16.32,6.8
-8.1,-79.3,2023-01,PER,purse_seines,7,21.2448,29.09,30.13,105.54,8.8
-7.9,-79.5,2023-02,PER,purse_seines,1,2.41,5.26,2.95,34.01,8.4
-12.1,-77.6,2023-02,PER,other_purse_seines,3,6.45,8.03,14.07,31.17,7.6
-6.8,-80.2,2023-02,PER,tuna_purse_seines,1,2.81,6.54,5.9,8.84,7.5
-7.0,-79.9,2023-01,PER,pole_and_line,1,1.32,0.0,0.0,6.87,7.4
-6.3,-84.1,2023-03,ECU,tuna_purse_seines,1,2.74,2.58,9.35,25.34,7.8
-7.5,-79.7,2023-01,AIA,purse_seines,1,1.46,3.73,0.0,5.04,7.2
-11.5,-78.4,2023-03,PER,other_purse_seines,1,4.95,5.47,13.18,25.34,11.1
-6.8,-80.9,2023-01,PER,other_purse_seines,5,4.61,6.5,4.99,36.25,10.0
-12.0,-77.1,2023-01,SSD,tuna_purse_seines,1,2.18,8.19,16.32,46.58,6.9
-8.1,-79.5,2023-01,PER,purse_seines,5,5.0,0.12,6.73,36.3,9.6
-16.0,-77.2,2023-03,PER,tuna_purse_seines,1,2.11,2.96,12.29,15.76,6.7
-15.5,-75.9,2023-03,PER,other_purse_seines,1,1.27,0.0,6.31,7.73,7.6
-12.0,-77.5,2023-02,PER,purse_seines,1,3.25,8.7,0.0,10.24,7.9
-9.1,-78.8,2023-01,PER,purse_seines,3,7.99,16.14,13.76,30.06,7.1
-12.5,-77.3,2023-03,PER,fishing,1,2.03,6.6,12.72,8.45,7.5
-7.0,-80.2,2023-01,AIA,purse_seines,1,0.15,0.0,1.3,6.44,7.8
-8.3,-79.3,2023-01,PER,tuna_purse_seines,2,1.53,3.17,0.28,5.57,
-17.6,-77.8,2023-03,ECU,tuna_purse_seines,1,0.28,1.4,0.0,5.75,7.0
-15.0,-75.6,2023-01,,other_purse_seines,1,1.89,6.34,4.84,12.43,7.6
-11.6,-77.5,2023-01,PER,purse_seines,5,11.33,20.7,21.55,55.28,7.9
-6.6,-80.4,2023-01,PER,other_purse_seines,25,21.2448,25.35,22.72,113.91,8.9
-14.5,-77.4,2023-02,PER,pole_and_line,1,0.53,11.19,5.41,11.53,
-15.3,-77.4,2023-03,AIA,purse_seines,1,1.4,7.41,13.36,5.63,6.6
-17.6,-71.4,2023-02,,other_purse_seines,1,10.51,20.85,12.07,27.01,8.4
-12.4,-77.2,2023-03,PER,other_purse_seines,1,3.01,6.06,3.29,26.86,6.9
-10.6,-78.0,2023-03,PER,other_purse_seines,2,1.72,0.43,5.23,21.34,7.2
-14.5,-77.8,2023-02,PER,pole_and_line,1,1.25,16.18,13.19,14.08,6.7
-8.1,-79.4,2023-01,PER,tuna_purse_seines,5,6.02,11.1,12.94,25.1,7.9
-13.6,-77.4,2023-01,PER,fishing,1,0.21,1.51,2.83,6.53,6.8
-8.1,-79.7,2023-02,PER,other_purse_seines,8,11.12,10.76,20.35,37.11,9.9
-6.9,-80.8,2023-01,PER,other_purse_seines,1,0.76,0.0,3.85,8.03,7.3
-15.4,-76.7,2023-03,,pole_and_line,1,1.85,11.7,11.51,6.63,
-5.3,-81.6,2023-03,ECU,fishing,1,2.02,7.23,8.04,18.91,6.8
-14.0,-76.6,2023-03,PER,pole_and_line,1,14.31,20.16,24.28,58.34,8.1
-7.6,-79.7,2023-01,PER,fishing,1,4.63,6.38,9.13,40.04,7.1
-12.2,-78.5,2023-03,PER,pole_and_line,1,0.15,5.92,9.82,3.18,7.5
-15.6,-77.7,2023-02,PER,pole_and_line,1,2.95,11.7,12.41,17.3,7.6
-12.3,-77.2,2023-03,PER,fishing,1,0.98,1.62,2.63,11.48,6.4
-17.1,-77.8,2023-03,ECU,tuna_purse_seines,1,4.21,7.03,12.93,17.03,
-9.6,-79.1,2023-03,PER,other_purse_seines,1,0.24,0.0,0.0,4.32,
-5.9,-81.6,2023-03,ECU,fishing,1,2.09,0.93,5.75,17.04,
-15.8,-77.1,2023-02,PER,other_purse_seines,1,1.1,2.96,8.16,12.17,7.0
-10.1,-78.5,2023-02,PER,tuna_purse_seines,1,0.78,5.58,3.5,9.3,
-12.6,-76.9,2023-01,PER,other_purse_seines,56,21.2448,35.71,40.88,121.73,8.7
-9.6,-78.5,2023-01,PER,purse_seines,4,8.85,15.86,10.67,46.47,7.5
-13.4,-76.3,2023-02,,other_purse_seines,2,2.67,8.35,9.61,12.85,7.0
-16.8,-78.4,2023-02,PER,tuna_purse_seines,1,7.75,12.92,11.82,37.02,8.7
-13.3,-77.8,2023-01,PER,pole_and_line,1,0.91,8.98,5.75,8.15,6.8
-8.6,-79.0,2023-01,PER,purse_seines,1,0.31,3.48,3.48,7.48,6.8
-13.9,-77.6,2023-02,PER,other_purse_seines,1,2.38,2.79,1.29,10.6,9.0
-12.8,-79.4,2023-03,PER,fishing,1,2.02,3.61,11.28,21.17,
-7.5,-79.8,2023-02,PER,tuna_purse_seines,1,8.37,13.45,13.73,47.39,7.4
-9.7,-78.4,2023-01,PER,fishing,1,1.6,8.23,0.0,12.54,7.3
-14.3,-80.1,2023-02,PER,tuna_purse_seines,1,2.14,8.81,12.32,32.46,7.6
-14.6,-77.5,2023-02,AIA,purse_seines,1,2.05,7.44,7.83,29.36,8.1
-6.6,-80.7,2023-01,,other_purse_seines,1,0.15,3.83,0.0,9.16,10.6
-14.1,-77.5,2023-02,PER,other_purse_seines,2,1.97,9.12,0.94,12.29,7.7
-16.8,-76.9,2023-03,ECU,tuna_purse_seines,1,4.59,10.63,7.29,42.76,7.1
-16.8,-78.4,2023-03,PER,other_purse_seines,1,11.13,22.27,20.29,106.32,
-14.5,-77.5,2023-02,,pole_and_line,1,2.04,4.43,6.27,13.59,7.1
-10.1,-78.5,2023-03,PER,other_purse_seines,1,0.2,5.56,8.66,4.16,9.3
-10.8,-78.2,2023-02,PER,other_purse_seines,1,1.54,4.96,4.65,7.5,6.8
-7.3,-79.9,2023-01,PER,tuna_purse_seines,6,6.42,9.35,12.73,12.49,7.6
-17.8,-71.5,2023-02,,other_purse_seines,2,3.81,12.47,6.05,25.99,6.7
-12.4,-77.1,2023-03,PER,fishing,1,1.24,7.27,2.69,13.36,7.7
-16.8,-77.8,2023-03,PER,other_purse_seines,1,1.13,4.16,4.3,10.38,6.7
-16.2,-78.8,2023-03,ECU,tuna_purse_seines,1,0.35,3.85,1.62,5.87,6.9
-7.1,-80.3,2023-01,PER,other_purse_seines,10,16.05,19.68,18.7,192.04,9.2
-11.3,-78.6,2023-03,PER,other_purse_seines,1,1.54,9.05,8.52,7.51,6.6
-13.1,-76.6,2023-02,PER,other_purse_seines,1,0.35,5.68,0.0,8.6,7.2
-7.8,-79.6,2023-02,GBR,other_purse_seines,1,0.93,7.41,5.22,11.1,7.4
-14.3,-77.7,2023-02,PER,tuna_purse_seines,3,16.86,23.23,28.83,80.32,8.3
-14.6,-77.0,2023-03,PER,tuna_purse_seines,2,5.63,14.42,18.53,29.81,7.3
-11.9,-77.6,2023-01,PER,purse_seines,3,5.33,15.68,10.57,33.21,6.8
-13.5,-76.2,2023-03,,other_purse_seines,1,1.02,2.96,2.38,14.33,7.0
-13.3,-76.4,2023-02,,other_purse_seines,1,3.72,6.15,8.21,24.58,6.8
-15.3,-77.6,2023-02,PER,other_purse_seines,15,21.2448,27.31,23.18,118.06,8.9
-5.6,-82.6,2023-03,ECU,tuna_purse_seines,1,5.21,7.28,8.32,14.22,7.9
-12.2,-77.3,2023-01,SSD,tuna_purse_seines,1,2.35,6.15,5.81,8.31,
-4.5,-81.5,2023-03,ECU,fishing,1,1.99,10.18,4.86,16.1,7.5
-15.2,-77.3,2023-02,PER,fishing,1,4.36,6.7,13.64,34.25,7.2
-17.6,-71.5,2023-02,,other_purse_seines,3,9.11,10.55,14.51,49.93,7.6
-13.8,-78.2,2023-02,PER,tuna_purse_seines,1,1.09,5.68,3.07,13.46,7.2
-7.8,-79.6,2023-02,PER,tuna_purse_seines,2,4.31,12.17,6.41,16.23,7.6
-12.5,-77.0,2023-01,PER,other_purse_seines,48,21.2448,27.29,23.7,174.34,8.8
-14.5,-77.5,2023-02,PER,pole_and_line,1,4.49,5.26,16.69,38.18,7.2
-11.6,-77.4,2023-01,PER,purse_seines,3,16.26,23.58,15.98,198.86,9.1
-8.6,-80.5,2023-02,PER,other_purse_seines,1,1.74,5.6,4.49,15.74,8.9
-5.6,-81.0,2023-01,PER,pole_and_line,1,0.07,2.56,0.0,7.03,6.4
-15.9,-78.7,2023-02,PER,tuna_purse_seines,1,8.86,14.33,17.82,36.38,8.6
-7.3,-79.7,2023-02,PER,other_purse_seines,1,0.31,6.63,1.63,5.59,8.1
-13.7,-77.0,2023-01,PER,fishing,1,4.01,6.41,2.44,15.96,7.6
-14.6,-77.5,2023-03,PER,tuna_purse_seines,1,1.19,5.94,13.21,6.17,6.5
-12.2,-78.8,2023-03,PER,pole_and_line,1,1.55,7.66,4.97,34.86,9.2
-11.8,-77.6,2023-01,PER,purse_seines,1,2.13,3.1,0.79,10.87,8.4
-11.2,-79.0,2023-03,PER,other_purse_seines,1,0.97,5.16,4.66,21.99,7.0
-13.6,-78.0,2023-02,PER,other_purse_seines,1,1.3,4.07,6.64,21.16,6.6
-13.4,-76.4,2023-02,,other_purse_seines,1,1.66,5.29,5.01,21.24,6.7
-11.4,-80.4,2023-03,ECU,fishing,1,0.3,7.41,8.2,5.88,9.7
-8.3,-81.5,2023-02,,purse_seines,1,3.14,11.35,9.8,32.02,8.6
-15.3,-77.1,2023-02,PER,other_purse_seines,8,21.2448,28.48,27.25,212.82,8.7
-7.3,-79.9,2023-01,GBR,other_purse_seines,1,0.42,9.49,8.34,2.71,7.9
-9.7,-78.7,2023-02,PER,other_purse_seines,1,1.9,2.58,0.74,17.96,7.3
-6.8,-81.6,2023-02,PER,other_purse_seines,1,1.94,9.13,10.43,8.4,7.2
-12.3,-78.7,2023-03,PER,pole_and_line,1,6.17,8.9,16.87,18.67,7.8
-10.3,-78.2,2023-02,PER,other_purse_seines,29,21.2448,25.66,34.58,159.26,8.5
-14.0,-76.6,2023-03,,pole_and_line,1,5.78,16.25,14.29,93.56,7.3
-6.3,-81.6,2023-03,ECU,fishing,1,1.0,8.82,7.38,23.85,8.2
-15.4,-76.7,2023-03,PER,pole_and_line,1,1.6,11.19,9.16,6.33,7.8
-7.8,-79.6,2023-01,PER,fishing,2,8.24,19.17,17.02,19.85,7.6
-12.3,-78.6,2023-02,PER,other_purse_seines,1,8.25,4.85,8.22,60.58,8.9
-12.2,-77.1,2023-01,PER,inconclusive,1,1.76,9.64,6.22,24.37,8.7
-14.5,-76.9,2023-03,PER,tuna_purse_seines,1,6.1,7.06,11.53,15.37,7.8
-15.3,-76.7,2023-03,,pole_and_line,1,2.33,10.28,4.03,23.19,7.7
-4.4,-82.6,2023-03,ECU,tuna_purse_seines,1,0.74,14.51,12.88,5.1,6.9
-6.6,-80.9,2023-01,PER,other_purse_seines,48,21.2448,27.54,25.42,95.03,8.6
-8.0,-79.6,2023-01,,other_purse_seines,2,2.32,0.0,2.74,13.25,6.9
-12.9,-76.8,2023-01,HND,other_purse_seines,1,1.46,7.28,2.04,10.96,7.3
-12.0,-77.5,2023-01,PER,other_purse_seines,11,13.13,18.51,22.95,177.48,8.1
-6.9,-80.3,2023-01,PER,other_purse_seines,32,21.2448,33.57,31.98,91.7,8.0
-17.8,-71.4,2023-02,,other_purse_seines,1,0.82,13.63,11.88,11.07,7.1
-8.1,-79.2,2023-02,PER,other_purse_seines,1,3.96,8.35,9.5,39.73,7.8
-17.8,-76.9,2023-03,ECU,tuna_purse_seines,1,0.18,0.0,4.6,5.64,8.5
-7.5,-79.8,2023-02,GBR,other_purse_seines,1,0.17,0.59,7.99,9.96,
-14.6,-77.5,2023-02,PER,other_purse_seines,17,21.2448,22.27,27.38,89.04,9.8
-8.8,-79.5,2023-03,PER,other_purse_seines,1,0.41,0.0,0.0,5.14,7.5
-14.5,-76.3,2023-01,,other_purse_seines,1,0.83,3.32,6.24,16.64,8.0
-9.3,-82.6,2023-02,ECU,tuna_purse_seines,2,1.13,6.95,0.0,7.85,7.0
-13.4,-77.8,2023-01,PER,pole_and_line,1,0.9,0.88,0.0,12.17,8.0
-16.9,-78.3,2023-03,ECU,tuna_purse_seines,3,10.91,15.42,21.36,35.28,7.6
-8.0,-79.4,2023-01,PER,fishing,2,13.68,30.26,32.28,80.4,8.0
-3.9,-81.8,2023-02,PER,other_purse_seines,1,1.03,0.0,11.81,14.96,6.7
-12.9,-77.8,2023-02,PER,fishing,1,0.47,7.11,4.77,4.52,7.7
-11.9,-77.7,2023-02,PER,other_purse_seines,3,4.97,10.34,6.43,42.64,7.3
-8.1,-79.4,2023-01,GBR,other_purse_seines,1,13.79,18.49,15.02,146.64,9.2
-7.7,-79.8,2023-02,PER,purse_seines,3,6.04,12.96,12.32,26.66,8.4
-11.9,-77.4,2023-01,PER,tuna_purse_seines,2,1.91,4.76,12.4,16.3,7.3
-7.8,-79.6,2023-03,PER,other_purse_seines,1,17.22,19.43,16.8,41.24,8.7
-12.1,-77.2,2023-01,PER,inconclusive,2,0.9,5.99,2.37,15.06,6.7
-12.4,-76.9,2023-01,PER,pole_and_line,2,3.61,7.68,7.82,77.02,
-14.8,-77.7,2023-02,PER,tuna_purse_seines,1,0.92,7.23,10.26,8.29,
-14.9,-76.0,2023-01,PER,purse_seines,1,1.01,1.09,0.0,9.21,7.3
-15.0,-77.4,2023-03,PER,tuna_purse_seines,2,4.62,4.86,5.4,10.71,8.9
-13.7,-78.0,2023-02,PER,other_purse_seines,2,2.84,13.46,11.85,52.5,8.8
-4.7,-82.7,2023-02,PER,other_purse_seines,1,1.52,5.6,7.28,37.72,7.4
-9.4,-78.6,2023-01,PER,purse_seines,3,2.11,8.73,10.65,12.31,7.6
-6.5,-81.5,2023-03,ECU,fishing,1,0.99,2.96,2.42,7.71,8.0
-12.5,-76.9,2023-01,PER,inconclusive,1,4.05,8.8,19.27,27.2,8.9
-13.6,-77.7,2023-03,PER,other_purse_seines,1,1.65,6.0,2.19,19.41,7.3
-11.4,-78.5,2023-03,PER,other_purse_seines,1,0.84,1.73,3.32,9.5,7.4
-9.2,-78.8,2023-01,PER,fishing,1,4.78,11.74,11.32,23.17,8.0
-8.5,-79.1,2023-01,,other_purse_seines,2,2.16,11.25,7.36,20.43,
-14.7,-77.0,2023-03,,pole_and_line,1,0.12,5.52,0.0,8.85,6.9
-16.0,-78.5,2023-03,,purse_seines,1,3.16,11.71,8.85,34.89,8.0
-9.6,-78.7,2023-02,PER,other_purse_seines,1,1.73,8.87,14.56,9.34,6.8
-15.4,-77.5,2023-02,PER,other_purse_seines,7,20.95,26.64,26.74,211.95,9.3
-12.0,-77.3,2023-02,PER,other_purse_seines,8,6.1,11.31,14.69,38.53,7.4
-8.4,-79.1,2023-01,PER,purse_seines,4,11.03,12.21,23.5,105.61,8.2
-14.4,-77.6,2023-02,AIA,purse_seines,1,1.38,6.46,10.37,48.22,7.4
-14.8,-77.5,2023-02,PER,fishing,1,3.4,8.02,9.95,15.15,6.7
-9.2,-79.1,2023-03,PER,other_purse_seines,1,1.22,10.53,11.85,11.94,8.2
-11.6,-80.7,2023-02,PER,tuna_purse_seines,1,0.28,0.19,4.55,9.19,7.6
-3.6,-81.8,2023-02,PER,other_purse_seines,2,3.39,3.09,4.17,12.61,11.9
-15.5,-77.9,2023-02,PER,other_purse_seines,2,7.01,14.01,8.99,16.81,7.2
-13.9,-77.3,2023-01,PER,pole_and_line,1,1.92,0.0,3.11,33.75,
-7.0,-80.6,2023-01,PER,other_purse_seines,11,21.2448,27.85,30.17,55.19,8.3
-16.4,-77.9,2023-03,ECU,tuna_purse_seines,2,2.2,9.57,6.46,17.64,7.9
-13.4,-76.4,2023-01,PER,other_purse_seines,24,21.2448,21.65,29.58,103.38,8.7
-9.0,-80.7,2023-01,PER,tuna_purse_seines,1,6.0,12.49,10.2,27.18,8.0
-8.4,-79.1,2023-01,PER,fishing,2,11.03,17.06,11.25,80.24,8.4
-12.0,-77.6,2023-01,SSD,tuna_purse_seines,1,2.09,10.66,5.52,12.3,7.3
-6.8,-80.4,2023-01,PER,other_purse_seines,33,21.2448,24.06,31.12,131.72,10.3
-13.0,-76.6,2023-01,HND,other_purse_seines,1,0.74,2.71,0.0,10.76,8.0
-13.1,-77.8,2023-01,PER,fishing,2,11.53,13.77,16.94,16.91,7.6
-8.3,-79.2,2023-01,PER,fishing,2,4.66,5.66,2.6,28.13,7.1
-14.0,-78.0,2023-02,PER,purse_seines,1,1.01,8.47,7.03,7.98,6.6
-11.1,-78.3,2023-01,PER,pole_and_line,1,0.31,7.47,4.26,3.79,6.7
-15.6,-78.0,2023-02,ECU,tuna_purse_seines,1,0.21,11.22,5.82,5.6,7.6
-16.7,-78.3,2023-03,ECU,tuna_purse_seines,2,15.25,25.83,24.39,43.63,9.6
-16.3,-77.3,2023-03,PER,other_purse_seines,1,2.97,2.33,7.49,29.98,6.6
-15.2,-77.6,2023-02,PER,pole_and_line,1,7.17,12.16,13.83,85.37,7.8
-11.1,-77.9,2023-01,PER,purse_seines,1,0.53,7.09,5.63,9.6,6.5
-8.0,-79.7,2023-01,HND,other_purse_seines,1,1.8,10.72,3.1,16.41,7.3
-13.1,-77.2,2023-03,PER,other_purse_seines,1,0.21,3.14,0.0,7.61,7.0
-7.7,-79.7,2023-02,PER,other_purse_seines,31,21.2448,21.43,27.72,56.01,9.2
-14.4,-80.0,2023-02,PER,tuna_purse_seines,1,3.95,6.2,12.93,52.91,7.0
-7.8,-79.6,2023-02,PER,purse_seines,4,9.75,11.16,14.03,47.4,8.1
-7.4,-79.8,2023-01,GBR,other_purse_seines,1,2.42,7.37,11.05,3.54,7.4
-3.5,-82.5,2023-02,PER,other_purse_seines,1,0.17,7.85,7.0,5.44,8.0
-7.3,-80.3,2023-01,PER,other_purse_seines,2,1.62,10.68,0.0,9.45,6.7
-16.7,-77.9,2023-03,ECU,tuna_purse_seines,2,5.99,11.31,6.05,38.48,8.8
-14.0,-77.7,2023-01,PER,set_gillnets,1,2.87,8.44,13.47,34.48,9.0
-8.2,-79.4,2023-01,GBR,other_purse_seines,1,0.21,6.33,7.22,4.17,8.0
-6.0,-81.4,2023-01,PER,purse_seines,2,2.36,5.33,20.02,17.32,8.1
-13.0,-76.9,2023-02,PER,purse_seines,1,0.18,7.04,7.17,7.58,7.0
-7.1,-80.0,2023-02,PER,other_purse_seines,2,0.49,11.8,15.27,7.25,6.6
-14.1,-76.9,2023-01,PER,set_gillnets,1,5.9,6.92,1.14,22.87,8.7
-16.5,-78.1,2023-03,ECU,tuna_purse_seines,1,5.42,14.71,18.18,11.75,7.7
-7.1,-79.9,2023-01,PER,tuna_purse_seines,6,8.03,16.43,14.54,32.55,8.5
-5.2,-81.2,2023-02,PER,other_purse_seines,1,0.22,8.44,5.98,9.17,6.5
-7.9,-79.8,2023-02,PER,purse_seines,2,1.07,9.99,14.27,13.58,8.0
-14.7,-77.5,2023-02,PER,other_purse_seines,10,21.2448,41.05,30.43,128.03,8.2
-8.2,-79.2,2023-02,PER,other_purse_seines,3,6.97,11.51,11.28,49.27,7.4
-13.8,-77.0,2023-01,PER,pole_and_line,2,2.71,7.86,9.83,10.84,8.0
-8.1,-79.4,2023-01,PER,purse_seines,6,9.93,10.71,13.02,119.39,7.8
-10.5,-78.1,2023-02,PER,purse_seines,2,3.83,8.36,11.32,43.27,6.9
-12.0,-77.4,2023-02,PER,purse_seines,1,2.12,9.7,1.5,18.15,7.1
-15.0,-77.4,2023-02,PER,other_purse_seines,2,5.72,8.57,9.62,25.5,7.3
-12.8,-76.9,2023-01,PER,pole_and_line,2,4.21,5.6,0.73,24.18,7.9
-8.9,-79.1,2023-03,PER,other_purse_seines,1,0.32,1.84,7.82,3.96,7.0
-7.6,-79.6,2023-01,PER,pole_and_line,1,1.61,0.26,0.0,16.51,7.4
-13.7,-77.7,2023-01,PER,pole_and_line,1,0.61,14.16,16.03,12.72,
-8.0,-79.6,2023-01,PER,fishing,1,1.36,7.24,5.53,7.19,7.3
-12.0,-77.1,2023-03,PER,purse_seines,3,21.2448,23.14,23.07,93.74,9.0
-14.6,-77.4,2023-01,PER,set_gillnets,1,0.75,4.64,10.11,13.43,7.2
-10.3,-78.2,2023-02,PER,purse_seines,1,0.12,5.79,2.72,12.17,7.5
-14.0,-76.4,2023-03,PER,fishing,1,1.4,4.72,9.24,16.15,7.4
-9.9,-78.4,2023-01,GBR,other_purse_seines,1,4.66,7.98,7.44,18.39,7.7
-12.4,-77.6,2023-02,PER,other_purse_seines,1,0.99,6.72,7.97,13.85,7.9
-12.3,-78.7,2023-03,PER,other_purse_seines,7,18.38,20.65,26.6,84.09,9.2
-12.3,-77.0,2023-01,PER,pole_and_line,1,1.61,6.19,8.55,19.8,6.7
-15.6,-77.6,2023-02,HND,other_purse_seines,1,4.98,6.35,3.47,51.76,
-15.3,-77.2,2023-02,PER,tuna_purse_seines,1,4.42,5.06,12.15,112.59,7.6
-14.5,-76.1,2023-01,PER,other_purse_seines,17,21.2448,29.29,33.46,56.96,9.9
-14.6,-77.7,2023-02,PER,pole_and_line,1,4.67,5.79,4.67,11.34,8.1
-10.2,-78.5,2023-02,PER,purse_seines,1,0.73,2.86,1.32,5.53,7.5
-13.1,-76.9,2023-01,PER,other_purse_seines,11,21.2448,27.6,34.43,64.36,8.3
-6.8,-80.2,2023-01,PER,purse_seines,4,12.26,21.61,17.1,24.53,7.8
-4.7,-81.5,2023-03,ECU,fishing,1,2.0,5.38,11.72,8.07,7.4
-6.9,-81.4,2023-03,ECU,fishing,1,5.61,12.74,16.53,17.08,
-13.3,-76.5,2023-01,PER,pole_and_line,1,4.12,3.22,14.46,40.85,9.3
-12.5,-76.9,2023-02,PER,purse_seines,2,4.3,4.9,5.51,20.92,9.3
-15.5,-77.8,2023-02,PER,pole_and_line,1,5.38,16.36,14.78,15.59,7.2
-9.3,-80.2,2023-03,PER,other_purse_seines,8,21.2448,28.01,26.9,131.74,8.9
-15.3,-77.7,2023-02,GBR,other_purse_seines,1,3.0,6.23,15.84,7.21,7.2
-9.6,-79.7,2023-02,PER,other_purse_seines,1,0.86,0.91,7.04,10.6,
-15.1,-77.0,2023-02,PER,other_purse_seines,3,8.9,12.36,13.64,33.66,7.4
-11.9,-77.6,2023-03,PER,other_purse_seines,1,1.07,6.47,7.57,13.74,7.1
-11.1,-78.0,2023-03,PER,other_purse_seines,1,0.46,3.87,3.6,3.56,7.4
-13.8,-78.1,2023-02,PER,other_purse_seines,3,2.97,9.1,12.3,38.76,6.9
-7.8,-79.7,2023-02,PER,other_purse_seines,43,21.2448,26.46,29.73,156.52,9.0
-6.5,-80.5,2023-01,PER,other_purse_seines,2,9.13,10.95,14.92,31.77,9.7
-15.4,-78.0,2023-02,,other_purse_seines,1,1.54,15.69,11.59,13.82,7.7
-7.2,-80.3,2023-01,PER,other_purse_seines,6,12.0,16.75,25.81,30.26,8.7
-15.5,-78.0,2023-02,PER,purse_seines,1,1.94,6.07,4.68,7.23,11.0
-3.5,-81.1,2023-02,PER,other_purse_seines,1,3.53,9.45,10.34,16.35,
-11.2,-77.7,2023-02,PER,other_purse_seines,1,0.64,4.65,9.74,13.07,7.7
-14.8,-77.6,2023-02,PER,other_purse_seines,1,2.16,15.61,13.55,61.12,6.9
-12.0,-77.1,2023-03,JPN,drifting_longlines,1,1.22,6.81,4.44,7.71,
-9.5,-81.2,2023-01,PER,tuna_purse_seines,1,2.78,10.54,14.87,22.47,7.3
-8.1,-79.6,2023-02,GBR,other_purse_seines,1,1.28,6.5,7.7,9.98,7.3
-14.7,-78.0,2023-02,ECU,tuna_purse_seines,1,0.01,10.35,11.39,2.12,9.0
-7.6,-79.8,2023-02,PER,fishing,2,2.56,13.12,9.08,7.69,
-15.1,-77.0,2023-03,PER,tuna_purse_seines,1,0.99,5.43,6.81,13.14,7.1
-12.7,-77.7,2023-02,PER,set_longlines,1,0.93,0.78,5.75,12.01,
-14.0,-76.6,2023-01,PER,other_purse_seines,8,21.2448,29.59,26.74,79.26,9.5
-12.1,-78.5,2023-02,PER,other_purse_seines,2,2.02,0.0,0.0,11.82,7.5
-6.7,-80.4,2023-01,PER,other_purse_seines,39,21.2448,27.94,22.76,107.43,8.1
-15.6,-75.0,2023-03,PER,other_purse_seines,2,11.74,21.13,21.88,56.51,8.1
-16.7,-76.9,2023-03,ECU,tuna_purse_seines,1,2.0,7.11,0.99,10.05,7.1
-16.7,-78.4,2023-03,PER,other_purse_seines,1,0.11,0.98,1.36,5.09,7.7
-3.5,-81.0,2023-02,ECU,tuna_purse_seines,1,0.56,12.97,7.05,13.86,6.5
-12.0,-77.4,2023-01,PER,inconclusive,1,2.09,9.46,4.21,11.77,6.8
-8.3,-79.2,2023-01,,other_purse_seines,3,4.19,5.2,0.89,22.28,7.5
-8.2,-79.5,2023-01,,other_purse_seines,1,0.32,0.0,2.83,8.29,7.1
-6.0,-81.3,2023-02,PER,other_purse_seines,1,2.6,2.81,12.23,31.01,10.8
-9.2,-78.8,2023-01,,other_purse_seines,3,2.26,10.6,3.25,17.6,6.7
-13.4,-77.7,2023-03,PER,other_purse_seines,1,0.21,3.5,3.42,4.36,6.7
-17.5,-77.7,2023-03,,purse_seines,1,2.24,9.04,4.38,11.01,8.3
-9.3,-78.7,2023-01,,other_purse_seines,3,4.91,9.73,8.43,12.42,7.2
-15.3,-77.2,2023-03,PER,other_purse_seines,3,3.03,9.52,10.35,7.81,6.9
-9.4,-78.7,2023-02,PER,other_purse_seines,7,16.77,20.14,16.83,128.78,7.8
-15.6,-77.5,2023-02,PER,other_purse_seines,2,3.55,13.96,5.5,44.7,7.0
-16.7,-77.8,2023-03,PER,other_purse_seines,1,5.99,9.47,15.03,44.33,
-16.7,-72.9,2023-02,PER,other_purse_seines,2,2.41,6.32,2.83,10.44,8.3
-5.8,-83.6,2023-03,ECU,tuna_purse_seines,1,0.25,5.75,8.21,3.63,6.8
-14.2,-76.5,2023-03,,pole_and_line,1,1.42,8.56,7.89,7.46,7.4
-8.2,-79.3,2023-01,,other_purse_seines,3,10.52,15.12,15.25,51.52,7.6
-15.2,-77.0,2023-02,PER,other_purse_seines,1,0.28,2.62,7.86,4.67,6.7
-16.8,-72.8,2023-02,PER,fishing,1,2.45,6.41,0.88,11.7,7.6
-11.7,-77.3,2023-01,,other_purse_seines,1,9.94,23.93,24.12,77.95,8.2
-9.7,-79.7,2023-02,PER,other_purse_seines,1,6.55,3.92,5.32,25.45,7.6
-8.0,-79.5,2023-01,PER,tuna_purse_seines,3,2.35,8.84,2.27,11.71,6.7
-14.5,-77.9,2023-02,PER,other_purse_seines,2,2.57,7.77,23.36,14.7,
-11.7,-77.5,2023-01,,other_purse_seines,1,0.91,1.01,13.48,6.11,6.8
-7.7,-79.6,2023-03,PER,other_purse_seines,1,1.99,1.77,12.23,34.79,7.5
-7.0,-80.7,2023-01,PER,tuna_purse_seines,1,1.98,3.71,13.06,20.92,7.8
-12.9,-77.8,2023-01,PER,pole_and_line,1,0.23,0.0,0.0,8.03,6.8
-6.0,-83.0,2023-01,PAN,tuna_purse_seines,1,0.66,3.72,0.0,6.8,7.2
-13.8,-76.3,2023-01,PER,other_purse_seines,3,0.46,5.61,6.09,3.52,6.6
-14.5,-76.8,2023-01,PER,set_longlines,1,3.39,8.51,12.42,21.55,6.8
-13.2,-79.8,2023-02,ESP,drifting_longlines,1,0.87,0.0,0.0,13.53,
-16.4,-78.6,2023-03,,purse_seines,1,1.54,0.59,5.07,10.18,6.9
-16.9,-78.4,2023-02,PER,tuna_purse_seines,1,0.04,10.83,10.38,10.58,7.4
-13.4,-76.3,2023-01,SSD,tuna_purse_seines,1,4.67,4.56,13.31,41.19,
-10.0,-78.7,2023-01,PER,other_purse_seines,1,1.4,2.86,8.85,15.28,7.3
-5.5,-81.0,2023-01,PER,tuna_purse_seines,1,0.91,10.58,7.33,7.1,8.5
-16.3,-75.3,2023-03,PER,fishing,1,1.29,2.72,2.61,7.1,7.6
-17.0,-78.1,2023-02,,purse_seines,1,4.14,8.33,14.88,10.26,8.0
-13.2,-76.9,2023-01,PER,other_purse_seines,4,8.09,17.03,17.36,103.11,8.0
-14.4,-77.5,2023-02,PER,other_purse_seines,2,2.6,12.17,12.88,26.64,7.0
-6.8,-82.1,2023-02,PAN,tuna_purse_seines,1,0.16,6.55,0.0,13.46,7.5
-9.7,-78.5,2023-01,,other_purse_seines,3,7.82,10.62,3.03,35.56,9.3
-7.4,-79.9,2023-02,PER,purse_seines,1,0.76,0.0,0.0,14.04,6.8
-14.4,-77.5,2023-03,PER,tuna_purse_seines,1,1.75,3.85,10.74,12.36,7.2
-7.6,-79.9,2023-01,PER,tuna_purse_seines,3,8.05,14.05,12.32,40.75,7.6
-6.6,-80.8,2023-01,HND,other_purse_seines,1,11.99,15.9,16.44,127.55,8.0
-10.0,-78.4,2023-03,PER,other_purse_seines,1,0.68,3.53,0.82,13.47,7.1
-7.0,-80.0,2023-01,PER,pole_and_line,1,1.43,7.63,6.36,13.57,7.6
-13.6,-77.6,2023-02,PER,other_purse_seines,1,0.04,1.81,0.0,6.3,
-16.9,-78.4,2023-03,PER,other_purse_seines,1,11.2,10.83,19.09,30.79,8.1
-16.9,-76.9,2023-03,ECU,tuna_purse_seines,1,2.0,4.87,15.34,32.81,7.2
-7.6,-80.0,2023-02,PER,other_purse_seines,8,15.2,21.13,18.13,156.73,7.6
-12.7,-79.3,2023-03,PER,pole_and_line,1,5.39,12.28,7.53,16.16,8.7
-14.1,-77.2,2023-02,PER,pole_and_line,1,5.12,8.96,5.48,17.99,7.5
-15.1,-77.4,2023-02,AIA,purse_seines,1,2.43,6.79,9.61,40.19,9.2
-15.7,-75.0,2023-03,PER,other_purse_seines,1,1.1,1.37,2.3,17.89,7.1
-14.0,-77.4,2023-02,PER,other_purse_seines,1,1.09,3.39,0.0,12.82,7.8
-12.8,-77.9,2023-01,PER,pole_and_line,1,1.97,3.94,9.92,8.11,7.7
-7.9,-80.0,2023-02,PER,purse_seines,1,0.78,1.67,0.0,7.23,7.3
-12.7,-76.9,2023-01,AIA,purse_seines,1,3.6,6.72,8.94,15.95,10.2
-16.5,-76.7,2023-03,PER,tuna_purse_seines,3,21.2448,32.81,35.82,203.16,8.8
-9.2,-82.5,2023-02,ECU,tuna_purse_seines,1,0.49,2.83,0.0,4.45,7.2
-9.2,-79.9,2023-01,PER,tuna_purse_seines,1,0.37,4.36,12.19,5.03,7.3
-7.5,-79.9,2023-01,PER,pole_and_line,1,1.48,0.0,3.35,17.95,8.7
-12.9,-76.9,2023-01,PER,other_purse_seines,6,6.42,12.23,11.0,21.84,8.0
-5.7,-81.2,2023-02,PER,other_purse_seines,2,1.23,10.25,7.17,3.14,7.4
-14.1,-77.5,2023-01,PER,set_gillnets,1,9.21,14.5,12.79,34.45,8.8
-14.4,-77.1,2023-02,PER,fishing,1,3.45,9.44,7.9,15.41,7.0
-15.0,-77.3,2023-02,PER,pole_and_line,1,0.96,7.0,4.47,4.42,
-14.9,-77.0,2023-02,PER,other_purse_seines,6,14.71,24.66,14.67,49.83,8.0
-13.7,-76.4,2023-01,PER,other_purse_seines,4,3.41,7.36,12.79,43.62,8.6
-6.6,-80.6,2023-01,PER,purse_seines,1,0.22,3.92,7.07,11.98,7.0
-7.7,-79.6,2023-02,PER,tuna_purse_seines,2,6.02,14.05,9.63,62.24,7.7
-12.0,-80.8,2023-02,PER,tuna_purse_seines,1,10.13,13.36,19.53,28.76,8.3
-15.8,-78.0,2023-03,PER,tuna_purse_seines,1,0.78,3.39,9.91,19.81,9.1
-12.6,-77.1,2023-01,PER,pole_and_line,1,1.66,4.44,6.59,10.88,
-12.8,-77.5,2023-02,PER,other_purse_seines,2,2.05,7.03,6.3,10.37,
-10.6,-79.5,2023-03,PER,other_purse_seines,1,0.07,2.98,0.0,2.27,8.0
-10.9,-78.0,2023-03,PER,other_purse_seines,1,0.75,10.04,1.41,6.83,6.7
-13.3,-76.8,2023-01,PER,other_purse_seines,15,21.2448,26.86,29.04,87.71,8.9
-12.9,-77.9,2023-01,PER,pole_and_line,1,4.11,5.88,2.87,26.66,7.9
-8.2,-79.6,2023-02,PER,tuna_purse_seines,4,5.77,15.51,12.84,27.06,7.3
-11.6,-77.7,2023-02,PER,other_purse_seines,1,0.26,8.44,12.87,4.69,
-10.0,-78.9,2023-03,PER,other_purse_seines,1,1.3,12.44,4.16,10.18,6.7
-7.2,-80.1,2023-01,AIA,purse_seines,1,2.5,9.93,9.65,16.83,7.8
-7.7,-79.6,2023-02,GBR,other_purse_seines,1,1.55,1.78,4.46,27.8,8.0
-7.6,-79.7,2023-02,PER,other_purse_seines,10,19.62,31.96,30.37,83.33,9.2
-14.4,-77.0,2023-03,PER,tuna_purse_seines,1,3.84,11.92,7.07,10.09,7.4
-11.7,-78.0,2023-03,PER,other_purse_seines,1,1.42,1.94,6.81,11.62,9.1
-7.9,-79.8,2023-01,PER,tuna_purse_seines,1,0.43,3.1,3.75,7.51,6.7
-17.7,-77.1,2023-02,,purse_seines,1,2.86,1.84,0.0,12.82,6.8
-14.1,-77.2,2023-02,,pole_and_line,1,0.49,5.3,2.26,6.3,7.1
-16.9,-72.4,2023-02,PER,other_purse_seines,1,0.91,0.93,0.0,12.21,7.0
-15.8,-78.6,2023-02,ECU,tuna_purse_seines,1,0.08,5.87,5.49,7.65,7.2
-15.3,-78.0,2023-02,PER,other_purse_seines,1,2.03,0.0,0.0,19.81,7.2
-12.7,-76.8,2023-01,SSD,tuna_purse_seines,1,2.17,10.41,9.21,12.04,7.0
-17.0,-77.6,2023-03,PER,other_purse_seines,1,0.18,9.97,10.65,5.38,6.7
-11.7,-77.4,2023-01,,other_purse_seines,4,21.2448,28.28,22.36,109.42,9.7
-4.6,-81.3,2023-02,PER,inconclusive,1,21.2448,22.35,24.47,109.47,8.3
-13.7,-76.9,2023-01,PER,other_purse_seines,1,2.35,2.96,5.52,8.18,9.1
-8.7,-79.3,2023-01,,other_purse_seines,1,0.32,6.87,2.72,6.61,8.3
-14.2,-77.1,2023-02,,pole_and_line,1,0.26,0.0,8.71,2.08,6.8
-12.5,-77.0,2023-01,PER,inconclusive,1,6.77,13.81,18.63,33.14,9.6
-14.9,-77.5,2023-02,PER,other_purse_seines,1,0.18,0.0,5.2,3.79,8.7
-6.1,-83.1,2023-02,ECU,tuna_purse_seines,1,1.37,3.34,0.0,11.95,6.7
-9.7,-78.4,2023-01,,other_purse_seines,2,5.5,7.55,6.35,14.33,8.0
-7.2,-79.9,2023-01,PER,tuna_purse_seines,3,5.65,9.78,12.02,125.57,6.9
-12.8,-77.0,2023-02,PER,other_purse_seines,10,21.2448,28.92,27.86,153.47,
-14.5,-77.4,2023-03,PER,tuna_purse_seines,1,8.77,11.34,10.96,23.6,7.7
-17.1,-77.9,2023-02,,purse_seines,1,1.7,6.21,10.21,7.19,6.9
-9.1,-78.6,2023-02,PER,tuna_purse_seines,3,5.46,4.15,5.54,20.02,7.5
-14.5,-76.9,2023-01,PER,set_longlines,1,9.82,14.52,8.18,75.4,9.7
-7.4,-81.2,2023-03,PER,other_purse_seines,1,0.34,0.0,2.27,6.85,
-9.1,-78.6,2023-03,PER,other_purse_seines,20,21.2448,26.84,28.54,187.22,8.8
-17.7,-71.5,2023-01,,other_purse_seines,2,11.88,16.25,17.59,172.92,9.1
-15.3,-78.1,2023-02,ECU,tuna_purse_seines,1,0.89,4.96,5.44,8.97,6.6
-7.5,-79.8,2023-01,PER,pole_and_line,1,2.82,6.99,0.95,12.21,7.4
-14.5,-77.4,2023-02,PER,other_purse_seines,3,5.92,9.43,11.4,103.8,7.9
-13.0,-77.0,2023-02,PER,purse_seines,1,1.66,8.23,8.65,12.79,7.0
-9.4,-79.1,2023-03,PER,other_purse_seines,1,2.17,3.36,1.77,18.63,7.2
-12.1,-77.4,2023-01,PER,other_purse_seines,11,10.23,14.82,10.3,44.25,7.7
-12.4,-76.9,2023-01,PER,other_purse_seines,42,21.2448,26.56,23.74,148.76,9.8
-15.2,-77.5,2023-02,PER,other_purse_seines,7,16.91,25.21,24.72,76.77,9.7
-14.1,-77.0,2023-01,PER,set_gillnets,1,5.23,8.79,11.05,131.74,8.3
-14.9,-77.6,2023-02,HND,other_purse_seines,1,3.47,5.6,3.77,54.19,8.1
-14.1,-77.4,2023-01,PER,set_gillnets,1,1.01,10.74,10.22,15.29,
-14.9,-77.5,2023-03,PER,tuna_purse_seines,1,1.44,3.57,5.88,14.97,10.7
-7.0,-80.2,2023-01,PER,tuna_purse_seines,2,2.82,1.45,1.03,24.16,7.1
-17.9,-76.9,2023-03,ECU,tuna_purse_seines,1,6.37,17.05,13.98,52.14,10.1
-12.8,-76.9,2023-01,SSD,tuna_purse_seines,1,2.09,4.67,4.12,7.84,7.6
-11.8,-77.5,2023-03,PER,other_purse_seines,1,7.05,11.53,7.95,43.79,
-7.4,-79.8,2023-02,PER,purse_seines,1,0.86,4.25,8.12,6.5,6.8
-13.9,-78.0,2023-02,PER,other_purse_seines,2,5.15,9.01,10.77,35.83,6.8
-6.3,-80.9,2023-01,PER,other_purse_seines,29,21.2448,25.8,23.62,129.42,9.1
-12.4,-77.1,2023-03,,other_purse_seines,1,0.92,0.0,5.45,4.04,6.9
-12.8,-77.0,2023-01,PER,pole_and_line,2,0.68,5.1,1.49,10.3,6.7
-6.9,-80.1,2023-01,PER,fishing,1,5.2,17.9,15.51,44.1,7.6
-15.0,-75.6,2023-01,PER,tuna_purse_seines,1,0.23,7.24,1.53,26.14,7.4
-16.8,-78.3,2023-03,ECU,tuna_purse_seines,4,3.17,8.42,9.52,22.24,
-17.1,-78.3,2023-02,PER,tuna_purse_seines,1,3.17,5.76,7.66,30.91,6.9
-13.2,-78.2,2023-02,PER,fishing,1,0.98,0.62,7.24,5.03,8.9
-8.0,-79.5,2023-01,GBR,other_purse_seines,1,2.42,3.28,2.77,18.26,8.5
-13.8,-76.8,2023-01,PER,other_purse_seines,1,1.95,2.81,7.3,10.05,8.6
-6.7,-81.5,2023-03,ECU,fishing,1,1.89,1.29,5.16,10.11,
-4.1,-82.5,2023-03,ECU,tuna_purse_seines,1,2.56,12.11,8.01,59.99,7.4
-6.5,-81.0,2023-01,PER,purse_seines,1,2.86,7.07,13.29,16.6,11.5
-12.9,-76.7,2023-03,PER,other_purse_seines,2,4.79,6.41,14.57,23.64,7.4
-5.4,-81.2,2023-01,PER,pole_and_line,1,0.64,4.12,2.58,42.44,6.8
-14.1,-76.5,2023-02,PER,other_purse_seines,3,1.41,11.38,5.0,24.85,6.7
-8.2,-79.6,2023-03,PER,other_purse_seines,1,2.45,9.24,9.26,68.73,7.8
-10.0,-81.0,2023-01,,purse_seines,1,1.26,9.63,8.86,7.49,8.0
-8.0,-79.7,2023-01,PER,purse_seines,1,1.04,2.38,1.83,7.95,9.2
-14.3,-76.8,2023-01,PER,fishing,1,0.26,0.0,0.0,5.42,7.4
-6.8,-80.7,2023-01,PER,purse_seines,3,6.46,11.68,13.27,42.75,8.5
-5.4,-83.0,2023-03,ECU,tuna_purse_seines,1,0.25,5.56,2.37,7.38,7.0
-13.5,-77.5,2023-02,PER,purse_seines,1,0.08,7.4,7.21,6.24,7.0
-12.7,-76.8,2023-01,HND,other_purse_seines,1,0.17,0.0,1.77,17.08,6.6
-15.0,-76.9,2023-02,PER,other_purse_seines,1,1.01,3.99,3.23,4.74,6.7
-8.1,-79.6,2023-02,AIA,purse_seines,1,0.46,10.75,8.95,6.87,7.0
-8.0,-79.8,2023-02,PER,tuna_purse_seines,1,1.23,0.0,1.47,8.92,
-14.8,-77.1,2023-02,PER,other_purse_seines,2,6.04,9.17,18.11,21.29,8.5
-12.2,-77.2,2023-01,PER,pole_and_line,2,10.18,14.12,18.57,35.36,8.4
-10.9,-77.9,2023-01,PER,tuna_purse_seines,1,1.02,0.93,2.54,11.6,
-13.3,-76.4,2023-01,PER,pole_and_line,1,3.33,11.29,5.78,47.93,7.8
-12.9,-77.6,2023-02,PER,other_purse_seines,2,3.53,7.21,12.72,29.15,7.1
-6.7,-80.9,2023-01,PER,other_purse_seines,35,21.2448,22.29,24.05,177.61,8.5
-18.0,-71.1,2023-02,PER,fishing,1,3.21,4.32,4.54,33.19,6.8
-14.2,-76.5,2023-03,PER,pole_and_line,1,1.35,2.63,3.9,13.82,8.1
-13.4,-77.2,2023-03,PER,other_purse_seines,2,6.93,18.17,6.97,30.9,8.0
-12.3,-77.3,2023-01,PER,other_purse_seines,12,21.2448,26.04,29.54,87.87,9.5
-6.0,-82.4,2023-02,PER,other_purse_seines,1,1.33,2.96,5.46,7.36,7.4
-6.8,-81.2,2023-03,PER,other_purse_seines,1,0.32,9.59,11.37,9.03,6.7
-11.3,-77.8,2023-01,PER,tuna_purse_seines,2,5.4,11.13,11.52,25.15,7.2
-8.4,-79.2,2023-01,,other_purse_seines,1,0.25,13.03,4.26,2.08,7.2
-15.2,-75.5,2023-01,,other_purse_seines,1,2.42,4.8,5.65,8.31,7.3
-13.1,-76.6,2023-01,PER,pole_and_line,1,1.22,0.0,0.0,11.35,6.6
-16.7,-77.3,2023-03,PER,other_purse_seines,1,1.8,11.45,11.16,17.27,7.3
-12.0,-77.2,2023-02,PAN,inconclusive,1,0.44,2.71,10.83,10.64,8.8
-15.3,-79.2,2023-03,ECU,tuna_purse_seines,1,5.01,9.61,5.52,29.3,7.6
-15.3,-77.7,2023-02,PER,tuna_purse_seines,1,0.16,3.66,0.0,5.43,6.6
-13.4,-76.5,2023-01,PER,pole_and_line,1,4.86,7.0,7.39,23.28,8.4
-12.8,-77.5,2023-02,PER,set_longlines,1,1.33,8.35,9.07,19.88,8.0
-10.4,-78.2,2023-02,PER,purse_seines,1,0.9,2.25,0.0,7.06,8.2
-14.3,-77.6,2023-02,PER,other_purse_seines,5,5.24,11.49,2.86,75.63,7.2
-11.9,-80.7,2023-02,PER,tuna_purse_seines,1,0.03,3.06,4.34,4.97,6.7
-13.4,-77.2,2023-03,PER,purse_seines,1,1.49,8.05,4.55,14.23,6.9
-12.4,-77.0,2023-01,PER,pole_and_line,2,3.31,14.78,14.29,26.92,7.1
-8.7,-78.9,2023-01,PER,tuna_purse_seines,1,0.08,4.85,8.99,3.37,6.7
-15.1,-77.5,2023-02,PER,other_purse_seines,3,5.38,8.76,8.98,33.55,7.6
-9.9,-78.4,2023-01,PER,tuna_purse_seines,2,2.49,17.12,6.12,12.76,7.5
-12.2,-77.4,2023-01,PER,other_purse_seines,3,0.66,11.92,5.76,9.65,7.9
-14.4,-77.0,2023-03,AIA,purse_seines,1,0.25,3.87,8.15,14.43,7.1
-14.8,-77.1,2023-03,PER,tuna_purse_seines,1,2.81,10.74,7.87,18.44,
-3.5,-81.6,2023-02,PER,other_purse_seines,1,5.1,11.41,10.24,44.61,7.5
-7.9,-79.5,2023-02,GBR,other_purse_seines,1,0.21,3.61,11.45,1.8,8.0
-11.2,-77.9,2023-01,PER,tuna_purse_seines,2,7.55,9.23,9.83,41.95,8.0
-7.8,-80.0,2023-02,PER,other_purse_seines,1,0.18,4.87,7.95,4.54,9.1
-7.8,-79.7,2023-02,,other_purse_seines,3,11.7,12.67,6.7,51.23,8.0
-13.3,-76.5,2023-02,PER,other_purse_seines,1,0.88,10.97,10.27,2.13,
-8.4,-79.5,2023-02,AIA,purse_seines,1,1.41,12.06,5.96,8.95,7.6
-14.8,-76.9,2023-01,PER,fishing,1,3.8,5.36,4.84,16.25,7.3
-12.0,-77.3,2023-01,PER,inconclusive,1,1.28,3.12,0.0,22.49,8.1
-13.4,-78.1,2023-02,PER,other_purse_seines,1,0.46,0.02,9.5,5.32,9.0
-13.3,-77.2,2023-03,PER,other_purse_seines,1,2.85,12.2,8.41,30.73,8.4
-12.4,-77.3,2023-01,PER,other_purse_seines,2,3.92,8.79,6.3,23.86,8.9
-14.7,-77.7,2023-02,PER,tuna_purse_seines,1,0.88,0.97,0.63,5.8,8.0
-11.7,-78.6,2023-03,PER,other_purse_seines,1,0.32,3.21,1.91,9.03,7.1
-14.4,-76.9,2023-01,PER,pole_and_line,1,2.8,11.0,12.35,7.25,7.7
-16.1,-77.9,2023-03,ECU,tuna_purse_seines,1,1.05,6.53,5.77,4.15,7.2
-7.4,-80.3,2023-01,PER,other_purse_seines,1,1.81,10.48,9.67,5.0,7.1
-15.7,-77.6,2023-02,PER,other_purse_seines,7,11.97,9.02,5.05,48.25,9.0
-15.4,-76.7,2023-03,PER,purse_seines,1,2.76,8.48,13.14,20.05,7.1
-6.6,-80.8,2023-01,,inconclusive,1,7.21,13.82,12.06,22.39,7.4
-9.9,-80.2,2023-03,PER,other_purse_seines,1,0.06,5.61,0.0,8.83,9.9
-8.5,-79.1,2023-01,PER,tuna_purse_seines,2,5.11,10.87,4.89,19.67,7.0
-15.8,-78.0,2023-02,ECU,tuna_purse_seines,1,0.2,2.41,1.33,8.37,6.8
-15.4,-79.2,2023-03,ECU,tuna_purse_seines,1,1.37,4.9,13.29,19.19,8.0
-9.3,-78.9,2023-01,PER,tuna_purse_seines,1,1.23,2.56,0.99,5.26,8.7
-12.4,-77.2,2023-03,PER,pole_and_line,1,1.48,0.68,2.17,7.19,
-14.2,-77.2,2023-03,PER,other_purse_seines,2,3.16,13.57,19.85,18.94,8.3
-12.5,-76.9,2023-01,,other_purse_seines,5,21.2448,24.47,37.99,112.24,8.8
-8.4,-80.6,2023-02,PER,other_purse_seines,1,5.75,8.26,13.11,51.3,9.2
-14.6,-78.1,2023-02,ECU,tuna_purse_seines,1,6.28,0.0,6.98,45.26,8.2
-8.2,-79.5,2023-02,GBR,other_purse_seines,1,4.47,11.49,10.04,34.05,8.6
-12.4,-76.9,2023-01,PER,purse_seines,5,11.35,15.64,19.41,143.15,10.2
-14.9,-77.1,2023-02,PER,other_purse_seines,2,2.8,5.01,8.08,20.22,8.3
-12.8,-77.6,2023-02,PER,other_purse_seines,2,3.95,7.42,0.0,41.6,7.6
-10.8,-77.9,2023-01,PER,tuna_purse_seines,1,0.86,3.82,0.74,12.45,7.3
-10.2,-78.2,2023-02,PER,other_purse_seines,1,0.81,2.07,10.59,16.12,11.4
-10.3,-78.2,2023-01,,other_purse_seines,1,2.55,4.14,10.07,46.06,7.3
-16.2,-77.8,2023-03,ECU,tuna_purse_seines,1,1.48,7.38,6.55,10.6,6.9
-12.2,-78.6,2023-02,PER,other_purse_seines,1,5.01,13.17,14.15,27.45,8.6
-8.6,-79.3,2023-01,PER,tuna_purse_seines,1,0.68,8.93,10.14,7.76,9.0
-6.9,-81.5,2023-03,ECU,fishing,1,1.01,5.42,2.73,16.04,8.1
-8.0,-79.6,2023-01,PER,tuna_purse_seines,3,2.36,11.32,10.12,16.63,7.4
-15.2,-77.9,2023-02,PER,set_gillnets,1,6.55,15.51,3.5,32.76,8.0
-9.8,-78.4,2023-01,PER,tuna_purse_seines,3,7.62,17.45,23.68,77.43,8.3
-9.5,-78.5,2023-01,AIA,purse_seines,1,2.94,11.07,21.06,36.39,9.3
-7.5,-79.7,2023-01,PER,other_purse_seines,65,21.2448,22.05,32.06,105.27,8.9
-15.2,-77.1,2023-02,PER,other_purse_seines,2,2.76,7.49,2.45,10.51,6.9
-8.1,-79.3,2023-01,GBR,other_purse_seines,1,7.99,14.53,6.55,43.05,7.9
-11.9,-77.3,2023-01,PER,tuna_purse_seines,1,0.42,10.47,8.21,8.63,
-11.6,-77.8,2023-01,PER,pole_and_line,1,2.83,5.58,9.19,11.59,8.3
-7.7,-80.7,2023-03,PER,other_purse_seines,1,2.82,9.12,9.5,21.65,6.9
-17.5,-71.6,2023-02,,other_purse_seines,2,2.21,7.34,8.42,11.41,7.3
-14.4,-77.5,2023-02,,other_purse_seines,1,0.97,0.0,0.0,7.64,6.9
-10.4,-78.1,2023-02,PER,inconclusive,1,1.56,3.91,0.66,14.28,7.9
-16.5,-76.9,2023-03,PER,fishing,1,3.29,3.74,7.14,11.11,6.8
-14.2,-76.8,2023-02,PER,set_gillnets,1,2.01,14.21,5.23,9.72,7.2
-11.6,-77.4,2023-01,PER,pole_and_line,1,1.85,7.94,12.51,25.44,
-13.1,-77.0,2023-02,PER,other_purse_seines,7,9.89,19.65,13.31,21.85,8.6
-15.7,-77.1,2023-02,PER,purse_seines,1,1.05,7.04,3.06,7.17,7.2
-16.9,-76.9,2023-03,PER,other_purse_seines,1,2.45,9.13,9.02,16.26,
-16.9,-78.4,2023-03,ECU,tuna_purse_seines,3,21.2448,32.12,27.31,158.08,8.0
-9.5,-78.8,2023-03,ECU,tuna_purse_seines,1,1.78,4.29,5.8,11.01,6.9
-15.6,-77.2,2023-02,PER,purse_seines,1,0.07,0.39,2.46,4.06,7.8
-15.4,-77.7,2023-02,PER,tuna_purse_seines,2,10.13,12.2,15.95,37.19,8.5
-12.7,-78.1,2023-02,PER,other_purse_seines,1,1.38,9.75,7.82,9.22,7.4
-6.9,-80.4,2023-01,PER,other_purse_seines,24,21.2448,27.82,24.16,151.5,
-12.2,-77.4,2023-03,PER,pole_and_line,1,6.14,7.89,19.5,25.03,8.1
-13.7,-78.2,2023-02,PER,tuna_purse_seines,1,3.23,2.89,10.27,13.51,7.3
-8.2,-80.2,2023-03,PER,other_purse_seines,1,3.05,5.32,6.99,26.74,
-15.1,-77.1,2023-01,PER,pole_and_line,1,5.68,11.85,8.03,51.54,7.1
-6.6,-80.8,2023-01,PER,other_purse_seines,48,21.2448,27.53,26.67,143.16,
-14.4,-77.6,2023-02,PER,other_purse_seines,2,1.97,4.1,14.54,19.25,9.7
-14.0,-76.6,2023-01,SSD,tuna_purse_seines,1,5.37,6.21,3.33,38.42,
-11.8,-77.6,2023-01,PER,pole_and_line,1,1.74,4.3,10.54,15.07,7.6
-5.5,-81.1,2023-01,PER,tuna_purse_seines,1,2.31,12.38,6.12,15.44,7.2
-5.4,-82.7,2023-02,ECU,tuna_purse_seines,1,0.06,13.35,10.42,5.25,6.9
-13.3,-78.2,2023-02,PER,set_gillnets,1,7.0,12.79,15.52,12.48,7.5
-6.8,-80.3,2023-01,PER,other_purse_seines,49,21.2448,33.55,32.29,81.72,8.6
-8.1,-79.5,2023-02,GBR,other_purse_seines,1,0.17,4.89,0.88,31.51,7.8
-9.7,-78.5,2023-02,PER,purse_seines,1,0.35,0.0,5.8,5.51,6.7
-16.4,-78.4,2023-03,ECU,tuna_purse_seines,1,0.63,3.65,0.64,6.89,6.8
-16.4,-73.8,2023-02,PER,other_purse_seines,2,5.89,5.98,9.01,29.74,8.4
-14.8,-77.5,2023-02,PER,other_purse_seines,5,10.89,17.45,21.36,131.61,8.2
-14.8,-76.9,2023-01,PER,pole_and_line,1,5.06,10.02,15.47,93.13,7.7
-15.5,-75.3,2023-03,PER,other_purse_seines,1,2.06,0.0,8.17,7.06,8.4
-14.7,-77.5,2023-03,PER,purse_seines,1,2.24,2.77,0.59,15.79,7.6
-12.3,-78.7,2023-02,PER,fishing,1,6.8,18.23,13.24,26.59,7.4
-8.4,-79.0,2023-01,PER,fishing,3,10.22,13.15,16.91,54.97,7.6
-14.1,-77.2,2023-03,PER,other_purse_seines,2,2.63,7.5,4.93,11.94,7.5
-13.4,-76.3,2023-01,PER,other_purse_seines,28,21.2448,25.97,31.9,149.8,8.3
-14.9,-77.0,2023-02,,other_purse_seines,1,1.2,2.2,1.62,7.47,7.9
-12.1,-78.6,2023-02,PER,other_purse_seines,2,14.76,21.28,19.38,67.52,8.1
-16.4,-77.8,2023-03,ECU,tuna_purse_seines,1,4.89,7.44,6.33,27.2,6.9
-9.0,-80.4,2023-03,PER,purse_seines,1,1.15,2.71,3.82,9.63,7.4
-4.1,-81.7,2023-02,PER,other_purse_seines,1,0.87,4.43,1.11,11.13,6.7
-12.9,-77.0,2023-02,PER,other_purse_seines,14,21.2448,19.84,26.14,82.62,11.3
-15.0,-75.7,2023-02,,other_purse_seines,1,1.61,0.0,1.93,13.43,8.0
-15.5,-77.8,2023-02,PER,other_purse_seines,7,15.18,13.4,24.68,78.81,9.9
-3.6,-81.9,2023-02,PER,other_purse_seines,2,1.0,9.24,3.56,7.08,6.8
-15.9,-78.5,2023-03,PER,tuna_purse_seines,1,0.99,6.77,2.37,6.01,7.6
-4.3,-82.6,2023-03,ECU,tuna_purse_seines,1,0.25,4.16,8.32,4.18,
-8.0,-79.5,2023-01,AIA,purse_seines,1,0.22,5.81,5.04,4.1,6.6
-14.0,-76.5,2023-01,PER,other_purse_seines,10,16.49,24.81,24.93,68.67,8.5
-15.2,-77.6,2023-02,PER,purse_seines,1,1.43,0.0,0.0,21.74,7.9
-7.1,-80.1,2023-01,PER,purse_seines,5,16.11,14.51,20.77,80.1,
-12.0,-77.4,2023-02,PER,other_purse_seines,9,20.72,27.19,29.32,134.84,8.3
-8.1,-79.4,2023-01,PER,pole_and_line,1,2.75,10.65,4.53,36.71,8.3
-3.8,-81.4,2023-02,PER,other_purse_seines,1,6.44,13.47,23.35,42.09,
-7.6,-79.6,2023-01,PER,purse_seines,7,21.2448,21.76,33.59,81.13,9.5
-14.6,-77.7,2023-02,PER,tuna_purse_seines,1,5.01,9.18,8.87,64.05,7.7
-15.6,-75.1,2023-03,PER,other_purse_seines,1,1.4,8.69,10.26,5.46,7.2
-3.5,-81.1,2023-02,ECU,tuna_purse_seines,2,4.07,8.07,4.8,18.76,8.9
-9.7,-78.5,2023-03,PER,other_purse_seines,1,0.15,1.36,7.75,6.21,7.3
-11.0,-77.8,2023-01,AIA,purse_seines,1,3.09,4.97,2.24,18.17,7.1
-15.4,-78.0,2023-02,PER,other_purse_seines,1,1.18,9.17,14.25,9.28,9.0
-15.6,-77.6,2023-02,PER,other_purse_seines,11,21.2448,21.96,22.39,142.9,8.5
-15.0,-77.3,2023-02,PER,other_purse_seines,7,13.33,16.07,15.96,91.75,8.4
-9.7,-81.7,2023-02,PER,tuna_purse_seines,1,5.56,13.54,12.69,51.44,8.1
-15.6,-77.5,2023-02,HND,other_purse_seines,1,4.71,6.09,9.18,37.63,8.2
-7.4,-79.7,2023-02,PER,other_purse_seines,13,21.2448,16.49,25.25,27.87,8.2
-12.6,-78.1,2023-02,PER,other_purse_seines,1,0.02,5.27,13.64,3.37,6.8
-8.4,-79.1,2023-01,PER,pole_and_line,1,1.91,4.57,0.0,5.37,8.6
-14.4,-76.9,2023-01,PER,fishing,2,13.03,12.28,15.16,58.83,8.2
-8.3,-79.3,2023-01,PER,fishing,1,2.23,1.1,0.0,13.6,7.4
-3.5,-81.1,2023-03,ECU,other_purse_seines,1,1.85,7.93,11.07,18.08,6.7
-14.9,-76.2,2023-03,PER,other_purse_seines,1,5.15,12.63,11.69,22.45,9.6
-7.1,-79.8,2023-01,PER,tuna_purse_seines,3,4.98,4.98,14.3,34.01,7.2
-8.8,-79.7,2023-02,PER,other_purse_seines,1,3.1,9.03,6.76,20.86,6.6
-12.0,-77.2,2023-03,ESP,drifting_longlines,4,21.2448,25.96,27.81,132.32,9.7
-7.9,-79.6,2023-02,PER,tuna_purse_seines,2,0.64,4.65,0.0,5.18,7.5
-13.6,-78.2,2023-02,PER,tuna_purse_seines,1,0.27,7.21,0.0,5.38,7.5
-7.3,-80.4,2023-01,PER,other_purse_seines,1,1.89,0.03,0.0,15.53,
-12.9,-76.8,2023-01,PER,purse_seines,3,3.34,5.31,9.26,23.16,9.1
-15.4,-78.1,2023-02,ECU,tuna_purse_seines,1,0.13,15.7,4.41,4.61,7.1
-5.6,-82.2,2023-02,PER,other_purse_seines,1,6.88,6.6,11.86,58.43,7.8
-8.2,-79.3,2023-01,GBR,other_purse_seines,1,5.37,10.54,18.17,39.88,7.7
-15.1,-77.1,2023-02,PER,other_purse_seines,2,1.73,1.54,2.87,12.97,9.4
-16.7,-77.8,2023-03,ECU,tuna_purse_seines,1,0.39,7.58,4.03,4.76,7.1
-6.9,-81.6,2023-02,PER,other_purse_seines,1,1.87,7.66,5.23,11.66,
-15.7,-76.7,2023-03,PER,other_purse_seines,2,3.72,5.15,11.57,28.69,7.0
-12.2,-77.1,2023-01,,other_purse_seines,2,4.19,8.41,5.2,62.06,7.6
-11.5,-77.7,2023-01,PER,other_purse_seines,4,6.27,12.83,10.93,21.07,7.9
-12.5,-78.3,2023-02,PER,other_purse_seines,2,3.82,12.87,2.61,19.8,7.5
-16.7,-76.9,2023-03,PER,other_purse_seines,1,4.88,11.12,5.61,28.91,8.5
-9.1,-78.8,2023-01,PER,tuna_purse_seines,3,7.05,16.81,4.13,155.53,
-10.7,-78.0,2023-01,,other_purse_seines,2,3.55,8.92,2.66,14.83,7.2
-11.9,-77.5,2023-03,PER,other_purse_seines,1,1.8,10.35,5.94,12.58,7.0
-7.4,-79.9,2023-01,,other_purse_seines,2,8.21,14.71,3.4,35.0,7.3
-11.1,-78.1,2023-03,PER,other_purse_seines,1,2.01,6.94,6.49,5.02,9.3
-13.8,-78.0,2023-02,PER,other_purse_seines,3,9.85,16.97,15.54,43.18,8.4
-7.4,-79.9,2023-01,PER,tuna_purse_seines,7,16.05,23.81,23.8,139.82,8.2
-14.7,-77.4,2023-03,PER,purse_seines,1,0.08,4.59,1.02,2.05,7.3
-10.6,-78.2,2023-02,PER,other_purse_seines,2,2.69,3.2,15.48,15.14,8.0
-8.2,-79.3,2023-01,PER,tuna_purse_seines,4,4.78,8.31,13.55,21.61,7.1
-9.0,-78.9,2023-01,AIA,purse_seines,1,3.63,12.55,8.9,32.86,7.6
-14.5,-77.1,2023-02,PER,set_gillnets,1,1.22,5.69,1.69,5.9,6.6
-9.7,-78.4,2023-02,PER,purse_seines,1,0.16,1.19,6.45,3.15,7.2
-14.5,-76.5,2023-01,PER,other_purse_seines,1,0.06,2.52,3.12,3.8,7.2
-4.3,-81.5,2023-03,ECU,fishing,1,2.01,10.84,12.12,11.09,7.0
-14.0,-77.5,2023-02,PER,purse_seines,1,0.54,0.0,8.96,7.43,6.8
-15.0,-77.8,2023-02,PER,other_purse_seines,3,1.83,0.05,0.0,26.73,6.8
-9.3,-78.6,2023-01,PER,pole_and_line,1,3.76,5.39,11.4,24.52,7.5
-9.0,-80.3,2023-03,PER,purse_seines,1,8.05,9.36,13.02,23.48,8.4
-16.5,-77.1,2023-03,ECU,tuna_purse_seines,1,1.22,8.83,0.01,12.21,8.2
-8.1,-80.7,2023-03,PER,other_purse_seines,1,0.96,5.95,1.79,12.9,7.1
-5.2,-82.2,2023-02,PER,other_purse_seines,1,0.44,6.82,5.77,10.29,8.3
-14.2,-76.6,2023-02,PER,other_purse_seines,4,4.89,7.97,4.54,87.36,9.2
-9.1,-78.8,2023-01,GBR,other_purse_seines,1,2.95,9.99,0.13,40.04,6.8
-11.0,-78.8,2023-03,PER,other_purse_seines,1,0.58,4.03,5.29,11.43,7.5
-8.8,-79.2,2023-02,PER,other_purse_seines,2,2.33,2.83,7.42,21.69,7.2
-8.3,-79.1,2023-01,PER,pole_and_line,1,4.22,5.42,3.55,11.85,9.1
-14.7,-77.0,2023-03,PER,purse_seines,1,0.54,6.85,3.14,13.2,7.5
-9.0,-80.5,2023-03,PER,purse_seines,1,3.31,9.62,7.05,14.49,6.8
-14.3,-77.5,2023-02,PER,other_purse_seines,5,11.89,14.68,11.04,65.9,8.4
-7.0,-79.9,2023-01,PER,purse_seines,1,0.34,7.99,4.82,13.43,8.2
-7.7,-79.8,2023-01,PER,tuna_purse_seines,5,12.16,19.04,15.3,177.11,8.4
-5.8,-81.6,2023-03,ECU,tuna_purse_seines,1,0.34,3.1,0.0,3.61,7.0
-11.0,-77.9,2023-01,AIA,purse_seines,1,2.23,1.88,4.03,8.11,7.3
-15.1,-77.6,2023-02,PER,other_purse_seines,5,9.59,19.75,23.73,55.77,7.5
-6.1,-81.3,2023-01,PER,other_purse_seines,9,21.2448,28.59,28.74,155.53,
-6.7,-81.4,2023-03,ECU,fishing,1,1.0,8.2,4.33,8.42,7.1
-12.8,-76.8,2023-01,PER,purse_seines,3,11.92,13.71,17.48,108.38,8.7
-10.1,-81.6,2023-02,PAN,tuna_purse_seines,1,0.05,5.07,0.0,4.16,7.0
-7.5,-80.0,2023-01,PER,purse_seines,3,4.97,12.74,17.93,24.1,7.0
-4.9,-81.5,2023-03,ECU,fishing,1,3.01,8.1,6.34,30.13,7.1
-12.5,-77.4,2023-02,PER,other_purse_seines,1,1.67,5.76,2.2,8.55,6.8
-13.1,-78.2,2023-03,PER,other_purse_seines,1,0.25,0.0,0.0,4.12,7.0
-3.5,-81.5,2023-02,PER,other_purse_seines,1,5.2,14.46,7.89,28.6,7.5
-12.7,-76.8,2023-01,PER,other_purse_seines,41,21.2448,30.23,32.72,185.42,8.8
-7.8,-80.1,2023-02,PER,other_purse_seines,1,1.06,2.66,1.17,21.24,
-7.9,-79.6,2023-02,GBR,other_purse_seines,1,2.36,0.0,3.23,9.34,7.3
-14.4,-76.9,2023-01,PER,other_purse_seines,1,0.6,8.68,6.9,8.79,6.9
-8.1,-79.3,2023-01,PER,pole_and_line,1,6.72,7.38,11.39,48.42,7.6
-14.8,-77.0,2023-02,PER,other_purse_seines,6,15.74,20.23,24.38,31.05,8.3
-15.2,-77.7,2023-02,PER,fishing,1,0.53,3.97,5.27,6.62,
-8.0,-79.7,2023-02,,other_purse_seines,3,4.95,17.71,20.1,63.25,7.5
-10.5,-81.3,2023-02,PAN,tuna_purse_seines,1,0.27,5.95,6.07,3.6,8.3
-11.5,-78.3,2023-03,PER,other_purse_seines,1,1.08,11.55,9.46,18.26,6.6
-6.8,-80.8,2023-01,PER,other_purse_seines,16,18.08,25.23,25.25,26.13,9.2
-10.7,-79.1,2023-03,PER,other_purse_seines,2,6.41,8.19,11.99,60.7,7.3
-15.5,-77.3,2023-02,PER,other_purse_seines,2,8.12,17.45,20.23,22.86,8.7
-9.6,-78.6,2023-01,PER,fishing,1,0.45,12.29,15.58,2.57,8.5
-10.1,-78.7,2023-02,PER,other_purse_seines,1,0.41,2.78,0.01,6.7,7.6
-13.4,-76.8,2023-01,PER,other_purse_seines,16,21.2448,25.69,23.43,41.15,9.9
-7.4,-79.8,2023-01,,other_purse_seines,1,0.58,9.14,2.99,11.9,7.2
-5.5,-81.6,2023-03,ECU,fishing,1,2.0,13.55,10.2,10.42,7.4
-12.4,-76.9,2023-01,SSD,tuna_purse_seines,1,3.21,6.29,9.57,23.26,7.4
-12.1,-77.1,2023-02,PER,inconclusive,1,12.33,15.26,18.57,37.35,10.2
-14.6,-77.6,2023-02,,other_purse_seines,1,1.43,4.94,0.0,7.11,7.0
-13.7,-77.6,2023-01,PER,fishing,1,0.79,3.75,1.31,5.82,9.0
-15.9,-78.1,2023-02,ECU,tuna_purse_seines,1,0.22,1.74,10.65,6.43,6.9
-15.2,-76.7,2023-03,PER,other_purse_seines,1,1.89,7.97,7.43,8.17,8.0
-12.8,-76.9,2023-01,PER,other_purse_seines,31,21.2448,26.9,25.67,259.56,
-7.5,-79.9,2023-02,PER,tuna_purse_seines,1,1.7,4.14,8.75,9.71,8.4
-15.2,-77.6,2023-02,PER,other_purse_seines,15,21.2448,30.02,29.36,121.85,9.8
-12.0,-77.2,2023-03,PER,inconclusive,3,21.2448,21.15,21.38,188.84,8.7
-17.6,-71.5,2023-03,PER,other_purse_seines,1,0.2,9.95,8.07,15.99,8.5
-16.8,-78.3,2023-02,PER,tuna_purse_seines,1,3.42,14.08,6.29,23.31,7.1
-7.5,-80.0,2023-01,PER,other_purse_seines,14,19.96,28.29,26.54,26.07,8.5
-7.6,-79.8,2023-01,PER,fishing,1,3.66,6.21,10.28,44.24,7.1
-6.6,-80.9,2023-01,,inconclusive,1,2.58,3.42,3.4,10.23,6.7
-12.6,-76.8,2023-01,PER,other_purse_seines,17,21.2448,24.27,30.41,121.52,9.2
-13.8,-77.2,2023-03,PER,other_purse_seines,1,1.91,8.13,3.49,9.4,7.6
-13.9,-78.1,2023-02,PER,other_purse_seines,3,3.4,6.16,2.39,22.75,7.8
-13.2,-78.2,2023-03,PER,other_purse_seines,1,0.34,7.37,5.45,5.7,7.1
-7.7,-80.2,2023-03,PER,other_purse_seines,1,3.79,7.82,6.95,48.92,8.3
-10.2,-81.6,2023-02,PAN,tuna_purse_seines,1,0.07,5.63,7.36,4.12,7.7
-17.1,-77.9,2023-03,ECU,tuna_purse_seines,1,8.25,18.11,10.94,43.27,8.0
-10.1,-78.3,2023-02,PER,inconclusive,1,7.45,13.48,21.79,13.49,7.3
-7.1,-80.7,2023-03,PER,other_purse_seines,1,0.08,0.27,11.55,6.42,6.7
-9.8,-78.4,2023-01,GBR,other_purse_seines,1,4.43,8.0,7.15,36.16,8.9
-12.4,-78.7,2023-03,PER,other_purse_seines,4,10.2,7.32,20.72,41.13,7.5
-12.3,-77.6,2023-02,PER,other_purse_seines,1,2.0,7.12,8.2,10.42,7.9
-8.1,-79.3,2023-01,PER,tuna_purse_seines,7,21.2448,18.8,23.48,136.42,8.3
-13.4,-78.2,2023-02,PER,set_gillnets,1,3.05,5.34,15.71,13.88,7.4
-15.4,-77.2,2023-02,PER,tuna_purse_seines,1,4.67,6.11,10.26,66.78,8.4
-4.3,-81.7,2023-02,PER,other_purse_seines,1,1.13,3.82,2.6,4.29,6.8
-10.3,-78.3,2023-01,PER,tuna_purse_seines,2,2.98,11.27,18.17,26.16,7.1
-12.4,-77.1,2023-01,PER,fishing,1,5.06,8.74,0.88,49.53,7.5
-12.3,-77.3,2023-03,PER,fishing,1,0.98,4.86,0.0,8.99,7.9
-6.6,-80.3,2023-01,PER,other_purse_seines,5,4.2,2.68,1.53,42.2,6.8
-9.2,-78.8,2023-01,GBR,other_purse_seines,1,4.01,8.75,1.89,46.15,7.1
-12.5,-76.8,2023-02,USA,fishing,1,4.14,11.39,7.92,8.63,9.6
-7.8,-79.7,2023-01,PER,purse_seines,4,7.46,7.35,14.52,28.47,8.3
-15.3,-76.7,2023-03,PER,purse_seines,1,4.54,6.46,11.07,55.67,7.3
-12.3,-77.2,2023-01,PER,fishing,1,4.51,0.0,0.0,20.0,6.9
-11.4,-78.2,2023-02,PER,other_purse_seines,1,4.09,12.06,3.82,29.0,7.2
-14.0,-77.4,2023-01,PER,fishing,2,5.87,11.23,13.22,14.04,7.8
-8.2,-79.5,2023-02,PER,tuna_purse_seines,1,1.27,0.0,0.0,11.96,6.9
-15.4,-77.2,2023-03,PER,other_purse_seines,3,6.2,13.24,18.58,36.47,
-11.6,-77.5,2023-01,PER,pole_and_line,1,2.7,4.47,3.41,33.48,7.1
-9.1,-78.6,2023-03,ECU,tuna_purse_seines,2,3.48,3.73,6.87,12.61,6.9
-9.3,-78.7,2023-02,PER,other_purse_seines,2,2.32,13.6,7.82,14.36,7.0
-5.0,-81.4,2023-03,PER,other_purse_seines,1,1.74,6.06,6.68,23.31,7.3
-18.0,-71.0,2023-01,,other_purse_seines,2,21.2448,23.88,31.99,60.75,
-14.5,-77.8,2023-02,PER,purse_seines,1,0.64,0.0,5.67,18.34,7.4
-14.3,-76.9,2023-01,PER,pole_and_line,1,7.14,14.18,13.78,21.51,8.1
-15.2,-77.8,2023-02,PER,set_gillnets,1,2.83,5.72,12.81,13.58,7.7
-7.1,-80.4,2023-01,PER,other_purse_seines,4,1.09,0.0,4.57,15.94,7.2
-6.7,-80.7,2023-01,,inconclusive,1,0.88,4.57,0.0,10.27,
-15.7,-77.1,2023-02,PER,other_purse_seines,1,0.63,0.85,7.96,4.88,7.1
-14.9,-77.6,2023-02,PER,other_purse_seines,4,7.32,13.65,6.34,35.91,7.2
-16.8,-72.8,2023-02,PER,other_purse_seines,2,2.51,10.12,9.51,17.8,6.6
-12.2,-77.9,2023-03,PER,pole_and_line,1,12.47,17.1,18.69,43.89,7.8
-16.2,-78.9,2023-03,ECU,tuna_purse_seines,1,0.08,5.82,5.63,2.18,7.0
-8.7,-82.7,2023-03,ECU,tuna_purse_seines,1,0.66,6.81,13.06,10.63,7.8
-10.4,-78.2,2023-01,,other_purse_seines,1,2.63,12.17,12.14,19.07,7.2
-12.2,-77.3,2023-03,PER,pole_and_line,1,0.24,5.67,4.63,7.8,7.6
-16.3,-75.6,2023-03,PER,set_longlines,1,1.09,0.71,1.45,13.87,7.7
-7.3,-79.8,2023-01,PER,tuna_purse_seines,6,9.72,19.24,22.19,67.57,8.6
-12.3,-77.2,2023-03,PER,pole_and_line,1,8.35,11.65,9.99,81.15,7.9
-17.1,-72.2,2023-02,PER,fishing,1,2.75,6.07,16.83,17.02,7.4
-16.8,-76.8,2023-03,ECU,tuna_purse_seines,1,3.4,8.65,14.89,16.52,7.2
-16.8,-78.3,2023-03,PER,other_purse_seines,1,7.28,13.59,14.94,38.9,7.9
-8.5,-79.1,2023-01,GBR,other_purse_seines,1,1.51,3.82,1.8,12.86,9.6
-13.0,-76.9,2023-02,PER,other_purse_seines,7,21.2448,26.58,31.32,105.77,8.9
-12.9,-78.2,2023-03,PER,other_purse_seines,1,2.05,6.76,4.12,13.14,6.8
-10.6,-79.1,2023-03,PER,other_purse_seines,3,12.94,14.17,18.99,53.67,10.1
-14.1,-77.6,2023-02,PER,other_purse_seines,1,0.78,0.0,5.71,11.61,6.9
-8.3,-79.2,2023-02,PER,fishing,1,1.28,5.29,5.22,8.14,
-9.0,-80.9,2023-01,,purse_seines,1,0.29,4.63,3.58,5.66,6.7
-12.5,-77.1,2023-03,PER,pole_and_line,1,0.64,2.47,8.12,8.18,7.3
-14.1,-77.7,2023-02,PER,purse_seines,1,0.11,1.49,7.89,4.1,
-13.3,-76.4,2023-01,PER,other_purse_seines,21,21.2448,26.34,24.76,143.08,9.6
-13.9,-77.5,2023-03,PER,tuna_purse_seines,1,0.33,3.74,1.64,5.38,7.6
-7.2,-79.8,2023-01,PER,tuna_purse_seines,7,15.44,19.38,26.77,65.07,7.7
-6.4,-81.1,2023-02,PER,other_purse_seines,1,0.24,3.42,0.0,4.95,6.5
-13.8,-76.3,2023-01,PER,purse_seines,1,1.25,4.74,10.92,11.36,6.6
-13.5,-76.6,2023-03,PER,pole_and_line,1,3.15,3.94,3.08,15.83,6.8
-7.5,-79.8,2023-01,PER,purse_seines,5,14.61,11.42,13.0,37.06,7.7
-13.7,-76.8,2023-01,PER,other_purse_seines,10,17.94,21.01,23.79,201.09,8.6
-12.2,-77.5,2023-02,PER,other_purse_seines,1,1.79,6.1,2.8,24.87,7.1
-13.8,-76.5,2023-01,PER,purse_seines,3,8.33,3.02,6.66,74.07,7.8
-10.1,-78.6,2023-03,PER,other_purse_seines,1,1.02,0.57,2.97,8.02,7.9
-12.2,-78.6,2023-02,PER,purse_seines,1,0.85,0.0,0.94,19.42,6.6
-10.4,-79.1,2023-03,PER,other_purse_seines,1,0.27,2.12,5.74,11.56,6.4
-17.7,-71.5,2023-02,PER,fishing,1,2.46,8.09,13.4,7.36,7.9
-12.7,-76.9,2023-01,SSD,tuna_purse_seines,1,1.52,6.92,0.0,7.13,8.5
-7.9,-80.0,2023-02,PER,other_purse_seines,6,11.68,18.81,16.75,48.05,
-6.5,-80.7,2023-01,GBR,other_purse_seines,1,5.09,15.05,2.31,49.23,7.3
-15.0,-77.8,2023-02,PER,purse_seines,1,3.33,7.15,10.28,19.58,7.1
-8.1,-79.7,2023-02,HND,other_purse_seines,1,2.95,9.94,5.63,27.48,7.4
-5.7,-81.3,2023-01,PER,tuna_purse_seines,1,0.36,8.02,7.99,5.84,6.7
-14.7,-77.4,2023-02,PER,set_gillnets,1,1.09,0.0,1.98,15.96,6.9
-14.4,-77.3,2023-02,PER,set_longlines,1,1.84,9.66,14.27,9.96,7.3
-14.8,-77.0,2023-01,PER,pole_and_line,1,3.43,10.68,7.83,16.12,7.5
-17.0,-78.1,2023-03,PER,other_purse_seines,1,2.12,6.03,10.38,8.6,6.8
-9.1,-81.7,2023-01,,purse_seines,1,3.27,10.94,21.39,30.12,7.7
-14.2,-77.6,2023-02,PER,purse_seines,1,1.25,7.85,6.8,14.09,7.8
-14.9,-76.9,2023-02,,other_purse_seines,1,3.14,7.75,12.09,43.07,7.7
-11.1,-77.7,2023-01,AIA,purse_seines,1,2.16,7.58,12.28,22.97,6.9
-15.3,-77.5,2023-02,PER,other_purse_seines,11,19.89,29.0,27.06,59.43,8.9
-17.1,-77.8,2023-03,PER,other_purse_seines,1,5.47,12.48,5.72,59.48,7.9
-5.6,-82.5,2023-03,ECU,tuna_purse_seines,1,4.62,3.88,5.79,29.86,7.5
-5.7,-82.2,2023-02,PER,other_purse_seines,1,6.31,14.13,17.12,23.69,7.9
-12.8,-77.9,2023-02,PER,fishing,1,2.64,10.68,12.08,49.42,8.1
-12.3,-78.8,2023-02,PER,set_longlines,1,1.39,8.55,5.61,9.64,8.1
-10.6,-78.1,2023-03,PER,other_purse_seines,1,1.36,5.07,9.21,12.25,7.8
-5.0,-81.1,2023-02,PER,inconclusive,1,0.64,6.38,9.02,6.55,6.9
-8.1,-79.5,2023-02,,other_purse_seines,3,1.22,2.7,3.07,31.26,6.4
-12.6,-78.7,2023-03,PER,other_purse_seines,1,1.4,5.19,9.28,9.66,8.0
-7.9,-79.5,2023-01,,other_purse_seines,3,8.04,13.35,11.98,88.13,8.0
-4.2,-81.7,2023-02,PER,other_purse_seines,1,0.35,7.55,6.81,9.3,7.0
-17.0,-78.1,2023-02,PER,tuna_purse_seines,1,4.02,4.57,12.93,24.44,7.1
-14.5,-76.8,2023-01,PER,fishing,1,0.95,1.82,1.3,10.24,7.5
-12.7,-77.0,2023-02,PER,other_purse_seines,3,1.04,3.76,11.39,10.68,6.8
-13.8,-76.9,2023-01,PER,other_purse_seines,5,14.86,23.1,25.23,131.23,
-9.2,-78.8,2023-02,PER,fishing,1,0.17,5.13,11.17,10.46,7.5
-12.0,-77.1,2023-01,PER,other_purse_seines,15,21.2448,31.88,26.76,113.61,9.3
-12.0,-77.3,2023-01,,other_purse_seines,6,19.21,27.87,27.56,117.76,9.7
-12.2,-78.7,2023-02,PER,set_longlines,1,1.1,2.9,9.43,10.0,7.3
-16.8,-78.4,2023-03,ECU,tuna_purse_seines,2,9.31,8.91,12.02,71.66,8.3
-16.8,-76.9,2023-03,PER,other_purse_seines,1,1.01,0.0,7.38,32.12,6.8
-11.2,-79.6,2023-02,PER,tuna_purse_seines,1,3.05,4.52,0.0,21.15,
-16.5,-78.7,2023-03,,purse_seines,1,5.61,14.91,14.42,27.95,7.7
-12.8,-76.8,2023-01,SSD,tuna_purse_seines,1,4.75,9.3,13.22,53.46,7.3
-6.9,-81.2,2023-03,PER,other_purse_seines,1,0.96,7.51,6.63,6.4,7.1
-12.1,-78.6,2023-02,PER,set_longlines,1,0.83,0.0,1.94,8.17,7.5
-17.0,-78.0,2023-03,ECU,tuna_purse_seines,1,0.52,1.67,4.47,4.61,6.7
-12.3,-76.9,2023-02,PER,inconclusive,1,21.2448,23.98,23.89,129.05,9.1
-8.3,-79.1,2023-02,,other_purse_seines,3,5.16,6.52,13.0,72.52,
-12.1,-77.3,2023-01,PER,other_purse_seines,28,21.2448,27.21,38.45,44.99,9.6
-13.3,-76.7,2023-03,PER,other_purse_seines,1,3.01,6.46,13.68,29.32,7.6
-14.3,-80.0,2023-02,PER,tuna_purse_seines,1,3.03,3.97,8.17,40.32,8.8
-15.8,-75.5,2023-03,PER,other_purse_seines,1,0.24,1.39,0.47,7.38,7.3
-8.3,-79.6,2023-02,PER,tuna_purse_seines,1,0.49,4.05,6.28,7.99,6.7
-7.8,-80.2,2023-03,PER,other_purse_seines,1,0.98,0.0,2.63,7.88,7.5
-9.5,-78.7,2023-01,PER,other_purse_seines,2,4.48,14.2,15.95,64.65,7.7
-13.5,-76.3,2023-01,,other_purse_seines,2,3.66,6.25,14.0,27.1,7.0
-9.4,-82.4,2023-02,,purse_seines,1,0.05,1.76,10.73,6.44,7.2
-12.5,-77.0,2023-01,,other_purse_seines,6,12.57,18.99,20.3,26.28,7.8
-16.3,-73.8,2023-02,PER,other_purse_seines,1,0.85,8.74,0.93,7.23,
-7.6,-79.7,2023-01,,other_purse_seines,2,2.64,7.66,7.64,14.71,
-11.7,-78.2,2023-02,PER,other_purse_seines,1,1.23,6.01,6.76,6.42,7.9
-3.5,-80.5,2023-02,PER,other_purse_seines,1,0.49,7.25,12.37,6.15,8.0
-15.4,-75.6,2023-03,PER,other_purse_seines,1,2.63,4.99,5.0,9.22,7.5
-7.8,-79.6,2023-02,PER,fishing,1,0.11,1.6,8.44,3.82,7.1
-12.4,-77.0,2023-01,PER,purse_seines,6,16.85,20.85,24.83,64.71,9.8
-7.6,-80.7,2023-03,PER,other_purse_seines,1,2.0,3.72,11.78,12.73,6.7
-11.4,-78.1,2023-03,PER,other_purse_seines,1,0.64,0.43,6.3,11.29,7.0
-6.4,-80.9,2023-01,PER,other_purse_seines,14,15.96,27.76,27.54,90.83,8.6
-6.5,-81.1,2023-01,PER,other_purse_seines,2,0.35,8.45,11.45,9.4,8.0
-12.6,-76.9,2023-01,SSD,tuna_purse_seines,1,0.86,5.03,7.68,6.8,8.2
-4.6,-82.6,2023-03,ECU,tuna_purse_seines,1,5.66,14.66,13.97,65.77,8.1
-11.3,-77.9,2023-01,PER,tuna_purse_seines,2,1.32,0.0,0.0,13.09,6.7
-13.3,-77.6,2023-02,PER,other_purse_seines,1,0.97,3.31,10.52,6.99,7.3
-16.3,-77.8,2023-03,ECU,tuna_purse_seines,1,6.03,16.11,10.58,12.46,7.5
-15.4,-77.1,2023-02,PER,other_purse_seines,5,7.53,15.21,10.59,37.37,8.1
-15.1,-78.1,2023-02,ECU,tuna_purse_seines,1,3.87,7.33,8.69,16.83,7.9
-13.5,-76.5,2023-01,,other_purse_seines,3,9.69,9.29,20.28,57.4,7.7
-9.3,-78.6,2023-03,PER,other_purse_seines,1,0.5,9.51,9.74,5.5,7.3
-8.0,-79.4,2023-02,GBR,other_purse_seines,1,0.81,0.61,0.0,9.97,6.7
-13.5,-76.6,2023-01,PER,other_purse_seines,1,1.68,2.98,2.02,33.73,7.7
-14.6,-77.5,2023-03,,other_purse_seines,1,1.31,5.25,3.44,10.45,7.2
-13.4,-76.5,2023-01,PER,purse_seines,1,0.35,4.31,8.13,8.74,7.1
-6.0,-81.9,2023-02,PER,other_purse_seines,1,1.72,6.61,9.51,12.86,6.7
-17.4,-77.6,2023-03,,purse_seines,1,1.35,6.83,1.32,9.88,7.0
-7.0,-80.0,2023-01,PER,other_purse_seines,52,21.2448,28.87,27.69,151.82,9.2
-14.6,-76.2,2023-03,PER,other_purse_seines,1,0.96,14.61,15.35,11.21,8.7
-13.9,-78.2,2023-02,PER,tuna_purse_seines,1,1.86,7.78,6.82,11.5,6.7
-17.0,-76.9,2023-03,,purse_seines,1,0.2,4.28,0.89,6.21,7.7
-6.7,-80.8,2023-01,PER,other_purse_seines,46,21.2448,19.68,23.81,106.9,8.4
-14.4,-77.0,2023-01,PER,pole_and_line,1,1.9,9.85,3.59,20.43,8.2
-12.2,-78.2,2023-03,PER,other_purse_seines,1,0.4,2.51,12.68,6.84,6.8
-12.7,-76.9,2023-01,HND,other_purse_seines,1,1.42,8.74,8.38,23.49,7.0
-14.9,-75.9,2023-01,PER,tuna_purse_seines,1,1.01,5.54,2.96,8.33,7.1
-11.7,-77.4,2023-01,PER,inconclusive,1,0.26,7.85,5.04,7.58,7.2
-16.6,-77.3,2023-03,PER,other_purse_seines,1,7.02,16.27,12.38,39.88,7.5
-8.0,-79.9,2023-02,PER,tuna_purse_seines,2,4.07,15.48,20.28,53.6,7.6
-10.3,-79.5,2023-03,PER,other_purse_seines,1,0.57,4.07,0.0,2.81,7.3
-15.2,-77.7,2023-02,PER,tuna_purse_seines,2,2.67,2.67,5.91,21.28,7.4
-12.1,-77.5,2023-02,PER,other_purse_seines,2,5.98,10.76,12.12,17.65,7.2
-13.6,-76.8,2023-01,PER,other_purse_seines,11,17.12,15.6,15.45,82.26,
-13.3,-76.4,2023-01,PER,purse_seines,1,13.15,17.25,21.99,99.41,8.5
-12.2,-77.2,2023-01,PER,purse_seines,6,21.2448,27.34,32.74,100.18,10.1
-15.2,-79.2,2023-03,ECU,tuna_purse_seines,1,3.68,0.0,1.1,38.16,7.5
-13.8,-77.6,2023-02,AIA,purse_seines,1,2.14,10.36,0.0,18.16,6.9
-17.2,-72.0,2023-01,PER,other_purse_seines,1,0.71,0.94,5.94,15.47,9.5
-17.3,-77.3,2023-03,ECU,tuna_purse_seines,1,0.15,2.61,2.16,9.0,8.2
-10.3,-80.7,2023-02,PER,tuna_purse_seines,1,4.22,9.5,9.95,22.23,6.9
-11.2,-77.8,2023-01,PER,tuna_purse_seines,2,5.88,10.23,8.49,23.52,7.9
-13.3,-76.8,2023-01,PER,purse_seines,1,1.37,7.1,6.69,12.97,7.2
-13.9,-76.7,2023-03,ECU,tuna_purse_seines,1,0.06,3.89,1.44,1.37,7.5
-3.8,-80.9,2023-02,PER,other_purse_seines,1,0.54,5.6,0.0,6.44,6.8
-12.3,-77.3,2023-01,PER,purse_seines,1,0.97,1.14,3.19,11.47,
-13.7,-78.5,2023-02,ECU,tuna_purse_seines,1,0.65,7.78,4.04,5.32,8.0
-14.1,-77.1,2023-01,PER,pole_and_line,1,1.31,2.55,1.7,9.44,7.7
-7.6,-79.8,2023-02,AIA,purse_seines,1,3.59,3.26,5.86,16.16,7.2
-7.7,-80.1,2023-02,PER,other_purse_seines,1,0.9,4.08,4.18,13.92,8.4
-12.2,-77.3,2023-01,PER,other_purse_seines,28,21.2448,22.96,30.35,82.05,10.2
-9.9,-78.3,2023-01,PER,tuna_purse_seines,2,2.22,0.0,20.25,28.53,7.3
-14.9,-77.7,2023-02,PER,tuna_purse_seines,2,1.46,11.88,7.56,11.26,7.1
-14.0,-76.6,2023-02,PER,set_gillnets,1,0.34,1.11,0.22,8.55,7.2
-12.8,-79.5,2023-03,PER,fishing,1,2.05,5.76,8.55,16.1,7.6
-10.4,-78.2,2023-02,PER,other_purse_seines,16,21.2448,35.26,40.1,96.34,8.1
-13.6,-77.8,2023-02,AIA,purse_seines,1,8.02,8.44,12.41,100.55,7.8
-15.4,-77.9,2023-02,,other_purse_seines,1,1.46,4.82,2.54,9.39,8.4
-10.6,-78.0,2023-01,PER,purse_seines,1,5.05,11.07,14.47,19.05,7.0
-12.4,-78.6,2023-02,PER,other_purse_seines,1,1.31,9.32,8.64,9.89,7.1
-9.7,-78.5,2023-01,PER,fishing,2,6.15,5.95,5.33,54.13,7.2
-7.3,-83.7,2023-03,ECU,tuna_purse_seines,1,1.0,0.0,1.28,32.61,7.5
-15.5,-77.9,2023-02,PER,purse_seines,1,0.35,8.26,8.45,3.58,7.9
-8.5,-79.7,2023-01,PER,other_purse_seines,1,0.2,4.74,10.9,2.88,7.3
-17.5,-76.6,2023-03,ECU,tuna_purse_seines,1,3.15,2.66,12.75,30.08,7.4
-10.7,-78.1,2023-03,PER,other_purse_seines,1,2.43,0.77,1.99,18.53,7.6
-14.9,-77.2,2023-02,GBR,other_purse_seines,1,0.28,7.78,0.48,6.72,7.1
-11.1,-79.6,2023-02,PER,tuna_purse_seines,1,6.39,16.01,13.77,24.69,8.2
-5.1,-81.1,2023-03,ECU,tuna_purse_seines,1,0.12,3.47,13.69,2.87,
-14.4,-77.2,2023-03,PER,other_purse_seines,1,0.07,3.33,6.97,7.68,7.3
-7.2,-80.4,2023-01,PER,other_purse_seines,3,2.03,4.25,13.09,5.83,7.2
-12.4,-77.3,2023-01,PER,purse_seines,1,1.21,0.0,2.61,13.4,7.3
-15.2,-77.2,2023-03,PER,other_purse_seines,1,0.88,9.92,9.05,25.09,7.6
-3.8,-84.4,2023-03,ECU,tuna_purse_seines,1,0.16,4.28,7.16,4.48,7.2
-14.1,-76.6,2023-02,,other_purse_seines,1,3.07,12.11,17.09,35.32,8.6
-13.0,-76.6,2023-01,PER,other_purse_seines,25,21.2448,24.96,31.52,117.17,10.0
-13.4,-76.4,2023-01,PER,purse_seines,2,13.55,17.64,27.24,90.19,7.8
-9.1,-78.8,2023-01,PER,fishing,1,4.67,8.85,14.45,29.52,7.2
-9.4,-82.9,2023-02,,purse_seines,1,0.86,4.71,12.7,8.33,6.5
-7.7,-79.7,2023-02,AIA,purse_seines,1,3.63,6.58,5.41,11.18,8.0
-13.4,-76.8,2023-01,PER,purse_seines,3,3.5,12.9,17.88,12.9,7.2
-15.4,-77.5,2023-02,HND,other_purse_seines,1,5.17,14.64,14.81,17.98,8.5
-15.6,-78.0,2023-03,PER,tuna_purse_seines,1,1.57,9.91,7.9,27.68,6.9
-8.5,-79.2,2023-01,PER,other_purse_seines,2,0.43,2.53,0.65,4.26,7.4
-9.2,-79.0,2023-02,PER,tuna_purse_seines,1,0.76,4.41,5.29,11.1,6.7
-13.1,-76.8,2023-01,PER,other_purse_seines,9,14.23,15.88,23.85,75.98,8.1
-12.5,-77.0,2023-01,SSD,tuna_purse_seines,1,4.47,18.82,12.38,31.47,7.8
-12.6,-77.5,2023-02,PER,other_purse_seines,1,0.98,3.38,10.3,2.29,7.5
-11.7,-77.5,2023-01,PER,inconclusive,1,0.93,5.97,3.43,12.91,7.9
-14.7,-77.6,2023-02,PER,other_purse_seines,3,2.06,3.01,4.38,39.61,
-8.0,-79.5,2023-01,PER,fishing,2,4.81,11.61,14.35,37.02,7.2
-13.2,-77.8,2023-01,PER,fishing,1,0.65,8.21,0.0,5.84,
-8.9,-80.2,2023-03,PER,other_purse_seines,2,2.02,2.79,4.97,15.72,7.6
-7.7,-79.4,2023-01,,other_purse_seines,1,0.4,6.9,4.83,7.25,7.1
-14.7,-77.5,2023-02,HND,other_purse_seines,1,2.35,3.63,0.76,7.67,7.0
-10.8,-78.1,2023-01,PER,purse_seines,1,1.36,3.62,0.0,23.63,6.7
-5.5,-81.2,2023-01,PER,other_purse_seines,2,5.91,10.19,12.38,29.99,8.1
-12.5,-76.9,2023-02,PER,other_purse_seines,15,21.2448,24.76,23.21,85.43,9.2
-14.4,-77.7,2023-02,PER,tuna_purse_seines,1,0.44,8.29,7.43,5.94,7.2
-16.7,-72.8,2023-02,PER,other_purse_seines,1,0.51,3.38,0.0,11.29,
-13.3,-76.5,2023-01,PER,purse_seines,1,3.09,7.79,15.12,19.32,7.5
-16.7,-77.9,2023-03,PER,other_purse_seines,1,7.08,13.87,10.95,19.26,8.6
-7.7,-79.8,2023-01,,other_purse_seines,1,0.67,1.7,6.77,3.63,7.4
-13.7,-78.1,2023-02,PER,other_purse_seines,4,9.2,12.98,18.62,64.69,8.0
-8.8,-78.9,2023-01,PER,fishing,1,0.15,3.35,0.0,7.96,6.9
-16.7,-76.8,2023-03,ECU,tuna_purse_seines,2,4.56,2.15,3.45,29.69,7.5
-12.7,-78.2,2023-02,PER,tuna_purse_seines,1,0.31,10.91,7.98,7.95,7.4
-16.7,-78.3,2023-03,PER,other_purse_seines,1,11.45,19.34,17.42,55.98,7.5
-9.2,-80.2,2023-03,PER,other_purse_seines,7,21.2448,29.06,33.04,139.94,9.2
-7.6,-79.7,2023-02,PER,fishing,1,1.6,8.48,0.0,8.8,7.5
-15.4,-79.1,2023-02,ECU,tuna_purse_seines,1,6.14,6.1,8.29,41.5,7.6
-15.4,-77.6,2023-02,PER,other_purse_seines,15,21.2448,26.6,33.55,146.39,9.2
-12.5,-76.8,2023-03,USA,fishing,1,1.19,10.07,5.77,26.06,6.6
-6.7,-80.3,2023-01,PER,other_purse_seines,13,16.87,20.67,16.41,28.96,
-15.0,-77.6,2023-02,PER,set_gillnets,1,1.2,6.19,0.0,5.42,6.8
-14.3,-77.4,2023-01,PER,pole_and_line,1,3.92,9.77,2.69,13.37,7.1
-6.9,-82.1,2023-02,PAN,tuna_purse_seines,1,0.18,0.0,4.16,10.62,6.9
-7.3,-79.7,2023-01,PER,purse_seines,2,0.91,2.82,0.0,19.6,6.7
-14.9,-77.2,2023-03,PER,other_purse_seines,3,3.59,10.12,12.69,43.81,7.9
-7.0,-80.5,2023-01,PER,other_purse_seines,3,8.44,13.77,10.73,32.44,7.8
-13.6,-76.3,2023-01,PER,other_purse_seines,4,7.08,19.87,15.12,47.76,7.3
-15.2,-77.2,2023-02,PER,tuna_purse_seines,1,1.83,7.73,7.91,24.04,8.7
-15.4,-77.4,2023-02,,other_purse_seines,1,2.67,0.0,0.0,50.83,8.0
-16.6,-77.8,2023-03,PER,other_purse_seines,1,2.46,12.78,7.51,15.04,7.3
-14.9,-75.7,2023-02,PER,other_purse_seines,7,6.91,6.31,7.59,35.4,7.8
-9.1,-82.6,2023-02,,purse_seines,1,1.01,6.68,8.2,5.0,6.7
-8.0,-79.7,2023-01,PER,other_purse_seines,7,5.88,11.66,9.04,44.22,9.8
-17.9,-71.3,2023-02,,other_purse_seines,2,1.54,6.78,9.01,20.04,6.9
-14.3,-77.0,2023-01,PER,pole_and_line,1,4.08,9.32,8.42,33.52,6.8
-12.2,-78.7,2023-03,PER,other_purse_seines,1,1.9,2.88,0.71,13.78,8.0
-9.7,-78.4,2023-02,PER,fishing,1,2.92,9.82,8.11,26.14,7.0
-13.7,-76.7,2023-01,PER,purse_seines,1,0.93,5.98,13.44,3.1,7.2
-12.7,-77.5,2023-02,PER,other_purse_seines,3,5.44,8.24,12.29,29.54,8.0
-13.7,-76.5,2023-03,PER,fishing,1,1.52,8.36,9.51,4.86,7.5
-7.0,-80.4,2023-01,PER,purse_seines,1,0.32,13.4,10.25,8.62,7.0
-13.2,-76.8,2023-01,PER,other_purse_seines,3,2.35,2.18,3.72,9.4,7.8
-13.4,-76.4,2023-01,SSD,tuna_purse_seines,1,8.87,11.49,16.93,22.56,
-7.5,-79.9,2023-01,PER,purse_seines,5,12.32,17.09,16.19,50.29,8.1
-15.7,-78.0,2023-03,PER,tuna_purse_seines,1,0.19,0.55,0.0,6.06,
-5.7,-81.6,2023-03,ECU,fishing,1,2.03,6.09,1.06,4.54,7.4
-10.0,-78.3,2023-02,PER,tuna_purse_seines,1,1.59,2.16,1.91,4.38,8.4
-3.5,-81.2,2023-02,ECU,other_purse_seines,1,7.61,12.5,17.46,30.22,9.2
-7.9,-79.7,2023-02,AIA,purse_seines,1,0.4,8.1,5.16,6.49,6.6
-14.6,-77.6,2023-02,PER,other_purse_seines,3,5.98,11.54,10.93,30.09,7.9
-14.0,-77.3,2023-03,PER,tuna_purse_seines,1,5.36,8.73,11.83,44.79,7.8
-12.0,-77.6,2023-01,PER,other_purse_seines,9,10.17,16.84,14.86,36.48,8.7
-7.0,-80.0,2023-01,PER,purse_seines,6,19.34,26.13,26.47,81.17,8.6
-13.8,-76.8,2023-01,PER,purse_seines,1,0.84,7.63,2.87,6.38,8.3
-8.1,-79.7,2023-01,AIA,purse_seines,1,0.83,4.38,0.31,10.62,7.2
-13.8,-76.4,2023-01,PER,other_purse_seines,5,5.21,4.48,12.66,30.78,9.1
-9.0,-79.0,2023-01,AIA,purse_seines,1,0.92,7.77,9.17,6.73,7.2
-15.4,-76.7,2023-03,PER,other_purse_seines,3,5.51,8.77,19.01,13.43,7.9
-15.1,-77.2,2023-03,PER,other_purse_seines,8,14.51,18.91,19.49,86.74,8.2
-8.2,-79.6,2023-01,AIA,purse_seines,1,4.55,12.39,8.95,30.34,8.3
-9.6,-78.5,2023-02,PER,fishing,1,0.24,5.59,3.29,3.55,6.7
-6.7,-80.5,2023-02,PER,other_purse_seines,1,1.02,3.47,1.06,11.64,7.0
-12.6,-77.1,2023-01,PER,purse_seines,1,0.07,13.08,0.0,4.16,6.8
-9.3,-82.5,2023-02,ECU,tuna_purse_seines,2,4.24,15.16,14.22,87.39,7.1
-14.5,-77.8,2023-02,PER,other_purse_seines,13,21.2448,25.63,34.14,231.43,8.3
-14.7,-77.3,2023-02,PER,set_gillnets,1,1.1,0.0,4.72,11.66,7.4
-9.2,-80.1,2023-03,PER,purse_seines,1,1.34,9.57,0.18,20.25,7.4
-13.9,-77.0,2023-02,PER,other_purse_seines,1,0.27,5.92,6.84,8.07,7.4
-12.3,-78.5,2023-02,PER,set_longlines,1,0.17,4.22,4.0,5.51,7.2
-12.5,-77.1,2023-01,PER,other_purse_seines,20,21.2448,28.58,28.92,122.53,8.6
-7.9,-79.4,2023-01,,other_purse_seines,3,2.35,6.16,6.97,8.53,7.1
-10.4,-78.1,2023-01,PER,purse_seines,4,4.73,11.61,3.48,17.15,7.5
-14.8,-77.4,2023-02,PER,fishing,1,1.33,5.93,1.91,39.46,
-12.0,-77.4,2023-01,,other_purse_seines,2,4.04,12.09,7.61,31.42,8.0
-8.1,-79.4,2023-02,,other_purse_seines,1,0.11,8.37,5.95,4.74,6.6
-12.1,-78.7,2023-03,PER,other_purse_seines,1,0.14,4.06,0.0,11.87,
-13.5,-77.9,2023-02,PER,other_purse_seines,1,1.01,6.97,6.53,17.57,7.1
-12.3,-78.3,2023-02,PER,set_longlines,1,4.97,11.73,5.78,34.38,7.6
-12.9,-78.0,2023-01,PER,pole_and_line,1,0.33,4.44,11.69,4.71,6.8
-4.1,-83.1,2023-03,ECU,tuna_purse_seines,1,2.48,9.17,10.33,15.73,8.5
-15.6,-77.6,2023-02,,other_purse_seines,1,2.65,6.63,1.81,20.12,7.4
-13.0,-76.9,2023-01,,other_purse_seines,1,1.07,8.84,10.84,4.87,
-8.4,-79.3,2023-01,PER,tuna_purse_seines,1,0.27,2.28,7.33,1.76,7.0
-7.9,-79.7,2023-02,PER,other_purse_seines,22,21.2448,26.68,23.91,166.38,9.3
-13.6,-78.1,2023-02,PER,other_purse_seines,1,0.94,0.0,1.81,3.28,7.9
-11.3,-78.0,2023-03,PER,other_purse_seines,2,3.22,2.15,0.0,10.78,8.6
-12.9,-76.8,2023-01,PER,other_purse_seines,19,21.2448,28.74,28.07,151.27,8.5
-12.6,-77.3,2023-01,PER,other_purse_seines,2,3.99,8.04,10.24,9.53,7.1
-14.0,-77.3,2023-02,PER,other_purse_seines,2,1.71,5.98,0.61,7.42,7.0
-17.0,-72.1,2023-02,PER,other_purse_seines,1,21.2448,33.07,35.11,141.17,9.6
-7.8,-79.6,2023-01,,other_purse_seines,3,5.76,10.47,7.04,29.51,7.4
-15.3,-75.5,2023-03,PER,other_purse_seines,1,7.69,21.11,16.81,23.56,7.4
-7.7,-81.7,2023-03,PER,other_purse_seines,1,0.43,0.0,0.0,12.05,6.6
-3.5,-81.2,2023-03,ECU,tuna_purse_seines,1,3.82,8.86,9.03,11.96,6.8
-7.2,-79.8,2023-01,GBR,other_purse_seines,1,2.3,11.11,13.51,20.61,7.6
-17.1,-78.0,2023-02,,purse_seines,1,1.01,6.73,2.19,6.7,7.5
-9.1,-80.2,2023-03,PER,other_purse_seines,2,0.99,7.62,5.52,7.78,8.2
-16.9,-78.3,2023-03,PER,other_purse_seines,1,8.29,10.9,15.76,34.19,8.8
-14.3,-77.3,2023-02,PER,set_longlines,1,5.89,4.17,12.98,25.89,8.2
-14.9,-77.0,2023-01,PER,pole_and_line,2,2.91,6.82,13.17,7.78,6.9
-16.0,-78.0,2023-03,ECU,tuna_purse_seines,1,0.25,7.56,1.99,2.86,8.5
-6.6,-80.9,2023-01,HND,other_purse_seines,1,2.76,8.63,2.18,11.64,7.7
-7.6,-79.8,2023-01,PER,tuna_purse_seines,5,13.73,15.18,20.06,29.77,9.5
-9.8,-79.7,2023-02,PER,other_purse_seines,1,2.17,9.11,4.82,8.73,8.3
-18.1,-71.1,2023-02,,other_purse_seines,1,1.68,5.53,11.58,11.81,7.2
-8.2,-79.4,2023-01,PER,pole_and_line,1,0.32,3.88,7.08,8.69,7.3
-9.1,-78.7,2023-01,PER,other_purse_seines,16,21.2448,29.26,28.38,93.93,8.6
-15.2,-77.7,2023-02,PER,purse_seines,1,0.2,0.65,5.18,4.38,8.7
-17.2,-72.1,2023-02,PER,other_purse_seines,3,7.72,16.63,12.95,59.89,
-14.5,-77.6,2023-03,PER,tuna_purse_seines,1,1.33,12.98,18.24,7.57,7.1
-8.3,-79.3,2023-03,PER,other_purse_seines,1,0.39,0.0,0.0,5.87,7.0
-5.6,-81.2,2023-01,PER,other_purse_seines,5,14.27,20.22,21.51,116.23,8.3
-12.7,-76.9,2023-02,PER,other_purse_seines,4,2.08,1.76,6.15,15.48,7.7
-17.6,-71.7,2023-01,PER,other_purse_seines,1,0.08,5.25,9.73,6.97,7.4
-6.6,-80.8,2023-01,AIA,purse_seines,1,4.27,11.1,5.77,14.47,8.2
-8.4,-79.1,2023-01,PER,tuna_purse_seines,5,21.2448,33.98,39.83,70.4,8.8
-16.8,-77.0,2023-03,PER,other_purse_seines,1,6.81,8.21,5.47,35.52,7.3
-9.0,-80.2,2023-03,PER,other_purse_seines,4,21.2448,25.57,31.57,100.69,8.8
-10.1,-78.3,2023-03,PER,other_purse_seines,1,2.92,9.91,11.65,31.17,6.9
-15.3,-77.8,2023-02,PER,purse_seines,1,1.87,5.72,3.08,8.82,7.2
-8.2,-79.1,2023-01,PER,fishing,2,8.81,15.52,19.02,65.22,8.8
-13.4,-76.5,2023-01,,other_purse_seines,1,7.28,18.64,17.26,47.36,7.6
-12.9,-76.6,2023-01,PER,other_purse_seines,12,21.2448,30.16,29.47,115.91,8.0
-14.6,-77.5,2023-03,PER,purse_seines,1,1.45,0.98,8.33,9.31,8.5
-12.6,-77.1,2023-01,PER,other_purse_seines,7,3.71,14.64,13.22,26.43,7.0
-7.1,-80.5,2023-01,PER,other_purse_seines,2,4.98,4.58,9.69,12.29,7.4
-16.6,-76.7,2023-03,PER,tuna_purse_seines,1,11.55,19.73,20.93,135.63,8.6
-7.6,-79.7,2023-01,PER,purse_seines,8,12.95,18.86,22.59,137.56,8.3
-12.5,-77.0,2023-01,PER,purse_seines,6,19.18,26.97,27.11,185.57,10.2
-7.6,-79.6,2023-01,PER,tuna_purse_seines,7,14.91,20.92,17.52,53.74,9.3
-8.1,-79.6,2023-02,PER,fishing,2,2.91,8.96,2.28,22.68,7.2
-3.7,-81.5,2023-02,PAN,tuna_purse_seines,1,2.49,0.0,10.34,7.98,7.0
-7.1,-80.2,2023-01,PER,purse_seines,1,1.29,6.75,2.25,6.83,6.8
-8.2,-79.7,2023-01,PER,other_purse_seines,4,4.08,5.16,14.19,21.75,7.4
-6.2,-81.1,2023-01,PER,other_purse_seines,17,21.2448,24.3,27.76,117.36,9.8
-13.9,-76.7,2023-01,PER,tuna_purse_seines,1,0.31,4.47,5.21,6.97,8.0
-13.4,-76.3,2023-01,,other_purse_seines,3,5.63,10.56,17.1,40.45,8.9
-14.1,-77.4,2023-01,PER,fishing,1,2.98,5.96,2.35,18.47,7.4
-7.4,-79.8,2023-02,PER,tuna_purse_seines,1,0.74,11.74,12.55,7.68,8.3
-16.9,-78.1,2023-03,PER,other_purse_seines,1,3.71,11.09,11.65,18.63,8.6
-13.6,-77.9,2023-02,PER,other_purse_seines,2,2.41,0.0,2.57,15.41,7.1
-12.4,-77.0,2023-01,,other_purse_seines,3,10.15,13.19,13.14,18.25,7.3
-10.9,-79.3,2023-03,PER,other_purse_seines,1,0.39,0.46,0.0,6.72,7.5
-8.9,-79.1,2023-02,PER,purse_seines,1,1.98,3.81,3.98,16.35,7.1
-11.8,-77.7,2023-01,ECU,tuna_purse_seines,1,0.37,11.03,0.74,3.04,7.0
-9.4,-78.7,2023-01,PER,pole_and_line,1,2.01,6.37,0.0,19.9,7.9
-15.0,-77.2,2023-03,PER,other_purse_seines,1,0.11,7.47,1.72,2.18,7.4
-16.9,-78.4,2023-03,,purse_seines,1,0.63,7.16,1.99,5.41,7.7
-16.8,-77.1,2023-03,ECU,tuna_purse_seines,2,11.29,11.65,7.64,54.96,7.9
-13.2,-76.6,2023-01,PER,other_purse_seines,3,2.75,2.9,0.41,57.43,8.2
-17.8,-71.3,2023-01,,other_purse_seines,1,12.8,17.21,24.25,46.39,7.8
-15.5,-77.3,2023-02,,other_purse_seines,1,1.65,6.81,14.05,21.38,6.7
-18.2,-70.8,2023-03,PER,other_purse_seines,1,0.17,1.13,4.9,7.72,7.4
-8.4,-79.2,2023-01,PER,pole_and_line,1,0.47,6.06,16.06,5.31,7.3
-10.6,-78.0,2023-01,,other_purse_seines,1,1.58,5.89,2.81,12.23,7.0
-10.4,-78.2,2023-01,HND,other_purse_seines,1,1.94,7.32,5.31,20.8,7.7
-6.9,-80.0,2023-01,PER,other_purse_seines,21,21.2448,32.18,30.77,162.76,8.9
-15.4,-77.9,2023-02,PER,purse_seines,1,0.08,6.52,4.19,3.1,7.9
-14.9,-77.6,2023-03,PER,purse_seines,1,1.49,12.62,6.66,10.57,7.1
-15.0,-75.7,2023-02,PER,other_purse_seines,6,9.8,13.25,8.79,73.26,8.0
-15.5,-77.9,2023-02,,other_purse_seines,1,2.55,7.3,6.41,28.7,7.0
-14.6,-77.8,2023-02,PER,other_purse_seines,12,21.2448,19.8,18.39,130.56,8.5
-10.1,-78.3,2023-02,PER,tuna_purse_seines,1,9.01,13.33,21.04,49.34,8.2
-13.2,-76.7,2023-01,,other_purse_seines,1,0.04,7.28,3.86,7.99,6.8
-16.9,-78.0,2023-03,ECU,tuna_purse_seines,2,5.88,4.38,5.19,30.93,8.0
-12.7,-77.0,2023-01,SSD,tuna_purse_seines,1,2.28,3.09,0.0,16.97,7.7
-17.2,-77.8,2023-02,,purse_seines,1,1.41,7.85,5.31,12.45,
-7.2,-80.4,2023-01,PER,purse_seines,1,0.7,1.91,4.64,7.45,
-12.2,-77.3,2023-02,HND,other_purse_seines,1,0.17,6.46,6.36,2.55,7.2
-12.3,-77.3,2023-01,,other_purse_seines,4,6.78,18.34,14.3,39.31,
-17.6,-71.4,2023-03,PER,other_purse_seines,1,21.2448,31.53,24.39,77.63,9.2
-7.2,-80.0,2023-01,PER,purse_seines,5,4.27,3.51,10.2,16.37,7.9
-12.2,-77.2,2023-01,,other_purse_seines,5,21.2448,26.84,24.84,88.95,9.5
-13.3,-76.4,2023-01,,other_purse_seines,1,5.14,10.59,5.59,23.17,7.8
-12.1,-77.6,2023-01,PER,other_purse_seines,4,2.46,5.06,3.63,15.39,7.0
-6.8,-80.2,2023-01,PER,tuna_purse_seines,5,19.85,25.28,26.24,151.14,8.3
-14.1,-77.3,2023-03,PER,tuna_purse_seines,1,5.35,9.24,0.0,49.14,9.0
-7.7,-79.5,2023-01,PER,purse_seines,3,2.04,0.0,4.48,11.44,6.8
-14.5,-77.6,2023-02,PER,other_purse_seines,5,9.88,17.46,20.4,45.65,8.5
-15.4,-75.3,2023-03,PER,other_purse_seines,1,1.22,8.56,1.48,8.38,7.3
-6.6,-80.7,2023-01,PER,tuna_purse_seines,7,14.33,25.27,22.92,108.13,8.2
-8.9,-80.4,2023-03,PER,purse_seines,1,1.52,0.0,8.95,4.93,7.1
-12.7,-77.1,2023-01,PER,other_purse_seines,2,0.44,5.67,11.13,6.3,7.1
-6.6,-80.4,2023-02,PER,other_purse_seines,1,0.28,8.03,4.46,1.69,7.4
-15.4,-76.6,2023-03,PER,purse_seines,1,0.77,5.08,1.43,8.09,6.6
-13.7,-77.9,2023-02,PER,other_purse_seines,1,0.58,1.11,0.0,9.03,
-5.7,-81.1,2023-01,PER,purse_seines,1,1.4,0.14,5.03,10.41,6.9
-13.9,-78.0,2023-02,PER,fishing,1,2.35,11.08,9.11,5.94,7.4
-8.1,-79.7,2023-01,PER,other_purse_seines,14,13.27,13.86,20.75,125.02,9.7
-15.4,-77.8,2023-02,PER,other_purse_seines,6,18.38,20.39,25.89,221.22,9.0
-8.0,-79.5,2023-01,,inconclusive,1,0.92,11.2,11.45,9.53,6.7
-17.1,-78.2,2023-03,,purse_seines,1,0.67,0.0,0.46,6.08,8.1
-13.5,-76.3,2023-01,PER,other_purse_seines,34,21.2448,29.62,33.17,183.74,9.0
-14.4,-77.1,2023-03,PER,purse_seines,1,0.04,5.6,0.0,5.05,7.4
-15.0,-77.4,2023-02,,other_purse_seines,1,4.14,8.68,12.25,29.33,7.8
-16.5,-77.9,2023-03,PER,other_purse_seines,1,0.07,5.62,11.23,2.04,7.4
-7.5,-79.8,2023-01,,other_purse_seines,2,11.2,11.04,7.1,17.26,8.5
-12.6,-76.9,2023-02,PER,other_purse_seines,31,21.2448,27.33,22.26,112.31,8.7
-11.9,-77.2,2023-01,PER,pole_and_line,1,0.45,7.57,9.61,4.14,7.8
-9.2,-78.7,2023-01,PER,other_purse_seines,25,21.2448,28.69,19.5,115.82,
-13.8,-76.5,2023-01,,other_purse_seines,2,6.55,11.04,8.1,34.18,7.4
-6.2,-81.8,2023-02,ECU,tuna_purse_seines,1,0.11,0.0,0.0,12.67,8.1
-8.9,-81.0,2023-01,,purse_seines,1,6.68,9.77,0.0,59.26,7.0
-14.8,-77.9,2023-02,PER,other_purse_seines,1,1.85,11.58,6.61,16.97,7.5
-16.2,-77.7,2023-02,ECU,tuna_purse_seines,1,1.8,9.86,10.42,8.21,10.2
-13.8,-76.3,2023-01,,other_purse_seines,1,0.18,6.38,9.52,6.59,7.6
-11.9,-77.2,2023-01,PER,other_purse_seines,2,1.02,5.68,13.02,9.53,7.0
-12.8,-77.0,2023-01,,other_purse_seines,1,0.12,7.72,14.29,2.33,6.9
-13.9,-77.7,2023-01,PER,set_gillnets,1,1.93,8.17,8.41,5.38,7.0
-16.4,-78.0,2023-03,ECU,tuna_purse_seines,1,8.57,9.9,7.2,83.98,9.4
-7.5,-79.8,2023-01,PER,tuna_purse_seines,6,18.38,26.38,27.74,126.84,9.4
-6.4,-81.0,2023-01,PER,other_purse_seines,11,16.49,25.08,19.41,52.06,8.8
-13.0,-76.8,2023-01,PER,other_purse_seines,21,21.2448,22.65,22.35,163.19,8.7
-14.0,-77.3,2023-01,PER,pole_and_line,1,4.85,13.14,14.75,33.07,7.3
-12.6,-77.0,2023-01,SSD,tuna_purse_seines,1,0.26,0.97,0.0,5.14,8.0
-16.7,-78.0,2023-03,ECU,tuna_purse_seines,1,3.96,11.6,8.36,24.13,7.6
-3.7,-81.3,2023-01,ECU,tuna_purse_seines,1,3.27,7.66,11.95,22.82,6.9
-3.5,-81.4,2023-02,PER,other_purse_seines,1,0.17,5.34,0.0,6.8,7.7
-3.4,-81.6,2023-02,PER,other_purse_seines,1,4.7,4.74,5.34,55.01,7.6
-10.8,-78.2,2023-01,PER,other_purse_seines,8,16.35,25.8,30.42,129.7,8.3
-10.8,-78.9,2023-02,PER,tuna_purse_seines,1,1.96,5.41,3.46,20.28,7.0
-12.2,-77.6,2023-01,PER,other_purse_seines,1,0.18,2.43,0.0,4.76,6.7
-7.3,-80.0,2023-01,PER,other_purse_seines,21,21.2448,31.87,30.39,131.38,9.2
-12.0,-77.3,2023-01,PER,purse_seines,6,18.81,22.63,24.16,91.46,8.3
-11.4,-77.7,2023-01,PER,other_purse_seines,1,0.08,5.01,1.56,2.9,7.4
-14.2,-77.5,2023-01,PER,fishing,1,1.06,10.94,9.52,10.59,7.7
-8.8,-80.2,2023-01,PER,tuna_purse_seines,1,3.3,5.5,0.54,25.95,7.1
-16.6,-77.5,2023-03,ECU,tuna_purse_seines,1,0.18,0.37,0.0,5.04,9.1
-14.3,-77.4,2023-02,PER,other_purse_seines,1,0.59,4.93,5.22,5.05,7.3
-8.1,-79.4,2023-03,PER,other_purse_seines,1,0.57,2.7,4.9,7.03,7.9
-13.7,-78.2,2023-02,PER,purse_seines,1,1.62,5.01,3.45,27.65,7.7
-13.7,-77.9,2023-01,PER,set_gillnets,1,5.51,7.16,9.08,29.65,7.7
-10.8,-77.9,2023-01,AIA,purse_seines,1,1.82,3.1,0.0,10.03,6.9
-7.8,-79.6,2023-01,GBR,other_purse_seines,1,7.33,4.24,8.78,21.91,7.0
-14.7,-77.8,2023-02,PER,other_purse_seines,6,21.2448,22.07,28.79,126.12,9.0
-7.4,-80.0,2023-01,PER,purse_seines,3,5.2,10.32,9.59,27.23,7.8
-13.0,-76.8,2023-01,PER,purse_seines,4,8.52,13.55,13.15,37.67,8.3
-11.7,-77.4,2023-01,PER,pole_and_line,2,1.18,7.01,7.24,13.92,6.8
-7.9,-79.5,2023-01,PER,purse_seines,3,3.51,12.4,6.57,24.2,7.1
-14.5,-76.4,2023-01,PER,other_purse_seines,3,3.03,3.88,3.42,25.59,7.3
-12.5,-76.9,2023-02,PER,inconclusive,1,0.98,4.84,0.0,18.42,6.6
-16.8,-78.2,2023-03,PER,tuna_purse_seines,2,21.2448,25.24,31.77,102.61,9.5
-14.5,-77.6,2023-03,,other_purse_seines,1,3.74,9.97,9.08,25.62,8.5
-8.6,-79.4,2023-02,PER,tuna_purse_seines,1,1.77,3.06,3.25,8.79,7.7
-16.4,-76.6,2023-03,PER,fishing,1,0.16,6.21,1.29,4.79,6.9
-7.8,-79.6,2023-01,PER,tuna_purse_seines,5,7.68,7.75,9.53,33.95,7.7
-7.7,-79.7,2023-01,PER,fishing,2,3.44,8.65,15.12,19.81,7.4
-8.9,-78.9,2023-01,AIA,purse_seines,1,0.16,5.27,12.1,8.33,
-8.0,-79.4,2023-01,,inconclusive,1,0.38,8.69,7.11,3.79,8.5
-12.2,-77.1,2023-01,PER,other_purse_seines,7,15.64,23.29,30.5,75.44,8.1
-7.3,-79.7,2023-01,PER,other_purse_seines,9,7.31,15.48,10.49,56.01,7.3
-3.4,-81.1,2023-02,PER,other_purse_seines,1,0.6,5.59,8.02,5.07,6.6
-12.0,-77.1,2023-03,PER,inconclusive,2,14.11,16.98,20.96,86.4,8.1
-16.7,-78.6,2023-02,PER,tuna_purse_seines,1,2.78,3.88,4.11,10.88,8.3
-10.7,-78.3,2023-03,PER,other_purse_seines,1,0.07,4.85,5.91,3.58,9.0
-16.6,-77.0,2023-03,ECU,tuna_purse_seines,1,1.53,2.99,0.0,16.88,
-9.9,-78.4,2023-01,PER,fishing,2,8.41,9.24,10.9,66.84,8.3
-13.4,-78.1,2023-02,PER,set_gillnets,1,0.2,0.0,0.0,4.8,7.5
-3.6,-81.1,2023-02,ECU,tuna_purse_seines,1,2.96,3.48,9.94,18.11,7.1
-12.5,-78.0,2023-02,PER,set_longlines,1,0.24,0.53,7.01,19.5,7.2
-12.4,-77.4,2023-02,PER,other_purse_seines,1,0.77,0.0,0.0,12.97,6.8
-5.8,-81.2,2023-01,PER,other_purse_seines,3,4.34,11.69,12.51,17.21,8.9
-7.5,-79.9,2023-01,,other_purse_seines,1,2.04,0.15,7.87,16.54,7.0
-10.9,-77.9,2023-01,AIA,purse_seines,1,2.11,6.71,4.04,5.5,7.5
-18.0,-71.2,2023-02,PER,other_purse_seines,1,1.95,6.76,1.12,24.18,7.7
-3.4,-81.0,2023-02,ECU,tuna_purse_seines,1,1.05,3.0,6.88,9.03,7.2
-13.3,-77.8,2023-02,PER,other_purse_seines,1,1.8,2.84,4.91,11.29,7.9
-10.3,-78.2,2023-01,PER,other_purse_seines,42,21.2448,26.22,26.41,78.49,9.1
-14.5,-76.2,2023-03,PER,other_purse_seines,1,0.34,7.47,2.5,13.4,7.6
-14.5,-78.7,2023-03,ECU,tuna_purse_seines,1,5.17,12.54,13.1,32.88,6.9
-9.4,-78.6,2023-01,PER,tuna_purse_seines,1,0.54,3.21,5.55,4.92,7.0
-12.1,-77.3,2023-03,PER,pole_and_line,1,1.4,4.51,9.98,20.59,7.6
-6.9,-80.3,2023-02,PER,other_purse_seines,1,1.03,9.69,7.33,15.27,6.8
-10.0,-80.9,2023-02,,purse_seines,1,8.06,9.39,6.2,52.17,7.3
-13.5,-76.8,2023-01,PER,other_purse_seines,10,16.81,22.62,19.12,49.43,8.7
-8.3,-79.6,2023-02,PER,purse_seines,2,3.43,11.07,1.54,17.95,7.7
-7.3,-80.1,2023-01,PER,purse_seines,3,4.76,13.86,8.06,52.7,7.3
-12.0,-77.5,2023-02,PER,other_purse_seines,9,19.73,21.93,26.95,52.47,8.0
-4.0,-83.6,2023-03,ECU,tuna_purse_seines,1,1.75,7.69,8.12,16.1,7.5
-15.3,-76.6,2023-03,PER,purse_seines,1,1.19,5.43,9.55,4.52,7.5
-9.7,-78.5,2023-01,PER,pole_and_line,1,3.53,1.39,2.99,25.31,8.3
-15.4,-77.3,2023-02,PER,other_purse_seines,4,3.7,4.55,7.92,16.02,
-7.8,-79.6,2023-01,PER,purse_seines,8,16.6,24.48,25.09,202.24,
-8.1,-79.2,2023-01,PER,other_purse_seines,34,21.2448,27.26,25.38,46.71,8.5
-15.1,-76.8,2023-02,PER,other_purse_seines,2,3.5,7.91,4.39,39.46,7.1
-14.0,-77.4,2023-01,PER,pole_and_line,1,0.32,0.0,0.19,2.98,7.1
-14.9,-76.0,2023-01,PER,other_purse_seines,2,2.37,5.71,3.49,9.86,7.5
-9.3,-78.8,2023-03,PER,other_purse_seines,1,1.59,7.99,11.3,10.78,7.1
-9.2,-78.9,2023-02,PER,tuna_purse_seines,1,1.42,9.29,8.92,9.27,7.5
-12.5,-76.9,2023-01,SSD,tuna_purse_seines,1,1.46,7.81,8.05,16.62,
-6.7,-80.6,2023-01,PER,other_purse_seines,15,19.55,26.79,27.61,165.3,8.4
-14.2,-77.8,2023-02,PER,other_purse_seines,3,7.27,9.99,5.83,43.84,8.1
-10.8,-78.4,2023-03,PER,other_purse_seines,2,4.36,18.03,15.83,26.22,8.2
-14.1,-77.3,2023-03,PER,purse_seines,1,1.46,8.65,13.8,39.61,7.8
-12.3,-77.1,2023-03,PER,pole_and_line,1,9.91,7.56,4.66,49.11,8.2
-13.0,-76.9,2023-01,PER,purse_seines,2,1.84,2.66,0.0,15.33,7.0
-13.8,-77.7,2023-01,PER,set_gillnets,1,0.84,5.62,2.68,13.14,6.9
-3.6,-81.0,2023-02,PER,other_purse_seines,1,2.47,2.95,1.22,46.43,7.2
-13.6,-76.6,2023-01,PER,other_purse_seines,5,6.93,15.44,11.75,32.17,7.2
-11.7,-77.5,2023-01,PER,pole_and_line,2,7.08,12.89,21.48,36.52,7.6
-11.9,-77.7,2023-01,PER,other_purse_seines,1,0.25,5.42,3.89,6.01,7.3
-5.5,-82.5,2023-03,ECU,tuna_purse_seines,1,0.32,3.01,0.2,5.7,6.6
-8.1,-79.4,2023-02,GBR,other_purse_seines,1,0.03,10.9,10.97,4.43,7.7
-13.7,-77.8,2023-01,PER,set_gillnets,1,7.12,12.26,12.46,63.17,7.8
-8.1,-79.4,2023-02,PER,purse_seines,1,0.61,1.2,2.5,14.49,8.5
-15.0,-78.1,2023-02,ECU,tuna_purse_seines,1,0.07,0.0,2.77,2.36,8.3
-12.0,-77.4,2023-01,PER,purse_seines,6,15.09,21.78,23.17,65.66,9.0
-15.1,-77.8,2023-02,PER,set_gillnets,1,0.84,4.11,0.0,9.17,6.9
-14.8,-77.4,2023-02,PER,other_purse_seines,6,12.57,13.57,16.6,41.38,8.9
-8.3,-79.0,2023-01,PER,tuna_purse_seines,1,0.71,6.19,7.3,3.99,6.9
-8.3,-79.2,2023-01,PER,pole_and_line,1,0.5,1.66,0.0,4.38,6.7
-16.8,-77.6,2023-03,ECU,tuna_purse_seines,1,2.91,3.25,10.66,11.48,7.5
-17.0,-78.3,2023-02,PER,tuna_purse_seines,1,1.28,5.05,6.67,29.45,6.9
-6.6,-80.9,2023-01,AIA,purse_seines,1,2.3,2.48,3.66,12.3,7.7
-17.6,-71.5,2023-01,,other_purse_seines,1,5.17,9.57,11.24,27.12,7.1
-8.2,-79.9,2023-03,PER,other_purse_seines,1,0.11,0.0,5.26,1.14,7.4
-11.0,-77.8,2023-01,PER,tuna_purse_seines,1,2.16,3.36,10.32,18.3,7.9
-13.3,-77.0,2023-01,PER,other_purse_seines,1,0.22,12.3,10.63,3.52,7.0
-16.8,-76.8,2023-03,,purse_seines,1,6.01,7.2,9.68,46.38,7.6
-15.3,-76.5,2023-03,PER,fishing,1,4.8,9.87,20.69,18.2,7.4
-14.6,-77.3,2023-02,PER,other_purse_seines,1,4.17,18.33,11.5,23.42,7.3
-14.5,-77.2,2023-02,PER,set_gillnets,1,1.84,5.86,5.83,15.98,8.6
-14.9,-78.3,2023-02,ECU,tuna_purse_seines,1,3.79,6.89,10.41,67.42,7.2
-14.9,-76.8,2023-02,PER,other_purse_seines,1,4.61,3.36,9.53,23.91,7.1
-6.8,-80.2,2023-01,GBR,other_purse_seines,1,3.2,10.3,7.28,10.01,6.7
-8.2,-79.3,2023-01,PER,pole_and_line,1,0.92,0.0,8.5,9.14,7.8
-10.4,-78.7,2023-01,HND,other_purse_seines,1,0.35,0.0,0.64,7.49,8.0
-6.9,-80.5,2023-01,PER,other_purse_seines,33,21.2448,26.65,23.89,167.57,9.4
-12.0,-77.3,2023-01,PER,other_purse_seines,53,21.2448,33.01,31.53,126.0,9.4
-15.5,-77.2,2023-02,PER,tuna_purse_seines,1,1.06,12.34,9.89,16.83,6.9
-5.1,-81.1,2023-03,ESP,drifting_longlines,1,21.2448,31.73,34.84,83.69,9.0
-14.6,-77.4,2023-03,PER,purse_seines,1,2.06,6.92,6.28,15.02,
-13.4,-76.4,2023-01,,other_purse_seines,2,9.42,12.11,12.51,70.81,7.2
-13.4,-76.8,2023-01,,other_purse_seines,1,1.8,7.57,3.93,18.69,7.2
-16.9,-78.5,2023-03,ECU,tuna_purse_seines,1,1.39,10.43,3.48,5.63,7.4
-15.4,-78.7,2023-03,PER,fishing,1,0.83,4.08,9.72,14.15,6.9
-12.5,-78.7,2023-03,PER,other_purse_seines,4,13.52,22.86,22.64,91.34,9.3
-13.4,-76.4,2023-02,PER,other_purse_seines,1,0.43,0.0,9.57,11.28,7.6
-15.3,-76.9,2023-02,PER,other_purse_seines,1,0.24,4.25,5.21,9.1,8.2
-9.8,-78.5,2023-01,PER,tuna_purse_seines,1,0.65,3.45,0.0,11.12,7.4
-8.7,-81.4,2023-03,PAN,inconclusive,1,0.7,6.26,3.94,4.95,8.3
-6.8,-80.4,2023-02,PER,other_purse_seines,1,2.16,4.58,9.46,7.49,6.8
-14.6,-77.0,2023-03,PER,purse_seines,1,4.69,6.74,9.65,14.68,
-15.5,-77.8,2023-02,,other_purse_seines,1,0.87,4.71,13.42,4.58,7.7
-15.5,-77.4,2023-02,,other_purse_seines,1,1.48,3.92,4.26,10.0,7.2
-6.6,-81.1,2023-01,PER,other_purse_seines,6,18.0,20.1,22.57,98.59,
-4.5,-82.6,2023-03,ECU,tuna_purse_seines,1,1.75,0.0,0.0,24.49,7.6
-10.5,-78.1,2023-02,PER,tuna_purse_seines,1,0.3,10.38,1.98,12.54,7.3
-7.7,-79.7,2023-01,PER,other_purse_seines,48,21.2448,20.27,27.45,148.39,10.4
-17.8,-71.4,2023-01,,other_purse_seines,2,21.2448,26.1,33.23,232.63,9.2
-15.0,-77.2,2023-02,GBR,other_purse_seines,1,1.83,5.85,3.15,11.59,9.2
-7.7,-79.4,2023-02,PER,tuna_purse_seines,1,0.03,9.29,1.97,9.77,7.2
-16.9,-78.3,2023-03,,purse_seines,1,1.29,4.2,8.24,5.38,8.5
-6.1,-81.2,2023-01,PER,tuna_purse_seines,2,3.38,8.01,11.12,19.45,7.2
-13.7,-76.6,2023-01,PER,other_purse_seines,39,21.2448,27.46,29.42,213.49,8.9
-7.3,-79.7,2023-01,,other_purse_seines,1,2.71,9.03,11.92,29.09,7.0
-8.0,-79.6,2023-02,,other_purse_seines,2,0.32,8.82,14.96,6.62,7.6
-7.1,-80.0,2023-01,PER,other_purse_seines,39,21.2448,24.71,26.19,156.67,8.7
-6.0,-81.4,2023-01,HND,other_purse_seines,1,0.79,4.34,1.76,7.98,8.0
-7.9,-79.7,2023-02,PER,fishing,2,4.38,2.44,2.3,18.05,7.2
-7.1,-79.9,2023-02,PER,tuna_purse_seines,1,0.29,0.0,8.17,6.07,7.4
-17.2,-77.5,2023-02,,purse_seines,1,2.35,1.59,3.68,18.0,6.7
-12.3,-77.0,2023-01,,other_purse_seines,1,2.42,0.44,0.45,24.17,
-7.2,-80.3,2023-01,PER,purse_seines,2,6.82,13.87,20.33,31.04,7.8
-13.6,-77.4,2023-02,PER,other_purse_seines,1,1.2,5.59,0.0,5.81,7.9
-15.2,-76.8,2023-02,PER,other_purse_seines,9,19.26,21.66,28.85,72.31,9.5
-8.2,-79.2,2023-01,PER,other_purse_seines,75,21.2448,35.87,30.92,167.54,10.4
-8.4,-79.1,2023-01,GBR,other_purse_seines,1,6.11,11.46,12.39,73.36,7.3
-12.1,-77.2,2023-02,PER,inconclusive,1,21.2448,31.29,24.33,70.55,
-7.7,-79.4,2023-01,PER,purse_seines,3,1.88,8.1,1.4,29.96,7.9
-12.0,-78.5,2023-02,PER,set_longlines,1,0.07,2.29,2.1,4.75,
-7.7,-79.8,2023-01,PER,purse_seines,5,14.56,18.38,27.71,111.53,8.8
-17.0,-78.3,2023-03,PER,other_purse_seines,1,0.98,7.45,15.31,16.19,7.2
-13.3,-76.5,2023-01,,other_purse_seines,3,14.37,20.18,26.06,33.74,8.7
-13.9,-76.6,2023-03,PER,pole_and_line,1,1.24,11.79,9.97,11.33,7.4
-15.8,-77.3,2023-02,ECU,tuna_purse_seines,1,7.01,14.5,9.6,113.05,8.6
-10.9,-78.2,2023-01,PER,purse_seines,1,0.64,7.04,8.42,11.78,6.7
-3.6,-81.2,2023-02,ECU,other_purse_seines,1,0.92,2.29,6.14,6.74,6.6
-11.9,-78.0,2023-03,PER,pole_and_line,1,2.47,3.15,13.51,17.54,8.0
-14.0,-78.0,2023-02,PER,other_purse_seines,1,1.54,2.55,2.45,7.93,7.2
-15.3,-77.9,2023-02,PER,other_purse_seines,1,0.29,12.15,6.86,6.86,7.0
-11.6,-77.4,2023-01,PER,inconclusive,1,5.89,6.69,10.47,24.98,7.8
-7.9,-79.5,2023-01,PER,tuna_purse_seines,4,6.26,6.66,3.99,60.24,7.3
-13.4,-79.9,2023-02,ECU,tuna_purse_seines,1,3.02,9.72,10.54,26.85,7.1
-13.1,-76.9,2023-02,PER,other_purse_seines,4,4.86,6.94,13.77,17.9,7.6
-8.9,-80.9,2023-01,,purse_seines,1,1.61,5.31,5.96,8.0,8.7
-12.9,-77.8,2023-02,PER,pole_and_line,1,0.87,0.0,6.21,6.14,8.7
-15.7,-77.3,2023-02,PER,other_purse_seines,1,1.63,5.67,11.17,7.4,7.3
-16.9,-77.0,2023-03,PER,other_purse_seines,1,0.97,4.89,6.57,11.62,6.9
-15.3,-75.4,2023-03,PER,other_purse_seines,2,3.22,5.47,6.71,11.39,7.5
-7.6,-79.6,2023-01,,other_purse_seines,3,2.34,5.18,6.65,12.88,
-12.2,-77.0,2023-03,PER,inconclusive,1,4.61,8.6,6.87,22.78,7.6
-12.2,-77.2,2023-01,PER,tuna_purse_seines,1,1.84,7.85,14.19,13.79,8.2
-14.9,-77.8,2023-02,PER,other_purse_seines,12,21.2448,25.1,28.17,145.94,9.3
-9.9,-78.4,2023-01,AIA,purse_seines,1,0.85,7.63,11.33,18.7,7.5
-14.9,-77.8,2023-02,PER,purse_seines,1,1.33,8.91,9.9,2.63,6.6
-7.8,-79.7,2023-01,PER,other_purse_seines,27,21.2448,25.08,26.25,115.13,8.7
-3.8,-81.4,2023-01,ECU,tuna_purse_seines,1,2.86,7.04,4.0,19.42,8.2
-8.3,-79.2,2023-01,HND,other_purse_seines,1,1.05,7.03,4.31,15.13,8.4
-14.7,-77.5,2023-03,,other_purse_seines,1,1.35,0.0,0.0,11.03,
-17.4,-77.7,2023-03,,purse_seines,1,1.08,3.07,3.83,7.37,8.9
-11.2,-77.7,2023-01,PER,other_purse_seines,18,21.2448,34.67,31.73,85.18,9.2
-13.2,-77.1,2023-01,PER,other_purse_seines,2,8.15,7.9,10.3,45.29,7.7
-10.7,-78.0,2023-01,PER,purse_seines,3,6.57,9.07,10.48,51.45,7.5
-14.1,-77.2,2023-01,PER,pole_and_line,1,2.45,8.16,14.74,16.66,6.7
-17.7,-71.4,2023-02,,other_purse_seines,1,1.44,7.01,4.39,13.98,8.6
-8.0,-79.3,2023-01,PER,tuna_purse_seines,1,0.91,5.38,6.94,17.47,6.6
-13.2,-77.0,2023-01,HND,other_purse_seines,1,1.02,3.99,10.47,7.6,7.3
-13.9,-77.9,2023-02,PER,other_purse_seines,1,3.93,7.45,6.32,36.75,6.9
-13.8,-76.4,2023-02,PER,pole_and_line,1,0.23,5.06,3.35,4.67,6.8
-7.4,-79.9,2023-01,PER,purse_seines,3,2.04,9.13,0.0,20.33,7.1
-15.2,-77.8,2023-02,PER,other_purse_seines,8,16.97,20.78,23.17,89.59,9.0
-8.1,-79.6,2023-01,GBR,other_purse_seines,1,1.64,0.79,2.38,5.56,7.6
-12.3,-77.1,2023-01,SSD,tuna_purse_seines,1,3.7,7.01,9.14,19.93,8.1
-16.9,-77.1,2023-03,ECU,tuna_purse_seines,1,4.3,15.96,15.3,27.4,6.7
-17.0,-78.4,2023-03,ECU,tuna_purse_seines,2,11.9,18.28,24.07,57.22,9.4
-9.5,-78.5,2023-02,PER,fishing,1,0.72,5.08,8.31,5.8,9.1
-9.3,-79.0,2023-01,PER,tuna_purse_seines,3,8.52,9.86,10.48,22.12,8.4
-11.8,-77.8,2023-03,PER,other_purse_seines,1,3.78,3.53,8.38,24.59,7.1
-6.7,-80.7,2023-01,PER,tuna_purse_seines,3,6.94,12.47,8.95,20.6,7.1
-6.3,-81.1,2023-01,PER,pole_and_line,1,2.72,7.81,4.4,21.67,7.4
-12.8,-77.9,2023-02,PER,pole_and_line,1,2.82,8.18,8.61,14.55,7.5
-6.7,-80.4,2023-02,PER,other_purse_seines,2,2.93,3.83,17.36,11.64,6.9
-15.5,-78.7,2023-03,ECU,tuna_purse_seines,1,1.1,3.62,10.21,14.57,7.6
-16.8,-78.0,2023-03,ECU,tuna_purse_seines,1,5.05,8.19,10.11,36.56,7.0
-8.7,-79.3,2023-01,PER,fishing,1,0.83,2.55,0.0,11.64,7.3
-13.8,-76.5,2023-01,PER,other_purse_seines,42,21.2448,24.94,39.29,213.42,8.7
-13.5,-77.0,2023-01,PER,fishing,1,0.74,2.61,0.0,4.74,6.6
-6.0,-81.3,2023-01,PER,other_purse_seines,18,21.2448,20.94,24.13,137.47,9.3
-9.8,-78.5,2023-01,AIA,purse_seines,1,5.01,6.88,7.96,19.59,8.1
-9.4,-78.7,2023-01,PER,other_purse_seines,16,21.2448,20.55,27.1,86.24,11.4
-15.0,-77.3,2023-02,PER,fishing,1,0.73,2.66,0.64,5.27,6.8
-8.5,-79.1,2023-01,PER,pole_and_line,1,0.03,9.31,3.71,6.83,9.7
-10.3,-79.9,2023-03,PER,other_purse_seines,1,0.37,0.0,0.0,10.67,7.6
-11.0,-78.1,2023-01,PER,purse_seines,1,1.45,9.27,6.49,8.55,6.4
-6.8,-80.6,2023-01,PER,other_purse_seines,38,21.2448,19.43,20.05,106.58,8.9
-10.9,-78.0,2023-01,PER,tuna_purse_seines,1,0.69,6.18,2.1,5.5,
-10.3,-78.2,2023-01,PER,purse_seines,2,5.52,3.96,0.0,29.12,7.1
-12.5,-76.9,2023-01,PER,purse_seines,6,12.6,14.29,22.25,27.37,8.7
-11.1,-77.7,2023-01,PER,other_purse_seines,17,21.2448,27.77,22.92,110.99,8.7
-13.4,-76.6,2023-01,PER,other_purse_seines,8,9.33,15.69,15.89,52.5,7.9
-10.2,-78.3,2023-01,PER,purse_seines,4,18.84,22.75,24.3,149.77,10.0
-12.4,-76.9,2023-01,,other_purse_seines,3,6.48,16.63,15.06,41.04,7.8
-6.8,-80.2,2023-02,PER,purse_seines,3,4.98,1.35,4.72,24.61,7.7
-16.1,-77.2,2023-03,PER,tuna_purse_seines,3,14.92,20.24,32.54,94.82,8.2
-16.0,-76.1,2023-03,,pole_and_line,1,4.0,10.64,10.29,37.27,7.1
-9.1,-78.6,2023-03,PER,purse_seines,1,0.4,3.53,0.0,10.99,7.4
-7.0,-80.4,2023-01,PER,other_purse_seines,6,5.54,11.59,14.93,44.37,8.0
-12.5,-77.2,2023-03,PER,pole_and_line,1,10.54,15.65,12.8,90.61,7.8
-17.5,-77.8,2023-03,ECU,tuna_purse_seines,1,0.18,6.57,1.75,11.12,7.6
-11.6,-78.3,2023-03,PER,other_purse_seines,1,0.63,4.56,5.37,9.39,7.7
-10.6,-81.3,2023-02,PAN,tuna_purse_seines,1,0.11,7.86,14.87,5.12,8.2
-12.3,-77.0,2023-01,PER,other_purse_seines,21,21.2448,29.11,29.4,65.76,9.7
-9.3,-78.8,2023-01,AIA,purse_seines,1,0.35,3.3,4.38,3.6,6.6
-10.2,-81.9,2023-03,,purse_seines,1,1.1,4.73,2.0,10.77,6.8
-14.2,-77.7,2023-02,PER,purse_seines,1,1.02,5.13,0.0,13.51,7.1
-13.5,-76.4,2023-03,PER,fishing,1,1.49,5.3,3.52,12.82,6.5
-8.9,-80.0,2023-01,PER,other_purse_seines,2,0.26,12.72,11.68,5.18,7.3
-8.3,-79.3,2023-01,AIA,purse_seines,1,2.46,4.51,6.99,28.03,7.5
-14.5,-76.9,2023-01,PER,pole_and_line,1,3.63,7.16,3.3,14.25,
-7.5,-82.1,2023-02,PAN,tuna_purse_seines,1,0.41,7.16,1.14,9.95,7.1
-10.0,-78.7,2023-02,PER,other_purse_seines,1,0.05,7.01,4.47,5.69,7.0
-15.6,-77.3,2023-02,PER,other_purse_seines,3,4.03,11.57,16.48,15.76,8.2
-17.7,-77.6,2023-03,ECU,tuna_purse_seines,1,1.24,6.14,3.04,14.34,
-7.6,-79.9,2023-03,PER,other_purse_seines,2,2.32,8.89,5.2,13.17,7.0
-12.1,-78.6,2023-02,PER,purse_seines,1,15.38,28.07,26.11,27.23,10.5
-3.5,-80.9,2023-02,PER,other_purse_seines,1,0.1,8.26,15.78,6.08,7.9
-8.9,-79.2,2023-01,PER,other_purse_seines,1,1.75,5.44,6.39,14.63,7.2
-9.2,-78.7,2023-01,AIA,purse_seines,1,0.72,8.74,2.63,7.7,6.7
-16.3,-78.0,2023-03,ECU,tuna_purse_seines,2,2.0,10.67,4.85,31.03,7.4
-12.2,-78.6,2023-02,PER,set_longlines,1,1.18,11.9,8.06,7.64,7.5
-7.6,-79.9,2023-02,PER,tuna_purse_seines,2,1.05,9.29,11.2,4.69,7.9
-17.1,-77.7,2023-03,PER,tuna_purse_seines,1,2.34,3.8,11.49,17.95,7.7
-15.0,-77.6,2023-02,PER,other_purse_seines,2,4.09,10.42,8.99,22.61,8.1
-16.5,-77.3,2023-03,ECU,tuna_purse_seines,1,6.05,10.77,17.73,30.74,8.1
-8.9,-79.9,2023-03,PER,other_purse_seines,1,0.18,4.28,3.29,15.12,7.9
-8.1,-79.5,2023-01,PER,fishing,2,5.0,8.76,11.29,45.42,7.3
-7.2,-79.9,2023-01,PER,purse_seines,3,4.77,9.93,12.62,45.55,7.7
-7.6,-80.0,2023-01,PER,other_purse_seines,4,5.78,12.5,19.31,47.09,7.2
-8.2,-79.1,2023-01,PER,tuna_purse_seines,4,6.95,11.44,10.46,46.81,8.3
-11.5,-81.2,2023-03,ECU,tuna_purse_seines,1,0.29,5.75,9.59,5.94,8.7
-15.6,-77.2,2023-02,,other_purse_seines,1,2.66,3.18,8.47,25.67,6.5
-12.9,-76.9,2023-02,PER,other_purse_seines,11,21.2448,25.5,25.39,90.45,8.2
-5.7,-81.2,2023-01,PER,other_purse_seines,2,8.21,10.89,17.82,33.26,8.9
-16.7,-77.1,2023-03,ECU,tuna_purse_seines,2,4.47,10.85,16.73,13.88,9.5
-15.1,-77.8,2023-02,PER,other_purse_seines,4,17.31,25.12,25.24,95.31,8.6
-14.4,-77.5,2023-02,PER,purse_seines,1,1.02,2.99,0.67,6.21,7.0
-14.6,-76.5,2023-01,PER,other_purse_seines,1,2.39,7.37,8.49,22.9,
-8.4,-79.7,2023-01,PER,other_purse_seines,1,1.0,5.49,6.02,11.59,7.2
-9.0,-78.8,2023-01,PER,fishing,1,0.08,0.0,0.0,2.54,6.6
-10.5,-78.1,2023-02,PER,inconclusive,1,0.59,1.38,5.01,10.91,6.8
-10.5,-78.2,2023-02,PER,other_purse_seines,3,2.35,8.2,6.8,11.89,7.4
-17.2,-72.0,2023-02,,other_purse_seines,3,17.94,27.4,29.16,110.16,9.0
-7.7,-79.6,2023-01,PER,tuna_purse_seines,2,2.45,5.71,3.45,30.21,7.1
-13.4,-76.5,2023-01,HND,other_purse_seines,1,1.78,6.92,9.98,15.71,7.1
-8.0,-79.5,2023-03,PER,other_purse_seines,1,0.23,9.17,15.91,8.83,7.1
-7.2,-80.5,2023-01,PER,other_purse_seines,1,2.31,8.71,1.76,19.15,8.0
-6.6,-81.9,2023-02,PER,other_purse_seines,1,0.1,4.04,0.0,8.26,7.3
-13.3,-76.8,2023-02,PER,other_purse_seines,1,4.29,13.04,12.0,26.83,8.2
-6.6,-81.5,2023-03,ECU,fishing,1,1.41,5.78,9.77,19.77,7.4
-8.0,-80.7,2023-03,PER,other_purse_seines,1,5.3,14.58,15.86,29.22,7.6
-8.1,-79.6,2023-01,AIA,purse_seines,1,3.03,9.02,10.1,22.23,7.2
-16.9,-78.2,2023-03,PER,tuna_purse_seines,1,4.94,8.41,10.85,47.2,8.4
-8.2,-79.6,2023-01,PER,tuna_purse_seines,1,4.06,9.01,12.13,32.73,7.8
-13.9,-76.6,2023-01,PER,other_purse_seines,28,21.2448,29.09,31.95,50.88,8.7
-7.3,-79.8,2023-01,PER,fishing,1,0.87,2.44,12.06,5.59,7.6
-7.6,-79.7,2023-01,PER,other_purse_seines,69,21.2448,25.5,23.59,125.37,8.2
-14.8,-76.9,2023-02,PER,other_purse_seines,1,0.22,5.68,4.92,2.8,
-7.7,-79.6,2023-01,GBR,other_purse_seines,1,1.15,5.89,1.79,19.53,10.1
-6.1,-83.1,2023-01,PAN,tuna_purse_seines,1,0.56,0.0,3.62,25.14,6.7
-6.7,-81.1,2023-01,PER,other_purse_seines,1,0.12,15.52,10.52,9.36,6.8
-14.6,-77.3,2023-02,PER,set_gillnets,1,2.09,7.23,9.94,7.6,7.6
-13.3,-76.6,2023-01,SSD,tuna_purse_seines,1,1.02,7.5,5.46,11.3,9.5
-7.9,-79.8,2023-02,PER,tuna_purse_seines,2,1.4,10.5,10.79,21.4,6.9
-3.5,-81.3,2023-03,ECU,other_purse_seines,1,1.83,11.11,0.91,10.3,7.6
-13.7,-76.6,2023-01,PER,purse_seines,4,5.72,11.96,7.98,45.59,7.4
-9.0,-78.8,2023-01,PER,tuna_purse_seines,2,2.61,14.12,14.48,5.81,6.8
-15.0,-75.6,2023-03,PER,other_purse_seines,1,1.85,2.86,3.36,27.87,7.4
-16.5,-78.4,2023-03,ECU,tuna_purse_seines,1,0.88,3.77,8.88,7.39,7.9
-12.4,-77.0,2023-01,SSD,tuna_purse_seines,1,0.91,1.37,1.2,9.39,8.5
-12.5,-78.1,2023-02,PER,other_purse_seines,1,1.1,10.37,6.69,28.07,6.4
-15.5,-77.5,2023-02,HND,other_purse_seines,1,0.14,1.92,9.52,6.45,6.4
-8.4,-79.2,2023-01,PER,other_purse_seines,48,21.2448,26.6,33.67,238.94,8.3
-14.6,-76.0,2023-01,PER,other_purse_seines,3,1.9,5.33,6.07,19.09,7.2
-9.2,-80.2,2023-03,PER,purse_seines,1,8.63,26.59,20.92,46.52,8.9
-15.2,-76.7,2023-02,PER,purse_seines,1,1.87,1.54,5.28,19.22,7.2
-15.1,-77.3,2023-02,PER,other_purse_seines,8,16.66,27.79,27.28,57.94,8.1
-12.8,-77.0,2023-01,PER,other_purse_seines,14,21.2448,30.52,21.16,127.15,8.5
-6.5,-80.8,2023-01,PER,other_purse_seines,23,21.2448,25.19,29.04,154.28,9.1
-11.1,-78.3,2023-03,PER,other_purse_seines,2,1.76,7.81,0.0,13.46,7.1
-9.7,-79.9,2023-03,PER,other_purse_seines,1,0.48,5.71,9.45,7.32,7.1
-15.1,-75.8,2023-03,PER,other_purse_seines,1,0.76,5.5,3.72,11.94,6.8
-9.1,-78.6,2023-01,PER,tuna_purse_seines,4,2.23,1.93,0.0,6.23,8.6
-7.2,-80.0,2023-01,PER,other_purse_seines,23,21.2448,30.17,32.59,93.58,8.6
-14.8,-77.8,2023-02,HND,other_purse_seines,1,8.84,13.15,14.33,75.09,8.3
-6.8,-80.1,2023-01,PER,other_purse_seines,16,18.03,20.69,22.73,110.56,8.0
-13.5,-78.2,2023-03,PER,other_purse_seines,1,1.81,10.34,10.68,15.0,6.9
-12.1,-77.4,2023-02,PER,other_purse_seines,8,7.9,15.26,5.41,15.99,8.5
-13.0,-76.9,2023-01,HND,other_purse_seines,1,1.3,8.86,3.12,4.45,7.2
-15.5,-77.6,2023-02,PER,other_purse_seines,11,21.2448,29.45,26.11,121.49,9.4
-15.5,-79.1,2023-02,ECU,tuna_purse_seines,1,4.3,3.19,8.88,31.74,7.9
-8.1,-79.4,2023-02,PER,fishing,1,1.5,3.85,0.0,12.12,6.9
-7.2,-79.8,2023-01,PER,purse_seines,3,8.15,12.38,12.19,23.1,7.3
-9.4,-81.8,2023-01,,purse_seines,1,5.94,6.7,7.09,46.49,9.3
-10.4,-78.2,2023-01,PER,purse_seines,2,2.01,0.77,10.45,16.27,7.3
-9.3,-78.7,2023-01,HND,other_purse_seines,1,4.17,6.26,1.65,55.73,6.8
-14.0,-77.2,2023-03,PER,other_purse_seines,1,2.01,10.91,7.95,27.41,6.9
-8.4,-79.3,2023-01,AIA,purse_seines,1,0.41,0.0,3.94,6.58,6.6
-7.9,-79.8,2023-03,PER,other_purse_seines,1,8.34,13.99,13.27,77.69,8.2
-13.8,-78.3,2023-02,ECU,tuna_purse_seines,1,0.06,9.06,14.19,9.45,
-14.5,-77.8,2023-02,,other_purse_seines,1,2.38,6.98,5.97,58.47,7.0
-14.1,-76.5,2023-01,PER,other_purse_seines,1,0.76,3.7,1.52,4.22,
-15.9,-78.8,2023-02,ECU,tuna_purse_seines,1,0.33,0.3,4.02,3.66,8.2
-7.7,-81.3,2023-03,,purse_seines,1,1.8,3.65,2.88,5.09,
-8.9,-79.7,2023-01,PER,other_purse_seines,1,0.07,3.81,0.0,2.06,7.2
-14.9,-77.6,2023-02,PER,set_gillnets,1,1.99,0.0,5.06,5.48,
-15.6,-77.8,2023-02,PER,other_purse_seines,8,16.55,22.67,18.32,91.33,8.2
-3.8,-82.6,2023-02,PER,other_purse_seines,1,4.48,16.58,11.89,25.41,7.8
-12.0,-78.6,2023-02,PER,other_purse_seines,1,2.0,2.33,1.38,13.3,6.8
-9.1,-82.8,2023-02,ECU,tuna_purse_seines,1,2.53,12.39,12.14,25.66,7.3
-16.9,-77.6,2023-03,ECU,tuna_purse_seines,1,4.45,6.89,0.25,36.45,7.8
-15.2,-77.3,2023-02,PER,other_purse_seines,5,5.4,13.84,10.88,19.61,8.6
-14.7,-76.0,2023-01,PER,other_purse_seines,21,21.2448,32.26,27.86,145.79,9.9
-7.8,-79.9,2023-03,PER,other_purse_seines,1,2.23,6.87,0.0,17.11,
-4.6,-81.5,2023-03,ECU,fishing,1,2.97,4.04,3.77,13.0,7.4
-7.7,-79.6,2023-02,AIA,purse_seines,1,0.31,2.96,0.0,5.8,7.1
-3.9,-82.1,2023-02,PER,other_purse_seines,1,3.98,5.23,14.97,28.46,8.1
-5.0,-82.0,2023-03,ECU,tuna_purse_seines,1,8.56,11.86,8.62,51.1,7.8
-9.6,-79.9,2023-03,PER,other_purse_seines,1,2.58,11.14,8.9,18.4,8.5
-12.4,-80.4,2023-02,PER,tuna_purse_seines,1,7.14,8.22,12.85,49.46,7.8
-11.6,-77.5,2023-01,PER,inconclusive,1,8.3,15.64,8.83,46.82,8.8
-12.5,-77.0,2023-02,PER,inconclusive,1,1.19,3.29,9.86,15.79,6.4
-6.3,-81.0,2023-01,HND,other_purse_seines,1,3.56,4.08,8.98,28.78,7.0
-14.9,-77.9,2023-02,PER,purse_seines,1,0.7,0.73,2.79,11.69,7.7
-15.5,-76.7,2023-03,PER,other_purse_seines,1,3.97,12.89,9.54,11.19,8.3
-8.1,-79.6,2023-01,PER,tuna_purse_seines,3,2.14,9.92,7.53,15.75,8.3
-16.7,-78.2,2023-03,PER,tuna_purse_seines,2,1.08,4.29,5.78,15.76,7.4
-11.7,-77.7,2023-01,PER,other_purse_seines,9,7.16,10.08,9.05,67.78,8.2
-13.0,-77.0,2023-02,PER,other_purse_seines,14,21.2448,19.53,26.75,84.66,10.1
-14.4,-77.1,2023-02,PER,set_gillnets,1,0.81,0.0,6.01,6.5,7.5
-14.7,-77.4,2023-03,,other_purse_seines,1,0.12,2.3,5.79,3.76,6.8
-12.7,-77.9,2023-02,PER,other_purse_seines,1,0.53,5.61,3.96,6.76,7.9
-14.7,-77.6,2023-02,PER,set_longlines,1,1.65,1.6,3.03,20.46,
-14.6,-76.8,2023-01,PER,fishing,1,3.1,6.06,6.57,28.86,
-6.6,-80.6,2023-01,PER,other_purse_seines,8,11.98,13.48,22.81,87.87,
-14.4,-77.8,2023-02,PER,other_purse_seines,6,18.51,23.36,32.96,110.11,8.3
-13.8,-76.5,2023-02,PER,pole_and_line,1,2.39,9.02,8.64,23.71,7.5
-7.4,-80.1,2023-01,PER,other_purse_seines,8,7.45,17.01,13.55,34.54,7.8
-17.7,-71.5,2023-02,,other_purse_seines,2,8.51,10.1,6.97,78.63,8.8
-7.6,-80.3,2023-02,PER,other_purse_seines,1,1.21,6.31,6.02,14.78,7.6
-12.4,-77.1,2023-01,PER,other_purse_seines,34,21.2448,28.02,37.73,199.29,9.3
-11.8,-77.4,2023-01,AIA,purse_seines,1,1.84,13.67,10.08,24.85,7.5
-16.9,-77.0,2023-03,PER,fishing,1,0.45,3.66,0.0,9.47,7.0
-14.6,-77.9,2023-02,HND,other_purse_seines,1,2.45,9.29,5.58,19.18,
-11.7,-77.4,2023-03,PER,other_purse_seines,1,2.52,4.33,7.0,20.39,9.5
-7.4,-79.8,2023-01,PER,purse_seines,4,10.97,12.4,14.62,61.82,8.7
-16.9,-77.5,2023-03,PER,other_purse_seines,1,0.51,4.08,7.07,5.6,7.6
-16.4,-78.2,2023-03,PER,tuna_purse_seines,1,1.52,4.15,7.97,19.41,8.2
-8.8,-80.1,2023-01,PER,other_purse_seines,2,2.82,6.35,4.24,5.47,7.1
-13.4,-77.9,2023-02,PER,other_purse_seines,1,1.6,8.24,10.87,9.36,7.1
-10.0,-79.0,2023-03,ECU,tuna_purse_seines,1,4.25,11.19,6.95,17.68,7.7
-9.2,-82.6,2023-02,,purse_seines,1,5.33,7.31,6.6,18.68,8.5
-6.3,-81.1,2023-01,PER,other_purse_seines,9,21.2448,24.78,30.09,182.29,8.9
-7.7,-79.8,2023-02,PER,fishing,1,1.09,1.99,0.67,6.95,8.2
-14.8,-77.8,2023-02,PER,purse_seines,1,6.35,13.41,11.61,38.81,7.7
-14.0,-76.9,2023-01,PER,pole_and_line,1,2.12,7.18,11.74,26.78,7.4
-9.6,-79.2,2023-01,PER,other_purse_seines,1,1.0,5.44,6.09,5.15,8.2
-17.8,-77.0,2023-03,,purse_seines,1,1.86,2.82,5.05,9.24,
-14.9,-77.3,2023-02,PER,other_purse_seines,1,2.78,7.74,8.61,18.19,8.3
-15.8,-77.9,2023-03,PER,tuna_purse_seines,1,7.16,9.71,19.79,9.58,7.8
-10.9,-77.9,2023-03,PER,other_purse_seines,2,1.29,7.19,9.81,11.32,7.6
-7.5,-79.7,2023-01,PER,fishing,2,3.08,4.99,8.12,34.84,9.5
-11.9,-77.6,2023-01,PER,inconclusive,1,2.43,6.5,8.9,12.06,7.4
-6.9,-81.0,2023-01,PER,other_purse_seines,1,4.96,9.19,11.04,19.28,6.9
-15.0,-77.0,2023-01,PER,pole_and_line,2,2.0,11.05,12.04,7.58,7.0
-6.0,-81.7,2023-03,ECU,fishing,1,1.0,8.35,9.15,4.52,6.5
-14.8,-77.4,2023-02,PER,purse_seines,1,0.1,6.58,8.21,7.23,8.1
-8.0,-79.7,2023-02,PER,purse_seines,2,1.19,8.4,5.05,24.06,6.7
-7.9,-79.5,2023-01,GBR,other_purse_seines,1,3.44,17.01,13.65,20.09,6.7
-16.8,-78.6,2023-03,PER,other_purse_seines,1,0.35,4.42,4.56,3.13,7.9
-10.0,-81.0,2023-02,,purse_seines,1,12.92,19.58,24.99,100.27,7.7
-15.0,-76.2,2023-03,PER,other_purse_seines,1,2.53,5.41,13.9,16.96,7.8
-15.0,-77.7,2023-02,PER,set_gillnets,1,6.8,13.16,10.14,96.54,7.5
-12.8,-77.8,2023-02,PER,other_purse_seines,1,1.39,2.75,3.75,7.33,
-14.7,-77.7,2023-02,PER,purse_seines,1,0.71,7.58,6.33,19.11,8.0
-13.3,-76.5,2023-01,PER,other_purse_seines,18,21.2448,21.39,25.37,78.14,12.6
-17.3,-71.8,2023-03,PER,other_purse_seines,2,10.39,18.85,8.54,200.6,7.6
-9.8,-78.4,2023-01,AIA,purse_seines,1,3.12,0.0,0.0,16.45,7.6
-14.0,-76.7,2023-03,PER,pole_and_line,1,1.5,7.75,2.59,24.09,7.2
-12.4,-77.3,2023-02,PER,other_purse_seines,1,1.43,0.0,1.11,21.91,7.5
-15.4,-76.6,2023-03,,pole_and_line,1,1.49,0.0,1.6,9.59,7.5
-6.8,-80.2,2023-01,PER,fishing,1,3.17,10.12,13.14,20.02,8.8
-15.7,-77.7,2023-02,PER,pole_and_line,1,0.92,9.19,7.54,12.02,8.7
-14.7,-77.4,2023-02,PER,other_purse_seines,14,21.2448,30.54,29.86,162.88,9.3
-15.3,-76.6,2023-03,PER,pole_and_line,1,12.68,15.1,15.5,51.36,9.1
-17.6,-76.6,2023-03,ECU,tuna_purse_seines,1,2.3,12.18,8.65,14.61,8.8
-9.7,-78.5,2023-01,PER,purse_seines,3,2.82,7.1,11.71,56.43,7.7
-7.8,-79.6,2023-01,PER,pole_and_line,1,1.87,7.23,6.21,18.39,7.5
-7.4,-80.3,2023-02,PER,other_purse_seines,2,1.45,0.0,0.0,16.45,
-15.0,-77.5,2023-02,PER,other_purse_seines,1,1.35,4.76,0.55,3.91,7.8
-6.4,-80.9,2023-01,PER,purse_seines,1,0.6,6.15,5.67,9.25,7.9
-13.4,-76.4,2023-01,PER,inconclusive,1,21.2448,26.15,28.74,101.46,8.2
-13.5,-76.2,2023-03,PER,other_purse_seines,4,2.19,9.45,4.35,19.49,7.1
-6.3,-81.3,2023-02,PER,other_purse_seines,1,0.3,8.03,0.07,3.39,7.1
-7.1,-80.2,2023-01,PER,tuna_purse_seines,1,2.58,13.53,3.2,18.09,7.3
-15.1,-76.9,2023-03,PER,tuna_purse_seines,1,12.42,14.26,10.16,42.72,9.9
-14.3,-77.8,2023-02,PER,other_purse_seines,6,12.04,15.16,22.41,61.39,7.8
-7.7,-79.8,2023-01,PER,fishing,2,3.05,8.46,6.25,26.69,6.9
-11.7,-77.5,2023-01,PER,purse_seines,1,0.94,9.0,6.55,21.53,7.4
-9.2,-78.8,2023-03,PER,other_purse_seines,1,1.05,0.0,0.88,12.83,6.9
-8.2,-79.5,2023-01,GBR,other_purse_seines,1,0.35,5.62,0.0,4.81,6.7
-12.0,-77.4,2023-01,PER,pole_and_line,2,2.87,7.13,1.66,26.89,7.7
-16.7,-77.0,2023-03,ECU,tuna_purse_seines,1,5.46,14.37,7.62,15.74,7.6
-7.1,-80.1,2023-02,PER,purse_seines,1,1.4,2.0,0.0,14.66,7.0
-11.7,-77.3,2023-01,PER,purse_seines,4,16.57,25.36,23.19,96.63,8.0
-11.9,-77.3,2023-03,PER,other_purse_seines,1,1.02,4.21,0.0,6.27,8.1
-15.6,-77.6,2023-02,PER,pole_and_line,1,0.67,10.99,9.2,3.15,7.8
-7.2,-80.6,2023-01,PER,other_purse_seines,1,2.35,7.67,7.41,36.96,7.6
-16.7,-73.0,2023-02,PER,other_purse_seines,2,1.57,7.72,13.1,27.87,7.1
-10.2,-78.2,2023-01,PER,other_purse_seines,6,5.88,12.24,6.95,29.21,7.3
-12.3,-77.0,2023-01,PER,inconclusive,1,4.93,6.85,11.47,24.13,8.9
-15.9,-77.9,2023-03,PER,tuna_purse_seines,2,12.03,14.67,8.64,69.78,7.5
-14.8,-77.3,2023-02,PER,other_purse_seines,4,12.62,15.41,13.7,57.44,8.4
-9.8,-78.7,2023-01,PER,other_purse_seines,1,2.94,0.0,4.61,26.57,7.9
-8.2,-79.5,2023-01,PER,fishing,1,0.18,0.0,2.96,11.28,7.9
-13.0,-76.7,2023-03,PER,other_purse_seines,1,0.42,3.05,0.0,7.51,8.3
-6.8,-80.5,2023-01,PER,other_purse_seines,17,21.2448,33.23,30.32,231.78,8.9
-7.5,-79.7,2023-02,PER,other_purse_seines,19,21.2448,27.9,33.21,102.02,8.2
-11.5,-78.0,2023-03,PER,other_purse_seines,1,1.3,2.95,7.23,23.33,7.3
-8.1,-79.3,2023-02,GBR,other_purse_seines,1,6.78,14.18,16.53,28.17,8.8
-8.3,-82.3,2023-02,ECU,tuna_purse_seines,1,0.19,6.25,5.55,5.37,7.4
-16.5,-77.3,2023-03,PER,other_purse_seines,1,1.71,2.23,7.35,17.6,
-9.2,-78.8,2023-02,PER,tuna_purse_seines,1,1.71,4.3,7.36,19.54,7.7
-13.1,-77.0,2023-01,PER,other_purse_seines,1,0.1,0.0,0.31,8.93,7.6
-8.7,-79.5,2023-01,PER,tuna_purse_seines,1,1.25,0.49,7.41,11.09,7.7
-13.4,-76.5,2023-01,PER,other_purse_seines,23,21.2448,25.99,27.39,166.11,8.7
-10.8,-78.3,2023-03,PER,other_purse_seines,1,1.56,10.13,8.78,8.16,6.6
-15.4,-77.4,2023-02,PER,other_purse_seines,2,3.02,9.52,1.67,14.49,7.6
-8.5,-79.1,2023-03,PER,other_purse_seines,1,0.32,9.89,10.71,5.74,8.7
-4.9,-82.3,2023-03,ECU,tuna_purse_seines,1,0.87,3.55,0.0,9.04,8.4
-15.1,-76.9,2023-02,PER,other_purse_seines,3,2.46,9.97,9.39,21.71,8.4
-7.5,-79.9,2023-01,GBR,other_purse_seines,1,2.0,1.48,4.57,30.19,7.3
-12.3,-77.1,2023-01,PER,other_purse_seines,38,21.2448,29.16,27.39,86.52,8.6
-17.7,-77.5,2023-03,ECU,tuna_purse_seines,1,8.89,8.72,12.55,67.82,8.3
-15.0,-77.5,2023-03,PER,tuna_purse_seines,1,1.8,9.61,12.42,16.51,7.6
-16.7,-77.1,2023-03,PER,other_purse_seines,1,4.14,4.19,0.55,31.93,7.7
-16.3,-78.1,2023-03,ECU,tuna_purse_seines,1,4.0,12.19,9.11,8.84,7.1
-16.5,-73.4,2023-02,,other_purse_seines,1,0.82,1.35,0.0,8.85,7.4
-13.3,-77.9,2023-02,PER,other_purse_seines,1,0.96,5.13,10.28,9.85,7.2
-15.4,-78.0,2023-02,PER,purse_seines,1,2.27,5.2,7.49,15.64,7.2
-7.8,-79.7,2023-01,HND,other_purse_seines,1,7.19,7.07,13.3,31.58,8.3
-15.7,-77.3,2023-02,ECU,tuna_purse_seines,1,1.02,9.24,2.21,3.85,8.6
-16.9,-77.0,2023-03,ECU,tuna_purse_seines,1,6.6,14.24,12.52,92.16,7.3
-6.7,-81.0,2023-01,PER,purse_seines,1,2.54,6.34,7.82,19.17,8.9
-6.8,-80.3,2023-02,PER,other_purse_seines,5,10.44,15.28,9.12,22.3,7.8
-8.1,-79.5,2023-01,GBR,other_purse_seines,1,2.06,6.3,10.64,25.9,7.1
-12.5,-77.2,2023-03,PER,other_purse_seines,1,0.41,7.31,1.78,5.35,6.7
-11.9,-80.9,2023-02,ECU,tuna_purse_seines,1,7.62,13.25,13.35,41.67,8.4
-15.1,-75.6,2023-01,PER,tuna_purse_seines,1,0.84,5.07,7.56,9.8,6.7
-8.3,-79.2,2023-01,PER,other_purse_seines,60,21.2448,26.78,34.73,257.27,8.8
-15.3,-76.8,2023-02,PER,other_purse_seines,1,0.99,10.05,4.35,7.66,6.9
-13.2,-77.1,2023-01,HND,other_purse_seines,1,5.87,14.9,11.64,19.73,8.3
-14.8,-77.1,2023-03,,pole_and_line,1,0.17,4.09,4.3,27.71,6.8
-6.0,-82.2,2023-03,ECU,tuna_purse_seines,2,8.4,16.96,10.57,63.28,8.6
-13.1,-77.8,2023-02,PER,other_purse_seines,1,4.84,3.94,6.11,21.74,8.6
-8.1,-79.4,2023-01,PER,fishing,2,4.27,4.7,0.11,14.46,7.8
-14.9,-77.8,2023-02,HND,other_purse_seines,1,5.08,11.25,13.7,14.35,7.4
-15.4,-77.8,2023-02,PER,pole_and_line,1,1.56,2.58,9.35,14.17,8.2
-13.8,-76.6,2023-01,PER,other_purse_seines,36,21.2448,23.13,22.74,131.16,8.4
-12.0,-77.4,2023-01,PER,other_purse_seines,58,21.2448,27.3,34.56,84.47,9.4
-14.6,-77.4,2023-02,PER,other_purse_seines,5,14.64,19.82,22.45,70.42,9.6
-15.3,-76.6,2023-03,PER,fishing,1,3.77,10.24,7.49,23.23,7.4
-14.9,-76.9,2023-02,PER,other_purse_seines,5,19.71,28.46,31.28,49.39,8.6
-16.8,-78.1,2023-03,ECU,tuna_purse_seines,2,21.2448,25.63,27.25,111.16,10.0
-9.0,-78.6,2023-03,PER,other_purse_seines,6,21.2448,29.72,31.55,105.48,9.4
-3.4,-81.2,2023-02,ECU,other_purse_seines,1,1.18,2.48,1.75,4.63,7.6
-15.2,-76.9,2023-03,PER,tuna_purse_seines,1,1.31,3.2,5.84,12.49,7.7
-12.2,-77.9,2023-02,ECU,tuna_purse_seines,1,1.95,0.0,0.0,16.99,8.3
-13.3,-80.3,2023-03,ECU,tuna_purse_seines,1,0.2,12.08,13.48,4.86,7.0
-14.0,-78.1,2023-02,PER,other_purse_seines,1,0.05,5.69,6.69,4.84,6.9
-7.7,-79.8,2023-02,GBR,other_purse_seines,1,2.25,1.61,5.04,23.98,7.3
-15.9,-76.1,2023-03,,pole_and_line,1,8.3,17.04,15.24,62.43,8.0
-9.3,-78.7,2023-01,PER,purse_seines,2,3.44,5.55,4.18,30.25,7.3
-15.2,-76.9,2023-02,PER,other_purse_seines,6,7.37,12.31,19.85,32.07,9.0
-8.2,-79.3,2023-01,PER,purse_seines,5,6.82,9.96,16.63,76.13,7.7
-15.3,-77.5,2023-02,PER,pole_and_line,1,7.94,8.22,8.43,56.06,7.0
-7.4,-79.7,2023-01,PER,other_purse_seines,55,21.2448,29.15,30.78,262.41,8.8
-8.3,-79.2,2023-01,PER,purse_seines,5,11.22,16.0,14.05,111.61,8.5
-12.6,-77.0,2023-01,AIA,purse_seines,1,3.16,2.76,4.82,11.66,7.0
-9.0,-78.6,2023-02,PER,tuna_purse_seines,1,2.4,5.05,5.53,15.13,10.5
-14.9,-77.6,2023-03,,pole_and_line,1,1.73,6.19,3.36,18.16,
-14.6,-77.4,2023-03,PER,tuna_purse_seines,1,1.15,8.46,4.66,13.14,7.2
-7.9,-79.6,2023-01,PER,tuna_purse_seines,7,21.2448,27.44,24.9,179.91,11.3
-9.2,-78.8,2023-01,PER,purse_seines,2,7.83,13.26,9.57,21.02,7.4
-12.0,-77.7,2023-03,PER,other_purse_seines,1,0.34,6.34,0.0,8.05,
-6.0,-81.3,2023-01,HND,other_purse_seines,1,1.33,2.97,3.62,7.12,7.5
-13.3,-77.5,2023-02,PER,purse_seines,1,0.07,6.42,2.44,4.41,7.3
-5.9,-81.2,2023-01,PER,other_purse_seines,1,0.75,1.82,4.54,14.16,8.0
-8.6,-79.3,2023-01,PER,fishing,1,0.09,10.12,2.96,5.97,6.6
-10.3,-78.3,2023-01,AIA,purse_seines,1,3.0,6.09,7.0,11.72,8.7
-11.2,-77.8,2023-01,PER,purse_seines,2,5.0,10.17,7.13,10.32,7.2
-13.2,-77.0,2023-01,PER,other_purse_seines,3,8.41,14.99,13.81,32.59,7.5
-8.4,-79.2,2023-01,PER,purse_seines,4,10.79,10.11,12.88,41.97,7.9
-13.8,-76.5,2023-01,PER,inconclusive,1,2.88,4.28,9.99,24.71,
-12.4,-77.0,2023-01,PER,other_purse_seines,48,21.2448,31.59,34.5,352.06,8.1
-10.6,-78.2,2023-01,PER,other_purse_seines,1,0.38,8.77,12.36,6.77,6.5
-17.7,-71.7,2023-01,PER,other_purse_seines,1,1.14,0.0,2.98,6.96,6.7
-17.1,-72.1,2023-02,PER,other_purse_seines,3,7.52,8.41,13.69,30.45,7.6
-8.1,-79.5,2023-02,PER,fishing,2,0.57,8.09,10.52,5.21,7.0
-8.5,-79.2,2023-01,,other_purse_seines,1,0.24,8.78,4.82,6.2,8.1
-7.4,-80.0,2023-01,PER,other_purse_seines,32,21.2448,23.18,23.5,136.17,8.9
-8.8,-80.0,2023-01,PER,other_purse_seines,1,0.76,3.08,0.0,16.51,6.5
-12.8,-77.0,2023-01,SSD,tuna_purse_seines,1,1.7,3.8,4.42,19.61,6.7
-17.8,-71.5,2023-02,PER,fishing,1,0.39,6.27,0.0,6.09,7.7
-12.3,-77.3,2023-02,HND,other_purse_seines,1,1.05,0.0,0.0,6.42,7.1
-15.8,-76.1,2023-03,,pole_and_line,1,12.22,15.79,13.32,11.68,8.0
-12.0,-77.2,2023-03,PER,other_purse_seines,25,21.2448,19.74,18.59,380.28,10.0
-16.9,-77.6,2023-03,PER,other_purse_seines,1,1.77,3.55,6.19,11.23,8.6
-6.3,-81.0,2023-01,PER,other_purse_seines,38,21.2448,29.9,30.2,225.03,8.9
-9.4,-78.7,2023-01,PER,purse_seines,2,2.05,3.61,8.08,8.23,7.0
-8.8,-79.2,2023-01,PER,other_purse_seines,1,0.94,6.54,8.02,12.19,7.3
-7.7,-79.8,2023-02,PER,tuna_purse_seines,1,4.68,17.58,20.66,17.0,7.1
-7.2,-80.0,2023-01,PER,pole_and_line,1,2.29,0.61,0.0,9.88,9.2
-8.7,-79.8,2023-03,PER,other_purse_seines,1,1.66,7.37,5.97,4.95,6.8
-10.8,-78.0,2023-01,PER,tuna_purse_seines,1,0.14,10.14,12.95,7.88,7.8
-14.5,-78.1,2023-03,PER,tuna_purse_seines,1,0.16,3.43,1.87,3.45,7.1
-12.2,-77.5,2023-03,PER,fishing,1,3.27,3.99,12.78,36.09,6.9
-12.5,-77.4,2023-01,PER,other_purse_seines,1,0.29,0.0,5.94,8.61,7.3
-13.3,-76.6,2023-01,PER,other_purse_seines,22,21.2448,27.85,27.79,85.82,8.7
-16.8,-78.5,2023-03,PER,other_purse_seines,1,3.47,8.59,15.04,38.11,7.8
-11.7,-77.7,2023-01,ECU,tuna_purse_seines,1,0.26,4.1,3.49,7.09,7.7
-16.7,-76.7,2023-03,PER,tuna_purse_seines,2,8.13,13.13,18.83,31.13,7.4
-8.3,-79.4,2023-03,PER,other_purse_seines,1,0.34,2.97,4.39,3.42,6.9
-12.7,-76.8,2023-02,PER,other_purse_seines,4,2.48,13.12,8.36,20.03,7.1
-14.1,-77.4,2023-02,PER,other_purse_seines,1,4.3,2.14,8.74,25.69,10.3
-14.9,-77.1,2023-03,,pole_and_line,1,0.2,11.49,11.43,2.09,6.6
-3.9,-82.0,2023-02,PER,other_purse_seines,1,0.57,9.75,9.88,7.2,
-16.9,-77.5,2023-03,ECU,tuna_purse_seines,1,2.94,7.68,9.79,50.73,6.9
-7.8,-79.7,2023-02,PER,purse_seines,5,7.91,16.1,18.47,25.36,
-14.7,-76.1,2023-01,PER,other_purse_seines,9,6.06,16.1,13.74,57.83,8.1
-10.0,-79.0,2023-03,PER,other_purse_seines,1,0.42,2.56,2.88,7.94,6.6
-13.3,-76.5,2023-01,HND,other_purse_seines,1,3.42,1.94,4.95,38.96,7.3
-8.2,-79.4,2023-01,PER,purse_seines,1,2.32,3.35,1.09,14.52,8.0
-15.2,-77.7,2023-02,PER,pole_and_line,1,2.99,7.09,7.84,5.53,7.5
-14.5,-77.0,2023-03,AIA,purse_seines,1,1.29,12.17,15.44,3.74,
-10.1,-78.4,2023-02,PER,tuna_purse_seines,1,5.48,6.97,13.06,20.15,7.9
-13.6,-77.7,2023-01,PER,pole_and_line,1,0.95,2.76,0.0,17.17,7.2
-7.7,-79.8,2023-03,PER,other_purse_seines,1,0.36,0.0,0.72,12.52,7.1
-11.6,-77.5,2023-02,PER,pole_and_line,1,2.63,6.45,3.45,24.11,7.1
-13.7,-77.6,2023-01,PER,pole_and_line,1,1.5,8.61,0.0,14.45,8.0
-9.3,-78.6,2023-01,PER,fishing,1,3.27,6.01,2.15,12.91,7.4
-7.6,-79.7,2023-01,PER,pole_and_line,1,3.03,0.93,1.64,23.24,8.0
-5.8,-81.3,2023-01,PER,pole_and_line,1,2.17,5.8,2.54,11.53,8.5
-14.6,-77.9,2023-02,PER,other_purse_seines,3,5.07,10.72,6.05,40.64,7.8
-12.5,-77.0,2023-01,PER,pole_and_line,2,2.43,9.71,12.62,13.42,8.0
-13.5,-77.4,2023-01,PER,fishing,1,0.6,0.0,1.55,5.38,8.0
-10.4,-78.2,2023-02,,other_purse_seines,1,2.27,2.82,5.01,26.44,7.3
-8.8,-79.9,2023-03,PER,other_purse_seines,1,2.01,8.42,7.54,8.53,
-8.1,-79.5,2023-01,PER,tuna_purse_seines,2,0.46,5.72,7.61,4.21,6.9
-12.0,-77.9,2023-01,PER,other_purse_seines,1,0.52,10.07,8.94,6.83,6.9
-12.2,-78.6,2023-02,PER,fishing,1,2.36,5.73,4.04,26.54,7.2
-13.5,-76.5,2023-01,PER,pole_and_line,1,1.0,5.26,6.38,5.92,8.7
-6.6,-80.5,2023-01,PER,other_purse_seines,28,21.2448,27.97,27.01,52.51,9.5
-7.4,-79.9,2023-03,PER,other_purse_seines,1,0.47,5.54,6.12,17.99,6.8
-13.0,-77.1,2023-02,PER,other_purse_seines,1,1.48,9.03,6.08,7.9,8.6
-12.8,-76.9,2023-02,PER,other_purse_seines,2,1.98,5.93,11.84,18.92,8.7
-14.4,-76.9,2023-01,PER,set_longlines,1,0.88,3.99,6.86,8.8,8.5
-7.5,-79.9,2023-01,PER,tuna_purse_seines,9,21.2448,30.95,25.92,81.66,9.3
-14.8,-77.8,2023-02,PER,other_purse_seines,7,19.14,28.8,25.48,95.27,8.6
-15.9,-77.4,2023-03,PER,tuna_purse_seines,1,2.12,9.98,7.93,17.57,
-7.5,-80.0,2023-02,PER,other_purse_seines,11,21.2448,29.38,26.0,94.1,8.9
-9.5,-78.5,2023-01,PER,fishing,1,2.34,4.69,5.74,15.09,6.8
-11.0,-77.8,2023-01,PER,fishing,1,0.99,8.54,9.07,8.73,6.6
-14.2,-77.4,2023-02,PER,other_purse_seines,1,0.24,11.7,11.1,3.54,7.1
-12.6,-76.8,2023-02,PER,other_purse_seines,16,21.2448,36.3,35.52,148.41,9.0
-12.4,-77.0,2023-01,PER,inconclusive,1,1.75,5.86,0.0,13.58,8.1
-7.5,-84.0,2023-03,ECU,tuna_purse_seines,1,0.21,3.52,0.0,7.91,7.0
-15.5,-77.5,2023-02,PER,other_purse_seines,7,16.12,20.27,24.87,207.26,8.9
-15.5,-79.0,2023-02,ECU,tuna_purse_seines,1,6.31,13.14,10.42,19.19,7.1
-9.0,-79.2,2023-02,PER,other_purse_seines,1,3.66,10.0,4.1,26.03,7.5
-6.9,-80.2,2023-01,PER,tuna_purse_seines,5,7.56,15.79,18.59,61.99,
-13.5,-76.4,2023-01,PER,other_purse_seines,8,11.37,18.1,16.63,49.91,7.9
-12.0,-77.5,2023-01,PER,pole_and_line,1,0.29,4.41,12.81,23.38,7.6
-11.7,-77.4,2023-01,PER,purse_seines,3,21.2448,32.17,31.36,109.23,10.8
-13.7,-77.8,2023-02,PER,other_purse_seines,1,0.52,3.25,2.29,6.49,6.9
-7.0,-79.9,2023-02,PER,purse_seines,2,2.15,4.0,5.48,15.08,
-15.4,-77.9,2023-02,PER,other_purse_seines,5,15.9,22.34,28.7,86.61,8.9
-7.9,-79.5,2023-01,PER,pole_and_line,1,2.68,9.1,0.0,7.57,6.9
-13.9,-78.1,2023-02,PER,fishing,1,1.55,8.76,3.91,13.04,8.0
-12.0,-77.3,2023-01,PER,pole_and_line,2,11.81,22.95,22.7,71.75,8.1
-3.8,-82.5,2023-02,PER,other_purse_seines,1,0.18,6.07,0.51,5.73,7.7
-15.1,-76.9,2023-03,PER,pole_and_line,1,5.88,7.1,6.74,8.94,7.8
-7.4,-79.7,2023-01,AIA,purse_seines,1,3.91,8.61,3.49,8.69,6.8
-12.0,-78.5,2023-02,PER,other_purse_seines,1,2.49,13.63,9.73,25.14,7.1
-7.6,-79.7,2023-01,HND,other_purse_seines,1,5.27,6.34,4.19,50.54,
-14.1,-76.6,2023-01,PER,other_purse_seines,11,11.99,15.64,12.94,38.35,
-15.0,-77.0,2023-03,PER,tuna_purse_seines,1,4.67,12.63,6.26,43.06,7.7
-7.5,-80.0,2023-02,PER,purse_seines,6,13.4,5.75,14.55,46.31,8.7
-5.7,-81.1,2023-01,PER,pole_and_line,1,0.09,5.6,8.86,7.7,6.8
-15.0,-77.0,2023-02,PER,other_purse_seines,2,1.97,9.33,8.72,11.62,6.9
-12.3,-77.3,2023-01,PER,inconclusive,1,0.55,8.38,4.47,9.62,7.3
-13.9,-76.5,2023-01,PER,other_purse_seines,21,21.2448,28.88,30.05,79.08,8.7
-14.7,-77.9,2023-02,PER,other_purse_seines,3,4.24,10.62,4.76,22.85,7.4
-9.7,-78.8,2023-02,PER,tuna_purse_seines,1,0.4,2.72,2.63,3.71,6.7
-13.3,-76.8,2023-01,PER,inconclusive,1,1.44,5.42,8.85,13.55,9.4
-8.1,-79.3,2023-03,PER,other_purse_seines,1,1.24,5.65,5.04,36.75,
-15.3,-76.6,2023-03,,pole_and_line,1,1.97,9.98,8.54,16.81,
-9.3,-78.7,2023-01,PER,other_purse_seines,22,21.2448,29.4,30.43,325.14,8.8
-11.0,-78.0,2023-03,PER,other_purse_seines,2,2.95,6.58,0.53,20.08,7.0
-14.2,-77.6,2023-01,PER,fishing,1,5.84,13.69,14.53,35.55,9.0
-10.4,-78.1,2023-01,PER,tuna_purse_seines,3,4.43,7.21,10.97,36.11,7.7
-11.6,-77.8,2023-01,PER,set_longlines,1,4.97,3.56,8.64,29.88,6.9
-12.2,-77.2,2023-01,PER,inconclusive,1,2.66,6.22,14.18,54.33,
-13.8,-78.2,2023-02,PER,fishing,1,2.36,11.22,0.0,23.48,7.2
-6.7,-81.0,2023-01,PER,other_purse_seines,17,21.2448,29.75,36.96,111.4,
-6.1,-83.0,2023-01,PAN,tuna_purse_seines,1,1.63,4.83,4.32,8.22,7.0
-13.3,-76.4,2023-01,PER,inconclusive,1,7.6,16.55,14.15,26.29,8.8
-14.6,-76.1,2023-01,PER,other_purse_seines,8,10.82,18.7,30.23,108.74,8.7
-16.6,-78.1,2023-02,PER,tuna_purse_seines,1,5.41,10.85,9.87,35.16,7.8
-12.1,-77.1,2023-01,PER,inconclusive,1,2.08,8.0,2.39,48.13,7.5
-15.5,-77.6,2023-02,HND,other_purse_seines,1,6.16,10.7,11.42,52.66,7.5
-16.8,-72.8,2023-01,PER,other_purse_seines,1,0.69,6.27,13.69,5.51,
-13.8,-77.9,2023-02,PER,other_purse_seines,1,0.95,0.37,4.53,8.61,7.3
-11.8,-77.6,2023-01,PER,tuna_purse_seines,1,0.48,3.34,12.78,7.92,8.9
-10.9,-78.0,2023-01,AIA,purse_seines,1,0.89,2.53,3.57,16.78,6.7
-12.4,-77.1,2023-01,SSD,tuna_purse_seines,1,1.75,7.89,3.93,13.33,
-7.2,-80.1,2023-01,PER,other_purse_seines,12,11.21,16.05,13.56,57.87,8.4
-7.1,-79.9,2023-01,PER,fishing,1,3.93,3.52,0.0,34.21,8.0
-3.5,-81.3,2023-02,PER,other_purse_seines,2,1.07,7.06,13.76,6.7,8.4
-3.7,-81.4,2023-01,ECU,tuna_purse_seines,1,5.34,9.84,9.89,18.5,
-12.8,-77.1,2023-01,PER,other_purse_seines,3,1.87,6.64,5.0,6.9,
-11.9,-77.8,2023-03,PER,other_purse_seines,1,3.19,4.89,5.55,22.77,7.0
-13.0,-76.9,2023-01,PER,other_purse_seines,24,21.2448,25.18,32.12,151.73,8.6
-9.4,-82.4,2023-02,ECU,tuna_purse_seines,1,0.2,12.18,3.27,7.99,6.9
-8.5,-78.9,2023-03,PER,inconclusive,1,0.3,0.0,5.74,7.79,7.2
-7.2,-79.8,2023-01,PER,pole_and_line,1,0.29,4.95,10.35,3.17,7.5
-14.8,-77.9,2023-02,HND,other_purse_seines,1,1.0,1.82,4.65,6.85,7.7
-15.1,-75.9,2023-03,PER,other_purse_seines,1,1.56,12.3,2.89,5.08,
-16.7,-78.1,2023-03,ECU,tuna_purse_seines,1,1.59,11.93,7.7,8.63,9.2
-16.2,-78.6,2023-03,,purse_seines,1,5.38,18.86,13.21,49.64,8.5
-7.6,-79.7,2023-02,,other_purse_seines,2,4.15,14.95,5.41,58.14,7.8
-6.4,-81.1,2023-01,PER,other_purse_seines,2,1.75,0.61,6.34,9.82,7.7
-12.5,-77.6,2023-02,PER,other_purse_seines,1,2.03,3.09,3.06,15.28,6.6
-7.2,-79.8,2023-02,PER,tuna_purse_seines,2,2.23,6.86,7.32,9.02,7.4
-12.6,-77.1,2023-01,SSD,tuna_purse_seines,1,1.27,4.09,0.0,5.98,6.5
-10.1,-81.4,2023-02,PAN,tuna_purse_seines,1,0.15,0.0,2.73,17.65,6.5
-13.3,-76.4,2023-02,PER,other_purse_seines,1,0.09,3.1,2.55,6.0,8.0
-6.5,-80.9,2023-01,PER,other_purse_seines,12,21.2448,26.92,27.91,102.33,8.8
-9.9,-78.5,2023-01,PER,tuna_purse_seines,2,3.63,5.96,8.32,30.92,7.3
-12.2,-77.5,2023-01,PER,other_purse_seines,1,1.03,8.65,6.45,7.7,
-7.3,-80.1,2023-01,PER,other_purse_seines,20,21.2448,28.3,30.29,62.34,9.5
-15.1,-77.4,2023-02,PER,other_purse_seines,3,4.68,10.07,3.36,57.95,7.4
-3.4,-81.5,2023-02,PER,other_purse_seines,1,0.74,1.34,6.58,3.26,7.1
-9.2,-78.7,2023-01,HND,other_purse_seines,1,0.26,6.5,12.9,6.35,
-9.6,-78.5,2023-01,,other_purse_seines,1,1.67,0.74,4.44,9.47,6.8
-11.1,-77.8,2023-03,PER,other_purse_seines,1,8.41,11.18,13.1,59.02,
-7.3,-79.7,2023-01,PER,fishing,1,3.33,3.92,11.73,19.82,6.9
-5.6,-81.6,2023-03,ECU,fishing,1,2.0,4.38,4.66,40.1,7.3
-8.1,-79.7,2023-01,HND,other_purse_seines,1,2.33,4.11,3.96,7.82,7.7
-6.7,-80.9,2023-01,PER,purse_seines,2,4.78,9.47,11.31,41.36,
-16.5,-78.3,2023-03,ECU,tuna_purse_seines,2,1.74,4.62,3.78,14.86,7.5
-15.5,-76.7,2023-03,,pole_and_line,1,2.56,5.85,4.77,12.05,7.6
-9.0,-78.9,2023-01,PER,tuna_purse_seines,1,1.22,3.73,4.85,35.34,
-14.9,-76.6,2023-03,PER,pole_and_line,1,0.47,8.0,5.24,3.9,9.0
-13.1,-76.5,2023-01,PER,other_purse_seines,1,1.86,7.51,8.64,8.96,7.5
-6.2,-81.0,2023-01,PER,purse_seines,2,2.66,10.39,9.86,19.22,8.7
-7.9,-79.9,2023-02,PER,tuna_purse_seines,4,19.42,23.52,23.13,72.95,8.0
-12.0,-77.1,2023-03,PER,tuna_purse_seines,2,11.16,17.57,21.72,71.92,7.8
-6.7,-80.3,2023-01,PER,purse_seines,2,0.86,0.85,3.54,7.31,7.2
-12.8,-76.8,2023-01,PER,inconclusive,1,1.29,13.26,20.4,8.86,
-11.9,-79.4,2023-02,PER,tuna_purse_seines,1,0.34,5.24,0.0,6.61,8.4
-16.9,-76.8,2023-03,,purse_seines,1,1.61,5.99,0.2,17.55,7.7
-16.5,-77.9,2023-03,ECU,tuna_purse_seines,1,1.4,7.34,3.76,6.91,7.2
-11.6,-77.5,2023-01,,other_purse_seines,3,3.53,3.58,1.62,18.51,7.7
-15.0,-75.6,2023-01,PER,purse_seines,1,0.95,7.58,7.1,4.08,7.8
-14.4,-77.8,2023-02,PER,pole_and_line,1,3.31,4.42,13.03,37.4,8.4
-14.4,-77.4,2023-02,PER,pole_and_line,1,0.68,8.81,13.2,15.91,8.1
-13.0,-77.2,2023-03,PER,other_purse_seines,1,0.15,9.19,5.42,3.65,7.8
-10.3,-78.7,2023-01,HND,other_purse_seines,1,0.2,9.37,11.39,11.4,8.2
-6.7,-80.5,2023-01,PER,purse_seines,1,0.45,0.18,9.94,5.89,7.1
-6.8,-81.0,2023-01,PER,other_purse_seines,6,12.33,24.65,25.63,105.01,8.4
-9.1,-80.7,2023-01,PER,tuna_purse_seines,1,5.71,5.62,7.85,29.96,6.9
-14.7,-77.8,2023-02,HND,other_purse_seines,1,1.71,4.66,10.47,10.41,7.6
-12.2,-78.2,2023-02,PER,pole_and_line,1,1.23,2.58,0.89,8.98,7.5
-13.4,-76.2,2023-03,,other_purse_seines,1,0.47,0.0,0.0,4.38,7.9
-9.4,-81.2,2023-01,PER,tuna_purse_seines,1,3.09,3.82,0.57,12.61,
-12.3,-78.5,2023-02,PER,pole_and_line,1,5.54,11.56,9.91,20.4,
-12.7,-77.0,2023-01,PER,other_purse_seines,40,21.2448,28.03,34.15,148.9,8.5
-15.6,-77.9,2023-02,PER,other_purse_seines,1,0.15,3.52,8.95,5.32,6.5
-12.0,-77.1,2023-02,PER,other_purse_seines,14,21.2448,25.67,23.37,129.06,8.8
-8.3,-79.1,2023-01,GBR,other_purse_seines,1,6.22,7.63,7.58,38.34,7.4
-15.6,-75.4,2023-03,PER,other_purse_seines,1,0.8,10.57,5.89,10.15,7.5
-15.9,-77.3,2023-02,ECU,tuna_purse_seines,1,0.99,4.63,3.8,10.24,7.5
-12.7,-77.1,2023-01,PER,pole_and_line,2,0.72,1.18,0.0,18.63,7.5
-17.4,-72.0,2023-02,PER,other_purse_seines,1,0.28,3.55,0.0,5.18,7.4
-11.1,-78.1,2023-01,AIA,purse_seines,1,0.42,10.94,11.33,8.0,6.7
-12.9,-76.9,2023-01,PER,inconclusive,1,2.55,4.49,7.4,28.37,7.8
-14.2,-77.2,2023-02,PER,pole_and_line,1,3.86,2.34,7.29,42.41,
-14.2,-77.3,2023-01,PER,set_gillnets,1,1.77,12.95,11.36,19.88,
-15.2,-77.4,2023-02,AIA,purse_seines,1,0.12,2.39,1.93,13.14,7.3
-17.9,-71.4,2023-01,,other_purse_seines,2,8.25,14.33,23.24,89.4,8.5
-14.4,-77.5,2023-02,,pole_and_line,1,1.86,10.38,8.66,24.07,7.4
-7.0,-80.8,2023-01,PER,other_purse_seines,1,0.1,1.88,3.08,6.59,6.6
-6.6,-80.7,2023-01,PER,purse_seines,1,2.17,9.02,9.68,8.87,6.8
-12.6,-76.9,2023-01,AIA,purse_seines,1,0.73,14.46,10.16,4.29,7.6
-12.1,-77.3,2023-02,PER,other_purse_seines,4,5.8,14.09,18.07,23.78,7.4
-9.5,-78.7,2023-02,PER,other_purse_seines,18,21.2448,26.16,19.86,86.84,8.9
-14.2,-77.5,2023-01,PER,set_gillnets,1,3.9,12.97,9.25,52.89,8.2
-12.7,-77.8,2023-02,PER,other_purse_seines,1,3.2,15.07,11.1,30.49,7.4
-13.2,-76.5,2023-01,PER,other_purse_seines,16,21.2448,22.45,19.36,67.31,8.9
-9.5,-79.6,2023-03,PER,other_purse_seines,1,0.23,5.19,1.81,11.92,6.7
-16.8,-77.0,2023-03,ECU,tuna_purse_seines,2,13.36,22.55,13.27,69.54,8.2
-14.4,-77.9,2023-02,PER,other_purse_seines,1,1.7,4.41,9.72,10.05,8.0
-13.0,-77.8,2023-01,PER,pole_and_line,1,4.9,8.5,9.78,22.65,7.3
-6.8,-80.1,2023-01,PER,purse_seines,1,1.58,6.41,9.31,31.85,8.6
-8.2,-79.7,2023-01,HND,other_purse_seines,1,0.38,7.89,12.1,4.56,7.7
-14.6,-77.6,2023-02,PER,pole_and_line,1,6.14,9.66,11.68,22.86,7.7
-12.8,-77.8,2023-02,PER,purse_seines,1,0.1,0.75,2.07,2.61,9.1
-10.7,-77.9,2023-01,PER,purse_seines,1,2.66,0.0,10.17,18.14,7.1
-12.3,-77.4,2023-02,PER,other_purse_seines,1,1.24,5.21,0.0,14.05,6.6
-11.8,-77.4,2023-03,PER,pole_and_line,1,3.3,11.94,19.53,6.55,7.8
-12.0,-77.2,2023-03,PER,purse_seines,1,2.45,3.82,0.0,34.11,
-4.1,-82.4,2023-03,ECU,tuna_purse_seines,1,2.31,12.62,10.34,13.19,6.8
-7.5,-79.8,2023-02,PER,purse_seines,2,5.3,5.44,9.33,38.0,7.5
-8.0,-79.4,2023-01,GBR,other_purse_seines,1,12.58,14.44,19.52,35.57,10.5
-6.9,-80.1,2023-01,PER,other_purse_seines,38,21.2448,28.31,26.04,73.56,9.3
-7.0,-80.0,2023-02,PER,other_purse_seines,1,0.59,3.55,3.42,11.92,6.9
-12.4,-80.3,2023-02,PER,tuna_purse_seines,1,4.15,13.3,12.4,25.03,8.1
-14.6,-76.9,2023-03,PER,tuna_purse_seines,1,2.39,3.99,2.67,14.29,7.3
-14.3,-76.5,2023-01,PER,other_purse_seines,1,0.86,0.98,0.17,18.64,7.7
-6.4,-81.0,2023-01,PER,purse_seines,1,1.05,0.0,4.25,28.04,6.9
-6.9,-80.3,2023-01,PER,purse_seines,6,8.81,17.71,19.15,26.9,7.5
-16.9,-78.1,2023-03,ECU,tuna_purse_seines,2,5.23,16.41,8.41,29.44,7.3
-7.0,-79.9,2023-01,PER,tuna_purse_seines,2,2.48,4.97,10.16,29.82,7.2
-9.5,-82.2,2023-02,PER,tuna_purse_seines,2,1.72,8.94,9.28,20.77,7.6
-14.5,-77.5,2023-02,PER,other_purse_seines,7,17.04,23.52,16.95,61.91,9.4
-8.5,-79.6,2023-01,PER,purse_seines,1,0.52,10.7,12.02,13.67,6.9
-11.2,-77.8,2023-03,PER,other_purse_seines,1,1.18,7.18,3.56,18.36,7.5
-9.1,-78.7,2023-01,HND,other_purse_seines,1,0.22,4.93,10.29,13.72,6.5
-15.2,-77.4,2023-02,PER,other_purse_seines,2,6.18,2.79,8.1,39.19,8.5
-10.1,-78.3,2023-02,PER,purse_seines,3,10.9,18.31,20.37,29.51,8.0
-12.1,-77.5,2023-01,PER,other_purse_seines,1,0.43,0.0,8.59,17.24,7.1
-6.9,-80.5,2023-01,PER,purse_seines,2,4.06,5.54,7.57,11.7,8.1
-14.2,-77.4,2023-01,PER,fishing,1,0.12,4.59,6.74,5.6,8.8
-7.8,-79.8,2023-02,PER,tuna_purse_seines,1,1.28,9.02,2.95,9.41,7.4
-13.9,-77.3,2023-03,PER,tuna_purse_seines,1,4.22,7.95,5.47,21.38,7.9
-12.4,-79.1,2023-03,PER,pole_and_line,1,9.05,19.6,27.25,94.97,7.6
-17.2,-78.1,2023-03,,purse_seines,1,2.43,8.13,3.51,9.62,7.3
-9.1,-78.8,2023-01,,other_purse_seines,3,5.45,10.25,10.67,14.8,7.3
-3.8,-81.4,2023-03,ECU,fishing,1,3.03,8.41,3.89,15.43,7.4
-12.0,-77.5,2023-02,,other_purse_seines,2,4.78,13.1,9.91,18.03,7.7
-17.2,-72.0,2023-02,PER,other_purse_seines,5,21.2448,29.84,31.11,94.4,9.1
-5.0,-81.1,2023-01,PER,inconclusive,1,0.88,7.04,10.06,9.55,7.6
-8.1,-79.5,2023-01,,other_purse_seines,1,0.03,3.47,1.07,4.58,7.4
-14.5,-77.5,2023-03,PER,tuna_purse_seines,1,5.4,4.99,11.06,36.83,9.5
-11.9,-77.3,2023-03,PER,pole_and_line,1,17.29,20.8,23.14,98.22,9.1
-12.2,-77.3,2023-02,PER,other_purse_seines,1,0.25,5.34,14.23,5.21,7.1
-8.2,-79.0,2023-02,PER,inconclusive,1,0.54,1.59,0.0,9.12,7.9
-8.1,-79.3,2023-01,,other_purse_seines,3,21.2448,25.61,23.56,212.87,10.5
-17.8,-77.5,2023-03,ECU,tuna_purse_seines,1,0.17,3.58,5.62,4.52,6.8
-14.1,-76.5,2023-03,,pole_and_line,1,1.79,12.65,0.49,10.26,8.8
-16.8,-77.1,2023-03,PER,other_purse_seines,1,8.07,13.45,14.45,47.85,7.6
-12.3,-76.9,2023-01,PER,inconclusive,1,21.2448,31.89,34.6,47.11,
-12.6,-77.0,2023-01,PER,other_purse_seines,44,21.2448,28.23,36.77,103.29,9.7
-10.4,-78.2,2023-01,PER,other_purse_seines,35,21.2448,28.67,24.26,108.91,9.4
-14.8,-76.0,2023-01,,other_purse_seines,1,1.31,1.46,0.0,7.45,7.5
-16.0,-77.9,2023-03,ECU,tuna_purse_seines,3,9.75,20.8,14.89,18.73,8.0
-9.3,-78.6,2023-01,,other_purse_seines,3,3.85,3.26,7.71,30.82,7.6
-11.7,-77.3,2023-03,PER,other_purse_seines,1,0.76,3.92,7.66,11.91,7.4
-12.6,-77.7,2023-02,PER,set_longlines,1,0.19,0.0,4.2,3.13,8.1
-3.7,-81.6,2023-02,PAN,tuna_purse_seines,1,9.32,13.9,13.86,101.11,7.2
-11.3,-77.9,2023-03,PER,other_purse_seines,1,14.45,20.42,20.02,34.13,7.6
-17.5,-77.6,2023-03,,purse_seines,1,1.45,6.38,4.06,27.74,7.5
-6.2,-81.0,2023-01,PER,other_purse_seines,17,21.2448,35.13,27.18,163.78,8.7
-7.5,-79.8,2023-01,PER,fishing,2,15.09,25.05,20.06,57.38,7.9
-15.3,-77.3,2023-02,PER,other_purse_seines,4,6.79,13.94,4.89,19.15,8.0
-14.8,-76.0,2023-01,PER,other_purse_seines,23,21.2448,24.06,27.13,246.44,9.8
-8.3,-79.1,2023-01,,other_purse_seines,3,17.83,16.88,25.6,67.36,8.5
-9.4,-78.8,2023-03,PER,other_purse_seines,1,1.49,4.26,1.9,5.41,7.1
-14.5,-77.0,2023-03,PER,tuna_purse_seines,1,4.63,13.73,9.05,66.84,
-11.8,-77.3,2023-03,PER,pole_and_line,1,1.47,5.61,1.24,14.61,7.8
-6.6,-81.0,2023-01,PER,other_purse_seines,12,20.52,27.12,30.05,109.43,8.4
-7.5,-79.9,2023-02,PER,purse_seines,6,5.93,9.02,5.1,50.45,7.6
-13.0,-76.6,2023-02,PER,other_purse_seines,1,0.36,3.18,11.02,7.04,7.5
-3.8,-81.3,2023-01,ECU,tuna_purse_seines,1,3.11,3.99,0.0,20.96,
-12.2,-77.1,2023-01,PER,pole_and_line,2,4.78,11.21,14.41,10.84,7.5
-10.6,-79.4,2023-03,PER,other_purse_seines,2,0.64,12.39,6.28,5.92,8.0
-16.8,-77.6,2023-03,PER,other_purse_seines,1,0.99,5.62,2.49,6.64,6.9
-13.7,-76.5,2023-01,PER,other_purse_seines,21,21.2448,26.11,35.47,103.6,8.9
-17.8,-77.0,2023-03,ECU,tuna_purse_seines,1,0.76,5.67,0.08,8.02,6.4
-7.0,-80.0,2023-02,PER,purse_seines,2,8.49,19.4,19.36,59.18,8.5
-11.2,-78.2,2023-01,PER,other_purse_seines,2,1.62,4.29,6.73,14.61,7.3
-6.8,-80.6,2023-01,PER,purse_seines,4,10.66,19.55,23.41,39.2,9.2
-15.1,-75.5,2023-01,,other_purse_seines,2,6.28,18.69,17.81,18.88,7.9
-11.5,-77.6,2023-01,PER,purse_seines,1,0.2,2.39,3.78,9.29,7.4
-14.5,-77.6,2023-02,AIA,purse_seines,1,2.31,7.54,0.61,21.29,6.7
-8.5,-79.1,2023-01,PER,purse_seines,2,2.86,10.01,8.82,27.13,7.3
-14.0,-77.5,2023-02,PER,other_purse_seines,1,1.54,9.61,16.38,21.16,7.2
-7.1,-80.1,2023-01,PER,other_purse_seines,35,21.2448,32.8,35.73,68.83,8.3
-8.2,-79.6,2023-02,AIA,purse_seines,1,3.09,5.41,2.27,11.44,6.7
-6.9,-80.0,2023-01,PER,purse_seines,3,5.13,15.15,18.22,46.26,8.2
-8.4,-79.1,2023-01,,other_purse_seines,3,14.2,14.43,15.49,74.67,8.3
-6.9,-80.4,2023-01,PER,purse_seines,3,6.09,5.76,5.93,42.75,8.2
-9.5,-78.6,2023-01,PER,purse_seines,6,6.42,16.47,12.15,21.63,7.1
-12.4,-76.9,2023-01,PER,inconclusive,1,1.75,8.61,10.45,9.65,7.6
-15.3,-77.8,2023-02,PER,other_purse_seines,13,21.2448,28.02,26.97,49.69,8.5
-16.3,-78.2,2023-02,ECU,tuna_purse_seines,1,4.23,1.48,6.3,17.95,7.3
-12.2,-77.1,2023-01,SSD,tuna_purse_seines,1,0.26,0.64,2.23,6.14,6.8
-9.4,-78.6,2023-01,,other_purse_seines,1,0.19,6.17,3.63,3.56,7.0
-8.4,-79.0,2023-01,GBR,other_purse_seines,1,5.9,12.07,10.91,29.88,
-13.3,-77.0,2023-01,HND,other_purse_seines,1,3.18,10.37,4.76,36.23,7.4
-14.6,-76.1,2023-01,,other_purse_seines,1,3.29,8.37,11.14,14.68,7.5
-8.2,-79.2,2023-01,HND,other_purse_seines,1,9.02,17.42,13.54,39.03,7.6
-10.5,-78.1,2023-02,,other_purse_seines,1,4.81,11.44,13.44,9.66,7.3
-12.5,-76.9,2023-01,PER,other_purse_seines,39,21.2448,32.18,26.91,122.75,10.4
-8.1,-79.4,2023-01,,other_purse_seines,3,4.23,5.94,5.75,55.99,6.8
-13.4,-77.1,2023-03,PER,purse_seines,1,11.53,23.43,12.41,34.48,7.8
-6.5,-81.6,2023-02,PER,other_purse_seines,1,0.98,0.05,4.3,7.04,8.8
-14.4,-77.4,2023-02,PER,other_purse_seines,1,0.4,2.22,9.91,10.25,
-16.8,-77.5,2023-03,ECU,tuna_purse_seines,1,2.97,3.47,5.62,22.83,6.8
-7.9,-79.4,2023-02,,other_purse_seines,1,0.33,4.62,5.9,8.71,6.6
-11.9,-77.4,2023-03,PER,pole_and_line,1,0.76,6.94,2.38,7.19,7.2
-16.7,-77.2,2023-03,PER,tuna_purse_seines,1,0.89,3.2,0.74,16.72,7.2
-10.4,-78.4,2023-03,PER,other_purse_seines,1,1.58,11.27,11.04,11.93,6.6
-6.9,-80.6,2023-01,PER,other_purse_seines,23,21.2448,20.91,19.65,68.23,8.2
-12.3,-77.2,2023-01,PER,tuna_purse_seines,1,2.63,15.54,6.55,21.55,8.1
-6.0,-81.4,2023-01,PER,other_purse_seines,10,15.78,21.7,27.78,179.23,8.0
-10.1,-79.9,2023-03,PER,other_purse_seines,1,0.1,8.94,8.05,3.0,6.6
-13.0,-76.9,2023-02,,other_purse_seines,1,1.85,5.37,10.52,8.67,
-11.5,-77.7,2023-01,PER,set_longlines,1,1.59,2.84,3.12,36.16,6.6
-7.8,-79.6,2023-02,,other_purse_seines,1,0.08,7.08,0.0,12.31,7.7
-7.7,-79.7,2023-01,HND,other_purse_seines,1,1.19,4.31,5.44,9.56,7.1
-11.8,-77.9,2023-03,PER,other_purse_seines,1,0.11,1.12,3.39,10.54,
-15.2,-75.4,2023-03,PER,other_purse_seines,1,1.66,9.29,13.3,8.66,8.3
-6.7,-80.3,2023-02,PER,other_purse_seines,1,0.77,11.59,0.59,3.45,6.8
-17.0,-78.3,2023-03,ECU,tuna_purse_seines,3,10.73,15.01,11.98,49.06,8.1
-10.9,-78.2,2023-01,PER,other_purse_seines,10,21.2448,37.44,43.15,157.99,9.6
-10.8,-81.3,2023-02,PAN,tuna_purse_seines,1,0.12,1.49,3.96,4.14,6.9
-15.2,-77.9,2023-02,PER,other_purse_seines,2,4.89,2.35,7.27,38.38,10.4
-14.3,-76.6,2023-03,,pole_and_line,1,0.82,0.0,5.2,4.13,7.1
-8.0,-79.7,2023-02,PER,other_purse_seines,19,21.2448,38.45,32.51,125.94,10.8
-18.3,-70.7,2023-01,,other_purse_seines,1,3.31,5.66,5.08,14.97,6.7
-8.0,-79.4,2023-01,PER,tuna_purse_seines,4,7.47,14.44,12.15,84.26,8.1
-3.5,-80.8,2023-02,PER,other_purse_seines,1,0.29,0.0,0.0,13.9,9.1
-11.6,-77.8,2023-03,PER,other_purse_seines,1,1.17,9.19,6.04,7.06,7.2
-12.9,-79.4,2023-03,PER,tuna_purse_seines,1,0.22,2.45,0.0,6.41,7.0
-14.1,-77.1,2023-02,,pole_and_line,1,0.93,1.46,0.72,6.82,7.8
-4.0,-83.5,2023-03,ECU,tuna_purse_seines,1,0.14,5.34,1.06,7.23,7.0
-16.2,-77.2,2023-03,PER,tuna_purse_seines,1,8.25,2.78,4.46,49.58,8.4
-3.8,-81.6,2023-02,PER,other_purse_seines,1,0.46,4.5,8.47,7.89,6.7
-7.2,-79.9,2023-01,PER,pole_and_line,1,1.76,6.83,10.6,14.83,7.5
-11.6,-78.4,2023-03,PER,other_purse_seines,1,2.38,6.9,11.28,11.75,6.8
-12.0,-77.6,2023-02,PER,other_purse_seines,1,0.38,3.23,12.21,10.84,7.6
-7.0,-80.3,2023-01,PER,other_purse_seines,2,3.56,0.0,6.08,12.06,7.3
-14.4,-77.3,2023-02,PER,pole_and_line,1,3.36,6.88,2.64,9.75,7.3
-3.6,-81.1,2023-02,PER,other_purse_seines,1,0.35,7.37,7.07,1.57,
-8.4,-79.3,2023-03,PER,other_purse_seines,2,3.77,6.61,5.82,17.1,
-11.5,-77.6,2023-03,PER,other_purse_seines,3,6.97,13.72,14.17,71.44,
-13.5,-77.2,2023-03,PER,other_purse_seines,3,4.77,4.46,4.02,16.2,7.0
-6.7,-80.5,2023-01,PER,other_purse_seines,14,14.12,18.96,20.04,69.45,7.8
-3.5,-81.3,2023-03,ECU,inconclusive,1,0.29,3.0,0.0,4.23,7.0
-14.2,-77.2,2023-02,,pole_and_line,1,2.17,7.75,2.1,17.52,8.5
-12.8,-76.9,2023-01,PER,inconclusive,1,1.35,7.2,11.69,20.28,
-16.6,-77.0,2023-03,PER,other_purse_seines,1,1.2,8.75,5.6,13.06,8.9
-6.7,-80.4,2023-01,PER,purse_seines,6,17.06,25.7,21.42,94.61,8.3
-15.1,-75.7,2023-01,PER,other_purse_seines,3,6.27,14.12,12.2,28.73,
-8.3,-79.1,2023-01,PER,tuna_purse_seines,4,12.2,25.16,25.0,88.42,
-11.6,-77.4,2023-01,,other_purse_seines,3,8.35,13.22,14.18,93.0,
-13.9,-77.0,2023-01,PER,other_purse_seines,2,2.92,6.43,2.95,23.78,7.3
-6.7,-80.8,2023-01,PER,purse_seines,6,18.82,27.86,25.38,62.15,8.3
-13.6,-76.5,2023-01,PER,other_purse_seines,10,9.5,22.06,16.12,59.18,7.9
-12.0,-77.3,2023-01,SSD,tuna_purse_seines,1,1.35,8.3,0.0,13.56,7.4
-12.5,-76.9,2023-01,PER,pole_and_line,2,6.54,7.85,0.52,29.82,7.7
-5.4,-81.2,2023-01,PER,other_purse_seines,2,3.11,11.29,0.66,17.27,7.4
-7.8,-79.5,2023-01,PER,tuna_purse_seines,1,0.93,13.69,15.55,4.22,6.9
-16.3,-77.6,2023-03,PER,other_purse_seines,1,1.23,6.35,2.38,10.62,7.4
-16.7,-78.6,2023-03,ECU,tuna_purse_seines,1,0.12,0.0,0.0,1.2,6.7
-7.7,-79.4,2023-02,,other_purse_seines,1,0.02,0.0,6.67,4.57,8.2
-14.4,-76.6,2023-01,PER,other_purse_seines,1,0.15,0.0,2.77,7.23,8.3
-17.7,-76.5,2023-03,ECU,tuna_purse_seines,1,0.37,4.03,1.17,6.21,
-15.1,-77.9,2023-02,PER,other_purse_seines,1,4.25,5.8,1.9,55.34,
-7.3,-80.6,2023-01,PER,other_purse_seines,1,1.44,6.21,7.02,8.55,7.1
-9.2,-79.0,2023-01,PER,purse_seines,1,1.9,9.39,7.23,36.97,7.0
-8.2,-79.1,2023-02,PER,fishing,1,2.36,1.26,1.07,23.18,6.8
-12.6,-77.3,2023-02,PER,other_purse_seines,1,1.54,0.0,4.68,6.65,8.6
-13.4,-78.3,2023-02,PER,fishing,1,0.74,6.92,6.15,2.85,7.8
-8.0,-79.6,2023-01,PER,purse_seines,2,4.76,12.92,10.14,34.68,7.1
-7.9,-79.7,2023-01,PER,other_purse_seines,13,21.2448,26.7,24.07,59.53,
-14.3,-77.8,2023-02,PER,pole_and_line,1,1.75,6.5,6.87,7.13,7.1
-9.0,-78.7,2023-02,PER,other_purse_seines,1,0.1,0.0,2.09,7.24,7.4
-16.6,-77.1,2023-03,ECU,tuna_purse_seines,1,0.49,2.74,0.64,10.04,7.8
-17.9,-71.3,2023-01,,other_purse_seines,1,5.41,7.35,12.03,27.72,7.7
-11.5,-79.0,2023-03,PER,other_purse_seines,1,0.62,4.92,4.64,6.31,8.8
-14.2,-77.4,2023-01,PER,set_gillnets,1,0.6,0.0,0.0,10.01,7.2
-8.1,-79.6,2023-01,PER,fishing,2,1.86,1.57,5.19,29.94,7.4
-16.6,-73.1,2023-02,PER,other_purse_seines,1,0.09,2.51,4.07,2.7,8.3
-7.6,-79.8,2023-02,PER,tuna_purse_seines,2,2.65,4.25,7.5,31.44,7.7
-14.5,-76.5,2023-01,PER,purse_seines,2,2.05,10.0,0.0,14.59,8.0
-6.5,-82.9,2023-01,PAN,tuna_purse_seines,1,0.39,0.0,1.94,16.52,
-12.9,-76.8,2023-01,PER,inconclusive,1,2.13,0.0,6.63,9.11,7.2
-11.7,-77.3,2023-03,PER,set_longlines,1,0.22,2.56,0.0,8.74,7.8
-10.1,-78.3,2023-02,PER,other_purse_seines,33,21.2448,28.64,32.71,68.3,8.5
-4.1,-81.8,2023-02,PER,other_purse_seines,1,1.18,3.45,8.4,21.97,8.4
-13.4,-76.2,2023-01,PER,other_purse_seines,1,1.04,0.0,4.67,12.17,7.2
-9.7,-80.4,2023-03,ECU,fishing,1,0.54,7.64,17.39,4.41,7.0
-15.5,-77.7,2023-02,PER,other_purse_seines,11,20.3,27.34,30.69,194.74,
-13.5,-76.2,2023-01,,other_purse_seines,3,13.45,27.89,18.57,175.84,8.0
-13.5,-78.1,2023-03,PER,other_purse_seines,1,0.28,9.4,8.32,4.59,7.3
-6.4,-81.8,2023-03,PER,other_purse_seines,1,4.65,7.81,9.08,28.68,8.8
-4.1,-82.4,2023-02,PER,other_purse_seines,1,1.86,8.06,14.57,7.86,7.2
-6.8,-80.2,2023-01,PER,other_purse_seines,42,21.2448,31.81,33.66,133.36,10.4
-14.1,-77.3,2023-03,PER,other_purse_seines,1,1.83,1.93,8.47,17.06,7.0
-11.7,-77.5,2023-01,SSD,tuna_purse_seines,1,1.53,8.24,4.88,21.77,7.4
-16.0,-77.9,2023-03,PER,tuna_purse_seines,1,4.7,10.37,13.03,36.64,6.9
-14.4,-76.8,2023-03,PER,other_purse_seines,1,1.39,6.09,1.32,15.08,8.0
-12.0,-78.7,2023-02,PER,other_purse_seines,1,0.16,9.47,2.44,4.11,8.4
-17.3,-71.9,2023-02,,other_purse_seines,3,8.45,11.85,14.44,24.83,8.0
-17.6,-77.6,2023-03,,purse_seines,1,1.56,3.31,0.0,21.8,7.2
-15.2,-77.4,2023-02,,other_purse_seines,1,2.03,5.72,2.0,32.81,7.3
-14.7,-77.5,2023-02,PER,set_longlines,1,7.12,13.21,10.19,43.85,7.6
-12.6,-76.9,2023-01,,other_purse_seines,7,21.2448,26.29,26.92,90.34,8.9
-5.0,-81.5,2023-02,PER,other_purse_seines,1,1.42,4.82,4.34,20.49,7.0
-14.9,-77.6,2023-02,PER,purse_seines,1,3.96,13.63,7.44,13.24,
-9.6,-78.9,2023-02,PER,other_purse_seines,1,1.43,8.68,6.33,30.69,7.3
-14.4,-77.0,2023-02,PER,set_gillnets,1,2.22,9.7,10.2,19.06,8.3
-11.8,-77.4,2023-01,PER,inconclusive,1,0.71,1.45,5.63,14.59,7.2
-14.6,-77.8,2023-02,PER,tuna_purse_seines,2,6.87,9.9,9.44,65.54,8.9
-10.7,-78.0,2023-01,PER,other_purse_seines,23,21.2448,31.46,29.58,253.26,8.8
-9.8,-78.5,2023-01,PER,fishing,1,3.89,10.5,9.71,28.06,7.4
-14.6,-79.3,2023-03,ECU,tuna_purse_seines,1,6.63,8.84,1.82,17.72,7.5
-14.9,-76.3,2023-03,PER,other_purse_seines,1,1.2,2.86,0.0,9.57,7.6
-13.2,-76.8,2023-01,PER,purse_seines,1,0.55,7.13,5.24,6.14,8.0
-12.7,-79.5,2023-03,PER,fishing,1,1.25,4.95,10.68,23.76,7.0
-13.3,-76.7,2023-01,SSD,tuna_purse_seines,1,3.48,8.45,12.61,23.43,8.0
-12.3,-77.2,2023-01,PER,purse_seines,4,15.04,17.37,16.53,118.89,7.9
-11.5,-77.4,2023-01,PER,pole_and_line,1,0.17,0.25,0.0,4.09,
-7.1,-80.5,2023-01,PER,tuna_purse_seines,2,1.99,11.28,5.25,11.14,7.6
-9.2,-82.9,2023-02,,purse_seines,1,8.15,13.08,12.29,93.16,7.7
-7.6,-79.7,2023-02,AIA,purse_seines,1,0.82,2.17,5.28,12.1,7.9
-14.6,-77.5,2023-02,PER,purse_seines,1,1.63,4.87,0.49,8.76,9.0
-12.2,-77.3,2023-01,PER,purse_seines,2,4.18,3.99,7.2,44.83,9.5
-3.9,-81.4,2023-03,ECU,fishing,1,0.98,7.45,8.4,8.22,
-15.0,-77.2,2023-02,PER,other_purse_seines,9,21.2448,25.59,34.74,114.31,9.4
-13.4,-76.4,2023-03,PER,fishing,1,0.51,8.25,9.37,9.01,6.6
-7.6,-79.6,2023-01,PER,other_purse_seines,48,21.2448,26.33,30.23,221.35,9.2
-13.7,-76.6,2023-01,PER,set_gillnets,1,0.6,4.0,2.98,2.94,7.2
-9.2,-82.5,2023-02,,purse_seines,1,1.84,1.51,0.63,3.99,7.0
-6.2,-81.1,2023-01,PER,tuna_purse_seines,4,8.11,17.84,10.43,27.25,
-13.3,-76.7,2023-01,PER,purse_seines,1,1.42,5.28,9.84,20.4,7.0
-6.5,-81.0,2023-03,PER,other_purse_seines,1,0.73,10.53,10.24,7.24,8.3
-13.9,-76.7,2023-01,PER,other_purse_seines,7,7.81,13.43,19.91,57.6,7.9
-16.9,-78.1,2023-03,PER,tuna_purse_seines,1,0.56,4.39,10.01,5.37,7.2
-12.9,-76.6,2023-01,,other_purse_seines,2,2.87,8.16,6.47,22.2,
-9.6,-78.5,2023-01,AIA,purse_seines,1,5.99,7.83,6.48,77.68,7.7
-11.6,-77.6,2023-01,PER,other_purse_seines,7,3.46,12.54,7.99,20.09,8.4
-7.4,-79.8,2023-02,PER,other_purse_seines,11,21.2448,26.15,32.38,207.32,8.8
-11.9,-77.5,2023-01,PER,inconclusive,1,1.65,6.18,14.37,17.76,
-7.3,-79.9,2023-01,PER,purse_seines,6,6.28,9.92,21.49,13.09,8.0
-14.2,-77.5,2023-01,PER,pole_and_line,2,7.81,14.41,18.42,89.2,7.7
-15.3,-76.4,2023-03,PER,other_purse_seines,1,1.05,10.67,13.44,8.66,8.6
-14.5,-77.6,2023-03,PER,other_purse_seines,6,17.34,22.14,29.57,75.76,12.2
-9.1,-78.7,2023-01,PER,tuna_purse_seines,1,1.6,8.58,12.96,10.01,7.5
-14.5,-79.1,2023-03,ECU,tuna_purse_seines,1,1.27,8.97,11.76,16.61,7.3
-17.6,-71.4,2023-02,PER,other_purse_seines,4,21.2448,28.01,28.91,89.35,8.2
-3.7,-81.4,2023-03,ECU,fishing,1,0.99,6.36,11.66,25.94,
-8.2,-79.2,2023-01,GBR,other_purse_seines,1,6.89,6.99,11.62,38.81,8.4
-16.8,-77.0,2023-03,PER,tuna_purse_seines,3,17.69,22.27,26.27,96.01,8.3
-8.4,-79.1,2023-01,PER,other_purse_seines,57,21.2448,31.02,30.36,137.84,9.3
-11.9,-77.3,2023-01,PER,inconclusive,1,7.05,8.75,13.84,33.25,7.8
-14.2,-77.3,2023-01,PER,pole_and_line,1,0.06,4.12,3.41,5.32,7.6
-12.5,-78.2,2023-02,PER,other_purse_seines,1,0.18,0.0,0.0,7.66,7.5
-11.5,-77.8,2023-01,PER,other_purse_seines,1,0.31,5.29,6.44,11.15,8.0
-7.7,-79.9,2023-02,PER,other_purse_seines,1,8.96,15.12,14.84,127.32,7.4
-18.1,-70.9,2023-02,PER,other_purse_seines,3,6.22,12.21,14.14,56.68,7.6
-15.7,-78.3,2023-03,ECU,tuna_purse_seines,1,0.93,3.33,0.0,9.79,7.4
-14.8,-77.1,2023-02,PER,purse_seines,1,1.83,14.29,16.8,10.02,6.9
-9.2,-79.2,2023-02,PER,purse_seines,1,2.8,11.23,8.29,22.27,7.1
-7.5,-79.7,2023-01,PER,purse_seines,7,19.11,28.63,19.83,169.37,10.3
-5.8,-81.6,2023-03,ECU,fishing,1,0.97,5.13,11.78,5.65,6.9
-9.1,-80.4,2023-03,PER,purse_seines,1,1.98,0.0,0.0,25.69,8.2
-12.4,-78.3,2023-02,PER,tuna_purse_seines,1,1.32,5.01,3.66,10.97,6.8
-15.1,-76.9,2023-02,PER,purse_seines,1,3.97,7.61,11.39,24.3,7.7
-8.8,-80.2,2023-01,PER,other_purse_seines,1,1.0,8.32,7.8,8.03,
-12.7,-77.0,2023-01,PER,purse_seines,5,10.52,12.84,11.95,40.59,7.4
-14.3,-77.4,2023-02,PER,tuna_purse_seines,1,1.16,10.82,12.88,11.05,7.9
-8.8,-79.0,2023-01,PER,other_purse_seines,5,4.53,8.78,15.16,27.54,7.0
-9.1,-78.8,2023-01,AIA,purse_seines,1,2.24,3.46,8.15,9.99,7.6
-12.8,-76.8,2023-03,PER,pole_and_line,1,0.12,6.72,5.1,7.85,
-17.7,-71.5,2023-01,PER,other_purse_seines,2,5.82,17.14,16.88,14.47,8.2
-10.6,-78.0,2023-01,PER,other_purse_seines,24,21.2448,24.1,34.74,275.13,9.8
-12.4,-77.2,2023-01,PER,other_purse_seines,27,21.2448,28.2,29.38,73.47,10.2
-14.7,-77.8,2023-02,PER,tuna_purse_seines,1,1.25,11.79,2.91,9.0,7.2
-13.7,-76.5,2023-01,PER,purse_seines,1,7.41,11.13,6.96,75.09,7.6
-13.3,-77.3,2023-03,PER,other_purse_seines,1,1.39,10.66,6.62,19.39,9.0
-9.7,-78.9,2023-02,PER,other_purse_seines,1,2.31,9.63,11.9,28.19,7.5
-12.4,-78.2,2023-02,PER,set_longlines,1,0.22,1.37,0.0,13.51,8.2
-7.3,-79.7,2023-01,GBR,other_purse_seines,1,4.52,9.24,13.53,23.87,8.1
-7.4,-80.2,2023-01,PER,other_purse_seines,1,0.2,5.11,0.51,4.39,7.1
-14.8,-77.4,2023-02,PER,set_gillnets,1,0.72,0.0,2.58,8.77,6.9
-6.4,-81.0,2023-01,PER,tuna_purse_seines,2,5.08,9.07,2.3,71.55,7.8
-8.2,-79.2,2023-02,PER,fishing,1,1.69,8.41,12.95,8.89,7.4
-11.1,-77.8,2023-01,AIA,purse_seines,1,6.87,5.81,9.42,36.77,7.6
-9.3,-78.6,2023-01,AIA,purse_seines,1,0.37,8.77,11.37,5.15,6.6
-10.2,-78.3,2023-02,PER,other_purse_seines,4,5.08,4.12,19.69,40.23,9.0
-7.3,-79.9,2023-02,PER,other_purse_seines,1,2.77,11.7,14.74,27.38,
-12.6,-76.9,2023-03,PER,other_purse_seines,2,4.32,0.67,10.69,48.53,7.3
-7.3,-80.0,2023-01,PER,tuna_purse_seines,3,3.15,13.34,15.24,5.8,8.2
-14.4,-77.2,2023-02,PER,set_longlines,1,2.01,1.95,6.13,19.5,7.3
-9.9,-78.6,2023-01,PER,other_purse_seines,1,3.34,7.32,0.0,39.69,8.1
-11.3,-80.3,2023-02,PER,tuna_purse_seines,1,5.25,14.16,11.82,48.25,9.2
-5.4,-81.6,2023-03,ECU,fishing,1,0.96,3.59,1.19,8.03,7.0
-14.3,-77.6,2023-02,PER,purse_seines,1,3.28,2.0,2.63,18.97,
-9.9,-78.5,2023-01,HND,other_purse_seines,1,0.32,4.87,0.0,7.13,
-16.5,-77.9,2023-03,PER,tuna_purse_seines,1,1.08,0.97,4.28,8.37,
-9.0,-79.8,2023-01,PER,other_purse_seines,1,0.31,0.0,1.86,5.11,6.6
-12.0,-77.2,2023-01,,other_purse_seines,3,11.49,10.75,11.21,68.74,
-8.1,-79.2,2023-02,,other_purse_seines,2,11.64,19.43,17.52,33.3,10.8
-12.6,-76.9,2023-02,PER,tuna_purse_seines,2,1.67,0.37,4.49,18.85,6.8
-9.2,-78.7,2023-01,PER,tuna_purse_seines,1,6.05,8.23,1.33,60.04,6.9
-10.1,-78.5,2023-01,PER,other_purse_seines,1,0.07,6.59,1.97,8.52,
-8.3,-79.5,2023-01,PER,other_purse_seines,2,0.88,7.42,2.75,9.14,6.5
-13.3,-78.3,2023-02,PER,fishing,1,2.94,10.94,8.85,30.75,7.1
-12.3,-78.7,2023-02,PER,set_longlines,1,5.13,11.97,7.33,19.02,8.5
-13.0,-76.7,2023-01,,other_purse_seines,2,4.07,8.95,6.53,42.28,7.9
-15.6,-76.8,2023-03,PER,other_purse_seines,1,1.48,8.05,8.71,20.58,
-10.0,-80.0,2023-03,PER,other_purse_seines,1,0.16,4.84,12.31,11.3,6.8
-13.2,-77.4,2023-03,PER,other_purse_seines,1,0.32,2.54,3.86,4.4,6.6
-16.5,-78.3,2023-03,PER,tuna_purse_seines,1,0.07,0.49,0.57,4.45,7.2
-9.8,-78.8,2023-02,PER,other_purse_seines,2,1.66,5.21,7.9,25.83,6.6
-13.9,-76.7,2023-01,PER,purse_seines,1,0.18,8.14,5.31,4.22,6.8
-7.5,-79.8,2023-01,PER,other_purse_seines,53,21.2448,23.07,24.32,68.99,8.9
-8.1,-79.2,2023-01,GBR,other_purse_seines,1,0.11,2.5,0.0,6.37,6.4
-12.5,-77.5,2023-03,PER,other_purse_seines,1,3.33,8.0,6.48,17.54,
-16.9,-77.7,2023-03,ECU,tuna_purse_seines,1,0.66,3.87,4.23,8.37,7.0
-6.6,-80.7,2023-01,PER,other_purse_seines,41,21.2448,26.39,21.53,269.61,8.6
-17.4,-71.5,2023-01,PER,other_purse_seines,2,1.96,2.76,2.87,21.12,7.7
-11.7,-77.6,2023-01,PER,other_purse_seines,2,1.37,5.87,0.9,7.97,7.4
-15.5,-78.1,2023-03,ECU,tuna_purse_seines,1,3.21,9.11,12.75,27.0,7.8
-16.5,-78.8,2023-03,,purse_seines,1,4.89,12.62,16.92,20.46,7.6
-17.9,-71.3,2023-02,PER,other_purse_seines,3,4.83,15.69,24.39,60.17,8.7
-15.4,-77.8,2023-02,PER,tuna_purse_seines,1,1.14,1.92,5.07,11.58,7.4
-15.4,-77.4,2023-02,PER,fishing,1,6.39,11.11,18.61,29.41,7.5
-6.2,-81.1,2023-01,PER,pole_and_line,1,1.72,10.21,3.04,17.69,7.5
-8.2,-79.1,2023-02,,other_purse_seines,2,3.54,2.83,8.08,30.11,
-6.3,-81.9,2023-03,PER,other_purse_seines,1,2.2,8.15,11.74,4.47,
-9.6,-81.8,2023-02,PER,tuna_purse_seines,1,5.01,11.82,15.55,20.43,8.2
-15.0,-77.4,2023-03,,other_purse_seines,1,1.41,7.03,6.74,7.38,6.9
-3.4,-81.4,2023-03,ECU,fishing,1,1.0,0.0,0.0,6.44,7.1
-14.8,-77.4,2023-02,GBR,other_purse_seines,1,0.39,10.33,6.61,8.42,6.5
-14.9,-77.5,2023-02,PER,set_gillnets,1,1.0,5.59,0.0,3.36,8.0
-17.1,-78.2,2023-02,,purse_seines,1,1.86,10.23,15.99,26.05,7.0
-7.9,-79.8,2023-02,AIA,purse_seines,1,1.65,6.15,8.49,26.61,7.3
-12.4,-78.7,2023-02,PER,set_longlines,1,10.88,18.07,20.59,155.71,10.6
-6.7,-80.6,2023-01,PER,tuna_purse_seines,3,4.11,8.17,3.82,23.44,8.2
-14.2,-77.8,2023-02,PER,tuna_purse_seines,2,5.33,10.89,14.67,50.23,8.7
-7.7,-82.8,2023-03,ECU,tuna_purse_seines,1,4.89,11.7,7.28,24.76,7.4
-12.3,-77.2,2023-01,SSD,tuna_purse_seines,1,4.72,10.86,11.12,15.07,8.1
-8.3,-80.2,2023-01,PER,other_purse_seines,1,0.13,1.58,2.89,17.12,6.8
-9.1,-78.9,2023-01,AIA,purse_seines,1,0.31,9.25,6.86,6.6,6.8
-13.7,-76.8,2023-01,PER,purse_seines,3,6.04,15.88,16.02,38.47,7.1
-9.1,-80.3,2023-03,PER,purse_seines,1,1.67,13.84,7.11,11.85,7.9
-14.1,-77.5,2023-02,PER,purse_seines,1,1.48,6.25,1.82,22.51,6.8
-8.3,-79.0,2023-01,PER,other_purse_seines,8,13.76,18.84,22.95,29.82,10.0
-15.0,-77.2,2023-02,PER,purse_seines,1,2.75,2.86,8.23,31.46,9.0
-14.7,-77.3,2023-03,PER,other_purse_seines,2,1.44,5.82,10.77,15.53,7.3
-7.8,-79.6,2023-02,AIA,purse_seines,1,2.46,6.29,10.11,10.27,7.3
-8.0,-79.3,2023-01,PER,pole_and_line,1,1.3,2.53,13.79,6.24,7.4
-7.6,-79.8,2023-02,HND,other_purse_seines,1,4.21,12.09,22.91,11.31,7.0
-12.1,-77.3,2023-02,PER,pole_and_line,1,1.24,3.6,6.92,14.25,7.0
-9.2,-78.7,2023-01,GBR,other_purse_seines,1,2.67,5.66,7.29,18.53,9.3
-14.8,-77.5,2023-02,PER,set_gillnets,1,1.0,5.16,0.53,10.43,7.0
-15.4,-78.9,2023-02,PER,tuna_purse_seines,1,1.29,4.48,7.64,7.24,
-9.4,-78.6,2023-01,PER,other_purse_seines,15,16.48,26.86,24.21,99.85,8.6
-18.1,-70.9,2023-02,,other_purse_seines,1,0.6,4.31,0.0,7.59,6.5
-12.4,-78.8,2023-03,PER,other_purse_seines,3,2.52,4.27,7.12,11.34,
-6.3,-81.4,2023-03,PER,other_purse_seines,1,2.86,9.58,7.22,73.37,7.4
-16.8,-77.1,2023-03,,purse_seines,1,2.34,8.03,6.33,25.88,7.6
-8.1,-79.9,2023-02,PER,other_purse_seines,1,1.68,16.39,12.79,19.54,7.2
-10.7,-78.3,2023-02,PER,other_purse_seines,1,1.3,9.06,2.65,10.99,7.8
-15.4,-77.3,2023-02,PER,tuna_purse_seines,1,4.0,7.08,7.15,15.44,8.5
-8.0,-79.5,2023-01,PER,pole_and_line,1,3.23,12.98,14.21,37.05,7.3
-8.1,-79.2,2023-01,PER,tuna_purse_seines,1,0.17,8.17,5.57,3.9,7.2
-9.3,-80.1,2023-03,PER,purse_seines,1,0.8,2.2,1.16,17.68,
-6.4,-81.0,2023-01,GBR,other_purse_seines,1,0.14,6.03,0.46,6.44,
-4.0,-81.1,2023-02,PER,other_purse_seines,1,0.81,7.66,7.38,10.99,6.7
-15.4,-77.3,2023-03,PER,other_purse_seines,3,6.36,6.41,11.17,26.59,8.1
-14.3,-77.9,2023-02,PER,tuna_purse_seines,1,0.42,3.62,12.23,7.88,6.6
-9.9,-78.3,2023-01,PER,fishing,1,2.64,16.53,7.15,33.04,7.9
-12.2,-78.5,2023-02,PER,set_longlines,1,0.16,3.04,2.46,2.85,7.0
-12.0,-77.5,2023-03,PER,other_purse_seines,2,8.18,10.24,17.5,56.34,7.4
-6.6,-80.9,2023-03,PER,other_purse_seines,1,3.49,10.68,4.3,16.9,7.2
-17.5,-77.9,2023-03,PER,tuna_purse_seines,1,1.92,2.58,10.76,18.05,7.1
-7.3,-80.0,2023-01,GBR,other_purse_seines,1,2.25,6.62,2.08,24.85,7.0
-9.7,-78.4,2023-02,PER,other_purse_seines,6,11.68,21.7,24.69,91.46,
-12.9,-79.4,2023-03,PER,purse_seines,1,0.31,7.62,8.94,8.91,9.3
-12.2,-78.3,2023-02,PER,set_longlines,1,0.21,0.0,2.92,12.4,7.0
-7.9,-79.6,2023-01,PER,fishing,2,9.39,11.03,12.79,22.23,8.8
-14.8,-77.4,2023-03,PER,other_purse_seines,1,0.64,1.36,0.0,8.27,7.6
-15.0,-77.3,2023-03,,other_purse_seines,1,0.36,2.29,9.49,6.67,10.3
-8.6,-79.4,2023-02,PER,other_purse_seines,1,0.01,0.0,0.0,3.84,7.8
-16.8,-78.2,2023-03,PER,other_purse_seines,1,13.71,17.16,14.64,60.79,7.7
-11.3,-77.8,2023-01,PER,inconclusive,1,0.61,1.44,5.67,3.18,7.0
-16.2,-77.2,2023-03,ECU,tuna_purse_seines,1,0.09,8.1,7.31,6.62,7.1
-8.3,-79.1,2023-01,HND,other_purse_seines,1,2.14,9.38,11.04,23.59,7.0
-14.3,-77.2,2023-02,PER,set_longlines,1,2.05,1.54,0.0,14.11,
-8.2,-79.6,2023-02,,other_purse_seines,1,1.16,0.96,0.0,5.03,
-7.8,-79.6,2023-01,PER,other_purse_seines,56,21.2448,25.28,25.58,230.84,9.7
-16.4,-78.5,2023-02,ECU,tuna_purse_seines,2,1.81,6.14,2.17,12.06,7.4
-16.8,-72.7,2023-02,PER,other_purse_seines,1,1.71,2.15,8.66,6.16,8.5
-7.3,-79.7,2023-01,PER,tuna_purse_seines,3,3.42,15.78,10.99,22.36,7.5
-12.0,-77.1,2023-02,PER,inconclusive,1,1.22,3.06,5.88,2.65,7.4
-11.5,-77.5,2023-02,PER,other_purse_seines,1,0.28,9.15,9.13,4.49,6.8
-9.4,-78.6,2023-01,AIA,purse_seines,1,0.47,5.05,7.61,4.18,6.8
-12.9,-77.9,2023-03,PER,other_purse_seines,1,0.28,3.78,5.43,7.9,
-5.7,-81.1,2023-01,PER,other_purse_seines,1,0.49,7.22,6.07,4.26,7.3
-7.1,-80.0,2023-01,PER,tuna_purse_seines,3,4.21,13.23,7.88,52.86,7.8
-12.3,-77.2,2023-01,HND,other_purse_seines,1,0.76,3.88,4.79,10.4,8.0
-11.9,-78.1,2023-03,PER,pole_and_line,1,1.3,0.0,5.86,8.4,9.5
-5.2,-82.3,2023-02,PER,other_purse_seines,1,4.63,5.89,10.64,23.58,8.7
-7.7,-79.6,2023-02,PER,fishing,2,1.87,3.52,7.54,27.25,6.9
-7.1,-79.9,2023-02,PER,other_purse_seines,2,8.19,12.58,13.71,23.67,7.3
-14.6,-77.3,2023-03,PER,other_purse_seines,1,2.06,6.01,8.03,14.54,6.8
-8.8,-79.3,2023-02,PER,other_purse_seines,1,0.23,7.49,1.64,6.22,7.2
-11.5,-81.1,2023-03,ECU,tuna_purse_seines,1,1.5,3.0,3.91,8.61,7.3
-17.0,-77.9,2023-03,PER,tuna_purse_seines,2,17.04,17.9,22.7,81.67,8.4
-8.2,-79.2,2023-01,PER,tuna_purse_seines,4,6.36,12.18,8.9,38.95,8.0
-12.1,-77.2,2023-03,PER,inconclusive,2,21.2448,23.69,28.94,43.74,9.2
-12.4,-77.2,2023-01,PER,purse_seines,2,3.72,3.71,5.26,26.56,
-15.0,-77.7,2023-02,PER,other_purse_seines,6,9.7,14.51,11.23,117.51,7.7
-13.1,-78.3,2023-03,PER,other_purse_seines,2,1.18,0.96,12.86,12.88,7.5
-6.8,-80.4,2023-03,PER,other_purse_seines,1,2.05,12.35,6.95,9.73,7.8
-15.2,-77.5,2023-02,,other_purse_seines,1,1.71,4.57,1.58,18.61,6.8
-11.8,-77.3,2023-01,PER,inconclusive,1,1.02,8.16,10.44,15.32,7.5
-12.3,-79.4,2023-02,PER,tuna_purse_seines,1,3.0,7.43,6.89,18.3,6.8
-12.6,-76.8,2023-01,,other_purse_seines,1,2.46,4.5,9.2,4.83,7.6
-11.5,-81.0,2023-02,PER,tuna_purse_seines,1,7.36,4.42,4.18,43.45,7.1
-8.0,-79.4,2023-01,HND,other_purse_seines,1,5.53,13.33,11.39,65.56,7.9
-6.5,-83.0,2023-03,PAN,tuna_purse_seines,1,0.5,0.0,5.76,4.79,7.5
-6.6,-81.1,2023-01,PER,tuna_purse_seines,2,5.23,12.53,15.73,38.78,7.5
-12.2,-77.1,2023-03,PER,inconclusive,1,2.79,5.0,8.07,14.68,8.1
-11.8,-77.5,2023-01,PER,inconclusive,1,1.51,5.1,3.74,16.45,6.6
-7.7,-79.7,2023-01,PER,tuna_purse_seines,6,10.99,8.92,9.13,59.81,8.8
-10.5,-78.1,2023-02,PER,other_purse_seines,32,21.2448,28.77,30.44,98.62,10.0
-17.5,-71.6,2023-02,PER,other_purse_seines,1,0.71,0.04,4.54,6.57,8.1
-15.2,-77.3,2023-02,,other_purse_seines,1,2.12,7.42,1.19,11.76,8.4
-7.7,-79.4,2023-02,PER,other_purse_seines,2,2.82,10.9,15.5,59.28,7.0
-14.5,-76.9,2023-03,,other_purse_seines,1,2.23,7.26,1.84,20.53,7.5
-14.6,-77.5,2023-02,PER,fishing,1,4.52,3.55,9.36,65.62,7.7
-8.4,-79.6,2023-01,PER,other_purse_seines,2,2.1,1.8,1.1,18.34,6.6
-6.1,-81.2,2023-01,PER,other_purse_seines,8,13.79,19.04,16.2,48.39,7.8
-13.7,-76.6,2023-01,PER,tuna_purse_seines,1,4.1,4.94,6.92,7.31,7.9
-16.7,-77.2,2023-03,ECU,tuna_purse_seines,1,5.48,9.91,6.68,22.09,7.1
-15.5,-77.2,2023-02,PER,other_purse_seines,2,2.63,12.75,13.53,48.29,7.0
-16.2,-78.5,2023-02,ECU,tuna_purse_seines,1,4.6,7.1,5.96,29.07,9.6
-11.5,-77.5,2023-01,PER,pole_and_line,2,7.83,12.21,13.02,48.62,7.5
-13.5,-77.8,2023-01,PER,set_gillnets,1,0.78,5.19,12.02,8.78,
-13.4,-76.7,2023-01,PER,other_purse_seines,8,17.26,21.21,20.02,86.75,8.6
-10.4,-79.3,2023-02,PER,other_purse_seines,1,0.58,9.02,5.06,6.56,7.3
-14.6,-77.8,2023-02,PER,purse_seines,1,5.83,7.08,13.62,10.86,
-10.1,-78.8,2023-02,PER,other_purse_seines,1,1.25,10.03,8.89,8.78,
-9.8,-78.5,2023-01,PER,other_purse_seines,17,21.2448,23.99,27.27,154.93,8.6
-8.3,-79.8,2023-02,PER,other_purse_seines,4,9.3,10.72,12.25,38.28,9.2
-6.3,-81.0,2023-01,PER,pole_and_line,1,3.99,0.33,7.98,10.46,
-9.2,-82.8,2023-02,,purse_seines,1,2.91,8.72,11.18,67.3,6.8
-9.8,-81.4,2023-02,PER,tuna_purse_seines,1,0.17,4.01,8.97,7.76,
-9.8,-78.4,2023-02,PER,fishing,1,0.71,12.42,0.0,5.92,7.6
-6.8,-80.7,2023-01,PER,other_purse_seines,30,21.2448,29.51,30.9,77.3,9.1
-7.7,-79.7,2023-01,,other_purse_seines,2,4.82,5.49,17.5,25.32,8.5
-8.1,-79.2,2023-01,PER,fishing,1,3.36,13.21,5.73,61.96,7.6
-3.8,-82.2,2023-02,PER,other_purse_seines,1,0.18,0.0,3.89,3.66,7.2
-15.4,-77.7,2023-02,,other_purse_seines,1,2.02,7.11,10.3,12.43,7.5
-14.2,-77.4,2023-01,PER,pole_and_line,2,2.64,7.14,12.97,11.2,7.1
-11.0,-77.8,2023-01,PER,other_purse_seines,22,21.2448,27.49,24.19,104.31,9.8
-11.9,-77.4,2023-01,PER,inconclusive,1,3.18,10.08,10.2,5.47,7.7
-4.7,-81.8,2023-02,PER,other_purse_seines,1,1.38,7.19,6.82,12.79,7.9
-14.5,-77.6,2023-02,GBR,other_purse_seines,1,4.17,11.05,5.11,19.77,7.4
-7.3,-79.8,2023-01,PER,purse_seines,3,5.11,9.49,2.12,15.72,7.2
-6.9,-80.5,2023-01,PER,tuna_purse_seines,7,18.55,28.44,26.83,134.54,8.5
-6.7,-81.4,2023-03,PER,other_purse_seines,2,11.56,19.88,23.67,38.2,7.9
-16.2,-77.0,2023-03,PER,tuna_purse_seines,1,0.11,7.21,8.37,4.43,6.9
-4.2,-81.5,2023-03,ECU,fishing,1,2.98,9.25,9.86,22.32,7.3
-14.7,-76.9,2023-01,PER,pole_and_line,1,0.31,6.27,2.91,7.08,6.7
-13.8,-76.5,2023-01,PER,tuna_purse_seines,1,0.81,4.8,7.85,9.83,8.2
-6.0,-81.3,2023-01,PER,tuna_purse_seines,5,8.74,17.35,18.77,33.82,8.3
-14.5,-78.6,2023-03,ECU,tuna_purse_seines,1,4.82,11.27,13.23,56.5,9.2
-9.7,-78.5,2023-01,HND,other_purse_seines,1,9.66,12.45,14.46,116.62,
-5.0,-82.6,2023-02,PER,other_purse_seines,1,5.8,7.86,6.53,30.46,7.9
-18.0,-71.1,2023-02,PER,other_purse_seines,6,8.18,16.22,14.8,79.2,8.3
-15.1,-75.5,2023-01,PER,other_purse_seines,6,9.8,11.08,5.91,47.2,7.4
-12.7,-76.9,2023-01,PER,purse_seines,2,5.22,8.47,18.04,23.22,7.6
-15.8,-78.8,2023-02,PER,tuna_purse_seines,1,1.09,9.22,12.77,8.04,8.2
-15.1,-77.0,2023-02,PER,purse_seines,1,0.65,2.9,9.97,24.87,9.4
-15.0,-78.2,2023-02,ECU,tuna_purse_seines,1,6.05,11.32,10.38,60.84,9.5
-9.3,-78.7,2023-01,PER,fishing,1,3.19,2.06,6.31,12.26,8.1
-8.0,-79.3,2023-01,PER,other_purse_seines,22,21.2448,22.96,31.83,139.2,8.7
-10.0,-78.3,2023-01,PER,purse_seines,2,1.85,5.61,3.63,11.0,
-11.9,-77.6,2023-01,PER,other_purse_seines,9,11.39,19.24,15.94,45.9,
-12.8,-77.3,2023-03,PER,other_purse_seines,2,2.2,7.6,3.84,21.19,9.1
-12.2,-78.7,2023-02,PER,fishing,1,3.03,3.02,0.0,27.85,8.0
-13.6,-76.7,2023-01,PER,other_purse_seines,5,6.0,11.89,4.5,18.09,8.7
-3.7,-82.6,2023-03,ECU,tuna_purse_seines,1,0.97,10.15,14.37,13.25,6.6
-14.6,-76.3,2023-03,PER,other_purse_seines,1,3.53,12.11,4.43,17.01,8.5
-6.7,-80.7,2023-01,PER,other_purse_seines,28,21.2448,30.83,28.54,78.18,8.9
-6.8,-81.4,2023-03,ECU,fishing,1,0.99,7.52,10.16,15.52,
-6.7,-80.4,2023-02,PER,tuna_purse_seines,2,4.45,13.68,13.35,23.49,7.4
-12.1,-77.3,2023-01,,other_purse_seines,4,13.87,19.96,21.64,133.52,9.1
-12.2,-77.0,2023-02,PER,inconclusive,1,0.25,0.0,6.23,3.17,6.8
-11.8,-77.8,2023-02,PER,other_purse_seines,2,2.76,9.49,13.62,20.28,8.3
-12.2,-77.2,2023-01,PER,other_purse_seines,52,21.2448,30.97,29.87,392.57,9.0
-14.9,-77.8,2023-02,PER,tuna_purse_seines,1,0.52,5.82,0.0,8.78,
-9.9,-78.9,2023-02,PER,other_purse_seines,1,1.91,7.67,4.15,12.05,7.7
-14.0,-76.6,2023-03,PER,other_purse_seines,1,2.56,1.52,7.0,26.49,7.5
-7.8,-79.7,2023-01,PER,tuna_purse_seines,6,13.69,24.5,26.86,62.79,8.3
-9.9,-78.4,2023-02,PER,purse_seines,1,1.57,0.0,0.0,18.56,7.5
-8.0,-79.5,2023-02,,other_purse_seines,1,0.63,7.44,8.12,3.39,6.7
-13.1,-76.8,2023-01,,other_purse_seines,1,2.44,11.53,10.67,11.86,7.7
-8.6,-79.6,2023-01,PER,other_purse_seines,1,1.55,4.39,3.83,13.21,7.6
-14.9,-77.4,2023-03,PER,purse_seines,1,0.6,11.23,5.81,10.18,7.2
-16.8,-78.1,2023-03,PER,tuna_purse_seines,2,4.94,5.6,6.34,23.35,
-9.7,-78.6,2023-01,PER,other_purse_seines,4,1.34,8.61,0.0,8.96,7.4
-12.8,-76.7,2023-01,HND,other_purse_seines,1,1.36,0.09,2.75,11.9,6.8
-8.9,-82.3,2023-03,ECU,tuna_purse_seines,1,0.26,1.66,1.96,4.99,6.9
-12.3,-77.1,2023-01,,other_purse_seines,6,21.2448,26.51,26.68,82.27,10.8
-3.6,-81.2,2023-02,ECU,tuna_purse_seines,1,0.31,2.09,4.11,9.85,6.6
-14.0,-78.0,2023-02,PER,tuna_purse_seines,1,7.22,10.61,21.57,25.12,7.5
-10.8,-81.4,2023-03,ECU,tuna_purse_seines,1,0.12,6.45,10.74,12.73,7.1
-12.0,-78.6,2023-02,PER,set_longlines,1,3.52,6.57,3.05,49.41,6.9
-13.3,-76.6,2023-01,,other_purse_seines,1,3.29,6.12,9.11,14.58,7.8
-12.9,-76.7,2023-01,PER,purse_seines,3,21.2448,27.51,26.99,260.35,8.7
-7.9,-79.5,2023-01,PER,other_purse_seines,50,21.2448,29.48,30.7,141.75,8.5
-8.2,-79.3,2023-01,PER,fishing,2,5.91,6.6,12.0,34.64,7.8
-16.9,-77.0,2023-03,PER,tuna_purse_seines,1,4.66,8.93,8.41,29.67,7.9
-11.9,-77.4,2023-02,PER,purse_seines,1,0.48,4.04,2.6,12.9,6.8
-16.7,-78.7,2023-02,PER,tuna_purse_seines,1,3.0,10.03,1.58,34.82,
-15.4,-77.8,2023-02,PER,set_gillnets,1,2.06,4.48,5.89,17.88,6.9
-9.0,-78.9,2023-01,PER,fishing,1,0.41,14.42,9.94,4.16,6.8
-11.2,-78.0,2023-01,PER,other_purse_seines,3,1.74,7.75,4.38,6.16,7.7
-15.5,-77.1,2023-03,PER,other_purse_seines,6,10.32,21.95,28.12,53.46,7.7
-13.6,-76.5,2023-01,,other_purse_seines,2,4.26,5.83,7.97,24.31,7.4
-13.7,-76.7,2023-01,PER,other_purse_seines,7,6.89,10.49,12.5,88.07,7.4
-14.3,-76.9,2023-03,PER,other_purse_seines,1,1.18,7.09,7.63,4.29,8.5
-6.6,-80.7,2023-01,,inconclusive,1,3.42,1.05,12.97,13.89,7.8
-9.0,-80.6,2023-03,PER,other_purse_seines,2,1.75,0.3,5.15,10.06,7.3
-8.4,-79.8,2023-02,PER,purse_seines,1,2.23,5.22,3.47,22.87,7.4
-17.0,-77.7,2023-03,,purse_seines,1,19.23,21.92,19.69,109.25,8.6
-7.7,-79.6,2023-01,PER,other_purse_seines,61,21.2448,30.21,25.46,112.05,8.3
-15.4,-77.4,2023-02,PER,set_gillnets,1,2.19,6.47,11.24,31.19,7.3
-15.2,-75.5,2023-01,PER,other_purse_seines,1,1.18,9.37,11.15,7.15,7.8
-6.6,-81.2,2023-01,PER,other_purse_seines,1,1.03,4.81,7.48,15.48,6.6
-12.6,-77.0,2023-01,,other_purse_seines,7,18.01,18.47,27.98,51.1,8.3
-8.0,-79.6,2023-02,HND,other_purse_seines,1,6.02,8.21,19.12,75.22,7.5
-13.6,-76.3,2023-01,,other_purse_seines,1,2.27,5.98,0.0,12.7,7.4
-13.8,-78.1,2023-02,PER,fishing,1,1.98,10.46,9.56,10.95,7.2
-7.6,-79.9,2023-02,PER,other_purse_seines,9,21.2448,24.53,17.23,131.0,8.8
-15.0,-77.6,2023-02,PER,tuna_purse_seines,1,2.97,4.75,3.98,35.05,7.1
-12.4,-77.5,2023-03,PER,pole_and_line,1,9.72,21.09,23.1,40.53,7.5
-7.6,-80.0,2023-01,PER,tuna_purse_seines,2,2.48,7.62,14.09,14.33,6.9
-8.2,-79.1,2023-01,PER,other_purse_seines,50,21.2448,27.72,30.06,72.23,8.7
-14.9,-75.9,2023-01,PER,inconclusive,1,2.68,13.07,15.03,8.43,8.0
-10.1,-80.9,2023-02,PER,tuna_purse_seines,2,9.35,18.17,14.72,18.84,
-12.4,-77.3,2023-03,PER,pole_and_line,1,4.1,9.1,9.09,84.56,8.6
-8.5,-79.0,2023-02,PER,other_purse_seines,1,0.07,4.08,8.42,8.11,7.2
-15.9,-77.9,2023-03,ECU,tuna_purse_seines,2,8.22,14.73,13.57,65.07,
-9.6,-78.5,2023-01,HND,other_purse_seines,1,0.08,9.22,6.44,4.44,8.1
-12.9,-76.9,2023-02,PER,tuna_purse_seines,1,1.9,9.09,13.77,8.6,7.7
-15.3,-77.3,2023-02,PER,set_gillnets,1,0.28,0.0,10.4,3.18,6.9
-7.8,-79.9,2023-01,PER,purse_seines,3,4.63,9.09,4.53,24.4,7.3
-14.2,-76.7,2023-02,PER,set_gillnets,1,0.95,6.79,7.71,22.27,7.0
-4.2,-82.4,2023-02,PER,other_purse_seines,1,3.65,13.36,11.65,13.03,7.0
-14.0,-77.1,2023-01,PER,pole_and_line,1,0.91,5.56,3.03,4.81,7.7
-9.6,-78.6,2023-01,PER,other_purse_seines,22,21.2448,28.41,35.68,235.44,9.2
-10.0,-78.4,2023-01,PER,other_purse_seines,28,21.2448,29.64,32.76,164.54,8.9
-15.3,-77.5,2023-02,PER,set_gillnets,1,0.74,1.33,1.22,4.3,7.2
-5.5,-81.0,2023-02,PER,other_purse_seines,1,4.21,9.06,12.2,18.68,
-7.8,-82.8,2023-03,PAN,tuna_purse_seines,1,0.07,11.34,4.73,3.88,7.5
-16.7,-77.0,2023-03,PER,tuna_purse_seines,3,21.2448,26.0,30.11,125.73,9.5
-10.0,-81.5,2023-02,PER,tuna_purse_seines,1,2.01,1.29,4.97,11.81,7.1
-7.3,-80.0,2023-01,PER,purse_seines,2,4.14,10.35,10.7,7.85,7.8
-10.9,-78.0,2023-01,PER,other_purse_seines,6,11.41,17.56,19.29,77.0,7.7
-6.8,-80.6,2023-01,PER,tuna_purse_seines,3,2.9,3.94,5.1,19.15,7.4
-12.0,-77.1,2023-01,PER,purse_seines,3,21.2448,24.73,28.67,149.02,8.2
-9.5,-78.8,2023-01,PER,other_purse_seines,1,1.25,4.42,9.48,11.89,7.7
-9.2,-83.0,2023-02,,purse_seines,1,2.08,7.98,1.93,12.15,8.6
-13.9,-78.2,2023-02,PER,fishing,1,5.07,8.99,18.01,24.21,10.4
-12.2,-77.7,2023-03,PER,pole_and_line,1,1.71,7.03,6.36,9.74,6.7
-7.7,-79.4,2023-02,PER,fishing,1,1.17,10.48,6.86,15.85,7.7
-8.0,-79.5,2023-02,PER,other_purse_seines,5,8.57,18.82,17.52,74.12,7.4
-15.6,-77.3,2023-02,PER,purse_seines,1,1.18,6.12,5.48,12.1,7.1
-6.9,-81.3,2023-03,PER,other_purse_seines,1,0.19,2.87,0.0,6.67,
-18.2,-70.8,2023-01,,other_purse_seines,1,0.82,7.37,7.94,14.25,7.0
-13.2,-78.2,2023-02,PER,set_gillnets,1,1.55,10.12,6.16,18.27,8.5
-11.1,-77.7,2023-01,PER,tuna_purse_seines,2,3.29,7.06,3.01,22.8,8.8
-17.8,-71.3,2023-02,PER,other_purse_seines,4,3.97,11.98,20.66,22.24,7.8
-14.1,-76.6,2023-02,PER,set_gillnets,1,1.13,0.03,3.2,14.76,6.6
-16.6,-78.5,2023-03,PER,tuna_purse_seines,1,2.18,4.87,12.12,10.17,
-15.4,-78.8,2023-03,ECU,tuna_purse_seines,1,1.4,6.6,8.78,13.59,10.4
-13.9,-77.1,2023-02,,pole_and_line,1,1.76,8.64,7.58,10.87,7.9
-15.0,-79.0,2023-02,PER,tuna_purse_seines,1,7.14,6.0,11.64,30.29,8.1
-11.7,-77.6,2023-01,PER,pole_and_line,1,4.96,5.77,6.76,63.98,6.7
-9.1,-78.6,2023-02,PER,purse_seines,4,17.21,18.39,24.54,219.59,8.0
-13.0,-76.6,2023-01,PER,purse_seines,1,1.27,7.51,0.0,8.95,7.8
-13.6,-76.8,2023-01,,other_purse_seines,1,3.95,12.21,11.59,14.34,8.2
-15.4,-77.5,2023-02,PER,set_gillnets,1,5.21,8.52,5.09,18.76,6.8
-15.4,-76.5,2023-03,PER,purse_seines,1,0.31,6.69,5.81,9.21,7.0
-15.0,-75.6,2023-02,PER,other_purse_seines,10,21.2448,26.01,21.85,97.21,11.0
-3.5,-81.3,2023-02,ECU,other_purse_seines,1,0.22,5.61,2.81,7.64,7.7
-8.4,-79.5,2023-02,PER,purse_seines,1,0.78,0.0,7.84,5.71,7.0
-9.4,-82.4,2023-02,PER,tuna_purse_seines,1,1.16,10.21,11.06,4.97,7.4
-10.2,-79.3,2023-02,PER,other_purse_seines,1,0.87,5.35,0.47,7.06,7.1
-16.8,-77.2,2023-03,ECU,tuna_purse_seines,1,2.84,0.97,0.0,38.87,7.6
-4.2,-81.3,2023-02,PER,other_purse_seines,2,0.34,7.49,7.73,7.85,7.2
-15.4,-77.3,2023-02,PER,set_gillnets,1,1.06,0.0,0.0,4.56,6.7
-15.6,-77.8,2023-02,PER,tuna_purse_seines,1,1.46,6.46,10.91,26.62,10.6
-10.0,-81.0,2023-02,PER,tuna_purse_seines,1,20.72,26.06,24.37,275.33,9.4
-5.5,-81.5,2023-02,PER,other_purse_seines,1,0.07,7.95,4.68,1.82,
-8.2,-79.5,2023-01,HND,other_purse_seines,1,0.11,0.97,0.0,3.51,7.5
-13.8,-76.6,2023-01,,other_purse_seines,2,4.53,5.61,13.72,23.25,6.7
-6.6,-81.4,2023-03,PER,other_purse_seines,1,1.43,0.0,12.5,14.01,10.6
-14.5,-77.7,2023-02,PER,other_purse_seines,9,14.29,19.62,19.52,77.22,8.6
-12.4,-77.4,2023-03,PER,pole_and_line,1,1.15,3.65,5.76,8.24,6.8
-6.8,-80.1,2023-01,PER,tuna_purse_seines,2,3.77,5.18,3.89,34.61,7.1
-17.8,-71.3,2023-02,PER,fishing,1,0.73,0.0,5.74,6.22,8.0
-9.8,-81.1,2023-01,PER,tuna_purse_seines,1,6.06,13.22,9.91,14.37,9.1
-15.1,-77.3,2023-03,PER,other_purse_seines,4,5.2,7.37,4.28,25.54,7.4
-15.5,-77.6,2023-02,PER,tuna_purse_seines,1,2.73,12.66,16.52,8.55,6.9
-12.4,-77.0,2023-03,PER,pole_and_line,1,0.46,2.05,8.33,8.2,7.5
-16.6,-78.0,2023-03,PER,tuna_purse_seines,1,5.0,16.68,16.2,50.72,
-15.4,-76.8,2023-03,PER,other_purse_seines,1,0.17,5.6,7.05,7.72,7.1
-8.7,-79.1,2023-01,PER,other_purse_seines,5,7.27,10.24,12.07,50.28,8.4
-16.6,-73.3,2023-02,,other_purse_seines,1,1.63,5.64,6.12,20.91,7.1
-11.8,-77.5,2023-01,PER,other_purse_seines,19,21.2448,27.79,31.7,256.56,8.8
-9.9,-81.3,2023-02,PER,tuna_purse_seines,1,8.93,21.4,24.17,68.07,7.4
-9.0,-80.1,2023-03,PER,other_purse_seines,2,1.89,2.86,7.91,14.93,7.4
-10.5,-78.4,2023-01,PER,other_purse_seines,2,0.38,0.0,9.27,13.78,7.5
-13.8,-76.9,2023-01,PER,fishing,1,0.19,1.93,3.65,6.97,8.0
-15.2,-77.7,2023-02,PER,set_gillnets,1,0.11,4.32,11.48,4.69,7.2
-14.3,-76.9,2023-02,PER,set_gillnets,1,2.97,12.54,4.44,11.64,6.7
-14.5,-77.7,2023-02,PER,purse_seines,1,2.89,13.52,6.65,5.7,7.3
-8.4,-79.2,2023-01,PER,tuna_purse_seines,2,2.12,0.0,3.76,12.78,6.8
-12.1,-77.4,2023-03,PER,other_purse_seines,3,8.28,18.65,12.89,34.75,8.1
-12.8,-77.0,2023-01,PER,tuna_purse_seines,1,2.91,13.21,7.36,19.4,7.2
-15.5,-78.7,2023-03,PER,fishing,1,0.68,0.0,0.26,9.04,7.7
-5.6,-81.2,2023-01,PER,purse_seines,1,1.86,8.07,14.6,32.96,6.7
-14.2,-76.9,2023-01,PER,pole_and_line,1,3.62,13.22,21.17,10.78,7.3
-15.3,-77.8,2023-02,PER,set_gillnets,1,5.18,10.55,5.06,23.36,7.2
-6.5,-80.8,2023-01,PER,tuna_purse_seines,7,12.16,18.64,11.56,78.72,8.0
-7.5,-79.9,2023-01,HND,other_purse_seines,1,2.95,4.07,6.28,12.45,8.4
-17.6,-71.6,2023-01,PER,other_purse_seines,1,0.28,6.84,8.09,5.5,7.3
-5.6,-81.1,2023-01,PER,other_purse_seines,4,2.85,7.49,5.18,29.34,7.4
-7.2,-80.0,2023-01,PER,tuna_purse_seines,3,3.56,5.56,5.23,30.79,6.9
-9.1,-78.6,2023-01,PER,other_purse_seines,8,5.04,10.4,8.6,19.82,7.5
-7.3,-80.3,2023-01,PER,purse_seines,1,0.36,7.65,2.14,2.77,7.5
-8.3,-79.8,2023-02,PER,purse_seines,1,4.12,3.99,10.47,42.4,7.8
-11.9,-77.3,2023-03,PER,fishing,1,1.32,7.97,11.34,21.63,11.0
-14.2,-77.2,2023-03,PER,purse_seines,1,1.2,1.35,2.65,27.29,8.5
-16.9,-78.2,2023-03,PER,other_purse_seines,1,7.06,3.5,3.15,35.22,7.9
-12.2,-77.2,2023-01,PER,fishing,1,0.24,6.53,5.82,4.22,7.3
-8.2,-79.6,2023-01,PER,other_purse_seines,5,10.9,14.14,8.28,56.89,8.0
-6.2,-81.2,2023-01,PER,other_purse_seines,3,4.86,17.53,7.72,28.75,7.2
-12.3,-77.3,2023-03,PER,pole_and_line,1,1.46,11.54,8.35,32.64,8.9
-9.1,-80.3,2023-03,PER,other_purse_seines,2,3.81,15.25,9.71,14.69,7.6
-13.9,-76.6,2023-01,PER,tuna_purse_seines,1,0.47,7.45,10.61,10.07,7.3
-10.5,-81.6,2023-03,ECU,tuna_purse_seines,1,0.18,2.23,2.35,5.73,7.0
-9.8,-79.8,2023-02,PER,other_purse_seines,1,3.66,7.61,3.67,24.4,7.7
-7.6,-79.7,2023-01,PER,tuna_purse_seines,7,21.2448,29.39,28.96,75.54,9.9
-7.3,-79.9,2023-01,PER,fishing,1,1.64,8.91,8.5,21.88,7.5
-12.3,-77.9,2023-03,PER,pole_and_line,1,0.43,10.66,14.91,11.59,6.8
-16.3,-78.5,2023-02,ECU,tuna_purse_seines,1,2.06,11.64,11.22,8.21,8.8
-13.5,-77.9,2023-02,AIA,purse_seines,1,5.94,10.14,17.75,24.4,7.7
-12.9,-76.7,2023-01,PER,other_purse_seines,42,21.2448,33.97,25.43,70.09,8.4
-7.9,-79.6,2023-01,PER,purse_seines,8,21.2448,22.72,34.58,89.12,8.6
-12.3,-77.5,2023-03,PER,pole_and_line,1,2.39,2.81,3.8,20.05,9.0
-7.9,-79.8,2023-02,PER,other_purse_seines,13,21.2448,29.17,28.17,35.52,8.4
-12.2,-77.2,2023-03,PER,pole_and_line,1,1.62,5.2,1.26,6.13,
-8.5,-79.5,2023-02,PER,other_purse_seines,1,2.38,6.15,9.05,28.56,7.3
-12.2,-78.2,2023-02,PER,fishing,1,4.13,11.95,11.02,66.68,7.8
-7.4,-80.1,2023-01,PER,purse_seines,1,0.98,1.02,6.15,8.02,9.6
-9.0,-78.8,2023-01,PER,other_purse_seines,14,14.59,24.03,16.63,84.31,9.3
-13.7,-77.6,2023-01,PER,set_gillnets,1,0.71,2.75,1.41,23.76,7.4
-16.5,-76.9,2023-03,PER,tuna_purse_seines,2,2.92,4.78,7.11,17.82,7.3
-14.9,-77.2,2023-02,,other_purse_seines,1,1.75,12.98,6.73,5.5,7.0
-13.1,-77.3,2023-02,PER,pole_and_line,1,0.22,9.55,2.14,7.89,6.7
-9.9,-78.4,2023-02,PER,other_purse_seines,10,10.42,12.14,6.41,79.24,8.1
-15.3,-77.1,2023-02,PER,purse_seines,1,2.5,12.18,5.87,29.41,8.0
-18.1,-71.0,2023-02,,other_purse_seines,1,2.44,6.4,0.0,11.68,7.5
-6.7,-82.4,2023-03,ECU,tuna_purse_seines,1,0.28,0.0,5.73,14.89,7.4
-10.8,-78.1,2023-01,PER,other_purse_seines,1,1.66,6.74,12.61,7.77,6.7
-11.2,-77.9,2023-02,PER,other_purse_seines,1,0.3,3.25,0.0,6.23,7.8
-8.2,-79.1,2023-01,PER,pole_and_line,1,1.92,10.71,5.03,45.54,7.7
-8.6,-79.1,2023-01,PER,other_purse_seines,5,2.11,9.99,4.09,10.93,
-13.9,-77.4,2023-03,PER,other_purse_seines,1,0.7,8.09,4.49,6.85,7.4
-7.8,-79.9,2023-02,PER,other_purse_seines,7,21.2448,24.06,21.48,162.26,8.7
-9.0,-80.2,2023-03,PER,purse_seines,1,1.68,9.38,5.37,41.22,7.4
-7.9,-79.5,2023-02,PER,fishing,1,1.58,8.52,0.84,21.78,7.0
-15.2,-77.3,2023-03,PER,other_purse_seines,5,8.02,17.5,18.83,35.73,9.1
-14.4,-79.3,2023-03,ECU,tuna_purse_seines,1,0.04,10.62,0.0,4.52,7.3
-15.3,-77.4,2023-02,PER,tuna_purse_seines,1,2.23,5.66,5.96,13.34,9.4
-12.8,-76.7,2023-01,PER,purse_seines,1,0.08,2.2,1.27,10.77,6.9
-4.5,-81.6,2023-02,PER,other_purse_seines,1,0.08,3.87,1.24,5.35,7.5
-7.4,-80.1,2023-01,PER,tuna_purse_seines,1,1.31,3.39,1.19,12.77,7.6
-5.3,-82.8,2023-02,PER,other_purse_seines,1,2.31,6.93,10.3,47.81,
-8.9,-80.3,2023-03,PER,other_purse_seines,1,0.57,4.69,0.0,8.53,7.1
-12.3,-78.9,2023-03,PER,other_purse_seines,1,0.64,7.65,6.83,9.39,7.8
-12.4,-77.1,2023-01,PER,tuna_purse_seines,1,0.77,6.41,1.93,24.28,8.9
-7.8,-79.7,2023-01,GBR,other_purse_seines,1,2.05,7.91,6.59,3.23,8.4
-8.5,-79.3,2023-01,PER,other_purse_seines,1,1.89,11.0,6.5,14.11,7.5
-12.7,-78.3,2023-03,PER,other_purse_seines,1,1.56,10.21,4.14,6.48,7.3
-12.4,-77.1,2023-01,,other_purse_seines,4,6.01,12.39,13.74,22.48,7.0
-15.7,-77.8,2023-02,PER,tuna_purse_seines,1,9.49,12.81,14.94,42.27,7.5
-12.7,-76.8,2023-01,PER,purse_seines,4,16.15,18.14,16.71,90.26,10.7
-10.0,-78.4,2023-01,PER,purse_seines,4,10.91,12.32,15.16,104.3,7.9
-12.3,-77.3,2023-03,PER,other_purse_seines,5,9.54,13.16,18.48,34.14,7.9
-12.5,-77.1,2023-01,PER,purse_seines,2,2.82,5.91,7.45,25.93,7.3
-12.0,-77.2,2023-02,HND,other_purse_seines,1,0.08,3.03,0.0,9.68,7.3
-17.2,-71.9,2023-01,,other_purse_seines,1,6.76,12.93,9.73,37.53,9.6
-10.1,-79.3,2023-02,PER,other_purse_seines,1,1.0,6.08,8.53,10.91,7.6
-6.3,-81.1,2023-01,PER,tuna_purse_seines,2,2.5,5.45,6.4,11.04,7.4
-6.7,-82.7,2023-01,PAN,tuna_purse_seines,1,0.45,1.14,3.95,9.42,7.5
-8.1,-79.6,2023-01,PER,other_purse_seines,41,21.2448,26.59,31.21,36.99,8.8
-15.5,-77.6,2023-02,,other_purse_seines,1,0.55,5.98,11.11,12.26,
-9.2,-80.3,2023-03,PER,other_purse_seines,7,21.2448,27.04,29.63,129.86,
-14.1,-79.9,2023-02,PER,tuna_purse_seines,1,11.78,20.77,21.06,108.39,7.6
-16.0,-77.8,2023-02,ECU,tuna_purse_seines,1,0.99,6.21,5.99,8.27,6.9
-16.7,-78.2,2023-03,PER,other_purse_seines,1,5.91,10.73,18.24,13.89,7.8
-6.8,-81.9,2023-03,PER,other_purse_seines,1,6.29,8.95,18.06,21.94,7.3
-8.0,-83.6,2023-03,ECU,tuna_purse_seines,1,0.13,4.53,5.45,3.66,6.6
-7.6,-80.3,2023-03,PER,other_purse_seines,1,0.37,5.1,2.83,2.72,7.7
-14.9,-77.5,2023-03,PER,purse_seines,1,4.79,5.51,7.55,35.85,8.2
-9.4,-78.9,2023-02,PER,other_purse_seines,1,1.5,0.0,0.0,16.56,7.3
-6.6,-80.6,2023-01,PER,tuna_purse_seines,1,1.07,3.93,6.34,19.41,10.7
-14.4,-77.8,2023-02,PER,tuna_purse_seines,2,1.31,10.87,5.26,5.05,6.6
-15.3,-77.4,2023-03,PER,other_purse_seines,9,21.2448,32.98,25.07,112.18,
-14.6,-76.9,2023-01,PER,fishing,1,15.62,23.02,18.78,87.3,8.0
-15.2,-77.3,2023-02,PER,tuna_purse_seines,1,0.77,7.18,8.16,9.36,7.2
-17.3,-71.8,2023-02,PER,other_purse_seines,1,2.68,7.98,7.02,33.21,7.9
-15.1,-77.2,2023-03,,other_purse_seines,1,1.88,2.02,2.53,34.1,7.9
-11.9,-77.3,2023-02,PER,purse_seines,1,0.31,1.23,0.0,3.82,6.9
-12.2,-78.8,2023-03,PER,other_purse_seines,6,8.04,17.72,15.95,16.81,7.6
-8.0,-79.8,2023-01,PER,other_purse_seines,2,0.66,1.99,0.2,13.88,6.4
-9.5,-78.5,2023-02,PER,other_purse_seines,4,3.06,5.84,7.24,17.99,
-7.7,-79.6,2023-01,PER,purse_seines,6,10.81,11.02,12.58,30.28,8.1
-7.4,-79.7,2023-01,,other_purse_seines,1,1.24,2.67,4.67,10.0,6.9
-6.7,-80.2,2023-01,PER,other_purse_seines,5,10.22,14.93,9.5,46.15,8.3
-10.9,-77.9,2023-02,PER,other_purse_seines,3,5.05,7.53,14.97,53.2,8.2
-7.2,-80.1,2023-01,PER,purse_seines,2,7.13,10.58,11.25,23.93,8.3
-14.9,-77.3,2023-03,PER,other_purse_seines,5,5.05,11.1,14.76,100.66,10.1
-12.2,-77.4,2023-03,PER,other_purse_seines,1,0.41,0.0,0.0,9.2,6.9
-15.4,-77.4,2023-02,PER,tuna_purse_seines,1,0.51,7.52,4.08,5.58,7.9
-9.9,-79.0,2023-01,PER,other_purse_seines,1,0.11,0.75,0.19,3.64,7.0
-9.6,-78.5,2023-01,PER,other_purse_seines,43,21.2448,26.1,24.03,81.96,9.4
-6.9,-80.4,2023-02,PER,tuna_purse_seines,1,1.8,11.63,9.65,14.54,9.3
-13.9,-76.5,2023-02,PER,set_gillnets,1,1.5,8.13,8.64,12.46,7.2
-11.8,-77.3,2023-01,,other_purse_seines,3,7.76,12.04,15.02,35.49,8.5
-13.5,-76.2,2023-02,PER,other_purse_seines,4,6.53,12.14,16.32,31.83,7.9
-6.9,-80.7,2023-01,PER,other_purse_seines,1,0.08,1.34,2.86,5.24,7.1
-11.8,-77.4,2023-03,PER,fishing,1,0.97,0.0,0.0,12.67,7.1
-10.0,-81.6,2023-02,PER,tuna_purse_seines,1,0.42,9.22,1.72,12.19,7.4
-16.7,-77.1,2023-03,PER,tuna_purse_seines,2,8.58,13.55,12.5,26.59,8.4
-15.0,-77.5,2023-03,PER,other_purse_seines,1,3.21,2.99,0.89,13.14,6.9
-4.3,-82.3,2023-02,PER,other_purse_seines,1,1.82,2.03,0.0,9.8,7.1
-15.4,-78.8,2023-02,PER,tuna_purse_seines,1,8.03,13.6,20.58,52.29,7.7
-14.7,-77.4,2023-03,PER,other_purse_seines,4,4.58,8.66,11.16,45.3,7.3
-11.8,-77.5,2023-01,,other_purse_seines,1,4.34,13.73,19.68,31.86,7.0
-6.5,-81.7,2023-02,PER,other_purse_seines,2,5.0,12.02,12.33,20.1,7.4
-8.9,-80.1,2023-01,PER,tuna_purse_seines,1,0.1,3.77,0.34,7.52,6.8
-10.0,-78.3,2023-02,,other_purse_seines,1,0.99,5.04,0.0,14.45,7.3
-8.2,-79.1,2023-01,HND,other_purse_seines,1,0.59,8.52,7.22,7.12,8.0
-5.5,-81.1,2023-02,PER,other_purse_seines,1,0.15,0.0,3.87,7.63,7.0
-14.9,-76.4,2023-03,PER,pole_and_line,1,0.75,7.43,0.0,18.6,7.4
-15.6,-76.4,2023-03,PER,other_purse_seines,1,0.89,11.07,12.23,4.16,7.0
-9.8,-78.4,2023-02,PER,other_purse_seines,4,1.77,0.0,0.0,17.42,7.9
-8.0,-79.6,2023-02,PER,other_purse_seines,11,12.91,15.52,10.82,25.49,7.9
-10.9,-78.1,2023-01,PER,other_purse_seines,2,2.08,5.35,12.96,11.05,8.1
-6.8,-80.5,2023-01,PER,tuna_purse_seines,3,2.16,8.4,4.37,21.29,7.1
-7.5,-79.7,2023-02,PER,tuna_purse_seines,1,1.55,0.0,3.09,5.43,7.1
-7.7,-82.9,2023-03,ECU,tuna_purse_seines,1,3.2,7.01,0.06,34.36,7.9
-9.2,-78.8,2023-02,PER,other_purse_seines,4,7.58,11.83,9.97,82.48,8.2
-14.2,-77.9,2023-02,PER,tuna_purse_seines,1,1.37,7.31,6.58,5.87,7.5
-9.0,-80.5,2023-03,PER,other_purse_seines,6,14.05,16.67,22.22,41.77,
-11.0,-77.8,2023-01,PER,purse_seines,3,6.28,9.54,14.37,28.52,7.2
-7.7,-79.5,2023-01,PER,other_purse_seines,10,3.89,8.73,6.79,54.7,6.7
-11.9,-77.4,2023-01,,other_purse_seines,1,2.28,8.59,9.41,6.63,6.6
-11.2,-78.1,2023-01,PER,other_purse_seines,1,0.45,2.79,0.0,6.33,7.2
-15.5,-77.0,2023-03,PER,other_purse_seines,6,21.2448,31.07,34.68,162.59,9.3
-16.8,-77.7,2023-03,PER,other_purse_seines,1,8.01,7.28,15.8,43.59,7.4
-7.5,-79.7,2023-03,PER,other_purse_seines,1,5.13,8.14,6.37,26.02,9.0
-7.1,-80.1,2023-01,AIA,purse_seines,1,5.43,16.74,13.8,53.04,7.3
-9.3,-78.7,2023-01,GBR,other_purse_seines,1,0.08,8.57,1.22,4.1,7.0
-10.8,-77.9,2023-02,PER,other_purse_seines,2,4.06,3.89,10.48,20.88,7.7
-13.0,-76.7,2023-02,PER,other_purse_seines,4,2.79,9.85,6.25,21.67,7.2
-6.4,-81.5,2023-03,ECU,fishing,1,2.15,3.6,2.19,27.83,8.0
-7.9,-79.5,2023-01,PER,fishing,3,19.56,23.63,27.35,112.0,8.0
-14.1,-77.2,2023-01,PER,set_gillnets,1,3.03,11.85,12.25,12.4,6.8
-14.1,-77.3,2023-02,PER,pole_and_line,1,2.0,3.15,3.13,27.26,7.4
-14.2,-77.1,2023-01,PER,set_gillnets,1,2.03,4.57,14.12,10.79,7.0
-16.8,-78.1,2023-03,,purse_seines,1,7.53,14.26,13.32,40.44,7.5
-14.7,-77.4,2023-02,PER,tuna_purse_seines,2,3.46,10.13,5.2,35.65,6.9
-5.7,-81.1,2023-01,,inconclusive,1,2.33,12.04,7.73,50.55,7.6
-12.2,-77.2,2023-01,SSD,tuna_purse_seines,1,12.83,16.06,21.41,28.58,8.3
-9.9,-78.4,2023-01,,other_purse_seines,2,7.97,11.9,9.3,33.68,10.4
-7.4,-80.3,2023-02,PER,tuna_purse_seines,1,0.95,6.9,5.46,6.78,7.3
-9.0,-78.8,2023-01,PER,purse_seines,1,1.34,6.79,7.7,5.66,7.1
-17.2,-77.1,2023-03,PER,fishing,1,0.09,0.0,4.5,7.09,8.3
-15.0,-77.5,2023-02,PER,tuna_purse_seines,1,2.14,5.68,4.56,13.68,9.8
-17.5,-77.8,2023-03,PER,tuna_purse_seines,2,10.13,15.68,14.7,83.88,7.4
-8.0,-79.5,2023-01,PER,purse_seines,4,10.31,13.18,20.69,84.27,8.0
-17.2,-71.9,2023-02,PER,other_purse_seines,3,4.94,16.07,12.72,24.31,6.8
-7.1,-80.2,2023-01,PER,other_purse_seines,5,8.66,14.08,23.16,29.36,7.7
-8.0,-79.3,2023-01,PER,purse_seines,1,1.53,9.38,15.59,18.8,6.8
-9.6,-78.6,2023-01,HND,other_purse_seines,1,0.09,6.07,1.98,6.3,7.6
-15.4,-77.4,2023-03,PER,other_purse_seines,2,2.94,6.85,5.53,20.54,7.8
-14.3,-77.8,2023-02,PER,tuna_purse_seines,3,8.3,12.01,8.58,58.67,8.0
-14.8,-76.5,2023-03,PER,pole_and_line,1,0.42,0.0,6.21,2.8,7.4
-13.2,-77.2,2023-03,PER,purse_seines,1,0.24,0.45,1.36,14.72,6.9
-14.0,-76.5,2023-03,PER,other_purse_seines,1,0.8,3.96,8.23,26.12,
-6.8,-80.3,2023-01,PER,purse_seines,4,11.24,20.34,14.76,75.03,8.1
-6.3,-81.0,2023-01,PER,purse_seines,4,5.52,13.8,12.8,35.24,7.4
-11.5,-77.4,2023-01,PER,other_purse_seines,2,2.85,10.05,12.83,20.78,7.1
-14.1,-76.6,2023-03,PER,pole_and_line,1,5.01,12.7,9.97,16.74,7.2
-7.4,-80.0,2023-01,GBR,other_purse_seines,1,3.1,11.2,3.64,53.99,7.6
-6.8,-80.5,2023-01,PER,purse_seines,1,1.01,8.15,6.32,9.23,7.2
-14.6,-77.4,2023-02,PER,pole_and_line,1,1.53,6.61,11.33,20.92,7.7
-17.2,-77.6,2023-03,PER,tuna_purse_seines,1,0.43,5.29,0.0,11.34,8.1
-6.3,-81.0,2023-01,GBR,other_purse_seines,1,6.37,11.12,18.44,19.35,7.7
-13.2,-76.5,2023-01,PER,pole_and_line,1,4.11,9.6,13.33,18.7,7.2
-16.3,-77.7,2023-03,PER,other_purse_seines,1,3.25,12.86,13.46,13.31,7.0
-11.7,-77.9,2023-02,ECU,tuna_purse_seines,1,1.01,1.49,0.0,5.66,7.0
-15.1,-75.6,2023-01,,other_purse_seines,2,2.32,3.39,3.42,16.24,7.4
-11.5,-77.5,2023-01,PER,purse_seines,3,4.39,10.41,11.29,38.85,7.9
-12.5,-77.2,2023-02,PER,other_purse_seines,1,0.48,7.68,0.0,12.16,6.9
-10.3,-78.9,2023-02,PER,purse_seines,1,0.15,3.28,0.0,5.7,7.0
-6.9,-80.1,2023-01,PER,purse_seines,4,12.41,14.78,12.38,72.14,8.7
-8.4,-79.0,2023-01,,other_purse_seines,3,7.91,9.82,13.72,75.27,8.4
-5.8,-81.0,2023-01,PER,other_purse_seines,1,0.24,0.03,1.81,3.41,
-14.5,-77.5,2023-02,AIA,purse_seines,1,0.85,1.47,4.66,8.06,7.3
-9.7,-78.5,2023-01,PER,other_purse_seines,22,21.2448,28.35,28.74,79.66,9.6
-6.0,-81.6,2023-03,ECU,fishing,1,0.95,5.18,0.04,3.77,6.9
-8.2,-79.8,2023-02,PER,other_purse_seines,1,0.19,0.0,0.0,1.67,8.4
-3.4,-81.2,2023-03,ECU,other_purse_seines,1,4.13,11.74,16.21,28.03,7.1
-7.4,-79.7,2023-01,PER,tuna_purse_seines,5,20.23,29.52,29.52,91.51,8.7
-9.3,-82.4,2023-02,PER,tuna_purse_seines,1,8.47,11.66,5.53,87.59,7.7
-14.4,-76.4,2023-03,,pole_and_line,1,6.01,11.1,10.02,13.47,7.2
-14.2,-76.7,2023-03,PER,pole_and_line,1,5.6,9.46,2.27,35.45,7.9
-9.0,-78.6,2023-02,PER,other_purse_seines,4,21.2448,29.7,31.6,138.74,8.8
-16.6,-77.2,2023-03,ECU,tuna_purse_seines,3,12.45,14.01,15.48,118.52,11.7
-15.5,-77.7,2023-02,PER,pole_and_line,1,0.96,1.42,5.6,5.92,
-7.1,-79.8,2023-02,PER,other_purse_seines,1,0.56,4.7,7.36,7.14,6.7
-7.7,-79.5,2023-02,PER,fishing,1,0.3,11.8,10.43,6.21,7.2
-17.0,-77.8,2023-03,PER,tuna_purse_seines,1,18.21,26.22,31.59,75.86,8.0
-14.6,-77.4,2023-03,PER,other_purse_seines,2,4.7,12.06,10.96,41.68,8.9
-9.5,-78.5,2023-01,PER,purse_seines,6,6.75,7.69,17.54,13.78,7.0
-7.9,-79.6,2023-01,PER,other_purse_seines,61,21.2448,29.78,26.3,164.69,9.1
-13.6,-78.9,2023-02,PER,tuna_purse_seines,1,11.06,13.76,14.81,26.18,10.2
-12.0,-77.2,2023-01,ESP,drifting_longlines,2,21.2448,24.26,23.39,102.64,9.3
-13.8,-76.6,2023-01,PER,tuna_purse_seines,1,1.85,2.95,8.49,7.8,7.5
-9.1,-78.6,2023-01,,other_purse_seines,1,1.32,4.83,6.32,9.97,6.7
-12.0,-77.4,2023-01,PER,tuna_purse_seines,2,2.4,5.93,3.28,21.75,7.0
-10.5,-79.0,2023-02,PER,other_purse_seines,1,4.55,15.81,3.31,22.1,8.8
-6.7,-81.3,2023-03,PER,other_purse_seines,1,0.49,3.23,5.84,7.55,7.3
-14.6,-77.5,2023-02,,pole_and_line,1,5.31,6.98,7.61,28.11,8.4
-14.9,-76.9,2023-02,PER,tuna_purse_seines,1,0.12,10.58,6.33,2.88,7.0
-9.0,-78.6,2023-03,PER,tuna_purse_seines,1,0.45,5.61,4.24,9.0,7.7
-5.0,-82.5,2023-02,PER,other_purse_seines,1,1.38,2.91,5.56,14.64,7.2
-3.4,-81.2,2023-02,ECU,tuna_purse_seines,1,2.85,10.94,6.24,5.62,8.0
-18.0,-71.0,2023-02,PER,other_purse_seines,3,5.42,4.51,9.7,24.6,9.1
-12.0,-77.1,2023-02,,other_purse_seines,1,0.11,6.15,0.0,6.85,7.3
-12.8,-76.7,2023-01,PER,other_purse_seines,7,9.94,19.99,17.26,59.46,8.7
-11.0,-77.9,2023-01,PER,other_purse_seines,20,21.2448,24.18,28.94,154.2,8.7
-17.4,-71.9,2023-02,PER,other_purse_seines,2,1.46,6.23,0.0,5.0,7.4
-6.4,-81.4,2023-03,PER,other_purse_seines,1,0.17,7.96,11.08,4.94,6.6
-9.8,-81.3,2023-02,PER,tuna_purse_seines,1,2.0,4.73,6.97,11.13,6.9
-11.9,-77.5,2023-01,PER,other_purse_seines,12,14.15,23.06,16.73,57.37,8.2
-11.1,-78.1,2023-01,PER,other_purse_seines,3,1.13,0.0,7.46,29.55,7.8
-6.8,-80.3,2023-02,PER,tuna_purse_seines,1,2.45,9.28,11.69,18.81,7.0
-17.6,-77.7,2023-03,ECU,tuna_purse_seines,1,0.35,0.0,9.28,5.08,6.6
-8.3,-79.2,2023-01,PER,tuna_purse_seines,3,3.34,14.64,15.86,28.25,7.4
-15.1,-75.6,2023-01,PER,other_purse_seines,12,20.83,30.3,36.94,123.77,9.9
-16.0,-77.3,2023-03,PER,tuna_purse_seines,1,0.67,0.0,2.03,18.94,8.6
-3.4,-81.2,2023-02,PAN,tuna_purse_seines,1,0.79,3.92,9.87,18.18,6.6
-8.2,-79.2,2023-01,,other_purse_seines,3,21.2448,26.6,34.46,120.94,9.1
-14.3,-76.5,2023-03,,pole_and_line,1,6.3,18.47,23.21,34.03,
-8.1,-79.3,2023-01,PER,fishing,2,16.01,23.88,21.05,124.62,7.9
-9.2,-78.7,2023-01,,other_purse_seines,3,14.13,18.11,21.49,70.01,7.9
-17.5,-77.8,2023-03,,purse_seines,1,6.38,16.97,20.36,27.39,7.9
-9.6,-78.8,2023-02,PER,other_purse_seines,5,6.05,13.8,17.68,19.06,7.4
-13.5,-77.3,2023-01,PER,fishing,1,0.58,6.79,4.83,8.83,7.7
-12.2,-77.3,2023-01,PER,pole_and_line,2,5.82,12.43,10.69,25.55,7.1
-14.6,-77.9,2023-02,PER,tuna_purse_seines,1,1.22,1.1,2.43,11.5,
-8.1,-79.5,2023-01,PER,other_purse_seines,36,21.2448,26.65,28.26,70.1,
-16.2,-77.6,2023-03,PER,tuna_purse_seines,1,1.28,3.47,5.28,11.82,7.1
-8.3,-79.2,2023-01,GBR,other_purse_seines,1,4.81,8.19,9.36,66.88,8.6
-12.0,-77.2,2023-02,PER,other_purse_seines,26,21.2448,26.75,24.98,58.87,8.9
-7.6,-80.0,2023-02,PER,purse_seines,4,5.78,13.86,8.67,30.41,7.4
-13.3,-76.7,2023-01,PER,pole_and_line,1,0.8,6.75,9.15,9.08,6.5
-4.7,-82.8,2023-02,PER,other_purse_seines,1,3.15,4.93,6.46,22.43,7.7
-15.8,-77.9,2023-03,ECU,tuna_purse_seines,1,3.98,13.92,14.98,26.52,7.0
-6.6,-80.5,2023-01,PER,tuna_purse_seines,2,2.36,9.51,10.5,10.55,6.8
-4.8,-81.5,2023-03,ECU,fishing,1,5.75,5.35,10.04,44.01,7.5
-12.3,-77.2,2023-01,PER,pole_and_line,1,4.03,1.81,9.08,12.75,8.8
-14.6,-77.5,2023-02,PER,pole_and_line,1,0.1,0.0,5.67,3.23,7.1
-7.1,-79.9,2023-02,PER,purse_seines,1,2.91,13.0,9.04,18.92,7.4
-6.8,-80.4,2023-01,PER,purse_seines,3,3.52,10.68,11.82,40.99,7.4
-13.5,-78.3,2023-02,PER,fishing,1,2.52,4.84,4.1,14.63,7.4
-8.3,-79.4,2023-02,PER,other_purse_seines,1,1.54,0.0,0.0,33.74,6.8
-14.0,-76.6,2023-01,PER,purse_seines,1,3.31,7.64,5.14,20.49,7.4
-16.0,-77.8,2023-03,PER,tuna_purse_seines,2,3.07,2.83,10.1,42.34,8.2
-14.4,-76.5,2023-03,,pole_and_line,1,7.23,16.88,10.75,21.43,7.4
-12.6,-77.9,2023-02,PER,purse_seines,1,1.21,3.18,2.96,9.41,6.6
-14.1,-77.4,2023-03,PER,other_purse_seines,1,2.34,4.72,4.04,12.7,6.6
-14.4,-76.9,2023-03,PER,other_purse_seines,2,2.26,6.1,13.01,19.88,8.0
-8.4,-79.3,2023-01,,other_purse_seines,1,0.27,7.28,7.75,18.54,7.6
-9.5,-78.6,2023-02,PER,other_purse_seines,10,14.41,20.16,16.0,87.3,8.7
-4.4,-81.5,2023-03,ECU,fishing,1,2.02,9.19,9.32,18.28,8.4
-14.5,-77.8,2023-02,AIA,purse_seines,1,8.19,5.87,12.0,53.3,8.0
-14.3,-76.5,2023-03,PER,pole_and_line,1,1.45,9.8,13.43,22.37,7.4
-14.6,-77.4,2023-02,GBR,other_purse_seines,1,1.69,2.71,0.0,11.42,6.8
-7.7,-79.4,2023-01,PER,fishing,2,2.05,4.87,0.98,15.04,7.5
-14.7,-76.1,2023-01,PER,tuna_purse_seines,1,0.76,1.15,8.03,8.2,6.8
-11.6,-80.8,2023-02,PER,tuna_purse_seines,2,3.19,0.0,3.34,30.18,8.2
-9.0,-80.8,2023-01,PER,tuna_purse_seines,1,0.71,0.0,4.5,3.44,
-10.1,-78.4,2023-02,PER,other_purse_seines,15,21.2448,28.17,33.28,75.04,12.5
-5.8,-81.6,2023-01,ECU,tuna_purse_seines,1,1.48,1.51,4.91,9.23,7.8
-13.1,-77.3,2023-02,PER,tuna_purse_seines,1,0.2,7.84,6.44,4.62,8.7
-12.4,-79.0,2023-03,PER,pole_and_line,1,0.81,6.06,3.87,11.12,8.5
-8.5,-83.0,2023-03,ECU,tuna_purse_seines,1,3.7,11.35,6.72,19.71,8.5
-7.7,-79.8,2023-02,PER,other_purse_seines,17,18.92,26.85,23.8,165.72,9.9
-10.8,-78.0,2023-01,PER,other_purse_seines,5,4.29,8.25,13.94,27.72,7.1
-14.0,-78.5,2023-03,ECU,tuna_purse_seines,1,0.19,11.28,8.47,12.72,7.0
-7.3,-80.2,2023-01,PER,other_purse_seines,1,0.4,5.9,8.18,5.04,8.5
-7.4,-79.7,2023-01,GBR,other_purse_seines,1,1.04,5.73,3.0,11.54,6.6
-14.1,-76.6,2023-03,,pole_and_line,1,7.26,8.56,2.96,74.12,7.5
-6.4,-81.2,2023-01,PER,other_purse_seines,2,2.15,5.78,7.55,13.39,7.4
-16.8,-78.5,2023-03,PER,tuna_purse_seines,2,5.54,9.92,13.97,20.28,7.1
-16.3,-77.2,2023-03,PER,other_purse_seines,1,3.0,9.71,16.85,14.4,
-7.8,-80.1,2023-01,PER,tuna_purse_seines,1,0.11,5.59,11.83,3.77,7.2
-16.7,-78.2,2023-03,ECU,tuna_purse_seines,2,9.88,9.05,6.27,62.36,8.2
-8.6,-79.0,2023-01,PER,other_purse_seines,2,2.45,2.35,2.91,7.34,9.0
-17.7,-71.4,2023-02,PER,other_purse_seines,2,3.47,11.61,11.24,11.75,7.4
-11.8,-77.5,2023-01,SSD,tuna_purse_seines,1,0.21,3.99,11.73,6.01,8.5
-12.4,-77.0,2023-01,PER,tuna_purse_seines,2,3.07,6.36,4.58,19.9,7.4
-7.4,-79.9,2023-02,PER,other_purse_seines,6,7.52,16.32,10.13,34.45,7.7
-7.8,-79.8,2023-02,,other_purse_seines,1,0.51,7.73,2.73,4.99,7.9
-7.2,-83.4,2023-03,ECU,tuna_purse_seines,1,0.16,6.29,6.52,12.01,
-12.0,-77.2,2023-01,PER,inconclusive,2,21.2448,20.83,23.16,83.06,9.5
-7.4,-80.0,2023-01,PER,tuna_purse_seines,5,7.57,7.42,13.94,48.53,7.2
-5.0,-81.6,2023-03,ECU,fishing,1,2.09,6.72,10.03,8.99,7.4
-12.0,-77.2,2023-03,PER,tuna_purse_seines,1,6.83,13.79,16.55,29.83,8.7
-6.3,-81.0,2023-01,PER,tuna_purse_seines,7,21.2448,30.18,28.12,65.02,10.0
-8.3,-79.0,2023-01,,other_purse_seines,1,0.33,2.19,5.53,9.53,7.1
-18.2,-70.9,2023-02,PER,other_purse_seines,1,0.06,8.0,1.57,5.55,6.5
-13.0,-76.7,2023-01,PER,inconclusive,1,3.75,7.44,9.31,17.77,7.8
-16.6,-77.7,2023-03,ECU,tuna_purse_seines,1,5.66,11.67,12.37,25.49,9.2
-14.3,-76.4,2023-03,,pole_and_line,1,0.7,4.45,5.12,11.23,8.1
-19.3,-75.1,2023-03,PER,other_purse_seines,1,0.8,0.0,4.72,10.51,7.4
-11.3,-80.4,2023-02,PER,tuna_purse_seines,1,6.31,11.5,9.99,47.78,8.4
-16.3,-78.5,2023-03,PER,tuna_purse_seines,1,1.96,7.26,4.79,12.4,6.9
-15.9,-78.8,2023-02,PER,tuna_purse_seines,1,1.01,4.57,6.69,9.46,6.5
-7.2,-81.4,2023-03,ECU,fishing,1,0.29,0.0,6.24,2.97,8.4
-14.7,-77.4,2023-02,GBR,other_purse_seines,1,9.25,14.79,15.84,49.77,8.0
-15.5,-79.0,2023-03,ECU,tuna_purse_seines,1,0.35,5.88,6.64,3.79,7.7
-8.6,-79.1,2023-01,,other_purse_seines,1,0.08,10.22,12.95,5.34,6.8
-11.8,-77.6,2023-01,PER,other_purse_seines,9,11.84,15.42,11.68,70.56,8.4
-9.0,-80.0,2023-03,PER,other_purse_seines,1,2.05,2.77,6.75,13.1,7.5
-12.6,-76.8,2023-03,PER,other_purse_seines,1,2.23,9.11,2.88,20.51,
-13.2,-77.3,2023-02,PER,tuna_purse_seines,1,0.06,4.85,7.39,6.97,7.2
-7.2,-80.1,2023-01,PER,tuna_purse_seines,3,3.53,8.02,8.14,11.82,7.7
-12.1,-77.3,2023-03,PER,fishing,1,3.09,11.75,7.11,17.49,
-10.2,-78.4,2023-02,PER,other_purse_seines,2,3.7,4.94,4.49,21.09,8.1
-11.8,-77.4,2023-01,,other_purse_seines,3,13.05,21.6,25.11,32.62,7.7
-12.6,-76.9,2023-01,PER,inconclusive,1,6.29,12.77,11.48,22.73,8.8
-12.8,-77.1,2023-01,PER,tuna_purse_seines,1,0.13,5.03,4.75,13.13,6.6
-11.4,-77.6,2023-01,SSD,tuna_purse_seines,1,0.65,4.7,5.2,9.78,7.5
-17.6,-71.5,2023-01,PER,other_purse_seines,1,4.91,5.54,4.23,35.47,
-3.5,-81.4,2023-03,ECU,fishing,1,1.04,0.0,0.85,8.07,
-14.3,-77.1,2023-02,,pole_and_line,1,1.91,1.73,4.68,7.89,
-6.2,-81.1,2023-01,PER,purse_seines,1,0.83,5.46,0.0,9.06,7.6
-4.0,-82.1,2023-02,PER,other_purse_seines,1,6.8,17.21,22.21,17.42,7.7
-12.2,-77.3,2023-01,CHN,fishing,1,1.2,13.95,15.82,9.93,11.1
-8.2,-79.5,2023-01,PER,other_purse_seines,11,17.04,19.11,18.53,91.32,8.1
-14.7,-77.9,2023-02,PER,tuna_purse_seines,1,4.27,12.49,8.56,27.87,7.3
-14.4,-77.1,2023-02,PER,pole_and_line,1,0.22,12.59,14.12,4.62,7.6
-13.3,-77.4,2023-03,PER,other_purse_seines,1,1.06,4.82,10.23,7.57,6.9
-9.7,-78.8,2023-02,PER,other_purse_seines,9,7.69,17.25,19.14,44.01,9.3
-9.0,-82.5,2023-03,PAN,tuna_purse_seines,1,2.91,7.43,5.85,17.51,7.4
-9.3,-78.7,2023-01,PER,tuna_purse_seines,2,2.13,4.75,7.79,27.64,6.9
-15.1,-76.4,2023-03,PER,other_purse_seines,1,0.72,2.77,5.23,12.0,7.0
-7.1,-80.7,2023-01,PER,other_purse_seines,1,1.29,2.19,0.25,8.04,6.4
-10.4,-78.1,2023-01,PER,other_purse_seines,14,21.2448,24.13,22.52,74.58,8.3
-9.8,-78.4,2023-01,,other_purse_seines,4,16.72,18.63,29.69,103.6,8.9
-6.7,-81.0,2023-01,PER,tuna_purse_seines,5,7.45,15.3,16.8,21.55,
-7.1,-80.4,2023-03,PER,other_purse_seines,1,1.43,8.01,1.5,13.44,7.4
-13.3,-78.2,2023-02,PER,fishing,1,0.79,2.16,0.0,5.27,6.7
-6.9,-80.2,2023-01,PER,other_purse_seines,24,21.2448,26.39,24.3,52.73,8.5
-12.3,-78.6,2023-02,PER,pole_and_line,1,0.88,8.44,8.76,6.22,
-6.3,-81.8,2023-03,PER,other_purse_seines,1,3.0,5.21,16.74,57.85,
-11.0,-78.0,2023-02,PER,other_purse_seines,1,0.41,3.69,3.34,8.05,6.4
-14.8,-77.3,2023-02,GBR,other_purse_seines,1,5.28,9.78,11.8,25.56,7.3
-12.9,-76.7,2023-01,HND,other_purse_seines,1,8.13,15.06,9.98,37.15,9.5
-7.7,-79.6,2023-02,,other_purse_seines,1,0.27,3.41,6.75,10.5,6.8
-7.5,-79.7,2023-02,GBR,other_purse_seines,1,2.15,1.93,2.0,14.73,7.0
-17.9,-71.4,2023-02,PER,other_purse_seines,1,0.64,0.0,2.42,11.61,6.9
-15.4,-77.9,2023-02,PER,tuna_purse_seines,1,0.89,0.0,6.71,8.09,7.0
-7.5,-79.7,2023-01,PER,pole_and_line,1,5.06,3.24,0.0,42.41,7.2
-5.5,-81.6,2023-02,PER,other_purse_seines,1,6.44,14.28,8.84,23.61,7.3
-12.4,-77.8,2023-03,PER,other_purse_seines,1,0.99,7.03,11.0,12.52,8.2
-10.3,-78.3,2023-02,PER,other_purse_seines,1,0.41,2.66,0.0,8.35,8.5
-12.7,-77.0,2023-01,PER,pole_and_line,2,4.19,8.4,11.51,46.28,8.4
-11.0,-77.9,2023-01,PER,purse_seines,2,7.25,8.55,8.67,28.13,
-11.9,-77.3,2023-01,,other_purse_seines,4,7.59,13.69,17.72,56.13,7.1
-14.5,-76.1,2023-01,PER,purse_seines,1,2.02,5.65,7.12,20.43,9.1
-15.4,-77.4,2023-02,GBR,other_purse_seines,1,0.35,7.51,0.08,9.59,7.1
-8.0,-79.4,2023-01,PER,purse_seines,4,10.65,12.19,17.25,90.66,8.0
-10.6,-78.1,2023-02,PER,purse_seines,1,1.61,6.58,6.52,9.73,7.3
-10.9,-78.6,2023-01,PER,other_purse_seines,1,0.21,3.87,0.57,2.0,8.0
-12.1,-77.2,2023-01,PER,fishing,1,21.2448,25.93,21.09,125.02,8.1
-7.5,-79.9,2023-01,PER,other_purse_seines,53,21.2448,21.36,23.58,122.98,9.3
-11.9,-77.8,2023-02,PER,other_purse_seines,1,1.81,8.23,9.67,21.8,6.8
-9.3,-78.7,2023-02,PER,fishing,1,4.78,7.88,5.67,33.32,7.4
-5.4,-81.3,2023-01,PER,pole_and_line,1,2.95,10.27,12.13,17.01,7.5
-9.8,-81.0,2023-01,PER,tuna_purse_seines,1,3.31,3.63,5.96,13.03,8.5
-9.1,-78.6,2023-01,HND,other_purse_seines,1,0.25,0.0,4.52,8.77,8.0
-14.8,-77.8,2023-02,PER,tuna_purse_seines,1,8.08,3.08,5.34,37.01,7.9
-13.2,-77.3,2023-03,PER,other_purse_seines,1,0.06,6.06,0.41,4.27,6.8
-7.5,-80.0,2023-02,PER,tuna_purse_seines,1,1.47,2.73,9.32,25.1,8.7
-15.6,-76.9,2023-03,PER,other_purse_seines,1,3.83,10.93,14.38,11.36,7.2
-8.7,-79.0,2023-01,PER,other_purse_seines,5,6.16,5.36,13.47,23.41,7.7
-15.0,-77.0,2023-01,PER,set_gillnets,1,2.22,9.06,7.15,9.2,7.0
-16.9,-78.2,2023-03,ECU,tuna_purse_seines,2,11.14,15.38,21.91,84.83,8.5
-14.2,-77.6,2023-01,PER,set_gillnets,1,2.98,4.01,8.53,14.81,7.6
-11.0,-77.9,2023-01,PER,fishing,1,3.3,4.59,3.89,12.87,7.6
-9.0,-78.9,2023-01,PER,purse_seines,1,2.56,10.21,9.72,30.68,7.3
-12.9,-76.6,2023-01,PER,inconclusive,1,1.11,3.46,0.0,8.29,6.7
-3.8,-82.6,2023-03,ECU,tuna_purse_seines,1,1.86,0.0,0.02,9.41,
-16.5,-77.8,2023-03,PER,tuna_purse_seines,2,3.85,10.52,7.43,30.46,7.1
-16.6,-78.1,2023-03,PER,tuna_purse_seines,1,2.51,8.78,10.99,21.67,7.0
-14.0,-76.9,2023-01,PER,set_gillnets,1,3.46,14.07,15.28,17.05,6.6
-15.3,-76.8,2023-03,PER,pole_and_line,1,1.19,7.91,2.26,6.41,7.1
-12.2,-77.2,2023-03,PER,fishing,1,1.78,14.3,8.67,24.43,8.4
-15.5,-77.5,2023-02,AIA,purse_seines,1,0.76,7.15,8.93,6.77,7.0
-6.9,-83.4,2023-03,ECU,tuna_purse_seines,1,0.2,0.0,0.0,6.61,7.4
-12.4,-79.4,2023-02,PER,tuna_purse_seines,1,1.54,2.26,0.0,22.82,6.8
-12.6,-76.9,2023-02,PER,purse_seines,3,5.84,11.24,9.05,27.49,7.5
-15.4,-76.9,2023-03,PER,other_purse_seines,1,1.22,0.0,1.91,12.29,7.6
-14.5,-77.0,2023-01,PER,set_gillnets,1,3.07,9.42,3.33,12.1,6.9
-11.9,-77.2,2023-03,PER,inconclusive,2,21.2448,28.37,30.21,95.33,9.1
-12.1,-77.3,2023-02,PER,tuna_purse_seines,1,0.61,7.14,10.21,4.57,8.2
-14.5,-77.4,2023-01,PER,set_gillnets,1,1.02,6.89,5.49,12.39,6.7
-9.5,-78.7,2023-02,PER,tuna_purse_seines,1,4.59,10.59,11.4,66.74,8.6
-14.5,-77.7,2023-02,PER,pole_and_line,1,2.31,9.64,9.27,26.32,8.6
-9.8,-78.4,2023-01,PER,fishing,1,0.56,4.83,0.0,6.97,7.8
-15.8,-77.6,2023-03,PER,fishing,1,0.57,4.62,9.94,6.29,7.4
-12.7,-79.4,2023-03,PER,fishing,1,0.07,0.0,0.0,8.37,9.3
-12.4,-77.1,2023-01,PER,inconclusive,1,0.18,2.77,6.07,8.46,7.9
-6.3,-80.9,2023-01,PER,purse_seines,2,8.47,17.54,15.58,70.31,7.9
-13.4,-76.2,2023-02,,other_purse_seines,1,0.1,0.81,0.0,3.31,8.6
-9.4,-81.9,2023-02,PER,tuna_purse_seines,1,0.18,0.0,8.84,6.03,8.8
-7.9,-79.6,2023-01,PER,pole_and_line,1,0.78,5.7,7.64,13.52,7.3
-10.0,-78.8,2023-01,PER,other_purse_seines,1,0.35,0.95,6.24,14.69,6.8
-13.0,-77.2,2023-02,PER,other_purse_seines,1,0.1,10.73,9.31,7.08,7.7
-12.7,-77.0,2023-01,PER,tuna_purse_seines,1,0.16,5.57,5.4,3.8,7.6
-10.2,-79.4,2023-02,PER,other_purse_seines,1,3.77,5.16,8.33,28.92,8.4
-7.6,-79.8,2023-02,PER,purse_seines,4,7.29,16.84,16.58,11.3,8.3
-15.6,-77.9,2023-02,PER,tuna_purse_seines,1,0.18,9.35,14.47,7.55,
-7.5,-81.0,2023-03,PER,other_purse_seines,1,5.2,13.65,6.28,31.1,7.1
-8.9,-79.3,2023-02,PER,other_purse_seines,1,3.33,12.74,7.8,37.52,7.6
-4.2,-81.4,2023-02,PER,other_purse_seines,1,0.71,4.85,6.08,8.92,
-17.4,-71.6,2023-01,PER,other_purse_seines,1,0.6,1.69,0.0,16.72,6.9
-8.2,-81.0,2023-02,,purse_seines,1,4.79,12.68,16.7,66.52,
-9.4,-82.3,2023-02,PER,tuna_purse_seines,1,9.6,16.15,8.87,44.95,7.8
-15.6,-77.8,2023-02,PER,pole_and_line,1,4.54,7.02,10.91,26.63,7.5
-15.5,-78.0,2023-03,ECU,tuna_purse_seines,1,2.82,6.75,10.17,16.32,8.9
-11.7,-77.5,2023-01,PER,other_purse_seines,20,21.2448,30.36,24.92,73.78,8.4
-16.7,-78.0,2023-03,PER,tuna_purse_seines,2,5.65,8.82,5.98,41.41,7.5
-13.2,-77.8,2023-01,PER,pole_and_line,1,2.62,5.08,7.53,6.15,6.8
-8.8,-79.1,2023-01,PER,other_purse_seines,2,7.0,19.13,18.61,37.01,10.5
-16.5,-76.8,2023-03,PER,tuna_purse_seines,2,12.94,16.83,20.76,133.64,10.5
-9.0,-78.9,2023-01,PER,other_purse_seines,4,6.96,7.98,6.86,43.82,7.4
-5.7,-81.0,2023-01,PER,pole_and_line,1,2.87,9.8,11.5,27.04,7.2
-9.2,-79.3,2023-02,PER,other_purse_seines,1,2.01,2.65,11.34,7.55,7.7
-16.4,-76.7,2023-03,PER,fishing,1,2.12,12.7,9.75,6.55,7.6
-7.7,-79.6,2023-01,PER,fishing,3,21.2448,29.92,29.6,114.53,8.3
-7.9,-79.9,2023-02,PER,other_purse_seines,24,21.2448,29.68,35.38,111.91,9.0
-12.0,-77.1,2023-03,PER,other_purse_seines,7,21.2448,31.64,32.76,107.52,9.4
-6.2,-81.6,2023-03,ECU,fishing,1,1.98,11.06,12.85,14.07,8.0
-16.4,-78.0,2023-03,PER,tuna_purse_seines,1,0.64,4.04,5.69,21.09,8.5
-9.7,-81.1,2023-01,PER,tuna_purse_seines,1,2.18,2.46,0.0,14.89,7.0
-17.1,-72.2,2023-02,PER,other_purse_seines,3,5.25,4.77,0.79,34.63,7.8
-9.1,-80.4,2023-03,PER,other_purse_seines,2,5.01,13.64,12.51,30.19,8.0
-10.6,-78.1,2023-01,PER,other_purse_seines,2,2.3,14.13,4.89,9.57,8.3
-6.8,-81.0,2023-01,PER,tuna_purse_seines,1,0.34,0.0,4.23,5.63,8.0
-12.0,-80.7,2023-02,PER,tuna_purse_seines,1,0.67,5.92,6.75,10.18,9.2
-7.9,-79.7,2023-01,GBR,other_purse_seines,1,3.23,5.58,12.35,60.21,8.2
-10.3,-79.3,2023-02,PER,other_purse_seines,1,6.16,15.44,8.43,27.46,7.5
-13.3,-76.7,2023-01,PER,other_purse_seines,14,21.2448,26.43,36.43,110.85,
-14.7,-76.9,2023-03,PER,other_purse_seines,1,2.08,3.02,4.23,17.23,6.9
-7.2,-79.8,2023-02,PER,other_purse_seines,2,1.7,5.14,3.94,13.73,7.7
-12.1,-77.3,2023-03,PER,other_purse_seines,2,9.44,10.08,14.78,72.27,9.0
-12.5,-77.0,2023-03,,other_purse_seines,1,1.22,7.95,0.0,27.63,6.6
-16.4,-78.1,2023-02,ECU,tuna_purse_seines,1,0.4,9.8,9.16,8.75,8.2
-7.5,-79.8,2023-01,HND,other_purse_seines,1,0.65,8.27,6.7,25.31,7.1
-7.3,-80.1,2023-01,PER,tuna_purse_seines,1,0.32,1.72,0.0,10.19,6.7
-9.9,-78.5,2023-01,PER,other_purse_seines,9,14.27,31.12,28.27,52.72,9.8
-15.1,-77.4,2023-02,PER,tuna_purse_seines,1,2.96,12.24,14.64,14.25,6.9
-7.1,-81.4,2023-03,PER,other_purse_seines,1,0.04,9.68,12.4,5.3,7.0
-5.1,-81.1,2023-01,PER,inconclusive,1,21.2448,22.67,23.69,186.39,8.8
-5.4,-82.8,2023-02,PER,other_purse_seines,1,1.08,3.09,8.03,5.36,7.1
-10.1,-79.4,2023-02,PER,other_purse_seines,1,0.71,10.75,4.18,12.2,8.0
-16.9,-77.1,2023-03,,purse_seines,1,3.87,16.45,17.93,35.16,7.7
-12.6,-77.0,2023-01,PER,tuna_purse_seines,1,0.08,4.93,4.66,5.6,7.5
-12.3,-77.4,2023-03,PER,other_purse_seines,1,0.43,2.26,5.33,8.48,
-9.3,-78.6,2023-01,PER,other_purse_seines,11,21.2448,24.62,19.8,160.34,8.6
-14.8,-77.5,2023-03,,pole_and_line,1,2.98,10.51,2.57,10.31,7.3
-15.3,-78.9,2023-02,PER,tuna_purse_seines,1,1.58,9.18,9.67,19.77,6.8
-13.8,-76.6,2023-01,PER,inconclusive,1,0.82,9.46,5.55,12.9,7.7
-6.4,-80.9,2023-03,PER,other_purse_seines,1,0.22,0.0,2.54,4.92,6.7
-12.3,-78.8,2023-03,PER,other_purse_seines,7,17.65,28.68,32.42,92.06,
-8.9,-80.4,2023-03,PER,other_purse_seines,3,3.27,3.68,1.28,11.73,8.2
-15.7,-76.7,2023-03,,pole_and_line,1,0.53,7.95,0.24,5.29,6.6
-16.9,-78.0,2023-03,PER,tuna_purse_seines,1,0.02,5.46,7.56,8.97,
-11.6,-77.5,2023-01,PER,other_purse_seines,29,21.2448,28.29,27.45,166.57,9.5
-6.2,-81.0,2023-01,PER,tuna_purse_seines,3,5.96,10.81,11.07,37.47,7.9
-14.8,-77.3,2023-03,,pole_and_line,1,1.0,4.81,12.45,8.64,8.0
-15.3,-77.3,2023-02,PER,tuna_purse_seines,1,2.83,10.14,10.68,17.45,
-7.5,-79.9,2023-01,PER,fishing,2,6.92,16.06,15.3,23.21,7.5
-7.8,-79.8,2023-02,PER,other_purse_seines,29,21.2448,35.38,32.87,51.62,8.7
-13.9,-77.3,2023-03,PER,other_purse_seines,1,1.48,5.2,0.0,6.56,7.7
-7.7,-79.6,2023-01,PER,pole_and_line,1,2.05,5.93,7.18,10.54,7.4
-13.9,-77.7,2023-01,PER,pole_and_line,1,1.96,9.48,4.0,14.63,7.7
-8.3,-79.3,2023-02,HND,other_purse_seines,1,1.2,3.97,9.35,14.63,7.4
-7.1,-80.1,2023-01,GBR,other_purse_seines,1,1.45,1.68,0.0,14.25,7.8
-10.8,-77.9,2023-01,,other_purse_seines,4,11.65,14.53,14.61,159.67,8.3
-9.5,-78.8,2023-02,PER,inconclusive,1,1.72,6.36,4.31,7.44,9.5
-11.2,-77.8,2023-02,PER,other_purse_seines,4,15.99,24.85,24.0,62.16,8.4
-4.7,-84.4,2023-03,ECU,tuna_purse_seines,1,0.18,9.21,2.65,5.28,7.2
-10.2,-78.6,2023-01,PER,other_purse_seines,2,1.21,0.0,1.34,13.56,
-14.5,-77.5,2023-03,PER,other_purse_seines,6,6.77,14.98,16.85,16.33,
-7.2,-80.2,2023-01,PER,other_purse_seines,9,11.04,10.11,12.83,84.93,9.4
-9.3,-80.3,2023-03,PER,other_purse_seines,3,9.85,10.93,13.14,43.93,10.1
-7.5,-79.7,2023-02,,other_purse_seines,1,0.02,5.9,5.17,4.28,7.2
-9.9,-78.3,2023-02,PER,other_purse_seines,2,2.24,5.23,5.34,23.87,6.4
-15.1,-75.7,2023-01,PER,purse_seines,3,2.27,9.13,10.66,8.59,7.4
-8.2,-79.0,2023-03,PER,inconclusive,1,2.15,0.0,4.25,14.57,8.4
-16.8,-77.1,2023-03,PER,tuna_purse_seines,1,3.0,7.56,15.15,21.17,7.2
-4.0,-81.4,2023-03,ECU,fishing,1,2.03,15.6,15.34,15.5,
-8.4,-79.0,2023-01,PER,other_purse_seines,23,21.2448,21.12,21.12,66.05,10.3
-6.5,-80.7,2023-01,PER,purse_seines,1,0.29,9.94,12.39,2.76,7.5
-14.9,-77.4,2023-03,PER,other_purse_seines,4,8.55,10.81,12.82,33.99,7.3
-16.6,-78.2,2023-03,PER,other_purse_seines,1,1.21,8.6,3.95,9.52,6.9
-8.2,-79.1,2023-01,PER,purse_seines,2,3.65,5.1,4.81,50.47,7.0
-12.2,-77.3,2023-03,PER,other_purse_seines,2,4.44,0.0,7.58,21.06,7.4
-14.6,-76.9,2023-03,PER,other_purse_seines,6,9.49,11.54,15.17,34.29,8.0
-8.4,-79.1,2023-01,HND,other_purse_seines,1,0.17,11.55,15.41,6.17,8.0
-7.0,-79.9,2023-01,PER,other_purse_seines,18,20.37,23.12,28.72,102.92,10.4
-10.9,-77.8,2023-02,PER,other_purse_seines,2,1.79,12.28,10.98,15.97,6.6
-12.2,-78.9,2023-03,PER,other_purse_seines,1,0.24,0.0,1.74,11.36,7.9
-14.8,-75.9,2023-01,,other_purse_seines,2,3.18,8.62,0.0,21.33,6.7
-14.7,-76.0,2023-01,PER,purse_seines,1,0.29,8.24,4.11,8.05,7.3
-15.2,-77.4,2023-02,PER,tuna_purse_seines,1,1.02,0.0,2.53,6.54,6.9
-17.3,-71.9,2023-02,PER,other_purse_seines,2,3.22,8.03,4.36,29.56,7.3
-10.9,-78.4,2023-02,PER,other_purse_seines,1,0.11,4.49,7.27,8.22,
-18.0,-71.1,2023-02,,other_purse_seines,1,2.49,7.99,6.1,15.01,7.5
-10.9,-77.8,2023-01,,other_purse_seines,2,3.71,6.47,5.65,17.31,8.5
-4.8,-81.4,2023-02,PER,other_purse_seines,1,0.32,2.64,0.97,7.31,7.2
-14.1,-76.7,2023-01,PER,other_purse_seines,2,0.55,6.77,9.52,6.79,
-7.6,-79.6,2023-01,HND,other_purse_seines,1,1.51,3.38,7.97,9.08,7.4
-15.3,-77.3,2023-03,PER,other_purse_seines,7,20.16,33.16,34.26,36.45,9.7
-9.1,-78.7,2023-01,PER,purse_seines,1,0.01,4.98,6.52,9.21,6.6
-8.2,-79.4,2023-02,HND,other_purse_seines,1,4.76,6.85,0.83,50.28,7.7
-11.4,-77.9,2023-01,PER,set_longlines,1,0.11,5.33,5.09,15.41,7.0
-12.7,-76.8,2023-01,PER,pole_and_line,1,0.22,3.46,0.07,7.14,8.2
-12.8,-76.7,2023-01,PER,pole_and_line,1,0.68,6.14,6.51,7.63,7.1
-7.9,-80.8,2023-03,PER,other_purse_seines,1,0.15,0.0,0.0,2.3,6.5
-15.3,-77.8,2023-02,PER,fishing,1,5.32,8.86,15.99,17.39,7.5
-9.2,-80.4,2023-03,PER,other_purse_seines,3,6.1,16.02,12.05,43.95,7.6
-12.0,-78.2,2023-02,PER,pole_and_line,1,1.44,0.0,0.99,14.06,8.3
-8.0,-79.7,2023-02,GBR,other_purse_seines,1,0.95,5.92,3.95,18.99,7.4
-12.0,-77.2,2023-02,PER,purse_seines,3,21.2448,23.5,26.35,209.81,8.7
-6.9,-80.1,2023-01,PER,tuna_purse_seines,4,7.22,20.2,15.12,47.7,8.0
-14.8,-77.4,2023-03,,pole_and_line,1,0.49,0.97,0.0,16.2,7.7
-14.0,-77.2,2023-02,,pole_and_line,1,1.98,7.16,9.36,17.3,7.6
-9.2,-82.4,2023-03,PAN,tuna_purse_seines,1,0.49,5.86,5.92,10.22,6.8
-8.4,-82.9,2023-03,ECU,tuna_purse_seines,1,0.76,5.42,0.17,5.89,8.0
-12.2,-77.8,2023-03,PER,other_purse_seines,2,2.77,9.48,9.41,25.42,7.7
-10.9,-78.2,2023-01,PER,tuna_purse_seines,2,5.34,10.07,4.83,45.15,7.7
-9.8,-78.6,2023-01,PER,other_purse_seines,1,1.04,6.79,4.67,5.46,7.3
-14.8,-77.0,2023-03,,pole_and_line,1,2.18,7.28,7.56,20.28,8.3
-8.0,-79.7,2023-02,PER,tuna_purse_seines,1,1.51,4.01,2.88,14.96,9.1
-6.9,-80.1,2023-01,GBR,other_purse_seines,1,2.48,1.83,0.0,24.12,9.6
-8.0,-79.4,2023-01,PER,other_purse_seines,52,21.2448,24.12,27.77,69.89,8.4
-12.9,-76.7,2023-01,PER,pole_and_line,1,9.77,17.93,12.67,66.93,9.2
-10.0,-78.5,2023-02,PER,other_purse_seines,1,1.71,10.38,4.89,15.9,7.5
-7.6,-80.9,2023-03,PER,other_purse_seines,1,0.29,8.51,6.51,3.18,6.7
-14.4,-77.4,2023-02,PER,tuna_purse_seines,1,1.02,7.3,8.2,12.75,6.8
-15.3,-79.3,2023-03,ECU,tuna_purse_seines,1,0.09,0.89,7.62,4.11,
-6.9,-80.6,2023-01,PER,tuna_purse_seines,5,10.83,16.65,23.1,44.43,8.0
-12.3,-77.2,2023-01,PER,other_purse_seines,36,21.2448,27.5,25.49,69.37,9.4
-10.8,-77.8,2023-01,,other_purse_seines,1,0.72,0.0,3.45,7.14,6.7
-6.0,-81.4,2023-01,PER,tuna_purse_seines,3,1.29,6.55,0.0,16.47,6.5
-13.9,-77.2,2023-01,PER,pole_and_line,1,0.22,9.7,9.27,9.47,6.7
-11.3,-77.9,2023-01,PER,set_longlines,1,3.27,6.0,9.94,13.55,7.6
-14.7,-77.5,2023-02,PER,fishing,1,0.54,4.62,3.35,8.67,7.2
-11.9,-80.8,2023-02,PER,tuna_purse_seines,1,0.42,9.85,9.44,10.04,10.7
-15.3,-77.6,2023-02,PER,pole_and_line,1,8.01,17.19,19.03,56.7,7.3
-3.6,-81.4,2023-03,ECU,fishing,1,2.96,11.4,7.31,21.54,7.6
-3.7,-83.5,2023-03,ECU,tuna_purse_seines,1,0.24,5.17,10.13,7.37,6.6
-4.4,-81.9,2023-02,ECU,tuna_purse_seines,1,1.18,6.08,5.17,10.31,
-14.9,-77.3,2023-03,,pole_and_line,1,2.96,7.6,2.45,24.23,7.5
-7.1,-80.1,2023-01,PER,tuna_purse_seines,6,21.2448,26.19,35.29,88.49,8.9
-15.9,-76.0,2023-03,,pole_and_line,1,2.03,10.17,8.76,7.03,6.7
-13.0,-78.0,2023-03,PER,other_purse_seines,1,0.34,11.61,8.59,3.29,7.3
-5.9,-81.3,2023-01,PER,pole_and_line,1,1.03,7.63,11.02,6.25,7.1
-15.3,-77.8,2023-02,PER,tuna_purse_seines,1,1.73,4.14,3.81,10.54,
-14.4,-77.4,2023-03,PER,other_purse_seines,1,0.45,1.23,0.0,4.83,7.6
-14.0,-77.0,2023-01,PER,set_gillnets,1,0.23,7.47,0.0,18.22,6.7
-16.4,-77.2,2023-03,PER,other_purse_seines,1,10.29,15.64,21.74,62.53,9.2
-14.9,-77.5,2023-03,,pole_and_line,1,14.68,18.75,24.17,72.07,8.2
-11.0,-77.8,2023-01,HND,other_purse_seines,1,5.11,4.39,7.75,34.92,7.1
-14.5,-77.0,2023-03,PER,other_purse_seines,10,21.2448,23.18,28.31,66.35,8.6
-7.9,-79.7,2023-02,PER,purse_seines,3,3.14,3.63,5.38,21.41,7.8
-7.0,-81.4,2023-03,ECU,fishing,1,1.0,4.31,8.81,10.43,7.1
-6.6,-81.0,2023-01,PER,tuna_purse_seines,1,0.18,0.45,8.8,7.77,6.8
-8.2,-79.2,2023-01,PER,fishing,2,10.33,19.78,12.65,32.77,7.7
-8.1,-79.7,2023-01,PER,purse_seines,2,0.87,1.71,5.07,19.86,6.6
-13.5,-78.5,2023-02,PER,tuna_purse_seines,1,0.06,1.49,2.85,5.44,
-15.1,-77.4,2023-02,PER,pole_and_line,1,2.1,6.74,12.38,9.94,7.7
-12.7,-76.9,2023-01,PER,pole_and_line,1,9.16,16.03,12.23,54.94,8.1
-12.0,-81.0,2023-02,ECU,tuna_purse_seines,1,1.15,5.4,12.11,15.44,8.0
-11.4,-77.8,2023-01,PER,set_longlines,1,1.26,0.0,8.6,5.43,7.2
-13.8,-77.7,2023-01,PER,pole_and_line,1,3.82,12.69,18.33,26.22,7.4
-9.9,-78.8,2023-02,PER,other_purse_seines,2,3.26,15.75,19.49,22.25,7.3
-17.5,-71.5,2023-02,PER,other_purse_seines,5,21.2448,31.04,30.97,116.27,10.1
-7.5,-79.9,2023-01,AIA,purse_seines,1,0.44,0.17,0.0,15.6,7.7
-15.3,-76.5,2023-03,PER,pole_and_line,1,3.13,10.16,8.16,35.73,6.9
-9.7,-78.6,2023-01,PER,purse_seines,1,0.28,9.83,5.37,9.79,9.0
-7.9,-79.4,2023-02,PER,other_purse_seines,1,1.63,0.0,3.25,9.58,7.2
-12.0,-77.6,2023-03,PER,other_purse_seines,1,0.12,0.43,1.4,4.24,6.5
-7.9,-79.7,2023-01,PER,tuna_purse_seines,2,3.81,10.99,7.96,12.12,7.2
-15.3,-77.2,2023-03,AIA,purse_seines,1,1.71,2.99,8.04,9.34,6.6
-15.5,-77.4,2023-02,AIA,purse_seines,1,2.19,1.8,0.0,14.86,8.0
-17.4,-71.5,2023-02,,other_purse_seines,1,0.77,8.54,7.37,5.55,7.0
-8.7,-79.1,2023-01,PER,purse_seines,2,1.13,5.63,7.66,19.0,7.1
-5.2,-81.6,2023-03,ECU,fishing,1,2.0,6.16,5.2,19.15,7.2
-7.6,-79.8,2023-02,PER,other_purse_seines,5,6.61,18.12,22.77,68.35,7.4
-8.0,-79.6,2023-02,AIA,purse_seines,1,2.97,8.05,11.87,26.0,7.2
-9.4,-78.6,2023-01,HND,other_purse_seines,1,1.71,12.48,1.7,7.31,7.3
-7.8,-79.5,2023-01,PER,other_purse_seines,4,1.23,5.65,9.38,24.14,7.4
-7.1,-80.0,2023-02,PER,purse_seines,1,0.27,2.03,7.62,4.23,6.5
-9.1,-82.4,2023-03,PAN,tuna_purse_seines,1,2.36,3.08,9.21,21.51,7.4
-13.0,-76.6,2023-01,PER,pole_and_line,1,0.15,0.02,9.71,2.61,8.8
-12.3,-78.8,2023-03,PER,pole_and_line,1,3.5,13.25,6.82,22.57,
-8.2,-83.4,2023-03,ECU,tuna_purse_seines,1,0.4,4.76,0.82,4.1,6.4
-7.1,-83.4,2023-03,ECU,tuna_purse_seines,1,0.02,6.4,4.71,5.39,7.5
-11.5,-77.6,2023-02,PER,other_purse_seines,1,1.21,6.46,15.94,5.5,7.4
-7.6,-79.9,2023-02,PER,purse_seines,2,2.09,8.48,10.65,12.21,7.5
-13.8,-77.0,2023-01,PER,fishing,1,3.9,1.74,5.19,48.44,7.2
-12.0,-77.1,2023-01,PER,pole_and_line,1,0.2,10.77,4.89,8.44,7.6
-15.4,-76.4,2023-03,PER,other_purse_seines,2,0.72,6.39,9.63,10.19,7.1
-17.8,-71.4,2023-02,PER,other_purse_seines,4,1.94,13.33,7.56,12.39,6.9
-14.5,-76.2,2023-01,,other_purse_seines,2,3.98,10.46,13.21,82.73,7.5
-9.6,-80.4,2023-03,PER,other_purse_seines,1,1.85,0.0,4.37,8.84,7.1
-12.3,-77.1,2023-01,PER,inconclusive,1,1.79,5.06,11.22,10.16,7.0
-6.7,-80.5,2023-01,PER,tuna_purse_seines,3,3.44,4.08,6.52,15.68,10.3
-15.4,-76.8,2023-03,PER,pole_and_line,1,3.9,6.83,6.53,23.18,7.7
-8.3,-79.1,2023-01,PER,other_purse_seines,69,21.2448,30.8,31.47,112.68,9.3
-15.1,-75.7,2023-01,PER,tuna_purse_seines,1,2.11,7.21,9.1,15.23,8.1
-16.6,-77.0,2023-03,PER,tuna_purse_seines,1,5.33,6.81,8.4,51.54,9.1
-13.3,-76.6,2023-01,PER,inconclusive,1,0.8,0.0,3.16,6.4,7.1
-7.8,-79.6,2023-01,HND,other_purse_seines,1,0.18,6.99,0.0,6.34,6.8
-9.1,-79.0,2023-01,PER,other_purse_seines,1,0.94,6.62,7.03,8.26,6.7
-12.4,-78.9,2023-03,PER,pole_and_line,1,0.23,9.86,9.71,10.61,6.9
-7.7,-79.7,2023-02,PER,purse_seines,6,8.46,16.69,11.76,69.39,8.8
-9.4,-78.5,2023-01,PER,other_purse_seines,1,0.55,3.76,9.23,9.87,7.5
-13.0,-77.7,2023-02,PER,other_purse_seines,1,1.66,2.49,6.07,40.73,8.2
-10.0,-78.3,2023-01,PER,other_purse_seines,19,21.2448,30.03,30.19,84.3,8.2
-16.8,-78.2,2023-03,ECU,tuna_purse_seines,3,16.53,22.73,23.76,93.45,8.9
-9.3,-78.8,2023-02,HND,other_purse_seines,1,1.71,9.2,9.58,19.25,7.4
-9.0,-78.7,2023-03,PER,other_purse_seines,1,0.13,9.01,8.48,7.73,8.5
-17.1,-78.2,2023-02,PER,tuna_purse_seines,1,0.13,2.7,0.0,2.01,6.6
-3.5,-81.2,2023-01,ECU,tuna_purse_seines,1,5.03,9.36,17.58,23.71,7.4
-13.4,-77.7,2023-01,PER,pole_and_line,1,3.33,5.89,17.48,35.52,8.2
-15.5,-76.0,2023-03,PER,other_purse_seines,1,2.39,7.77,5.58,36.33,8.2
-5.5,-82.5,2023-02,PER,other_purse_seines,1,0.33,3.56,1.65,4.52,6.9
-13.8,-76.7,2023-01,PER,other_purse_seines,16,21.2448,34.61,31.25,185.82,8.5
-14.2,-76.9,2023-03,PER,other_purse_seines,1,1.53,0.0,0.0,12.4,6.6
