lat,lon,time range,flag,geartype,vessel ids,apparent fishing hours
-8.4,-81.9,2023-03,NA,purse_seines,1,0.04
-8.8,-80.2,2023-02,PER,other_purse_seines,1,1.57
-13.5,-76.3,2023-03,PER,other_purse_seines,1,1.87
-11.9,-80.6,2023-02,PER,tuna_purse_seines,1,0.33
-12.9,-78,2023-02,PER,fishing,1,4.18
-14.3,-77.7,2023-02,PER,other_purse_seines,7,27.51
-12.4,-78.7,2023-02,PER,pole_and_line,1,1.06
-5.1,-82.7,2023-03,ECU,tuna_purse_seines,1,0.19
-14.6,-77,2023-03,PER,other_purse_seines,13,50.25
-10.7,-80,2023-03,ECU,tuna_purse_seines,1,0.28
-11.8,-77.4,2023-01,SSD,tuna_purse_seines,1,1.7
-17.7,-71.5,2023-02,PER,other_purse_seines,9,16.83
-17,-78,2023-03,PER,tuna_purse_seines,1,5
-17.7,-77,2023-02,NA,purse_seines,1,4.75
-7.6,-79.8,2023-02,NA,other_purse_seines,1,0.33
-15.3,-77.6,2023-02,PER,tuna_purse_seines,1,1.33
-13.5,-76.2,2023-02,NA,other_purse_seines,2,0.42
-12.6,-77.8,2023-02,PER,set_longlines,1,0.66
-14.7,-77.5,2023-02,NA,pole_and_line,1,9.78
-10.2,-78.5,2023-02,PER,other_purse_seines,1,1.93
-16.3,-77.8,2023-03,PER,tuna_purse_seines,3,8.6
-9.1,-78.7,2023-02,PER,tuna_purse_seines,1,0.35
-14.9,-77.2,2023-02,PER,pole_and_line,1,7.36
-12,-77.3,2023-03,PER,fishing,1,2.55
-9.9,-82.1,2023-02,PER,tuna_purse_seines,1,0.12
-17.6,-71.4,2023-01,PER,other_purse_seines,1,0.29
-12.1,-77.6,2023-03,PER,other_purse_seines,2,3.31
-14.7,-76,2023-01,NA,other_purse_seines,1,0.33
-11.1,-77.7,2023-01,NA,other_purse_seines,1,3.23
-14.7,-77.5,2023-02,GBR,other_purse_seines,1,0.82
-8.2,-79.1,2023-01,NA,other_purse_seines,3,8.94
-16.3,-78.4,2023-03,PER,tuna_purse_seines,1,2.63
-8.2,-79.2,2023-02,GBR,other_purse_seines,1,1.51
-6.1,-81.4,2023-01,PER,tuna_purse_seines,2,5.48
-6.5,-80.7,2023-01,NA,other_purse_seines,1,5.38
-5.4,-82.1,2023-02,PER,other_purse_seines,1,1.57
-8.9,-78.8,2023-01,PER,purse_seines,3,4.87
-5.9,-81.3,2023-01,PER,other_purse_seines,4,16.59
-7.7,-79.9,2023-01,PER,other_purse_seines,2,2.38
-14.2,-77,2023-02,NA,pole_and_line,1,0.8
-11.9,-77.2,2023-03,PER,other_purse_seines,1,0.77
-12.5,-77.1,2023-01,PER,inconclusive,1,0.65
-16.9,-76.7,2023-03,NA,purse_seines,1,2.48
-14.4,-77.7,2023-02,PER,pole_and_line,1,0.97
-17.3,-71.9,2023-01,NA,other_purse_seines,2,5.74
-10.2,-78.3,2023-01,PER,other_purse_seines,30,70.99
-13.2,-77.7,2023-02,PER,other_purse_seines,1,1.03
-3.5,-81.7,2023-02,PER,other_purse_seines,1,1.33
-16.8,-78.4,2023-03,PER,tuna_purse_seines,1,4.34
-9.2,-78.7,2023-03,PER,other_purse_seines,1,1.79
-11.1,-77.8,2023-01,HND,other_purse_seines,1,4.8
-14.4,-77,2023-01,PER,set_gillnets,1,3.16
-7.3,-79.9,2023-01,PER,other_purse_seines,33,66.31
-10.8,-78.2,2023-02,PER,tuna_purse_seines,1,2.34
-5.9,-81.5,2023-02,PER,other_purse_seines,1,0.48
-15.5,-76.8,2023-03,NA,pole_and_line,1,8.42
-12.8,-76.7,2023-01,PER,inconclusive,1,0.45
-14,-77.2,2023-01,PER,fishing,1,1.21
-12.6,-76.9,2023-02,NA,other_purse_seines,1,4.75
-14.7,-77,2023-03,PER,other_purse_seines,11,35.21
-9.1,-78.6,2023-03,PER,fishing,1,0.49
-14.2,-76.6,2023-03,PER,pole_and_line,1,1.38
-14.8,-76.1,2023-03,PER,other_purse_seines,1,0.25
-12.9,-76.6,2023-03,PER,other_purse_seines,1,3.62
-6.9,-80.2,2023-01,PER,purse_seines,3,3.6
-11.9,-77.2,2023-03,PER,pole_and_line,1,2.67
-15.4,-77,2023-03,PER,other_purse_seines,6,6.62
-9,-82.4,2023-03,PAN,tuna_purse_seines,1,3.32
-15.8,-78.7,2023-02,ECU,tuna_purse_seines,1,1.56
-12.8,-77.6,2023-02,PER,set_longlines,1,1.93
-8.1,-79.2,2023-01,NA,other_purse_seines,2,2.07
-12,-77.8,2023-03,PER,other_purse_seines,1,1.5
-15.8,-74.7,2023-03,PER,other_purse_seines,1,1.75
-12.4,-77.1,2023-01,PER,pole_and_line,2,5.42
-7.6,-79.6,2023-02,PER,other_purse_seines,1,3.94
-10.9,-77.8,2023-01,PER,purse_seines,1,1.01
-16.4,-75.4,2023-03,PER,set_longlines,1,5.17
-7.4,-79.8,2023-01,PER,other_purse_seines,55,165.73
-13.9,-78.2,2023-02,ECU,tuna_purse_seines,1,0.13
-12,-78.4,2023-03,PER,other_purse_seines,1,0.1
-9.1,-78.7,2023-01,NA,other_purse_seines,1,3
-13,-76.7,2023-02,NA,other_purse_seines,1,0.18
-8.2,-79.4,2023-01,PER,other_purse_seines,32,39.26
-14.6,-77.5,2023-03,PER,other_purse_seines,5,4.85
-9.3,-78.8,2023-01,PER,other_purse_seines,3,1.96
-4.5,-82.3,2023-02,PER,other_purse_seines,1,0.13
-10.7,-78.1,2023-02,PER,purse_seines,1,2.04
-13.5,-77.7,2023-01,PER,pole_and_line,1,0.31
-14.6,-77,2023-03,AIA,purse_seines,1,0.31
-14.5,-76.2,2023-01,PER,other_purse_seines,6,9.65
-15.3,-77.1,2023-02,PER,tuna_purse_seines,1,7.97
-14.1,-77.6,2023-01,PER,set_gillnets,1,3.02
-11.5,-78.3,2023-02,PER,purse_seines,1,2.67
-7.1,-79.8,2023-01,PER,pole_and_line,1,3.22
-9.3,-82.5,2023-02,PER,tuna_purse_seines,1,8.9
-12.3,-78.7,2023-02,PER,pole_and_line,1,5.96
-9.7,-78.4,2023-01,PER,other_purse_seines,10,17.38
-10.3,-78.2,2023-03,PER,other_purse_seines,1,1.5
-15.7,-78.1,2023-02,PER,tuna_purse_seines,1,0.32
-7.4,-80,2023-01,AIA,purse_seines,1,1.92
-13.1,-77.7,2023-02,PER,other_purse_seines,1,0.98
-7,-80.1,2023-01,PER,tuna_purse_seines,5,15.8
-14.9,-77.7,2023-02,HND,other_purse_seines,1,3.85
-15.5,-77.4,2023-02,PER,tuna_purse_seines,1,1.48
-7.5,-79.7,2023-02,PER,purse_seines,1,2.41
-6.8,-80.2,2023-02,PER,other_purse_seines,3,7.92
-6.8,-80.9,2023-01,PER,tuna_purse_seines,1,1.72
-7.8,-79.8,2023-01,HND,other_purse_seines,1,3.59
-15.4,-77.5,2023-02,GBR,other_purse_seines,1,4
-12,-77.2,2023-01,PER,fishing,2,5.01
-15.6,-76,2023-03,PER,other_purse_seines,1,6.88
-14.1,-77,2023-03,AIA,purse_seines,1,1.08
-15.3,-78.2,2023-02,ECU,tuna_purse_seines,1,4.98
-8.3,-79.3,2023-01,PER,other_purse_seines,25,27.71
-15.3,-76.7,2023-02,PER,other_purse_seines,9,14.69
-7.5,-80.2,2023-01,PER,other_purse_seines,1,0.01
-10.8,-77.9,2023-01,PER,purse_seines,3,9.03
-9.1,-78.7,2023-03,PER,other_purse_seines,1,0.63
-13,-77.8,2023-02,PER,set_gillnets,1,2.64
-8,-79.3,2023-01,PER,fishing,2,1.66
-7.3,-79.7,2023-03,PER,other_purse_seines,1,0.56
-9.2,-78.9,2023-01,PER,other_purse_seines,3,2.13
-12.9,-77.9,2023-02,PER,fishing,1,2.81
-16.2,-78.3,2023-02,ECU,tuna_purse_seines,1,1.22
-11.9,-77.4,2023-01,PER,other_purse_seines,28,73.06
-14.1,-77,2023-03,PER,other_purse_seines,1,2.13
-16.2,-77.9,2023-02,ECU,tuna_purse_seines,1,2.61
-9.8,-78.3,2023-01,PER,other_purse_seines,7,6.21
-14.8,-77.7,2023-02,PER,other_purse_seines,8,14.54
-14.3,-77.2,2023-02,PER,pole_and_line,1,4.76
-6.6,-80.4,2023-01,PER,tuna_purse_seines,1,1.44
-16.1,-74.9,2023-03,PER,other_purse_seines,1,3.07
-6.6,-80.8,2023-01,PER,purse_seines,5,16.45
-17.4,-71.5,2023-02,PER,other_purse_seines,2,1.78
-14.5,-78.9,2023-03,ECU,tuna_purse_seines,1,0.42
-9.2,-81.6,2023-03,ECU,tuna_purse_seines,1,0.06
-14.8,-77.1,2023-03,AIA,purse_seines,1,1.77
-10.3,-78.4,2023-01,PER,other_purse_seines,1,0.52
-14.4,-77.2,2023-02,NA,pole_and_line,1,0.58
-6.6,-80.4,2023-01,PER,purse_seines,3,4.96
-4.7,-81.5,2023-02,PER,other_purse_seines,1,1.75
-8.1,-79.4,2023-01,PER,other_purse_seines,61,209.77
-17.9,-71.3,2023-01,PER,other_purse_seines,1,8.77
-14.3,-77.5,2023-01,PER,set_gillnets,1,0.89
-6.1,-81.3,2023-01,PER,purse_seines,1,0.39
-6.9,-80.8,2023-01,PER,tuna_purse_seines,1,0.11
-14.2,-77.2,2023-01,PER,set_gillnets,1,0.16
-15.2,-76,2023-03,PER,other_purse_seines,1,3.99
-16.5,-76.7,2023-03,PER,fishing,1,9.96
-12.6,-76.8,2023-02,NA,other_purse_seines,1,1.56
-12.2,-79.5,2023-02,PER,tuna_purse_seines,1,3.23
-6.7,-80.7,2023-01,PER,purse_seines,4,9.15
-14.5,-76.9,2023-03,PER,other_purse_seines,5,19.26
-10.7,-77.9,2023-01,PER,other_purse_seines,15,39.15
-9.4,-78.6,2023-02,PER,other_purse_seines,5,4.49
-16.1,-77.8,2023-02,ECU,tuna_purse_seines,1,5
-9.1,-79.1,2023-02,PER,other_purse_seines,1,5.22
-15.3,-77.1,2023-03,PER,other_purse_seines,9,20.71
-7.6,-79.8,2023-01,HND,other_purse_seines,1,0.74
-6.6,-80.9,2023-01,PER,tuna_purse_seines,7,14.33
-17,-72.3,2023-02,PER,fishing,1,0.26
-5,-81.8,2023-02,PER,other_purse_seines,1,2.97
-15.4,-77.4,2023-02,AIA,purse_seines,1,1.43
-6.9,-80.3,2023-01,PER,fishing,1,2.83
-6.9,-80.3,2023-01,PER,tuna_purse_seines,5,16.1
-7.9,-79.4,2023-01,HND,other_purse_seines,1,0.49
-12,-80.9,2023-02,ECU,tuna_purse_seines,1,2
-14.3,-77.2,2023-02,NA,pole_and_line,1,9.11
-12.7,-76.9,2023-01,PER,inconclusive,1,4.45
-14.6,-77.5,2023-02,PER,tuna_purse_seines,1,2.02
-17.3,-71.8,2023-01,NA,other_purse_seines,2,0.73
-12.2,-78.5,2023-02,PER,pole_and_line,1,1.1
-7.1,-79.9,2023-01,PER,pole_and_line,1,4.39
-10.3,-81.6,2023-03,ECU,tuna_purse_seines,1,0.06
-10.4,-79,2023-02,PER,other_purse_seines,1,0.1
-12.9,-77.7,2023-02,PER,other_purse_seines,2,2.2
-10.1,-78.5,2023-02,PER,other_purse_seines,2,3.21
-14.8,-77.2,2023-02,PER,other_purse_seines,2,5.88
-12.9,-76.6,2023-02,NA,other_purse_seines,1,0.07
-8.3,-79.5,2023-02,PER,other_purse_seines,8,19.99
-6.4,-81,2023-03,PER,other_purse_seines,1,1.04
-7.5,-79.8,2023-02,PER,other_purse_seines,17,30.6
-8.6,-80,2023-03,PER,other_purse_seines,1,0.6
-14.6,-77.5,2023-02,GBR,other_purse_seines,1,5.46
-13,-76.8,2023-03,PER,other_purse_seines,1,4.03
-8,-79.7,2023-02,AIA,purse_seines,1,2.3
-9.2,-80.5,2023-03,PER,other_purse_seines,2,4.63
-10,-78.3,2023-01,PER,fishing,1,2.08
-18.1,-71,2023-01,NA,other_purse_seines,1,0.76
-8.5,-79.6,2023-01,HND,other_purse_seines,1,2.56
-15,-75.6,2023-01,PER,other_purse_seines,3,10.29
-16.8,-76.8,2023-03,PER,tuna_purse_seines,2,3.64
-14,-76.3,2023-03,PER,pole_and_line,1,1.09
-11,-78.1,2023-01,PER,other_purse_seines,2,1.95
-8.5,-82.9,2023-03,ECU,tuna_purse_seines,1,0.31
-9.8,-78.4,2023-01,PER,purse_seines,8,35.12
-9.2,-79.7,2023-03,PER,other_purse_seines,1,0.6
-14,-76.5,2023-03,PER,pole_and_line,1,0.14
-17.3,-77.8,2023-03,NA,purse_seines,1,1.48
-15.3,-77.1,2023-03,AIA,purse_seines,1,3.28
-4.7,-82.1,2023-02,PER,other_purse_seines,1,3.06
-14.5,-77.1,2023-02,PER,pole_and_line,1,1.18
-14.3,-76.6,2023-01,PER,purse_seines,1,0.41
-10,-78.9,2023-02,PER,other_purse_seines,1,1.63
-11.6,-77.7,2023-03,PER,other_purse_seines,1,0.82
-11.8,-77.4,2023-01,PER,purse_seines,5,4.99
-9.1,-78.6,2023-03,PER,tuna_purse_seines,2,20.68
-12,-77.2,2023-01,PER,pole_and_line,2,19.53
-9.6,-78.6,2023-01,PER,purse_seines,4,7.25
-12,-77.2,2023-01,SSD,tuna_purse_seines,1,0.42
-10.8,-78.2,2023-01,AIA,purse_seines,1,4.88
-7.4,-79.8,2023-01,PER,fishing,1,2.17
-12.4,-76.9,2023-01,PER,tuna_purse_seines,1,1.14
-12.2,-78.6,2023-03,PER,pole_and_line,1,0.96
-12.1,-77.7,2023-02,PER,other_purse_seines,1,0.38
-11.1,-78.3,2023-01,PER,other_purse_seines,2,1.33
-15.2,-77.5,2023-02,PER,tuna_purse_seines,1,1.68
-8.4,-79.2,2023-03,PER,other_purse_seines,1,2.74
-17.2,-71.9,2023-02,NA,other_purse_seines,1,5.76
-13,-76.7,2023-01,PER,pole_and_line,1,1.73
-14.9,-77.5,2023-03,PER,other_purse_seines,1,3.24
-7,-80.2,2023-01,PER,other_purse_seines,17,44.72
-11.1,-77.9,2023-01,PER,other_purse_seines,2,1.18
-13.6,-79.5,2023-02,PER,tuna_purse_seines,1,1.28
-6.3,-80.9,2023-01,PER,tuna_purse_seines,5,8.11
-9.9,-78.3,2023-01,PER,purse_seines,2,0.65
-8.5,-79.1,2023-01,PER,fishing,2,0.79
-11.6,-77.7,2023-01,PER,set_longlines,1,2.06
-12.3,-76.9,2023-01,PER,fishing,1,0.25
-7,-80.9,2023-03,PER,other_purse_seines,1,1.56
-8.6,-79,2023-03,PER,inconclusive,1,1.7
-5.9,-82.1,2023-02,PER,other_purse_seines,1,0.12
-9.9,-78.5,2023-01,PER,purse_seines,2,2.07
-17.6,-71.6,2023-02,PER,other_purse_seines,1,1.2
-6.8,-82.6,2023-03,ECU,tuna_purse_seines,1,0.22
-12.3,-77.2,2023-01,PER,inconclusive,1,1.04
-5.4,-81.3,2023-01,PER,other_purse_seines,1,0.91
-12.3,-79.1,2023-02,PER,tuna_purse_seines,1,3.01
-8,-79.4,2023-01,NA,other_purse_seines,3,18.62
-7.2,-79.9,2023-01,PER,other_purse_seines,36,78.4
-14.5,-76.1,2023-01,NA,other_purse_seines,1,5.35
-15.2,-76.6,2023-03,NA,pole_and_line,1,3.85
-6.6,-81.7,2023-02,PER,other_purse_seines,1,0.28
-9.1,-78.6,2023-02,PER,other_purse_seines,17,43.25
-15.3,-76.6,2023-03,PER,other_purse_seines,1,2.25
-5.6,-81.1,2023-02,PER,other_purse_seines,1,8.38
-10.9,-78,2023-02,PER,other_purse_seines,1,0.72
-9.7,-79.4,2023-01,PER,other_purse_seines,1,0.37
-13,-76.7,2023-01,HND,other_purse_seines,1,3.32
-8,-79.5,2023-01,PER,other_purse_seines,39,115.67
-14.5,-77.9,2023-02,PER,tuna_purse_seines,2,1.76
-9.5,-78.8,2023-02,PER,other_purse_seines,2,1.65
-11.9,-77.4,2023-01,PER,purse_seines,1,0.34
-17.8,-71.3,2023-01,PER,other_purse_seines,2,9.58
-9.2,-82.5,2023-03,PAN,tuna_purse_seines,1,0.07
-11,-77.8,2023-01,NA,other_purse_seines,1,0.13
-7,-80.7,2023-01,PER,other_purse_seines,1,2.87
-14.9,-77,2023-03,PER,other_purse_seines,1,1.13
-6.8,-82,2023-03,PER,other_purse_seines,1,5.02
-15.4,-77.1,2023-03,AIA,purse_seines,1,3.05
-15.9,-77.2,2023-02,ECU,tuna_purse_seines,1,2.14
-8.5,-79.1,2023-01,HND,other_purse_seines,1,2.67
-14,-77.4,2023-03,PER,other_purse_seines,1,0.91
-8,-79.3,2023-01,NA,other_purse_seines,3,3.5
-7.6,-80,2023-03,PER,other_purse_seines,1,0.18
-9.4,-81.3,2023-01,PER,tuna_purse_seines,1,4.09
-10,-78.4,2023-02,PER,other_purse_seines,9,18.7
-8,-79.5,2023-01,NA,other_purse_seines,2,0.34
-9,-78.8,2023-01,NA,other_purse_seines,1,0.32
-8.9,-79.9,2023-01,PER,other_purse_seines,1,2.7
-9.9,-78.4,2023-01,PER,purse_seines,10,43.47
-9.8,-78.5,2023-01,PER,purse_seines,1,0.86
-12.4,-77.3,2023-03,PER,fishing,1,0.2
-15.2,-76.6,2023-03,PER,pole_and_line,1,2.08
-14.9,-77,2023-02,PER,tuna_purse_seines,1,1.16
-7.9,-83.1,2023-03,ECU,tuna_purse_seines,1,0.38
-8,-79.7,2023-02,PER,fishing,1,1.94
-7.7,-79.6,2023-02,PER,other_purse_seines,29,81.48
-9.2,-78.8,2023-01,HND,other_purse_seines,1,0.07
-17.6,-71.6,2023-02,NA,other_purse_seines,1,3.32
-17.3,-77.9,2023-03,NA,purse_seines,1,0.45
-15.3,-78.6,2023-03,ECU,tuna_purse_seines,1,0.07
-8.9,-82.5,2023-03,PAN,tuna_purse_seines,1,0.94
-9.8,-78.3,2023-01,PER,purse_seines,2,2.47
-8.1,-81,2023-02,NA,purse_seines,1,5.58
-9.8,-78.4,2023-01,HND,other_purse_seines,1,7.3
-14,-76.4,2023-03,PER,pole_and_line,1,2.33
-6.8,-80.6,2023-03,PER,other_purse_seines,1,1.17
-8.6,-79.6,2023-01,PER,purse_seines,1,2.22
-7.6,-79.9,2023-01,PER,other_purse_seines,27,63.13
-8.3,-81.6,2023-02,NA,purse_seines,1,5.44
-8.2,-79.1,2023-02,PER,other_purse_seines,2,9.05
-10,-78.3,2023-02,PER,purse_seines,1,0.83
-8.6,-83,2023-03,ECU,tuna_purse_seines,1,5.41
-11.8,-77.5,2023-01,PER,purse_seines,2,8.65
-8.5,-79,2023-01,PER,other_purse_seines,4,2.82
-16.5,-78.2,2023-03,ECU,tuna_purse_seines,1,5.11
-10.7,-78,2023-01,AIA,purse_seines,1,3.01
-11.8,-77.9,2023-01,PER,purse_seines,1,1.65
-10.1,-80.9,2023-01,PER,tuna_purse_seines,1,0.52
-12.9,-76.9,2023-01,PER,tuna_purse_seines,1,0.55
-11.8,-77.3,2023-01,PER,purse_seines,4,7.24
-7.9,-79.7,2023-01,PER,pole_and_line,1,2.03
-9.1,-80,2023-03,PER,other_purse_seines,1,1.09
-6.8,-81.7,2023-02,PER,other_purse_seines,1,4.32
-16.4,-77.8,2023-03,PER,tuna_purse_seines,3,26.69
-12,-77.1,2023-02,PER,purse_seines,3,30.74
-10.2,-78.3,2023-01,AIA,purse_seines,1,0.17
-6.6,-82.6,2023-03,ECU,tuna_purse_seines,1,0.21
-7.6,-79.9,2023-01,PER,pole_and_line,1,3.92
-15.6,-79,2023-03,ECU,tuna_purse_seines,1,0.09
-15.3,-77.2,2023-02,PER,other_purse_seines,12,42.78
-9.1,-79.2,2023-03,PER,other_purse_seines,1,0.38
-3.6,-81.2,2023-01,ECU,tuna_purse_seines,1,1.79
-10.4,-78.3,2023-01,PER,other_purse_seines,1,0.18
-13.8,-76.5,2023-03,PER,other_purse_seines,1,3.34
-9.1,-78.6,2023-01,PER,purse_seines,6,6.81
-11.3,-78.2,2023-03,PER,other_purse_seines,1,0.87
-7.9,-79.5,2023-02,PER,other_purse_seines,12,30.96
-6,-81.3,2023-03,PER,other_purse_seines,1,2.64
-4,-81.9,2023-02,PER,other_purse_seines,1,0.19
-11.3,-77.8,2023-01,PER,purse_seines,2,11.69
-7.1,-80,2023-01,PER,pole_and_line,1,1.55
-10.3,-78.2,2023-01,AIA,purse_seines,1,4.7
-13.8,-77.1,2023-01,PER,pole_and_line,1,4.78
-13.4,-80,2023-02,ECU,tuna_purse_seines,1,1.11
-11.8,-77.8,2023-01,PER,other_purse_seines,4,5.62
-14,-77.1,2023-02,PER,pole_and_line,1,1.36
-8.3,-79.3,2023-01,PER,purse_seines,4,3.65
-7.8,-79.9,2023-02,PER,purse_seines,3,9.67
-15.2,-77.5,2023-02,PER,pole_and_line,1,0.93
-14,-78.1,2023-02,PER,purse_seines,1,0.14
-9.2,-78.7,2023-01,PER,purse_seines,2,5.64
-14.7,-76.5,2023-03,PER,other_purse_seines,1,1.18
-11.7,-80.6,2023-02,PER,tuna_purse_seines,1,1.33
-5.1,-81.1,2023-02,ECU,inconclusive,1,0.99
-7.8,-79.7,2023-02,PER,tuna_purse_seines,2,3.29
-8.2,-79.2,2023-01,PER,purse_seines,6,25.53
-15,-76.4,2023-03,PER,other_purse_seines,1,1.24
-9.1,-82.5,2023-03,PAN,tuna_purse_seines,1,0.44
-8.9,-78.9,2023-01,PER,purse_seines,2,3.85
-14.8,-76.6,2023-03,PER,other_purse_seines,1,1.23
-14.9,-77,2023-01,PER,set_gillnets,1,3.39
-15,-77.4,2023-03,PER,other_purse_seines,10,17.28
-17.4,-71.8,2023-01,PER,other_purse_seines,1,0.23
-18.3,-70.8,2023-01,NA,other_purse_seines,1,0.06
-7,-80.1,2023-01,GBR,other_purse_seines,1,4.72
-11,-77.8,2023-02,PER,other_purse_seines,2,2.47
-14.7,-77.5,2023-03,PER,other_purse_seines,3,4.54
-14.7,-77.4,2023-02,NA,pole_and_line,1,1.81
-4.2,-82.6,2023-02,PER,other_purse_seines,1,0.67
-16.5,-78.1,2023-02,ECU,tuna_purse_seines,1,6.71
-12,-77.1,2023-01,PER,inconclusive,1,3.1
-12.6,-77.6,2023-03,PER,other_purse_seines,1,0.96
-15.5,-76.9,2023-03,PER,other_purse_seines,6,11.88
-17.1,-77.3,2023-03,PER,fishing,1,0.12
-7.9,-79.6,2023-02,HND,other_purse_seines,1,9.41
-13.3,-78.6,2023-02,PER,tuna_purse_seines,1,4.16
-15.4,-77.7,2023-02,PER,pole_and_line,1,0.35
-11.9,-77.3,2023-01,SSD,tuna_purse_seines,1,3.68
-8.4,-79,2023-01,PER,purse_seines,1,1.53
-14.5,-76.4,2023-03,NA,pole_and_line,1,6.28
-15.6,-77.5,2023-02,PER,tuna_purse_seines,1,0.58
-9.4,-78.7,2023-02,PER,tuna_purse_seines,1,0.61
-12.7,-77.7,2023-02,PER,other_purse_seines,1,1.46
-14.4,-76.9,2023-01,PER,set_gillnets,1,14.77
-8.5,-79,2023-01,NA,other_purse_seines,1,0.25
-5.5,-81.8,2023-02,PER,other_purse_seines,1,0.69
-12.3,-78.7,2023-02,PER,other_purse_seines,1,4.28
-12.4,-77.6,2023-03,PER,other_purse_seines,1,1.18
-18,-71.1,2023-01,PER,other_purse_seines,2,10.86
-16,-78.6,2023-03,NA,purse_seines,1,6.54
-11.5,-77.5,2023-01,NA,other_purse_seines,4,10.52
-15.1,-75.6,2023-01,PER,purse_seines,1,1.29
-9.1,-78.8,2023-01,HND,other_purse_seines,1,0.35
-9.7,-80.3,2023-01,PER,tuna_purse_seines,1,4.17
-16.6,-77.9,2023-03,PER,tuna_purse_seines,1,11.09
-10,-78.7,2023-03,PER,fishing,1,2.26
-7.8,-79.7,2023-03,PER,other_purse_seines,1,5.56
-11.1,-78,2023-02,PER,other_purse_seines,1,0.55
-6.8,-80.3,2023-01,NA,other_purse_seines,1,0.99
-15.4,-76.5,2023-03,PER,other_purse_seines,2,3.32
-10.4,-80.6,2023-02,PER,tuna_purse_seines,1,4.34
-17.2,-78.2,2023-02,NA,purse_seines,1,12.14
-6.7,-80.4,2023-01,PER,tuna_purse_seines,4,13.05
-17.8,-71.5,2023-02,PER,other_purse_seines,4,11.04
-15.5,-77.9,2023-02,PER,tuna_purse_seines,1,0.8
-7.8,-79.7,2023-02,PER,fishing,2,6.04
-7,-80.6,2023-01,PER,tuna_purse_seines,3,7.53
-17.7,-76.6,2023-03,NA,purse_seines,1,0.05
-8.7,-79.4,2023-01,PER,other_purse_seines,1,0.28
-11.5,-77.8,2023-01,PER,set_longlines,1,10.01
-11.1,-77.6,2023-02,PER,other_purse_seines,1,1.83
-10.9,-77.9,2023-01,PER,purse_seines,3,2.01
-4.6,-82.1,2023-02,PER,other_purse_seines,1,2.41
-9.8,-78.5,2023-02,PER,other_purse_seines,2,1.1
-7.9,-79.7,2023-02,NA,other_purse_seines,1,1.22
-12.9,-79.5,2023-03,PER,fishing,1,1.37
-16,-79.2,2023-03,ECU,tuna_purse_seines,1,1.85
-15.6,-78,2023-03,ECU,tuna_purse_seines,1,1.19
-9.7,-79.6,2023-02,PER,other_purse_seines,1,0.32
-13.1,-77.9,2023-01,PER,fishing,1,3.04
-6.8,-80.4,2023-01,PER,tuna_purse_seines,7,18.58
-16.4,-76.8,2023-03,PER,tuna_purse_seines,1,0.5
-13.4,-79.3,2023-03,ESP,drifting_longlines,1,1.94
-15,-76.9,2023-03,PER,pole_and_line,1,2.24
-18.1,-70.9,2023-01,NA,other_purse_seines,1,3.11
-12.1,-77.3,2023-01,PER,pole_and_line,1,5.93
-9.1,-78.9,2023-01,PER,other_purse_seines,5,5.75
-7.5,-80.4,2023-03,PER,other_purse_seines,1,3.9
-16.7,-76.8,2023-03,PER,tuna_purse_seines,2,20.62
-7.7,-79.4,2023-01,PER,other_purse_seines,13,31.25
-14.9,-75.9,2023-01,PER,purse_seines,1,2.43
-7.7,-79.7,2023-02,PER,tuna_purse_seines,1,2.13
-10.5,-78.1,2023-01,PER,other_purse_seines,9,13.1
-14.8,-77.2,2023-02,PER,pole_and_line,1,0.95
-9,-80.4,2023-03,PER,other_purse_seines,6,9.25
-5.1,-81.1,2023-01,ESP,drifting_longlines,1,0.95
-7.3,-80.3,2023-01,PER,tuna_purse_seines,1,2.05
-14.7,-77.5,2023-02,PER,pole_and_line,1,5.39
-17.9,-71.2,2023-01,NA,other_purse_seines,1,0.18
-14.3,-77,2023-01,PER,set_gillnets,1,6.64
-6.6,-80.5,2023-01,PER,purse_seines,2,5.26
-8.9,-78.9,2023-01,PER,other_purse_seines,1,0.27
-15.2,-77.4,2023-02,PER,fishing,1,3.94
-10.8,-77.8,2023-01,PER,other_purse_seines,7,4.48
-7.8,-79.6,2023-02,PER,other_purse_seines,30,72.84
-13.8,-78.2,2023-02,PER,other_purse_seines,5,19.69
-12.5,-77,2023-01,PER,tuna_purse_seines,1,1.36
-13.9,-77.1,2023-03,PER,other_purse_seines,1,2.32
-12.9,-76.7,2023-01,PER,inconclusive,1,11.91
-12.6,-77,2023-01,PER,pole_and_line,2,7.39
-14.8,-75.9,2023-01,PER,other_purse_seines,7,9.38
-14.3,-77.7,2023-02,PER,pole_and_line,1,7.12
-6.6,-80.3,2023-01,PER,purse_seines,1,1.33
-16.8,-77.3,2023-03,PER,tuna_purse_seines,1,2.17
-15.7,-78,2023-03,ECU,tuna_purse_seines,1,2
-6.6,-80.9,2023-01,PER,purse_seines,2,2.85
-11.5,-77.5,2023-01,PER,other_purse_seines,18,39.88
-9.3,-80.1,2023-03,PER,other_purse_seines,6,19.14
-10.8,-78.4,2023-01,PER,other_purse_seines,1,2.97
-6.7,-80.6,2023-03,PER,other_purse_seines,1,3.62
-11.6,-77.4,2023-01,PER,other_purse_seines,27,64.61
-8.9,-80.5,2023-03,PER,other_purse_seines,1,1.35
-8.2,-79.6,2023-02,PER,other_purse_seines,31,50.65
-13.4,-78.5,2023-02,PER,tuna_purse_seines,1,1.85
-11.9,-77.3,2023-01,PER,purse_seines,2,9.06
-14.4,-77,2023-03,PER,other_purse_seines,2,2.33
-17.1,-77.9,2023-03,PER,tuna_purse_seines,1,0.37
-7.6,-79.7,2023-02,PER,tuna_purse_seines,1,2.06
-7.9,-79.8,2023-01,PER,other_purse_seines,1,0.68
-12.9,-76.7,2023-02,PER,other_purse_seines,2,1.06
-16.9,-77.3,2023-03,PER,tuna_purse_seines,1,2.45
-13.7,-78.2,2023-02,PER,fishing,1,2.82
-7.7,-79.6,2023-02,PER,purse_seines,5,5.78
-17,-77.6,2023-03,PER,tuna_purse_seines,1,4.52
-7.3,-83.5,2023-03,ECU,tuna_purse_seines,1,1.27
-14.3,-77.6,2023-01,PER,fishing,1,1.72
-3.7,-83.9,2023-03,ECU,tuna_purse_seines,1,0.15
-14,-77.9,2023-02,PER,tuna_purse_seines,1,4.41
-12.3,-77.1,2023-01,PER,pole_and_line,2,5.57
-6.7,-81.7,2023-02,PER,other_purse_seines,1,1.34
-7.1,-80,2023-02,PER,tuna_purse_seines,1,0.1
-12,-77.3,2023-03,PER,other_purse_seines,7,9
-11.7,-77.3,2023-03,PER,pole_and_line,1,0.23
-10.5,-78.1,2023-01,AIA,purse_seines,1,0.13
-16.5,-76.6,2023-03,PER,tuna_purse_seines,1,12.63
-7.1,-79.9,2023-01,PER,other_purse_seines,42,128.25
-11.5,-77.6,2023-01,SSD,tuna_purse_seines,1,0.91
-14.7,-77.5,2023-02,PER,tuna_purse_seines,1,4.68
-13.3,-76.6,2023-01,PER,pole_and_line,1,2.41
-7.8,-81.5,2023-03,PER,other_purse_seines,1,0.2
-7.8,-83,2023-03,ECU,tuna_purse_seines,1,0.39
-12.8,-78.2,2023-02,PER,pole_and_line,1,3.64
-16.6,-76.9,2023-03,PER,tuna_purse_seines,1,17.77
-11.2,-78.3,2023-01,PER,other_purse_seines,1,2.09
-12.2,-77.7,2023-02,PER,other_purse_seines,1,0.98
-9.4,-78.8,2023-01,PER,purse_seines,2,1.73
-9.9,-78.4,2023-01,PER,other_purse_seines,64,299.12
-16.9,-77.7,2023-03,NA,purse_seines,1,1.21
-10.8,-78.1,2023-02,PER,other_purse_seines,1,1.95
-14.4,-76.8,2023-01,PER,set_gillnets,1,0.8
-11.8,-77.3,2023-01,PER,other_purse_seines,24,53.98
-9.5,-78.6,2023-01,HND,other_purse_seines,1,0.49
-8.4,-79.3,2023-01,PER,purse_seines,1,2.34
-4.1,-81.5,2023-03,ECU,fishing,1,0.97
-14.8,-77.1,2023-03,PER,other_purse_seines,5,9
-14.4,-77.8,2023-02,AIA,purse_seines,1,1.61
-8.3,-79.4,2023-01,HND,other_purse_seines,1,0.93
-13.7,-79.5,2023-02,PER,tuna_purse_seines,1,7.91
-14,-76.6,2023-01,NA,other_purse_seines,1,2.72
-11.2,-77.9,2023-01,PER,other_purse_seines,14,21.46
-14,-77.1,2023-02,NA,pole_and_line,1,2.1
-14.5,-76.5,2023-03,NA,pole_and_line,1,1.98
-7.8,-79.9,2023-01,PER,other_purse_seines,7,9.3
-16.3,-78.3,2023-02,ECU,tuna_purse_seines,1,5.43
-15.3,-77.7,2023-02,PER,other_purse_seines,18,44
-9.8,-79,2023-02,PER,other_purse_seines,1,1.65
-13.9,-77.1,2023-01,PER,pole_and_line,1,1.21
-11.5,-77.4,2023-01,NA,other_purse_seines,1,0.95
-9.1,-80.5,2023-03,PER,other_purse_seines,3,8.15
-13.7,-77.1,2023-03,PER,other_purse_seines,1,1.35
-7.8,-79.7,2023-02,GBR,other_purse_seines,1,1.98
-16.3,-77.9,2023-02,ECU,tuna_purse_seines,1,1.89
-12.4,-78.7,2023-02,PER,fishing,1,4.39
-8.3,-79,2023-01,PER,fishing,2,3.57
-8.7,-78.9,2023-01,PER,other_purse_seines,3,10.28
-12.9,-76.6,2023-01,PER,pole_and_line,1,4.9
-6.3,-81.1,2023-03,PER,other_purse_seines,1,0.76
-14.3,-76.9,2023-01,PER,set_gillnets,1,5.75
-8.1,-79.6,2023-02,PER,other_purse_seines,20,39.11
-12.3,-78.6,2023-02,PER,fishing,1,0.45
-11.7,-77.4,2023-01,PER,other_purse_seines,30,102.25
-15.5,-78.9,2023-03,ECU,tuna_purse_seines,2,2.09
-7.4,-79.9,2023-01,HND,other_purse_seines,1,3.25
-11.3,-77.8,2023-01,PER,other_purse_seines,20,23.27
-12.4,-77.1,2023-03,PER,other_purse_seines,1,5.46
-8.2,-79.3,2023-01,HND,other_purse_seines,1,4.29
-8.3,-79.4,2023-01,PER,purse_seines,1,0.74
-6.6,-81,2023-01,PER,purse_seines,2,3.02
-15.3,-77.7,2023-02,PER,pole_and_line,1,4.35
-7.4,-80.1,2023-03,PER,other_purse_seines,1,0.51
-12,-77.2,2023-03,PAN,inconclusive,1,2.27
-7.8,-79.8,2023-02,PER,purse_seines,1,4.05
-11.3,-77.9,2023-01,PER,purse_seines,1,0.13
-10.9,-78.3,2023-01,PER,other_purse_seines,2,1.22
-17.3,-71.8,2023-01,PER,other_purse_seines,1,1.27
-14.3,-76.9,2023-01,PER,fishing,1,5.53
-3.8,-81.9,2023-03,ECU,tuna_purse_seines,1,0.24
-14.9,-75.8,2023-01,PER,other_purse_seines,4,6.1
-9.5,-78.5,2023-01,PER,other_purse_seines,20,29.1
-8,-79.8,2023-02,PER,other_purse_seines,5,9.72
-14.8,-77.1,2023-02,PER,tuna_purse_seines,1,2.72
-12,-77.6,2023-02,PER,purse_seines,1,1.83
-5.8,-81.2,2023-01,PER,pole_and_line,1,0.38
-8.1,-79.6,2023-01,PER,purse_seines,5,9.8
-7.4,-80.1,2023-02,PER,purse_seines,1,3.15
-9.2,-78.6,2023-02,PER,other_purse_seines,2,3.59
-7.6,-79.8,2023-01,PER,pole_and_line,1,2.3
-10.9,-77.9,2023-01,PER,other_purse_seines,31,60.43
-7.7,-79.8,2023-01,HND,other_purse_seines,1,4.45
-6.7,-80.9,2023-01,PER,tuna_purse_seines,7,28.42
-13.5,-76.2,2023-01,PER,pole_and_line,1,4.32
-7.9,-79.6,2023-02,PER,purse_seines,1,0.7
-10.1,-81.6,2023-02,PER,tuna_purse_seines,1,3.86
-16.5,-77.1,2023-03,PER,tuna_purse_seines,1,0.14
-17,-78.2,2023-03,ECU,tuna_purse_seines,1,2.33
-15.8,-78,2023-03,ECU,tuna_purse_seines,2,7.62
-12,-80.8,2023-02,ECU,tuna_purse_seines,1,0.26
-15.4,-77.7,2023-02,PER,other_purse_seines,16,65.08
-9.6,-78.5,2023-02,PER,other_purse_seines,4,9.85
-11.2,-77.8,2023-01,AIA,purse_seines,1,4.15
-10.2,-78.2,2023-01,PER,purse_seines,2,2.12
-8.1,-79.8,2023-01,PER,other_purse_seines,1,1.84
-6.8,-80.3,2023-02,PER,purse_seines,3,7.03
-7.1,-79.8,2023-01,PER,purse_seines,1,1.1
-5,-81.9,2023-02,PER,other_purse_seines,1,5.99
-13.5,-76.2,2023-01,PER,other_purse_seines,10,7.12
-6.9,-80.4,2023-01,PER,tuna_purse_seines,1,0.42
-6.8,-82.1,2023-03,PER,other_purse_seines,1,2.01
-13.7,-78.2,2023-02,PER,other_purse_seines,3,4.54
-7,-80.1,2023-01,PER,purse_seines,7,21.85
-14.6,-78,2023-02,PER,tuna_purse_seines,1,4.75
-7.1,-81.4,2023-03,ECU,fishing,1,2
-14.5,-76.8,2023-03,PER,other_purse_seines,1,2.59
-6.6,-80.8,2023-01,PER,tuna_purse_seines,8,33.35
-16.1,-77.9,2023-02,ECU,tuna_purse_seines,1,0.82
-16.5,-73.9,2023-03,PER,fishing,1,2.51
-5.5,-81.1,2023-01,PER,other_purse_seines,4,5.31
-10.3,-78.3,2023-01,PER,purse_seines,2,2.57
-12.2,-78.6,2023-03,PER,other_purse_seines,1,1.92
-16.2,-77.8,2023-02,ECU,tuna_purse_seines,1,3.02
-14,-79.9,2023-02,PER,tuna_purse_seines,1,0.45
-8,-79.6,2023-01,PER,other_purse_seines,20,23.25
-12.6,-77,2023-01,PER,purse_seines,4,6.72
-9.8,-78.4,2023-01,PER,other_purse_seines,57,190.56
-14.9,-75.6,2023-02,PER,other_purse_seines,2,1.49
-8.4,-79,2023-02,NA,other_purse_seines,1,1.21
-7.5,-79.7,2023-01,PER,tuna_purse_seines,8,14.27
-9.2,-78.8,2023-01,AIA,purse_seines,1,6.7
-11.9,-77.3,2023-01,PER,other_purse_seines,29,106.81
-8.2,-79.5,2023-01,AIA,purse_seines,1,0.53
-6.6,-80.5,2023-01,PER,pole_and_line,1,3.48
-14.9,-77.1,2023-03,PER,other_purse_seines,1,0.17
-9.3,-78.7,2023-01,AIA,purse_seines,1,2.03
-16.2,-78.4,2023-02,ECU,tuna_purse_seines,1,0.58
-14.4,-77.5,2023-03,NA,other_purse_seines,1,3.24
-8.4,-80.6,2023-03,PER,other_purse_seines,1,3.25
-7.6,-81.5,2023-03,NA,purse_seines,1,1.91
-9.2,-78.8,2023-01,PER,other_purse_seines,20,33.49
-7.7,-79.5,2023-02,PER,other_purse_seines,5,2.22
-13.9,-76.6,2023-01,PER,purse_seines,2,2.17
-15.6,-77.3,2023-02,NA,other_purse_seines,1,2.02
-12.3,-78.6,2023-02,PER,set_longlines,1,0.58
-13,-76.6,2023-01,NA,other_purse_seines,3,6.36
-11.2,-78.1,2023-02,PER,other_purse_seines,2,6.73
-13,-76.7,2023-01,PER,other_purse_seines,23,41.27
-12.3,-79.5,2023-02,PER,tuna_purse_seines,1,3.96
-10.8,-77.9,2023-01,PER,other_purse_seines,41,80.34
-8.9,-78.8,2023-01,PER,other_purse_seines,7,6.81
-3.7,-81.2,2023-01,ECU,tuna_purse_seines,1,4.51
-8.9,-82.6,2023-03,PAN,tuna_purse_seines,1,3.8
-8.6,-79.3,2023-01,PER,other_purse_seines,3,3.25
-12,-77.1,2023-01,NA,other_purse_seines,1,4.46
-8.2,-79.2,2023-02,NA,other_purse_seines,3,3.35
-14.7,-77.7,2023-02,PER,other_purse_seines,4,4.29
-17.2,-71.9,2023-01,PER,other_purse_seines,1,7.12
-12.4,-78.2,2023-02,PER,other_purse_seines,2,3.32
-11.4,-77.8,2023-01,PER,other_purse_seines,3,3.55
-9.2,-78.7,2023-02,NA,other_purse_seines,1,2.3
-8.5,-79.1,2023-01,PER,other_purse_seines,14,14.17
-14.1,-76.5,2023-02,NA,other_purse_seines,1,2.35
-12.9,-77.7,2023-02,PER,pole_and_line,1,0.39
-15.1,-77.4,2023-02,NA,other_purse_seines,1,4.03
-4.1,-83.2,2023-03,ECU,tuna_purse_seines,1,0.34
-11.5,-77.4,2023-02,PER,other_purse_seines,1,0.07
-12.2,-80.6,2023-02,ECU,tuna_purse_seines,1,0.6
-9,-80.3,2023-03,PER,other_purse_seines,6,29.74
-10.8,-78.5,2023-02,PER,other_purse_seines,2,4.42
-16.7,-76.9,2023-03,PER,tuna_purse_seines,2,11.07
-9.1,-78.8,2023-01,PER,other_purse_seines,24,86.44
-15.5,-78.4,2023-03,PER,other_purse_seines,1,0.84
-8.6,-79.5,2023-02,PER,other_purse_seines,1,1.78
-14.6,-77.5,2023-02,PER,set_longlines,1,11.93
-12.7,-76.9,2023-01,NA,other_purse_seines,3,10.06
-16.4,-78.4,2023-02,ECU,tuna_purse_seines,1,2.25
-12.5,-77.2,2023-01,PER,other_purse_seines,1,0.37
-13.9,-76.9,2023-01,PER,set_gillnets,1,2.27
-6.4,-81.7,2023-02,PER,other_purse_seines,1,4.34
-14.9,-77.7,2023-02,PER,purse_seines,1,3.49
-15.6,-79.1,2023-03,ECU,tuna_purse_seines,1,0.77
-16.6,-76.8,2023-03,PER,tuna_purse_seines,3,36.16
-7.4,-79.7,2023-02,PER,tuna_purse_seines,1,7.76
-17.4,-77.8,2023-03,NA,purse_seines,1,6.3
-8.2,-79.8,2023-01,PER,other_purse_seines,2,0.91
-9.1,-80.1,2023-03,PER,other_purse_seines,1,0.16
-9.7,-78.5,2023-02,PER,other_purse_seines,19,29.93
-13.6,-77.7,2023-01,PER,fishing,1,0.62
-11.7,-77.6,2023-01,PER,inconclusive,1,0.66
-3.5,-81.1,2023-03,ECU,tuna_purse_seines,1,6.66
-13.7,-77.5,2023-03,PER,other_purse_seines,1,0.28
-13.4,-80.1,2023-02,ECU,tuna_purse_seines,1,0.72
-7.1,-79.8,2023-01,PER,other_purse_seines,22,40.07
-15,-78.9,2023-02,PER,tuna_purse_seines,1,4.32
-14.7,-78,2023-02,PER,tuna_purse_seines,1,1.93
-12,-77.4,2023-03,PER,other_purse_seines,3,8.63
-7.9,-79.6,2023-02,PER,other_purse_seines,12,13.24
-12,-77.4,2023-03,PER,pole_and_line,1,0.86
-12.9,-76.7,2023-01,NA,other_purse_seines,2,10.59
-13.3,-76.6,2023-01,PER,purse_seines,2,4.62
-12,-77.2,2023-02,ESP,drifting_longlines,1,17.41
-12,-77.7,2023-01,PER,other_purse_seines,3,0.77
-14.6,-77.7,2023-02,PER,other_purse_seines,3,3.01
-11.9,-77.4,2023-02,NA,other_purse_seines,1,2.24
-12,-77.8,2023-03,PER,pole_and_line,1,3.03
-12.4,-77.5,2023-03,PER,other_purse_seines,1,4.48
-7.8,-79.8,2023-02,PER,fishing,1,0.48
-12.3,-77.1,2023-01,PER,purse_seines,7,15.02
-11,-77.9,2023-02,PER,other_purse_seines,5,8.73
-10.6,-78.7,2023-03,PER,other_purse_seines,1,0.62
-13.7,-77.7,2023-02,AIA,purse_seines,1,3.21
-18,-71,2023-01,PER,other_purse_seines,2,7.14
-16.6,-78.3,2023-02,ECU,tuna_purse_seines,1,0.24
-15.6,-77.6,2023-02,PER,tuna_purse_seines,1,9.31
-18,-71.2,2023-02,PER,fishing,1,1.29
-15,-77.3,2023-03,PER,other_purse_seines,8,12.66
-11.1,-78.1,2023-02,PER,other_purse_seines,1,0.3
-6.8,-80.3,2023-01,PER,tuna_purse_seines,4,8.17
-12.1,-77.5,2023-01,PER,purse_seines,1,1.25
-14.8,-77.2,2023-02,PER,purse_seines,1,3.93
-14.7,-77.5,2023-02,PER,purse_seines,1,0.49
-13.6,-76.6,2023-01,PER,set_gillnets,1,1.07
-8.7,-79.3,2023-01,PER,other_purse_seines,2,0.88
-12.4,-79.1,2023-02,PER,tuna_purse_seines,1,2.99
-12.9,-77,2023-02,PER,tuna_purse_seines,1,2.87
-12.1,-77.3,2023-01,PER,purse_seines,3,6.86
-15.5,-77.8,2023-02,PER,tuna_purse_seines,1,4.52
-10.1,-81,2023-02,PER,tuna_purse_seines,2,10.75
-8,-79.9,2023-02,PER,purse_seines,1,1.01
-9.7,-78.5,2023-01,AIA,purse_seines,1,3.22
-15.4,-76.6,2023-03,PER,other_purse_seines,2,3.12
-15.4,-78.1,2023-03,ECU,tuna_purse_seines,1,5.01
-14.9,-78.2,2023-02,ECU,tuna_purse_seines,1,0.99
-8.1,-79.5,2023-02,PER,other_purse_seines,14,19.65
-12.4,-77.1,2023-01,PER,purse_seines,4,11.78
-6.8,-80.3,2023-01,GBR,other_purse_seines,1,0.67
-12,-77.3,2023-01,PER,fishing,1,3.63
-14.6,-77.2,2023-02,PER,other_purse_seines,1,0.2
-12,-77.2,2023-01,PER,other_purse_seines,29,104.49
-12.1,-77.1,2023-03,PER,inconclusive,2,20.9
-14.8,-77.5,2023-02,GBR,other_purse_seines,1,0.65
-12.5,-77.1,2023-01,NA,other_purse_seines,4,6.96
-8.8,-80,2023-03,PER,other_purse_seines,1,2.85
-12.7,-76.8,2023-01,NA,other_purse_seines,2,3.36
-6.3,-81,2023-03,PER,other_purse_seines,1,6.72
-15.1,-77.3,2023-02,NA,other_purse_seines,1,2.52
-12.8,-76.7,2023-01,NA,other_purse_seines,2,6.39
-12.6,-76.9,2023-02,PER,inconclusive,1,0.49
-14.6,-77.4,2023-02,PER,set_longlines,1,2.17
-13.5,-76.6,2023-01,NA,other_purse_seines,2,2.27
-12.4,-77,2023-03,PER,other_purse_seines,1,1.66
-9.5,-78.6,2023-01,PER,other_purse_seines,15,33.82
-14.8,-77,2023-02,PER,tuna_purse_seines,1,4.66
-8.3,-79.4,2023-01,PER,other_purse_seines,5,4.07
-6.8,-80.8,2023-01,PER,tuna_purse_seines,3,6.31
-9.9,-78.4,2023-01,HND,other_purse_seines,1,13.26
-15.5,-77.3,2023-02,PER,tuna_purse_seines,1,2.01
-16.5,-77,2023-03,PER,tuna_purse_seines,1,4.16
-10.1,-81.5,2023-02,PER,tuna_purse_seines,1,4.88
-12.5,-78.8,2023-03,PER,other_purse_seines,1,2.28
-10.8,-78,2023-02,PER,other_purse_seines,1,3.1
-15,-77.3,2023-02,GBR,other_purse_seines,1,2.77
-7.4,-79.7,2023-01,PER,purse_seines,7,44.12
-7.7,-79.8,2023-01,PER,other_purse_seines,36,63.72
-7.7,-79.6,2023-01,NA,other_purse_seines,3,18.95
-7.4,-79.7,2023-02,GBR,other_purse_seines,1,0.62
-14.1,-77.4,2023-01,PER,pole_and_line,1,1.22
-6.1,-81.3,2023-01,PER,tuna_purse_seines,3,6.48
-16.3,-78.3,2023-03,PER,tuna_purse_seines,1,4.81
-14.1,-77,2023-01,PER,pole_and_line,1,0.7
-17.6,-71.3,2023-01,PER,other_purse_seines,1,1.02
-11.7,-78,2023-03,PER,pole_and_line,1,4.73
-16.3,-77.9,2023-03,PER,tuna_purse_seines,3,16.67
-14.8,-77,2023-03,PER,other_purse_seines,3,7.14
-11.7,-77.4,2023-01,AIA,purse_seines,1,3.46
-14.1,-77.7,2023-02,PER,other_purse_seines,3,6.78
-10,-80.9,2023-02,PER,tuna_purse_seines,1,5.9
-7.4,-79.9,2023-01,PER,other_purse_seines,39,110.97
-8.2,-79.3,2023-01,PER,other_purse_seines,51,194.11
-15.2,-76.7,2023-02,PER,other_purse_seines,2,3.33
-9.1,-80.6,2023-03,PER,other_purse_seines,1,0.91
-14.7,-77.4,2023-02,PER,purse_seines,1,1.13
-14,-77.5,2023-03,PER,purse_seines,1,0.09
-14,-76.5,2023-02,PER,set_gillnets,1,1.5
-15.4,-77.6,2023-02,NA,other_purse_seines,1,0.08
-14.8,-77.7,2023-02,PER,purse_seines,1,0.31
-12,-77.2,2023-03,PER,fishing,3,3.41
-3.5,-82.2,2023-02,PER,other_purse_seines,1,0.77
-14.8,-78.7,2023-03,PER,tuna_purse_seines,1,0.06
-14.9,-77.6,2023-02,PER,tuna_purse_seines,1,5.01
-11.4,-81.1,2023-03,ECU,tuna_purse_seines,1,8.97
-7.6,-80,2023-01,PER,purse_seines,2,5.28
-14.6,-77.2,2023-02,PER,set_gillnets,1,0.91
-7.3,-79.8,2023-01,PER,other_purse_seines,40,84.71
-7.1,-79.9,2023-01,PER,purse_seines,5,6.63
-8.6,-79.8,2023-01,PER,other_purse_seines,1,0.31
-16.5,-74,2023-03,PER,fishing,1,0.93
-10.2,-78.4,2023-01,PER,other_purse_seines,4,2.56
-13.8,-76.6,2023-01,PER,purse_seines,2,6.16
-10.3,-80.6,2023-02,PER,tuna_purse_seines,1,3.02
-12.5,-77.4,2023-03,PER,pole_and_line,1,2.63
-16.8,-78.3,2023-03,PER,tuna_purse_seines,2,5.8
-5.6,-81,2023-02,PER,other_purse_seines,1,2.71
-12.4,-76.8,2023-03,USA,fishing,1,3.85
-14.4,-77.2,2023-02,PER,fishing,1,0.74
-17.6,-71.5,2023-02,PER,other_purse_seines,5,4.61
-16.6,-76.9,2023-03,PER,fishing,1,1.69
-9.3,-80.2,2023-03,PER,purse_seines,1,1.02
-15.3,-76.7,2023-02,PER,purse_seines,1,0.97
-14.4,-77.1,2023-03,PER,other_purse_seines,1,3.5
-14.7,-77.2,2023-02,PER,other_purse_seines,1,0.11
-6.5,-83.4,2023-03,ECU,tuna_purse_seines,1,0.12
-5.8,-81.3,2023-01,PER,other_purse_seines,2,7.21
-13.4,-78.6,2023-02,PER,tuna_purse_seines,1,4.94
-14,-77.3,2023-01,PER,fishing,2,7.22
-8.2,-79.5,2023-02,PER,other_purse_seines,10,8.88
-7.6,-81.4,2023-03,NA,purse_seines,1,1.01
-13.6,-76.8,2023-01,PER,purse_seines,1,1.6
-8.5,-79.5,2023-02,PER,purse_seines,1,1.49
-7.3,-83.6,2023-03,ECU,tuna_purse_seines,1,8.81
-14.4,-77.4,2023-03,NA,other_purse_seines,1,0.21
-7.1,-80.4,2023-01,PER,tuna_purse_seines,1,1.29
-13.5,-76.4,2023-03,PER,other_purse_seines,1,6.32
-7.8,-79.7,2023-02,AIA,purse_seines,1,5.88
-10.4,-78.1,2023-02,PER,other_purse_seines,8,9.82
-15.2,-76.8,2023-02,PER,purse_seines,1,1.3
-9.2,-80.3,2023-03,PER,purse_seines,1,0.4
-11,-78,2023-01,PER,other_purse_seines,1,1.09
-7.9,-79.6,2023-01,NA,other_purse_seines,2,5.52
-13.5,-76.7,2023-01,PER,other_purse_seines,1,0.08
-14.7,-76,2023-01,PER,inconclusive,1,0.3
-17.9,-71.4,2023-01,PER,other_purse_seines,2,8
-8.1,-79.3,2023-01,PER,other_purse_seines,74,387
-9.2,-80.6,2023-03,PER,other_purse_seines,2,3.71
-8.1,-79.6,2023-02,NA,other_purse_seines,3,2.68
-15.1,-78.2,2023-02,ECU,tuna_purse_seines,1,6.38
-7.5,-79.7,2023-01,GBR,other_purse_seines,1,4.43
-9.4,-81.7,2023-01,NA,purse_seines,1,2.07
-15.4,-77.2,2023-02,PER,other_purse_seines,10,36.04
-10.3,-78.3,2023-01,PER,other_purse_seines,12,20.74
-13.4,-77.9,2023-02,AIA,purse_seines,1,1.36
-12.3,-77.4,2023-03,PER,fishing,1,12.42
-15.6,-77.8,2023-02,NA,other_purse_seines,1,3.29
-7.5,-79.9,2023-02,PER,other_purse_seines,10,15.79
-11.9,-77.8,2023-01,PER,other_purse_seines,1,1.27
-8.1,-79.2,2023-01,PER,inconclusive,1,0.14
-12,-77.2,2023-02,PER,inconclusive,1,69.89
-7.7,-81.2,2023-03,NA,purse_seines,1,1.91
-15.2,-77.6,2023-02,PER,tuna_purse_seines,2,3.41
-9.4,-78.7,2023-01,AIA,purse_seines,1,1.97
-13,-76.9,2023-03,PER,other_purse_seines,1,1.93
-7.6,-79.9,2023-01,PER,fishing,1,3.54
-7.5,-80,2023-01,PER,tuna_purse_seines,1,0.12
-6.9,-80.4,2023-01,GBR,other_purse_seines,1,1.4
-14.2,-77.7,2023-02,PER,other_purse_seines,4,12.3
-13.6,-78.2,2023-02,PER,fishing,1,4.49
-13.8,-76.3,2023-03,PER,inconclusive,1,0.03
-6.1,-81.5,2023-03,PER,other_purse_seines,1,1.46
-14.5,-77.7,2023-02,NA,other_purse_seines,1,1.99
-13.5,-77.4,2023-03,PER,other_purse_seines,1,0.13
-11.1,-77.8,2023-01,PER,other_purse_seines,19,35.91
-5.1,-81.6,2023-03,ECU,fishing,1,1.92
-7.3,-80.1,2023-03,PER,other_purse_seines,1,0.91
-12.3,-76.9,2023-03,PER,inconclusive,2,21.84
-17.1,-78.3,2023-03,NA,purse_seines,1,1.29
-16.1,-77.3,2023-03,PER,tuna_purse_seines,1,0.07
-17,-77.6,2023-03,NA,purse_seines,1,5.27
-6.4,-83.6,2023-03,ECU,tuna_purse_seines,1,0.19
-6.5,-80.9,2023-03,PER,other_purse_seines,1,0.13
-8.3,-79.6,2023-02,PER,other_purse_seines,1,0.13
-13.7,-76.5,2023-01,NA,other_purse_seines,3,5.61
-14.5,-76.9,2023-01,PER,fishing,2,21.06
-12.3,-76.9,2023-03,PER,fishing,1,1.96
-15.6,-77.2,2023-02,PER,other_purse_seines,5,7.04
-12.7,-77,2023-01,NA,other_purse_seines,3,5.48
-18.1,-71,2023-02,PER,other_purse_seines,2,1.08
-7.5,-79.7,2023-01,NA,other_purse_seines,3,4.85
-11.9,-77.3,2023-01,PER,pole_and_line,2,6.84
-13.9,-77,2023-01,PER,set_gillnets,1,1.47
-16.8,-76.9,2023-03,PER,tuna_purse_seines,3,17.03
-11.7,-77.5,2023-02,PER,other_purse_seines,1,1.3
-7.4,-79.7,2023-01,PER,fishing,1,1.53
-7.9,-80,2023-02,PER,tuna_purse_seines,1,1.5
-9,-78.9,2023-02,PER,other_purse_seines,1,2.5
-8.1,-79.4,2023-01,HND,other_purse_seines,1,1.51
-14.3,-77.5,2023-01,PER,fishing,1,1.05
-13.2,-79.2,2023-03,PER,tuna_purse_seines,1,0.25
-5.3,-81.5,2023-02,PER,other_purse_seines,1,17.53
-5.7,-81.3,2023-01,PER,other_purse_seines,4,4.48
-15,-77.4,2023-03,PER,purse_seines,1,0.21
-16.5,-77.2,2023-03,ECU,tuna_purse_seines,2,10.66
-18,-71.1,2023-01,NA,other_purse_seines,2,9.6
-12.7,-77,2023-03,PER,other_purse_seines,1,1.26
-14,-77.2,2023-01,PER,pole_and_line,1,2.26
-17.1,-77.8,2023-03,PER,tuna_purse_seines,1,10.54
-6.9,-80.3,2023-01,AIA,purse_seines,1,4.62
-10.6,-78.1,2023-02,PER,other_purse_seines,3,4.17
-12.3,-78,2023-03,PER,other_purse_seines,1,0.16
-7.9,-79.7,2023-02,GBR,other_purse_seines,1,2
-13.8,-78.2,2023-02,PER,purse_seines,1,1.29
-13,-76.7,2023-01,PER,purse_seines,2,1.63
-13.8,-77.9,2023-01,PER,set_gillnets,1,2.02
-7.2,-79.8,2023-01,PER,other_purse_seines,42,84.83
-14.1,-76.7,2023-02,PER,set_gillnets,1,0.94
-12,-77.2,2023-01,PER,purse_seines,1,2.78
-8.5,-79,2023-01,PER,fishing,1,0.59
-15.1,-77.7,2023-02,PER,other_purse_seines,2,1.35
-9.9,-78.5,2023-02,PER,other_purse_seines,3,0.68
-9.3,-80.5,2023-03,PER,other_purse_seines,1,0.44
-15.7,-76.1,2023-03,PER,other_purse_seines,1,1.41
-15.7,-77.2,2023-02,PER,other_purse_seines,2,3.9
-5.7,-81.5,2023-02,PER,other_purse_seines,1,1.39
-11.2,-77.9,2023-01,PER,fishing,1,0.66
-12.6,-76.9,2023-01,PER,purse_seines,4,8.9
-8.3,-79.1,2023-01,PER,fishing,3,8.32
-5.8,-82.1,2023-02,PER,other_purse_seines,1,0.65
-9.3,-78.6,2023-02,PER,other_purse_seines,2,2.47
-15.3,-77.7,2023-02,PER,purse_seines,1,3.56
-8.5,-79.4,2023-02,PER,other_purse_seines,1,1.41
-16.3,-78.3,2023-03,NA,purse_seines,1,1.17
-15.4,-77.1,2023-03,PER,other_purse_seines,10,27.5
-17.6,-71.7,2023-01,NA,other_purse_seines,1,0.21
-16.3,-78.5,2023-03,NA,purse_seines,1,5.25
-16.3,-78.4,2023-02,ECU,tuna_purse_seines,2,9.61
-7.6,-79.8,2023-01,PER,purse_seines,7,7.99
-13.7,-76.6,2023-03,PER,pole_and_line,1,1.56
-7.1,-82,2023-03,PER,other_purse_seines,1,0.62
-7.8,-79.8,2023-01,PER,other_purse_seines,3,4.33
-12,-78.6,2023-02,PER,purse_seines,1,1.52
-13.3,-77.8,2023-01,PER,set_gillnets,1,3.22
-11.2,-77.8,2023-01,PER,other_purse_seines,17,53.56
-11.8,-77.4,2023-01,PER,other_purse_seines,20,22.13
-11.2,-78.4,2023-01,PER,other_purse_seines,1,0.5
-12.2,-77.3,2023-01,PER,tuna_purse_seines,1,1.19
-14.9,-77.7,2023-02,PER,other_purse_seines,12,31.49
-9.9,-78.3,2023-01,PER,other_purse_seines,20,28.08
-8.8,-78.9,2023-01,PER,other_purse_seines,3,0.51
-7,-80,2023-01,PER,tuna_purse_seines,6,29.01
-13.8,-77.1,2023-03,PER,other_purse_seines,1,0.38
-13.9,-78.2,2023-02,PER,other_purse_seines,5,9.44
-10.9,-77.8,2023-01,PER,other_purse_seines,21,31.89
-7,-79.9,2023-02,PER,other_purse_seines,2,4.03
-6.7,-80.8,2023-01,PER,tuna_purse_seines,9,40.87
-14.9,-75.9,2023-01,PER,other_purse_seines,12,28.15
-8,-79.9,2023-02,PER,other_purse_seines,9,16.52
-15.2,-77.7,2023-02,PER,other_purse_seines,11,24.89
-15.4,-77.6,2023-02,GBR,other_purse_seines,1,6.97
-9.7,-79,2023-02,PER,other_purse_seines,1,0.47
-17.3,-71.9,2023-01,PER,other_purse_seines,2,2.53
-9.4,-78.8,2023-01,PER,other_purse_seines,1,0.29
-12.2,-77.3,2023-01,NA,other_purse_seines,2,4.25
-14.8,-76,2023-03,PER,other_purse_seines,1,1.32
-12.9,-76.6,2023-01,PER,purse_seines,1,1.74
-6.4,-80.9,2023-01,PER,tuna_purse_seines,5,6.09
-13.3,-76.7,2023-01,NA,other_purse_seines,1,0.61
-7.4,-79.8,2023-01,HND,other_purse_seines,1,0.25
-14.7,-77.1,2023-03,PER,other_purse_seines,7,13.65
-8.2,-79.4,2023-01,HND,other_purse_seines,1,10.58
-11.3,-77.9,2023-01,PER,other_purse_seines,12,22.83
-5.1,-81.1,2023-02,PER,inconclusive,1,19.47
-10.7,-78.1,2023-02,PER,other_purse_seines,1,0.78
-16.5,-78.5,2023-02,ECU,tuna_purse_seines,1,0.36
-11.7,-77.3,2023-01,PER,other_purse_seines,12,15.71
-12.3,-78.5,2023-02,PER,fishing,1,1.36
-8.4,-79.2,2023-01,PER,fishing,2,3.27
-14.6,-77.5,2023-02,NA,other_purse_seines,1,5.32
-6,-81.2,2023-01,PER,other_purse_seines,8,8.28
-12.3,-77.2,2023-01,NA,other_purse_seines,7,18.44
-17.4,-71.5,2023-01,NA,other_purse_seines,2,2.16
-6.7,-80.3,2023-01,PER,tuna_purse_seines,4,5.87
-7.5,-81.6,2023-03,NA,purse_seines,1,2.38
-8.2,-79.2,2023-01,PER,pole_and_line,1,1.27
-9,-79.6,2023-01,PER,other_purse_seines,1,1
-13.7,-76.5,2023-03,PER,other_purse_seines,1,4.01
-7,-80.5,2023-01,PER,tuna_purse_seines,5,17.95
-16.6,-78.4,2023-03,PER,tuna_purse_seines,2,2.22
-14.5,-76.9,2023-03,PER,purse_seines,1,5.55
-8.3,-79.3,2023-01,PER,pole_and_line,1,1.02
-16.3,-78.4,2023-03,NA,purse_seines,1,3.29
-15.2,-77.2,2023-02,PER,other_purse_seines,10,50.42
-14.3,-77,2023-01,PER,fishing,1,0.58
-9.7,-80.4,2023-01,PER,tuna_purse_seines,1,0.98
-15.3,-77.2,2023-02,PER,purse_seines,1,2.7
-8,-79.4,2023-02,PER,other_purse_seines,4,2.08
-8,-79.7,2023-01,PER,tuna_purse_seines,1,0.21
-15.6,-78.1,2023-03,ECU,tuna_purse_seines,1,0.11
-9.8,-78.6,2023-02,PER,other_purse_seines,1,1.6
-12.6,-76.8,2023-01,PER,purse_seines,1,0.82
-6.2,-81.5,2023-03,PER,other_purse_seines,1,6.91
-8.9,-80.2,2023-02,PER,other_purse_seines,1,3.5
-7,-80,2023-01,GBR,other_purse_seines,1,0.34
-10,-78.5,2023-01,PER,other_purse_seines,1,0.83
-13.5,-77,2023-03,PER,pole_and_line,1,0.25
-12.5,-76.9,2023-02,PER,tuna_purse_seines,2,3.21
-7.1,-80,2023-01,PER,purse_seines,4,3.98
-15.1,-77,2023-01,PER,fishing,1,16.07
-11.8,-80.6,2023-02,PER,tuna_purse_seines,1,9.86
-14.4,-77.7,2023-02,PER,other_purse_seines,5,5.85
-8.9,-79,2023-02,PER,other_purse_seines,1,2.31
-12.4,-77.2,2023-01,NA,other_purse_seines,4,2.68
-16.7,-77.9,2023-03,PER,tuna_purse_seines,2,3.57
-13.7,-78.1,2023-02,PER,tuna_purse_seines,1,2.7
-12.6,-77.5,2023-03,PER,other_purse_seines,1,4.42
-7.1,-80.1,2023-03,PER,other_purse_seines,1,0.37
-7.1,-80.4,2023-01,PER,purse_seines,1,0.79
-11.9,-77.4,2023-01,SSD,tuna_purse_seines,1,4.38
-12.4,-78.1,2023-03,PER,other_purse_seines,1,1.57
-16.7,-78.3,2023-03,PER,tuna_purse_seines,1,0.53
-11.7,-77.8,2023-01,PER,other_purse_seines,1,0.26
-15.5,-76.8,2023-03,PER,other_purse_seines,2,3.47
-16.5,-78,2023-02,ECU,tuna_purse_seines,1,0.49
-7.6,-79.9,2023-01,PER,purse_seines,5,12.02
-12.4,-76.8,2023-02,USA,fishing,1,20.26
-15.4,-77.6,2023-02,PER,tuna_purse_seines,1,3.88
-4,-81.8,2023-02,PER,other_purse_seines,1,1.34
-9.2,-82.7,2023-02,ECU,tuna_purse_seines,1,0.08
-8.5,-79.2,2023-01,PER,tuna_purse_seines,1,0.28
-6.7,-80.8,2023-01,AIA,purse_seines,1,1.57
-5.7,-81,2023-02,PER,other_purse_seines,1,4.23
-16.4,-78.3,2023-03,PER,tuna_purse_seines,1,3.97
-7.3,-79.8,2023-01,NA,other_purse_seines,2,4.94
-15.7,-77.7,2023-02,PER,other_purse_seines,8,7.34
-7.8,-81.6,2023-03,PER,other_purse_seines,1,0.04
-7.8,-83.1,2023-03,ECU,tuna_purse_seines,1,0.3
-4,-82.4,2023-02,PER,other_purse_seines,1,0.06
-15.5,-77.7,2023-02,NA,other_purse_seines,1,2.69
-11.5,-77.5,2023-01,SSD,tuna_purse_seines,1,0.71
-9.8,-80.3,2023-01,PER,tuna_purse_seines,1,0.16
-15.7,-75.2,2023-03,PER,other_purse_seines,1,0.91
-16.4,-77.9,2023-03,PER,tuna_purse_seines,2,3.13
-12.2,-78.7,2023-02,PER,other_purse_seines,2,4.53
-15.4,-79,2023-02,PER,tuna_purse_seines,1,0.22
-17.3,-71.7,2023-03,PER,other_purse_seines,2,5.7
-7.7,-79.7,2023-01,PER,purse_seines,8,43.85
-13.2,-76.5,2023-01,NA,other_purse_seines,2,1.6
-14.9,-77.2,2023-02,PER,other_purse_seines,10,26.19
-8.4,-79.5,2023-02,PER,other_purse_seines,4,8.51
-11.8,-77.9,2023-01,PER,other_purse_seines,1,0.29
-17.5,-71.5,2023-01,PER,other_purse_seines,1,0.74
-14.2,-77.1,2023-03,PER,other_purse_seines,2,1.39
-10.5,-78,2023-01,PER,other_purse_seines,1,0.39
-7.9,-79.7,2023-02,PER,tuna_purse_seines,1,1.94
-7.9,-79.4,2023-01,PER,other_purse_seines,19,21.45
-11.5,-77.5,2023-01,PER,inconclusive,1,1.93
-10.1,-80.8,2023-01,PER,tuna_purse_seines,1,2.02
-3.5,-81.2,2023-03,ECU,other_purse_seines,1,3.34
-14.9,-76.1,2023-03,PER,other_purse_seines,1,1.73
-12.9,-79.4,2023-03,PER,fishing,1,3.08
-12.4,-77.2,2023-03,PER,fishing,1,3.5
-9.3,-82.6,2023-02,PER,tuna_purse_seines,1,1.83
-15,-77.2,2023-02,NA,other_purse_seines,1,1.1
-11.6,-77.8,2023-01,PER,other_purse_seines,1,0.2
-16.9,-78.3,2023-03,PER,tuna_purse_seines,3,9.64
-7.6,-79.8,2023-01,PER,other_purse_seines,34,111.69
-16.5,-77.7,2023-03,ECU,tuna_purse_seines,2,0.9
-6.5,-80.7,2023-01,PER,other_purse_seines,26,53.2
-11.9,-77.4,2023-01,PER,pole_and_line,1,0.4
-7.8,-79.5,2023-02,PER,other_purse_seines,1,4.01
-11.1,-78.2,2023-03,PER,other_purse_seines,1,1.58
-14.5,-79.3,2023-03,ECU,tuna_purse_seines,1,2.16
-7,-84.3,2023-02,ECU,tuna_purse_seines,1,13.61
-11.5,-77.6,2023-01,PER,other_purse_seines,5,2.03
-15.7,-78.1,2023-03,ECU,tuna_purse_seines,1,5.15
-13.9,-78.2,2023-02,PER,purse_seines,1,1.14
-6.7,-80.5,2023-03,PER,other_purse_seines,1,7.35
-9.6,-80.4,2023-01,PER,tuna_purse_seines,1,6.28
-15.1,-77.2,2023-02,PER,other_purse_seines,6,11.78
-8.4,-79.3,2023-01,PER,other_purse_seines,15,13.01
-9.5,-78.6,2023-01,AIA,purse_seines,1,2.96
-16.1,-77.8,2023-03,PER,tuna_purse_seines,2,1.72
-15,-77.5,2023-03,PER,purse_seines,1,5.05
-9.8,-82.1,2023-02,PER,tuna_purse_seines,1,10.29
-6.7,-80.5,2023-02,PER,tuna_purse_seines,2,1.17
-17.8,-71.4,2023-01,PER,other_purse_seines,2,20.61
-12.1,-78.7,2023-02,PER,other_purse_seines,2,2.24
-14.1,-77.1,2023-03,PER,other_purse_seines,2,2.33
-14.5,-77.8,2023-02,PER,tuna_purse_seines,2,3.44
-8.3,-79.1,2023-02,PER,other_purse_seines,2,6.12
-12,-77.2,2023-02,PER,fishing,1,0.35
-14.4,-76.6,2023-03,PER,other_purse_seines,1,0.96
-9.7,-79.3,2023-01,PER,other_purse_seines,1,0.26
-12.4,-76.9,2023-03,PER,inconclusive,1,0.19
-17.5,-71.5,2023-02,NA,other_purse_seines,3,24.68
-8.2,-79.6,2023-02,PER,purse_seines,3,6.74
-7.6,-79.6,2023-01,PER,fishing,3,10.67
-6.1,-81.6,2023-03,ECU,fishing,1,1.98
-12.1,-77.2,2023-03,PER,pole_and_line,1,0.94
-15.6,-77.7,2023-02,PER,other_purse_seines,8,14.26
-10.1,-81,2023-02,NA,purse_seines,1,1.11
-9.4,-78.5,2023-02,PER,other_purse_seines,2,2.27
-9.8,-79.7,2023-03,PER,other_purse_seines,1,2.49
-12.2,-77.1,2023-03,PER,pole_and_line,1,0.09
-15.3,-77,2023-03,PER,other_purse_seines,1,1.22
-13.7,-77.7,2023-01,PER,set_gillnets,1,7.17
-8.1,-79.7,2023-02,PER,purse_seines,2,4.17
-9.1,-82.7,2023-02,ECU,tuna_purse_seines,1,1.3
-11.8,-77.3,2023-01,PER,pole_and_line,1,0.75
-16.3,-75.4,2023-03,PER,set_longlines,1,8.13
-6.7,-82.1,2023-03,PER,other_purse_seines,1,1.92
-7.9,-79.7,2023-01,PER,purse_seines,3,4.77
-10,-78.3,2023-02,PER,other_purse_seines,11,35.35
-9.7,-78.4,2023-01,HND,other_purse_seines,1,0.99
-15.1,-77.7,2023-02,PER,set_gillnets,1,1
-3.5,-81.2,2023-02,ECU,tuna_purse_seines,2,2.67
-15.9,-74.7,2023-03,PER,other_purse_seines,1,1.18
-16.2,-77.9,2023-03,PER,tuna_purse_seines,1,0.5
-17,-72.1,2023-03,PER,other_purse_seines,1,122.85
-13.4,-80.2,2023-03,ECU,tuna_purse_seines,1,1.66
-14,-77.3,2023-03,PER,other_purse_seines,5,5.56
-15.1,-77,2023-01,PER,pole_and_line,1,14.36
-11.8,-77.5,2023-01,PER,pole_and_line,2,4.89
-7.9,-79.7,2023-03,PER,other_purse_seines,1,2.66
-13.6,-78.1,2023-03,PER,other_purse_seines,2,8.25
-15.3,-76.7,2023-03,PER,other_purse_seines,8,13.4
-15.5,-75.2,2023-01,PER,other_purse_seines,1,1.53
-12.7,-76.9,2023-01,PER,other_purse_seines,40,83.35
-9.1,-78.7,2023-02,PER,other_purse_seines,1,0.27
-13.7,-76.6,2023-01,PER,inconclusive,1,1.64
-14.4,-76.8,2023-01,PER,other_purse_seines,3,2.09
-6.6,-81.6,2023-02,PER,other_purse_seines,1,2.97
-11.7,-77.4,2023-02,PER,fishing,1,2.71
-12.3,-79.2,2023-02,PER,tuna_purse_seines,1,3.19
-9.4,-82.5,2023-02,ECU,tuna_purse_seines,1,0.96
-10.1,-78.3,2023-02,NA,other_purse_seines,1,6.07
-14.8,-77.2,2023-03,NA,pole_and_line,1,3.07
-7.1,-79.9,2023-01,GBR,other_purse_seines,1,2.07
-6.1,-81.4,2023-01,PER,other_purse_seines,7,15
-6.9,-80.3,2023-01,NA,other_purse_seines,1,3.34
-5.9,-81.3,2023-01,PER,tuna_purse_seines,1,0.75
-6.7,-80.8,2023-01,HND,other_purse_seines,1,4.25
-14,-76.5,2023-01,NA,other_purse_seines,1,0.86
-14.4,-77,2023-01,PER,fishing,1,3.77
-10.7,-77.9,2023-01,NA,other_purse_seines,2,2.41
-17,-77.7,2023-03,PER,tuna_purse_seines,1,18.36
-10.8,-77.9,2023-01,PER,fishing,1,1.59
-16.6,-77.3,2023-03,ECU,tuna_purse_seines,2,7.68
-7.5,-79.8,2023-02,NA,other_purse_seines,1,2.45
-12.9,-76.6,2023-02,PER,other_purse_seines,4,3.2
-13.7,-76.8,2023-01,SSD,tuna_purse_seines,1,4.31
-12.8,-77,2023-02,NA,other_purse_seines,1,0.72
-7.4,-79.8,2023-01,PER,tuna_purse_seines,4,7.21
-8.2,-79.7,2023-02,PER,other_purse_seines,1,0.69
-8.2,-79.4,2023-01,PER,tuna_purse_seines,6,21.67
-5.2,-81.7,2023-02,PER,other_purse_seines,1,1.79
-11.4,-78,2023-03,PER,other_purse_seines,1,0.59
-14.7,-77,2023-03,PER,tuna_purse_seines,3,4.98
-12.8,-76.8,2023-01,PER,other_purse_seines,29,44.01
-6,-81.3,2023-01,PER,purse_seines,1,2.51
-6.5,-81,2023-01,PER,other_purse_seines,1,1.93
-14,-77.3,2023-02,PER,pole_and_line,1,0.05
-14,-77.2,2023-01,PER,set_gillnets,1,0.71
-8.3,-79.1,2023-01,PER,purse_seines,6,14.14
-3.5,-80.6,2023-02,PER,other_purse_seines,1,0.7
-14.8,-76,2023-01,PER,purse_seines,1,2.82
-13.5,-76.5,2023-01,PER,other_purse_seines,11,19.61
-6.5,-80.8,2023-01,PER,purse_seines,2,2.75
-15.2,-77.8,2023-02,PER,fishing,1,4.3
-12,-77.8,2023-02,PER,other_purse_seines,1,1.05
-15,-75.7,2023-01,PER,other_purse_seines,1,0.15
-8.5,-79.7,2023-01,HND,other_purse_seines,1,0.57
-9.3,-78.6,2023-01,PER,purse_seines,1,0.31
-13.3,-79.1,2023-03,PER,tuna_purse_seines,2,0.63
-11.5,-77.8,2023-03,PER,other_purse_seines,1,0.7
-9.6,-78.5,2023-01,PER,fishing,1,0.14
-12,-78.3,2023-02,PER,pole_and_line,1,1.55
-13.4,-76.9,2023-01,PER,other_purse_seines,2,1.43
-14.2,-77.5,2023-02,PER,other_purse_seines,1,0.05
-7,-80.1,2023-01,PER,other_purse_seines,48,137.44
-7.9,-79.9,2023-02,PER,purse_seines,3,20.71
-12,-77.3,2023-02,PER,purse_seines,1,1.66
-15.5,-77.4,2023-02,PER,other_purse_seines,3,4.55
-8.1,-79.3,2023-01,PER,purse_seines,7,37.55
-7.9,-79.5,2023-02,PER,purse_seines,1,2.41
-12.1,-77.6,2023-02,PER,other_purse_seines,3,6.45
-6.8,-80.2,2023-02,PER,tuna_purse_seines,1,2.81
-7,-79.9,2023-01,PER,pole_and_line,1,1.32
-6.3,-84.1,2023-03,ECU,tuna_purse_seines,1,2.74
-7.5,-79.7,2023-01,AIA,purse_seines,1,1.46
-11.5,-78.4,2023-03,PER,other_purse_seines,1,4.95
-6.8,-80.9,2023-01,PER,other_purse_seines,5,4.61
-12,-77.1,2023-01,SSD,tuna_purse_seines,1,2.18
-8.1,-79.5,2023-01,PER,purse_seines,5,5
-16,-77.2,2023-03,PER,tuna_purse_seines,1,2.11
-15.5,-75.9,2023-03,PER,other_purse_seines,1,1.27
-12,-77.5,2023-02,PER,purse_seines,1,3.25
-9.1,-78.8,2023-01,PER,purse_seines,3,7.99
-12.5,-77.3,2023-03,PER,fishing,1,2.03
-7,-80.2,2023-01,AIA,purse_seines,1,0.15
-8.3,-79.3,2023-01,PER,tuna_purse_seines,2,1.53
-17.6,-77.8,2023-03,ECU,tuna_purse_seines,1,0.28
-15,-75.6,2023-01,NA,other_purse_seines,1,1.89
-11.6,-77.5,2023-01,PER,purse_seines,5,11.33
-6.6,-80.4,2023-01,PER,other_purse_seines,25,57.05
-14.5,-77.4,2023-02,PER,pole_and_line,1,0.53
-15.3,-77.4,2023-03,AIA,purse_seines,1,1.4
-17.6,-71.4,2023-02,NA,other_purse_seines,1,10.51
-12.4,-77.2,2023-03,PER,other_purse_seines,1,3.01
-10.6,-78,2023-03,PER,other_purse_seines,2,1.72
-14.5,-77.8,2023-02,PER,pole_and_line,1,1.25
-8.1,-79.4,2023-01,PER,tuna_purse_seines,5,6.02
-13.6,-77.4,2023-01,PER,fishing,1,0.21
-8.1,-79.7,2023-02,PER,other_purse_seines,8,11.12
-6.9,-80.8,2023-01,PER,other_purse_seines,1,0.76
-15.4,-76.7,2023-03,NA,pole_and_line,1,1.85
-5.3,-81.6,2023-03,ECU,fishing,1,2.02
-14,-76.6,2023-03,PER,pole_and_line,1,14.31
-7.6,-79.7,2023-01,PER,fishing,1,4.63
-12.2,-78.5,2023-03,PER,pole_and_line,1,0.15
-15.6,-77.7,2023-02,PER,pole_and_line,1,2.95
-12.3,-77.2,2023-03,PER,fishing,1,0.98
-17.1,-77.8,2023-03,ECU,tuna_purse_seines,1,4.21
-9.6,-79.1,2023-03,PER,other_purse_seines,1,0.24
-5.9,-81.6,2023-03,ECU,fishing,1,2.09
-15.8,-77.1,2023-02,PER,other_purse_seines,1,1.1
-10.1,-78.5,2023-02,PER,tuna_purse_seines,1,0.78
-12.6,-76.9,2023-01,PER,other_purse_seines,56,185.92
-9.6,-78.5,2023-01,PER,purse_seines,4,8.85
-13.4,-76.3,2023-02,NA,other_purse_seines,2,2.67
-16.8,-78.4,2023-02,PER,tuna_purse_seines,1,7.75
-13.3,-77.8,2023-01,PER,pole_and_line,1,0.91
-8.6,-79,2023-01,PER,purse_seines,1,0.31
-13.9,-77.6,2023-02,PER,other_purse_seines,1,2.38
-12.8,-79.4,2023-03,PER,fishing,1,2.02
-7.5,-79.8,2023-02,PER,tuna_purse_seines,1,8.37
-9.7,-78.4,2023-01,PER,fishing,1,1.6
-14.3,-80.1,2023-02,PER,tuna_purse_seines,1,2.14
-14.6,-77.5,2023-02,AIA,purse_seines,1,2.05
-6.6,-80.7,2023-01,NA,other_purse_seines,1,0.15
-14.1,-77.5,2023-02,PER,other_purse_seines,2,1.97
-16.8,-76.9,2023-03,ECU,tuna_purse_seines,1,4.59
-16.8,-78.4,2023-03,PER,other_purse_seines,1,11.13
-14.5,-77.5,2023-02,NA,pole_and_line,1,2.04
-10.1,-78.5,2023-03,PER,other_purse_seines,1,0.2
-10.8,-78.2,2023-02,PER,other_purse_seines,1,1.54
-7.3,-79.9,2023-01,PER,tuna_purse_seines,6,6.42
-17.8,-71.5,2023-02,NA,other_purse_seines,2,3.81
-12.4,-77.1,2023-03,PER,fishing,1,1.24
-16.8,-77.8,2023-03,PER,other_purse_seines,1,1.13
-16.2,-78.8,2023-03,ECU,tuna_purse_seines,1,0.35
-7.1,-80.3,2023-01,PER,other_purse_seines,10,16.05
-11.3,-78.6,2023-03,PER,other_purse_seines,1,1.54
-13.1,-76.6,2023-02,PER,other_purse_seines,1,0.35
-7.8,-79.6,2023-02,GBR,other_purse_seines,1,0.93
-14.3,-77.7,2023-02,PER,tuna_purse_seines,3,16.86
-14.6,-77,2023-03,PER,tuna_purse_seines,2,5.63
-11.9,-77.6,2023-01,PER,purse_seines,3,5.33
-13.5,-76.2,2023-03,NA,other_purse_seines,1,1.02
-13.3,-76.4,2023-02,NA,other_purse_seines,1,3.72
-15.3,-77.6,2023-02,PER,other_purse_seines,15,56.43
-5.6,-82.6,2023-03,ECU,tuna_purse_seines,1,5.21
-12.2,-77.3,2023-01,SSD,tuna_purse_seines,1,2.35
-4.5,-81.5,2023-03,ECU,fishing,1,1.99
-15.2,-77.3,2023-02,PER,fishing,1,4.36
-17.6,-71.5,2023-02,NA,other_purse_seines,3,9.11
-13.8,-78.2,2023-02,PER,tuna_purse_seines,1,1.09
-7.8,-79.6,2023-02,PER,tuna_purse_seines,2,4.31
-12.5,-77,2023-01,PER,other_purse_seines,48,124.09
-14.5,-77.5,2023-02,PER,pole_and_line,1,4.49
-11.6,-77.4,2023-01,PER,purse_seines,3,16.26
-8.6,-80.5,2023-02,PER,other_purse_seines,1,1.74
-5.6,-81,2023-01,PER,pole_and_line,1,0.07
-15.9,-78.7,2023-02,PER,tuna_purse_seines,1,8.86
-7.3,-79.7,2023-02,PER,other_purse_seines,1,0.31
-13.7,-77,2023-01,PER,fishing,1,4.01
-14.6,-77.5,2023-03,PER,tuna_purse_seines,1,1.19
-12.2,-78.8,2023-03,PER,pole_and_line,1,1.55
-11.8,-77.6,2023-01,PER,purse_seines,1,2.13
-11.2,-79,2023-03,PER,other_purse_seines,1,0.97
-13.6,-78,2023-02,PER,other_purse_seines,1,1.3
-13.4,-76.4,2023-02,NA,other_purse_seines,1,1.66
-11.4,-80.4,2023-03,ECU,fishing,1,0.3
-8.3,-81.5,2023-02,NA,purse_seines,1,3.14
-15.3,-77.1,2023-02,PER,other_purse_seines,8,33.66
-7.3,-79.9,2023-01,GBR,other_purse_seines,1,0.42
-9.7,-78.7,2023-02,PER,other_purse_seines,1,1.9
-6.8,-81.6,2023-02,PER,other_purse_seines,1,1.94
-12.3,-78.7,2023-03,PER,pole_and_line,1,6.17
-10.3,-78.2,2023-02,PER,other_purse_seines,29,49.18
-14,-76.6,2023-03,NA,pole_and_line,1,5.78
-6.3,-81.6,2023-03,ECU,fishing,1,1
-15.4,-76.7,2023-03,PER,pole_and_line,1,1.6
-7.8,-79.6,2023-01,PER,fishing,2,8.24
-12.3,-78.6,2023-02,PER,other_purse_seines,1,8.25
-12.2,-77.1,2023-01,PER,inconclusive,1,1.76
-14.5,-76.9,2023-03,PER,tuna_purse_seines,1,6.1
-15.3,-76.7,2023-03,NA,pole_and_line,1,2.33
-4.4,-82.6,2023-03,ECU,tuna_purse_seines,1,0.74
-6.6,-80.9,2023-01,PER,other_purse_seines,48,113.68
-8,-79.6,2023-01,NA,other_purse_seines,2,2.32
-12.9,-76.8,2023-01,HND,other_purse_seines,1,1.46
-12,-77.5,2023-01,PER,other_purse_seines,11,13.13
-6.9,-80.3,2023-01,PER,other_purse_seines,32,73.31
-17.8,-71.4,2023-02,NA,other_purse_seines,1,0.82
-8.1,-79.2,2023-02,PER,other_purse_seines,1,3.96
-17.8,-76.9,2023-03,ECU,tuna_purse_seines,1,0.18
-7.5,-79.8,2023-02,GBR,other_purse_seines,1,0.17
-14.6,-77.5,2023-02,PER,other_purse_seines,17,49.88
-8.8,-79.5,2023-03,PER,other_purse_seines,1,0.41
-14.5,-76.3,2023-01,NA,other_purse_seines,1,0.83
-9.3,-82.6,2023-02,ECU,tuna_purse_seines,2,1.13
-13.4,-77.8,2023-01,PER,pole_and_line,1,0.9
-16.9,-78.3,2023-03,ECU,tuna_purse_seines,3,10.91
-8,-79.4,2023-01,PER,fishing,2,13.68
-3.9,-81.8,2023-02,PER,other_purse_seines,1,1.03
-12.9,-77.8,2023-02,PER,fishing,1,0.47
-11.9,-77.7,2023-02,PER,other_purse_seines,3,4.97
-8.1,-79.4,2023-01,GBR,other_purse_seines,1,13.79
-7.7,-79.8,2023-02,PER,purse_seines,3,6.04
-11.9,-77.4,2023-01,PER,tuna_purse_seines,2,1.91
-7.8,-79.6,2023-03,PER,other_purse_seines,1,17.22
-12.1,-77.2,2023-01,PER,inconclusive,2,0.9
-12.4,-76.9,2023-01,PER,pole_and_line,2,3.61
-14.8,-77.7,2023-02,PER,tuna_purse_seines,1,0.92
-14.9,-76,2023-01,PER,purse_seines,1,1.01
-15,-77.4,2023-03,PER,tuna_purse_seines,2,4.62
-13.7,-78,2023-02,PER,other_purse_seines,2,2.84
-4.7,-82.7,2023-02,PER,other_purse_seines,1,1.52
-9.4,-78.6,2023-01,PER,purse_seines,3,2.11
-6.5,-81.5,2023-03,ECU,fishing,1,0.99
-12.5,-76.9,2023-01,PER,inconclusive,1,4.05
-13.6,-77.7,2023-03,PER,other_purse_seines,1,1.65
-11.4,-78.5,2023-03,PER,other_purse_seines,1,0.84
-9.2,-78.8,2023-01,PER,fishing,1,4.78
-8.5,-79.1,2023-01,NA,other_purse_seines,2,2.16
-14.7,-77,2023-03,NA,pole_and_line,1,0.12
-16,-78.5,2023-03,NA,purse_seines,1,3.16
-9.6,-78.7,2023-02,PER,other_purse_seines,1,1.73
-15.4,-77.5,2023-02,PER,other_purse_seines,7,20.95
-12,-77.3,2023-02,PER,other_purse_seines,8,6.1
-8.4,-79.1,2023-01,PER,purse_seines,4,11.03
-14.4,-77.6,2023-02,AIA,purse_seines,1,1.38
-14.8,-77.5,2023-02,PER,fishing,1,3.4
-9.2,-79.1,2023-03,PER,other_purse_seines,1,1.22
-11.6,-80.7,2023-02,PER,tuna_purse_seines,1,0.28
-3.6,-81.8,2023-02,PER,other_purse_seines,2,3.39
-15.5,-77.9,2023-02,PER,other_purse_seines,2,7.01
-13.9,-77.3,2023-01,PER,pole_and_line,1,1.92
-7,-80.6,2023-01,PER,other_purse_seines,11,28.1
-16.4,-77.9,2023-03,ECU,tuna_purse_seines,2,2.2
-13.4,-76.4,2023-01,PER,other_purse_seines,24,67.67
-9,-80.7,2023-01,PER,tuna_purse_seines,1,6
-8.4,-79.1,2023-01,PER,fishing,2,11.03
-12,-77.6,2023-01,SSD,tuna_purse_seines,1,2.09
-6.8,-80.4,2023-01,PER,other_purse_seines,33,61.81
-13,-76.6,2023-01,HND,other_purse_seines,1,0.74
-13.1,-77.8,2023-01,PER,fishing,2,11.53
-8.3,-79.2,2023-01,PER,fishing,2,4.66
-14,-78,2023-02,PER,purse_seines,1,1.01
-11.1,-78.3,2023-01,PER,pole_and_line,1,0.31
-15.6,-78,2023-02,ECU,tuna_purse_seines,1,0.21
-16.7,-78.3,2023-03,ECU,tuna_purse_seines,2,15.25
-16.3,-77.3,2023-03,PER,other_purse_seines,1,2.97
-15.2,-77.6,2023-02,PER,pole_and_line,1,7.17
-11.1,-77.9,2023-01,PER,purse_seines,1,0.53
-8,-79.7,2023-01,HND,other_purse_seines,1,1.8
-13.1,-77.2,2023-03,PER,other_purse_seines,1,0.21
-7.7,-79.7,2023-02,PER,other_purse_seines,31,58.2
-14.4,-80,2023-02,PER,tuna_purse_seines,1,3.95
-7.8,-79.6,2023-02,PER,purse_seines,4,9.75
-7.4,-79.8,2023-01,GBR,other_purse_seines,1,2.42
-3.5,-82.5,2023-02,PER,other_purse_seines,1,0.17
-7.3,-80.3,2023-01,PER,other_purse_seines,2,1.62
-16.7,-77.9,2023-03,ECU,tuna_purse_seines,2,5.99
-14,-77.7,2023-01,PER,set_gillnets,1,2.87
-8.2,-79.4,2023-01,GBR,other_purse_seines,1,0.21
-6,-81.4,2023-01,PER,purse_seines,2,2.36
-13,-76.9,2023-02,PER,purse_seines,1,0.18
-7.1,-80,2023-02,PER,other_purse_seines,2,0.49
-14.1,-76.9,2023-01,PER,set_gillnets,1,5.9
-16.5,-78.1,2023-03,ECU,tuna_purse_seines,1,5.42
-7.1,-79.9,2023-01,PER,tuna_purse_seines,6,8.03
-5.2,-81.2,2023-02,PER,other_purse_seines,1,0.22
-7.9,-79.8,2023-02,PER,purse_seines,2,1.07
-14.7,-77.5,2023-02,PER,other_purse_seines,10,23.43
-8.2,-79.2,2023-02,PER,other_purse_seines,3,6.97
-13.8,-77,2023-01,PER,pole_and_line,2,2.71
-8.1,-79.4,2023-01,PER,purse_seines,6,9.93
-10.5,-78.1,2023-02,PER,purse_seines,2,3.83
-12,-77.4,2023-02,PER,purse_seines,1,2.12
-15,-77.4,2023-02,PER,other_purse_seines,2,5.72
-12.8,-76.9,2023-01,PER,pole_and_line,2,4.21
-8.9,-79.1,2023-03,PER,other_purse_seines,1,0.32
-7.6,-79.6,2023-01,PER,pole_and_line,1,1.61
-13.7,-77.7,2023-01,PER,pole_and_line,1,0.61
-8,-79.6,2023-01,PER,fishing,1,1.36
-12,-77.1,2023-03,PER,purse_seines,3,58.33
-14.6,-77.4,2023-01,PER,set_gillnets,1,0.75
-10.3,-78.2,2023-02,PER,purse_seines,1,0.12
-14,-76.4,2023-03,PER,fishing,1,1.4
-9.9,-78.4,2023-01,GBR,other_purse_seines,1,4.66
-12.4,-77.6,2023-02,PER,other_purse_seines,1,0.99
-12.3,-78.7,2023-03,PER,other_purse_seines,7,18.38
-12.3,-77,2023-01,PER,pole_and_line,1,1.61
-15.6,-77.6,2023-02,HND,other_purse_seines,1,4.98
-15.3,-77.2,2023-02,PER,tuna_purse_seines,1,4.42
-14.5,-76.1,2023-01,PER,other_purse_seines,17,25.47
-14.6,-77.7,2023-02,PER,pole_and_line,1,4.67
-10.2,-78.5,2023-02,PER,purse_seines,1,0.73
-13.1,-76.9,2023-01,PER,other_purse_seines,11,49.91
-6.8,-80.2,2023-01,PER,purse_seines,4,12.26
-4.7,-81.5,2023-03,ECU,fishing,1,2
-6.9,-81.4,2023-03,ECU,fishing,1,5.61
-13.3,-76.5,2023-01,PER,pole_and_line,1,4.12
-12.5,-76.9,2023-02,PER,purse_seines,2,4.3
-15.5,-77.8,2023-02,PER,pole_and_line,1,5.38
-9.3,-80.2,2023-03,PER,other_purse_seines,8,41.6
-15.3,-77.7,2023-02,GBR,other_purse_seines,1,3
-9.6,-79.7,2023-02,PER,other_purse_seines,1,0.86
-15.1,-77,2023-02,PER,other_purse_seines,3,8.9
-11.9,-77.6,2023-03,PER,other_purse_seines,1,1.07
-11.1,-78,2023-03,PER,other_purse_seines,1,0.46
-13.8,-78.1,2023-02,PER,other_purse_seines,3,2.97
-7.8,-79.7,2023-02,PER,other_purse_seines,43,120.01
-6.5,-80.5,2023-01,PER,other_purse_seines,2,9.13
-15.4,-78,2023-02,NA,other_purse_seines,1,1.54
-7.2,-80.3,2023-01,PER,other_purse_seines,6,12
-15.5,-78,2023-02,PER,purse_seines,1,1.94
-3.5,-81.1,2023-02,PER,other_purse_seines,1,3.53
-11.2,-77.7,2023-02,PER,other_purse_seines,1,0.64
-14.8,-77.6,2023-02,PER,other_purse_seines,1,2.16
-12,-77.1,2023-03,JPN,drifting_longlines,1,1.22
-9.5,-81.2,2023-01,PER,tuna_purse_seines,1,2.78
-8.1,-79.6,2023-02,GBR,other_purse_seines,1,1.28
-14.7,-78,2023-02,ECU,tuna_purse_seines,1,0.01
-7.6,-79.8,2023-02,PER,fishing,2,2.56
-15.1,-77,2023-03,PER,tuna_purse_seines,1,0.99
-12.7,-77.7,2023-02,PER,set_longlines,1,0.93
-14,-76.6,2023-01,PER,other_purse_seines,8,21.88
-12.1,-78.5,2023-02,PER,other_purse_seines,2,2.02
-6.7,-80.4,2023-01,PER,other_purse_seines,39,130.53
-15.6,-75,2023-03,PER,other_purse_seines,2,11.74
-16.7,-76.9,2023-03,ECU,tuna_purse_seines,1,2
-16.7,-78.4,2023-03,PER,other_purse_seines,1,0.11
-3.5,-81,2023-02,ECU,tuna_purse_seines,1,0.56
-12,-77.4,2023-01,PER,inconclusive,1,2.09
-8.3,-79.2,2023-01,NA,other_purse_seines,3,4.19
-8.2,-79.5,2023-01,NA,other_purse_seines,1,0.32
-6,-81.3,2023-02,PER,other_purse_seines,1,2.6
-9.2,-78.8,2023-01,NA,other_purse_seines,3,2.26
-13.4,-77.7,2023-03,PER,other_purse_seines,1,0.21
-17.5,-77.7,2023-03,NA,purse_seines,1,2.24
-9.3,-78.7,2023-01,NA,other_purse_seines,3,4.91
-15.3,-77.2,2023-03,PER,other_purse_seines,3,3.03
-9.4,-78.7,2023-02,PER,other_purse_seines,7,16.77
-15.6,-77.5,2023-02,PER,other_purse_seines,2,3.55
-16.7,-77.8,2023-03,PER,other_purse_seines,1,5.99
-16.7,-72.9,2023-02,PER,other_purse_seines,2,2.41
-5.8,-83.6,2023-03,ECU,tuna_purse_seines,1,0.25
-14.2,-76.5,2023-03,NA,pole_and_line,1,1.42
-8.2,-79.3,2023-01,NA,other_purse_seines,3,10.52
-15.2,-77,2023-02,PER,other_purse_seines,1,0.28
-16.8,-72.8,2023-02,PER,fishing,1,2.45
-11.7,-77.3,2023-01,NA,other_purse_seines,1,9.94
-9.7,-79.7,2023-02,PER,other_purse_seines,1,6.55
-8,-79.5,2023-01,PER,tuna_purse_seines,3,2.35
-14.5,-77.9,2023-02,PER,other_purse_seines,2,2.57
-11.7,-77.5,2023-01,NA,other_purse_seines,1,0.91
-7.7,-79.6,2023-03,PER,other_purse_seines,1,1.99
-7,-80.7,2023-01,PER,tuna_purse_seines,1,1.98
-12.9,-77.8,2023-01,PER,pole_and_line,1,0.23
-6,-83,2023-01,PAN,tuna_purse_seines,1,0.66
-13.8,-76.3,2023-01,PER,other_purse_seines,3,0.46
-14.5,-76.8,2023-01,PER,set_longlines,1,3.39
-13.2,-79.8,2023-02,ESP,drifting_longlines,1,0.87
-16.4,-78.6,2023-03,NA,purse_seines,1,1.54
-16.9,-78.4,2023-02,PER,tuna_purse_seines,1,0.04
-13.4,-76.3,2023-01,SSD,tuna_purse_seines,1,4.67
-10,-78.7,2023-01,PER,other_purse_seines,1,1.4
-5.5,-81,2023-01,PER,tuna_purse_seines,1,0.91
-16.3,-75.3,2023-03,PER,fishing,1,1.29
-17,-78.1,2023-02,NA,purse_seines,1,4.14
-13.2,-76.9,2023-01,PER,other_purse_seines,4,8.09
-14.4,-77.5,2023-02,PER,other_purse_seines,2,2.6
-6.8,-82.1,2023-02,PAN,tuna_purse_seines,1,0.16
-9.7,-78.5,2023-01,NA,other_purse_seines,3,7.82
-7.4,-79.9,2023-02,PER,purse_seines,1,0.76
-14.4,-77.5,2023-03,PER,tuna_purse_seines,1,1.75
-7.6,-79.9,2023-01,PER,tuna_purse_seines,3,8.05
-6.6,-80.8,2023-01,HND,other_purse_seines,1,11.99
-10,-78.4,2023-03,PER,other_purse_seines,1,0.68
-7,-80,2023-01,PER,pole_and_line,1,1.43
-13.6,-77.6,2023-02,PER,other_purse_seines,1,0.04
-16.9,-78.4,2023-03,PER,other_purse_seines,1,11.2
-16.9,-76.9,2023-03,ECU,tuna_purse_seines,1,2
-7.6,-80,2023-02,PER,other_purse_seines,8,15.2
-12.7,-79.3,2023-03,PER,pole_and_line,1,5.39
-14.1,-77.2,2023-02,PER,pole_and_line,1,5.12
-15.1,-77.4,2023-02,AIA,purse_seines,1,2.43
-15.7,-75,2023-03,PER,other_purse_seines,1,1.1
-14,-77.4,2023-02,PER,other_purse_seines,1,1.09
-12.8,-77.9,2023-01,PER,pole_and_line,1,1.97
-7.9,-80,2023-02,PER,purse_seines,1,0.78
-12.7,-76.9,2023-01,AIA,purse_seines,1,3.6
-16.5,-76.7,2023-03,PER,tuna_purse_seines,3,21.82
-9.2,-82.5,2023-02,ECU,tuna_purse_seines,1,0.49
-9.2,-79.9,2023-01,PER,tuna_purse_seines,1,0.37
-7.5,-79.9,2023-01,PER,pole_and_line,1,1.48
-12.9,-76.9,2023-01,PER,other_purse_seines,6,6.42
-5.7,-81.2,2023-02,PER,other_purse_seines,2,1.23
-14.1,-77.5,2023-01,PER,set_gillnets,1,9.21
-14.4,-77.1,2023-02,PER,fishing,1,3.45
-15,-77.3,2023-02,PER,pole_and_line,1,0.96
-14.9,-77,2023-02,PER,other_purse_seines,6,14.71
-13.7,-76.4,2023-01,PER,other_purse_seines,4,3.41
-6.6,-80.6,2023-01,PER,purse_seines,1,0.22
-7.7,-79.6,2023-02,PER,tuna_purse_seines,2,6.02
-12,-80.8,2023-02,PER,tuna_purse_seines,1,10.13
-15.8,-78,2023-03,PER,tuna_purse_seines,1,0.78
-12.6,-77.1,2023-01,PER,pole_and_line,1,1.66
-12.8,-77.5,2023-02,PER,other_purse_seines,2,2.05
-10.6,-79.5,2023-03,PER,other_purse_seines,1,0.07
-10.9,-78,2023-03,PER,other_purse_seines,1,0.75
-13.3,-76.8,2023-01,PER,other_purse_seines,15,31.6
-12.9,-77.9,2023-01,PER,pole_and_line,1,4.11
-8.2,-79.6,2023-02,PER,tuna_purse_seines,4,5.77
-11.6,-77.7,2023-02,PER,other_purse_seines,1,0.26
-10,-78.9,2023-03,PER,other_purse_seines,1,1.3
-7.2,-80.1,2023-01,AIA,purse_seines,1,2.5
-7.7,-79.6,2023-02,GBR,other_purse_seines,1,1.55
-7.6,-79.7,2023-02,PER,other_purse_seines,10,19.62
-14.4,-77,2023-03,PER,tuna_purse_seines,1,3.84
-11.7,-78,2023-03,PER,other_purse_seines,1,1.42
-7.9,-79.8,2023-01,PER,tuna_purse_seines,1,0.43
-17.7,-77.1,2023-02,NA,purse_seines,1,2.86
-14.1,-77.2,2023-02,NA,pole_and_line,1,0.49
-16.9,-72.4,2023-02,PER,other_purse_seines,1,0.91
-15.8,-78.6,2023-02,ECU,tuna_purse_seines,1,0.08
-15.3,-78,2023-02,PER,other_purse_seines,1,2.03
-12.7,-76.8,2023-01,SSD,tuna_purse_seines,1,2.17
-17,-77.6,2023-03,PER,other_purse_seines,1,0.18
-11.7,-77.4,2023-01,NA,other_purse_seines,4,24.8
-4.6,-81.3,2023-02,PER,inconclusive,1,65.65
-13.7,-76.9,2023-01,PER,other_purse_seines,1,2.35
-8.7,-79.3,2023-01,NA,other_purse_seines,1,0.32
-14.2,-77.1,2023-02,NA,pole_and_line,1,0.26
-12.5,-77,2023-01,PER,inconclusive,1,6.77
-14.9,-77.5,2023-02,PER,other_purse_seines,1,0.18
-6.1,-83.1,2023-02,ECU,tuna_purse_seines,1,1.37
-9.7,-78.4,2023-01,NA,other_purse_seines,2,5.5
-7.2,-79.9,2023-01,PER,tuna_purse_seines,3,5.65
-12.8,-77,2023-02,PER,other_purse_seines,10,23.84
-14.5,-77.4,2023-03,PER,tuna_purse_seines,1,8.77
-17.1,-77.9,2023-02,NA,purse_seines,1,1.7
-9.1,-78.6,2023-02,PER,tuna_purse_seines,3,5.46
-14.5,-76.9,2023-01,PER,set_longlines,1,9.82
-7.4,-81.2,2023-03,PER,other_purse_seines,1,0.34
-9.1,-78.6,2023-03,PER,other_purse_seines,20,122.73
-17.7,-71.5,2023-01,NA,other_purse_seines,2,11.88
-15.3,-78.1,2023-02,ECU,tuna_purse_seines,1,0.89
-7.5,-79.8,2023-01,PER,pole_and_line,1,2.82
-14.5,-77.4,2023-02,PER,other_purse_seines,3,5.92
-13,-77,2023-02,PER,purse_seines,1,1.66
-9.4,-79.1,2023-03,PER,other_purse_seines,1,2.17
-12.1,-77.4,2023-01,PER,other_purse_seines,11,10.23
-12.4,-76.9,2023-01,PER,other_purse_seines,42,98.51
-15.2,-77.5,2023-02,PER,other_purse_seines,7,16.91
-14.1,-77,2023-01,PER,set_gillnets,1,5.23
-14.9,-77.6,2023-02,HND,other_purse_seines,1,3.47
-14.1,-77.4,2023-01,PER,set_gillnets,1,1.01
-14.9,-77.5,2023-03,PER,tuna_purse_seines,1,1.44
-7,-80.2,2023-01,PER,tuna_purse_seines,2,2.82
-17.9,-76.9,2023-03,ECU,tuna_purse_seines,1,6.37
-12.8,-76.9,2023-01,SSD,tuna_purse_seines,1,2.09
-11.8,-77.5,2023-03,PER,other_purse_seines,1,7.05
-7.4,-79.8,2023-02,PER,purse_seines,1,0.86
-13.9,-78,2023-02,PER,other_purse_seines,2,5.15
-6.3,-80.9,2023-01,PER,other_purse_seines,29,73.81
-12.4,-77.1,2023-03,NA,other_purse_seines,1,0.92
-12.8,-77,2023-01,PER,pole_and_line,2,0.68
-6.9,-80.1,2023-01,PER,fishing,1,5.2
-15,-75.6,2023-01,PER,tuna_purse_seines,1,0.23
-16.8,-78.3,2023-03,ECU,tuna_purse_seines,4,3.17
-17.1,-78.3,2023-02,PER,tuna_purse_seines,1,3.17
-13.2,-78.2,2023-02,PER,fishing,1,0.98
-8,-79.5,2023-01,GBR,other_purse_seines,1,2.42
-13.8,-76.8,2023-01,PER,other_purse_seines,1,1.95
-6.7,-81.5,2023-03,ECU,fishing,1,1.89
-4.1,-82.5,2023-03,ECU,tuna_purse_seines,1,2.56
-6.5,-81,2023-01,PER,purse_seines,1,2.86
-12.9,-76.7,2023-03,PER,other_purse_seines,2,4.79
-5.4,-81.2,2023-01,PER,pole_and_line,1,0.64
-14.1,-76.5,2023-02,PER,other_purse_seines,3,1.41
-8.2,-79.6,2023-03,PER,other_purse_seines,1,2.45
-10,-81,2023-01,NA,purse_seines,1,1.26
-8,-79.7,2023-01,PER,purse_seines,1,1.04
-14.3,-76.8,2023-01,PER,fishing,1,0.26
-6.8,-80.7,2023-01,PER,purse_seines,3,6.46
-5.4,-83,2023-03,ECU,tuna_purse_seines,1,0.25
-13.5,-77.5,2023-02,PER,purse_seines,1,0.08
-12.7,-76.8,2023-01,HND,other_purse_seines,1,0.17
-15,-76.9,2023-02,PER,other_purse_seines,1,1.01
-8.1,-79.6,2023-02,AIA,purse_seines,1,0.46
-8,-79.8,2023-02,PER,tuna_purse_seines,1,1.23
-14.8,-77.1,2023-02,PER,other_purse_seines,2,6.04
-12.2,-77.2,2023-01,PER,pole_and_line,2,10.18
-10.9,-77.9,2023-01,PER,tuna_purse_seines,1,1.02
-13.3,-76.4,2023-01,PER,pole_and_line,1,3.33
-12.9,-77.6,2023-02,PER,other_purse_seines,2,3.53
-6.7,-80.9,2023-01,PER,other_purse_seines,35,96.57
-18,-71.1,2023-02,PER,fishing,1,3.21
-14.2,-76.5,2023-03,PER,pole_and_line,1,1.35
-13.4,-77.2,2023-03,PER,other_purse_seines,2,6.93
-12.3,-77.3,2023-01,PER,other_purse_seines,12,28.13
-6,-82.4,2023-02,PER,other_purse_seines,1,1.33
-6.8,-81.2,2023-03,PER,other_purse_seines,1,0.32
-11.3,-77.8,2023-01,PER,tuna_purse_seines,2,5.4
-8.4,-79.2,2023-01,NA,other_purse_seines,1,0.25
-15.2,-75.5,2023-01,NA,other_purse_seines,1,2.42
-13.1,-76.6,2023-01,PER,pole_and_line,1,1.22
-16.7,-77.3,2023-03,PER,other_purse_seines,1,1.8
-12,-77.2,2023-02,PAN,inconclusive,1,0.44
-15.3,-79.2,2023-03,ECU,tuna_purse_seines,1,5.01
-15.3,-77.7,2023-02,PER,tuna_purse_seines,1,0.16
-13.4,-76.5,2023-01,PER,pole_and_line,1,4.86
-12.8,-77.5,2023-02,PER,set_longlines,1,1.33
-10.4,-78.2,2023-02,PER,purse_seines,1,0.9
-14.3,-77.6,2023-02,PER,other_purse_seines,5,5.24
-11.9,-80.7,2023-02,PER,tuna_purse_seines,1,0.03
-13.4,-77.2,2023-03,PER,purse_seines,1,1.49
-12.4,-77,2023-01,PER,pole_and_line,2,3.31
-8.7,-78.9,2023-01,PER,tuna_purse_seines,1,0.08
-15.1,-77.5,2023-02,PER,other_purse_seines,3,5.38
-9.9,-78.4,2023-01,PER,tuna_purse_seines,2,2.49
-12.2,-77.4,2023-01,PER,other_purse_seines,3,0.66
-14.4,-77,2023-03,AIA,purse_seines,1,0.25
-14.8,-77.1,2023-03,PER,tuna_purse_seines,1,2.81
-3.5,-81.6,2023-02,PER,other_purse_seines,1,5.1
-7.9,-79.5,2023-02,GBR,other_purse_seines,1,0.21
-11.2,-77.9,2023-01,PER,tuna_purse_seines,2,7.55
-7.8,-80,2023-02,PER,other_purse_seines,1,0.18
-7.8,-79.7,2023-02,NA,other_purse_seines,3,11.7
-13.3,-76.5,2023-02,PER,other_purse_seines,1,0.88
-8.4,-79.5,2023-02,AIA,purse_seines,1,1.41
-14.8,-76.9,2023-01,PER,fishing,1,3.8
-12,-77.3,2023-01,PER,inconclusive,1,1.28
-13.4,-78.1,2023-02,PER,other_purse_seines,1,0.46
-13.3,-77.2,2023-03,PER,other_purse_seines,1,2.85
-12.4,-77.3,2023-01,PER,other_purse_seines,2,3.92
-14.7,-77.7,2023-02,PER,tuna_purse_seines,1,0.88
-11.7,-78.6,2023-03,PER,other_purse_seines,1,0.32
-14.4,-76.9,2023-01,PER,pole_and_line,1,2.8
-16.1,-77.9,2023-03,ECU,tuna_purse_seines,1,1.05
-7.4,-80.3,2023-01,PER,other_purse_seines,1,1.81
-15.7,-77.6,2023-02,PER,other_purse_seines,7,11.97
-15.4,-76.7,2023-03,PER,purse_seines,1,2.76
-6.6,-80.8,2023-01,NA,inconclusive,1,7.21
-9.9,-80.2,2023-03,PER,other_purse_seines,1,0.06
-8.5,-79.1,2023-01,PER,tuna_purse_seines,2,5.11
-15.8,-78,2023-02,ECU,tuna_purse_seines,1,0.2
-15.4,-79.2,2023-03,ECU,tuna_purse_seines,1,1.37
-9.3,-78.9,2023-01,PER,tuna_purse_seines,1,1.23
-12.4,-77.2,2023-03,PER,pole_and_line,1,1.48
-14.2,-77.2,2023-03,PER,other_purse_seines,2,3.16
-12.5,-76.9,2023-01,NA,other_purse_seines,5,21.38
-8.4,-80.6,2023-02,PER,other_purse_seines,1,5.75
-14.6,-78.1,2023-02,ECU,tuna_purse_seines,1,6.28
-8.2,-79.5,2023-02,GBR,other_purse_seines,1,4.47
-12.4,-76.9,2023-01,PER,purse_seines,5,11.35
-14.9,-77.1,2023-02,PER,other_purse_seines,2,2.8
-12.8,-77.6,2023-02,PER,other_purse_seines,2,3.95
-10.8,-77.9,2023-01,PER,tuna_purse_seines,1,0.86
-10.2,-78.2,2023-02,PER,other_purse_seines,1,0.81
-10.3,-78.2,2023-01,NA,other_purse_seines,1,2.55
-16.2,-77.8,2023-03,ECU,tuna_purse_seines,1,1.48
-12.2,-78.6,2023-02,PER,other_purse_seines,1,5.01
-8.6,-79.3,2023-01,PER,tuna_purse_seines,1,0.68
-6.9,-81.5,2023-03,ECU,fishing,1,1.01
-8,-79.6,2023-01,PER,tuna_purse_seines,3,2.36
-15.2,-77.9,2023-02,PER,set_gillnets,1,6.55
-9.8,-78.4,2023-01,PER,tuna_purse_seines,3,7.62
-9.5,-78.5,2023-01,AIA,purse_seines,1,2.94
-7.5,-79.7,2023-01,PER,other_purse_seines,65,209.54
-15.2,-77.1,2023-02,PER,other_purse_seines,2,2.76
-8.1,-79.3,2023-01,GBR,other_purse_seines,1,7.99
-11.9,-77.3,2023-01,PER,tuna_purse_seines,1,0.42
-11.6,-77.8,2023-01,PER,pole_and_line,1,2.83
-7.7,-80.7,2023-03,PER,other_purse_seines,1,2.82
-17.5,-71.6,2023-02,NA,other_purse_seines,2,2.21
-14.4,-77.5,2023-02,NA,other_purse_seines,1,0.97
-10.4,-78.1,2023-02,PER,inconclusive,1,1.56
-16.5,-76.9,2023-03,PER,fishing,1,3.29
-14.2,-76.8,2023-02,PER,set_gillnets,1,2.01
-11.6,-77.4,2023-01,PER,pole_and_line,1,1.85
-13.1,-77,2023-02,PER,other_purse_seines,7,9.89
-15.7,-77.1,2023-02,PER,purse_seines,1,1.05
-16.9,-76.9,2023-03,PER,other_purse_seines,1,2.45
-16.9,-78.4,2023-03,ECU,tuna_purse_seines,3,22.87
-9.5,-78.8,2023-03,ECU,tuna_purse_seines,1,1.78
-15.6,-77.2,2023-02,PER,purse_seines,1,0.07
-15.4,-77.7,2023-02,PER,tuna_purse_seines,2,10.13
-12.7,-78.1,2023-02,PER,other_purse_seines,1,1.38
-6.9,-80.4,2023-01,PER,other_purse_seines,24,46.06
-12.2,-77.4,2023-03,PER,pole_and_line,1,6.14
-13.7,-78.2,2023-02,PER,tuna_purse_seines,1,3.23
-8.2,-80.2,2023-03,PER,other_purse_seines,1,3.05
-15.1,-77.1,2023-01,PER,pole_and_line,1,5.68
-6.6,-80.8,2023-01,PER,other_purse_seines,48,174.42
-14.4,-77.6,2023-02,PER,other_purse_seines,2,1.97
-14,-76.6,2023-01,SSD,tuna_purse_seines,1,5.37
-11.8,-77.6,2023-01,PER,pole_and_line,1,1.74
-5.5,-81.1,2023-01,PER,tuna_purse_seines,1,2.31
-5.4,-82.7,2023-02,ECU,tuna_purse_seines,1,0.06
-13.3,-78.2,2023-02,PER,set_gillnets,1,7
-6.8,-80.3,2023-01,PER,other_purse_seines,49,111.09
-8.1,-79.5,2023-02,GBR,other_purse_seines,1,0.17
-9.7,-78.5,2023-02,PER,purse_seines,1,0.35
-16.4,-78.4,2023-03,ECU,tuna_purse_seines,1,0.63
-16.4,-73.8,2023-02,PER,other_purse_seines,2,5.89
-14.8,-77.5,2023-02,PER,other_purse_seines,5,10.89
-14.8,-76.9,2023-01,PER,pole_and_line,1,5.06
-15.5,-75.3,2023-03,PER,other_purse_seines,1,2.06
-14.7,-77.5,2023-03,PER,purse_seines,1,2.24
-12.3,-78.7,2023-02,PER,fishing,1,6.8
-8.4,-79,2023-01,PER,fishing,3,10.22
-14.1,-77.2,2023-03,PER,other_purse_seines,2,2.63
-13.4,-76.3,2023-01,PER,other_purse_seines,28,39.97
-14.9,-77,2023-02,NA,other_purse_seines,1,1.2
-12.1,-78.6,2023-02,PER,other_purse_seines,2,14.76
-16.4,-77.8,2023-03,ECU,tuna_purse_seines,1,4.89
-9,-80.4,2023-03,PER,purse_seines,1,1.15
-4.1,-81.7,2023-02,PER,other_purse_seines,1,0.87
-12.9,-77,2023-02,PER,other_purse_seines,14,37.23
-15,-75.7,2023-02,NA,other_purse_seines,1,1.61
-15.5,-77.8,2023-02,PER,other_purse_seines,7,15.18
-3.6,-81.9,2023-02,PER,other_purse_seines,2,1
-15.9,-78.5,2023-03,PER,tuna_purse_seines,1,0.99
-4.3,-82.6,2023-03,ECU,tuna_purse_seines,1,0.25
-8,-79.5,2023-01,AIA,purse_seines,1,0.22
-14,-76.5,2023-01,PER,other_purse_seines,10,16.49
-15.2,-77.6,2023-02,PER,purse_seines,1,1.43
-7.1,-80.1,2023-01,PER,purse_seines,5,16.11
-12,-77.4,2023-02,PER,other_purse_seines,9,20.72
-8.1,-79.4,2023-01,PER,pole_and_line,1,2.75
-3.8,-81.4,2023-02,PER,other_purse_seines,1,6.44
-7.6,-79.6,2023-01,PER,purse_seines,7,29.4
-14.6,-77.7,2023-02,PER,tuna_purse_seines,1,5.01
-15.6,-75.1,2023-03,PER,other_purse_seines,1,1.4
-3.5,-81.1,2023-02,ECU,tuna_purse_seines,2,4.07
-9.7,-78.5,2023-03,PER,other_purse_seines,1,0.15
-11,-77.8,2023-01,AIA,purse_seines,1,3.09
-15.4,-78,2023-02,PER,other_purse_seines,1,1.18
-15.6,-77.6,2023-02,PER,other_purse_seines,11,49.31
-15,-77.3,2023-02,PER,other_purse_seines,7,13.33
-9.7,-81.7,2023-02,PER,tuna_purse_seines,1,5.56
-15.6,-77.5,2023-02,HND,other_purse_seines,1,4.71
-7.4,-79.7,2023-02,PER,other_purse_seines,13,41.38
-12.6,-78.1,2023-02,PER,other_purse_seines,1,0.02
-8.4,-79.1,2023-01,PER,pole_and_line,1,1.91
-14.4,-76.9,2023-01,PER,fishing,2,13.03
-8.3,-79.3,2023-01,PER,fishing,1,2.23
-3.5,-81.1,2023-03,ECU,other_purse_seines,1,1.85
-14.9,-76.2,2023-03,PER,other_purse_seines,1,5.15
-7.1,-79.8,2023-01,PER,tuna_purse_seines,3,4.98
-8.8,-79.7,2023-02,PER,other_purse_seines,1,3.1
-12,-77.2,2023-03,ESP,drifting_longlines,4,155.68
-7.9,-79.6,2023-02,PER,tuna_purse_seines,2,0.64
-13.6,-78.2,2023-02,PER,tuna_purse_seines,1,0.27
-7.3,-80.4,2023-01,PER,other_purse_seines,1,1.89
-12.9,-76.8,2023-01,PER,purse_seines,3,3.34
-15.4,-78.1,2023-02,ECU,tuna_purse_seines,1,0.13
-5.6,-82.2,2023-02,PER,other_purse_seines,1,6.88
-8.2,-79.3,2023-01,GBR,other_purse_seines,1,5.37
-15.1,-77.1,2023-02,PER,other_purse_seines,2,1.73
-16.7,-77.8,2023-03,ECU,tuna_purse_seines,1,0.39
-6.9,-81.6,2023-02,PER,other_purse_seines,1,1.87
-15.7,-76.7,2023-03,PER,other_purse_seines,2,3.72
-12.2,-77.1,2023-01,NA,other_purse_seines,2,4.19
-11.5,-77.7,2023-01,PER,other_purse_seines,4,6.27
-12.5,-78.3,2023-02,PER,other_purse_seines,2,3.82
-16.7,-76.9,2023-03,PER,other_purse_seines,1,4.88
-9.1,-78.8,2023-01,PER,tuna_purse_seines,3,7.05
-10.7,-78,2023-01,NA,other_purse_seines,2,3.55
-11.9,-77.5,2023-03,PER,other_purse_seines,1,1.8
-7.4,-79.9,2023-01,NA,other_purse_seines,2,8.21
-11.1,-78.1,2023-03,PER,other_purse_seines,1,2.01
-13.8,-78,2023-02,PER,other_purse_seines,3,9.85
-7.4,-79.9,2023-01,PER,tuna_purse_seines,7,16.05
-14.7,-77.4,2023-03,PER,purse_seines,1,0.08
-10.6,-78.2,2023-02,PER,other_purse_seines,2,2.69
-8.2,-79.3,2023-01,PER,tuna_purse_seines,4,4.78
-9,-78.9,2023-01,AIA,purse_seines,1,3.63
-14.5,-77.1,2023-02,PER,set_gillnets,1,1.22
-9.7,-78.4,2023-02,PER,purse_seines,1,0.16
-14.5,-76.5,2023-01,PER,other_purse_seines,1,0.06
-4.3,-81.5,2023-03,ECU,fishing,1,2.01
-14,-77.5,2023-02,PER,purse_seines,1,0.54
-15,-77.8,2023-02,PER,other_purse_seines,3,1.83
-9.3,-78.6,2023-01,PER,pole_and_line,1,3.76
-9,-80.3,2023-03,PER,purse_seines,1,8.05
-16.5,-77.1,2023-03,ECU,tuna_purse_seines,1,1.22
-8.1,-80.7,2023-03,PER,other_purse_seines,1,0.96
-5.2,-82.2,2023-02,PER,other_purse_seines,1,0.44
-14.2,-76.6,2023-02,PER,other_purse_seines,4,4.89
-9.1,-78.8,2023-01,GBR,other_purse_seines,1,2.95
-11,-78.8,2023-03,PER,other_purse_seines,1,0.58
-8.8,-79.2,2023-02,PER,other_purse_seines,2,2.33
-8.3,-79.1,2023-01,PER,pole_and_line,1,4.22
-14.7,-77,2023-03,PER,purse_seines,1,0.54
-9,-80.5,2023-03,PER,purse_seines,1,3.31
-14.3,-77.5,2023-02,PER,other_purse_seines,5,11.89
-7,-79.9,2023-01,PER,purse_seines,1,0.34
-7.7,-79.8,2023-01,PER,tuna_purse_seines,5,12.16
-5.8,-81.6,2023-03,ECU,tuna_purse_seines,1,0.34
-11,-77.9,2023-01,AIA,purse_seines,1,2.23
-15.1,-77.6,2023-02,PER,other_purse_seines,5,9.59
-6.1,-81.3,2023-01,PER,other_purse_seines,9,28.83
-6.7,-81.4,2023-03,ECU,fishing,1,1
-12.8,-76.8,2023-01,PER,purse_seines,3,11.92
-10.1,-81.6,2023-02,PAN,tuna_purse_seines,1,0.05
-7.5,-80,2023-01,PER,purse_seines,3,4.97
-4.9,-81.5,2023-03,ECU,fishing,1,3.01
-12.5,-77.4,2023-02,PER,other_purse_seines,1,1.67
-13.1,-78.2,2023-03,PER,other_purse_seines,1,0.25
-3.5,-81.5,2023-02,PER,other_purse_seines,1,5.2
-12.7,-76.8,2023-01,PER,other_purse_seines,41,81.5
-7.8,-80.1,2023-02,PER,other_purse_seines,1,1.06
-7.9,-79.6,2023-02,GBR,other_purse_seines,1,2.36
-14.4,-76.9,2023-01,PER,other_purse_seines,1,0.6
-8.1,-79.3,2023-01,PER,pole_and_line,1,6.72
-14.8,-77,2023-02,PER,other_purse_seines,6,15.74
-15.2,-77.7,2023-02,PER,fishing,1,0.53
-8,-79.7,2023-02,NA,other_purse_seines,3,4.95
-10.5,-81.3,2023-02,PAN,tuna_purse_seines,1,0.27
-11.5,-78.3,2023-03,PER,other_purse_seines,1,1.08
-6.8,-80.8,2023-01,PER,other_purse_seines,16,18.08
-10.7,-79.1,2023-03,PER,other_purse_seines,2,6.41
-15.5,-77.3,2023-02,PER,other_purse_seines,2,8.12
-9.6,-78.6,2023-01,PER,fishing,1,0.45
-10.1,-78.7,2023-02,PER,other_purse_seines,1,0.41
-13.4,-76.8,2023-01,PER,other_purse_seines,16,54.54
-7.4,-79.8,2023-01,NA,other_purse_seines,1,0.58
-5.5,-81.6,2023-03,ECU,fishing,1,2
-12.4,-76.9,2023-01,SSD,tuna_purse_seines,1,3.21
-12.1,-77.1,2023-02,PER,inconclusive,1,12.33
-14.6,-77.6,2023-02,NA,other_purse_seines,1,1.43
-13.7,-77.6,2023-01,PER,fishing,1,0.79
-15.9,-78.1,2023-02,ECU,tuna_purse_seines,1,0.22
-15.2,-76.7,2023-03,PER,other_purse_seines,1,1.89
-12.8,-76.9,2023-01,PER,other_purse_seines,31,230.64
-7.5,-79.9,2023-02,PER,tuna_purse_seines,1,1.7
-15.2,-77.6,2023-02,PER,other_purse_seines,15,49.05
-12,-77.2,2023-03,PER,inconclusive,3,155.03
-17.6,-71.5,2023-03,PER,other_purse_seines,1,0.2
-16.8,-78.3,2023-02,PER,tuna_purse_seines,1,3.42
-7.5,-80,2023-01,PER,other_purse_seines,14,19.96
-7.6,-79.8,2023-01,PER,fishing,1,3.66
-6.6,-80.9,2023-01,NA,inconclusive,1,2.58
-12.6,-76.8,2023-01,PER,other_purse_seines,17,26.02
-13.8,-77.2,2023-03,PER,other_purse_seines,1,1.91
-13.9,-78.1,2023-02,PER,other_purse_seines,3,3.4
-13.2,-78.2,2023-03,PER,other_purse_seines,1,0.34
-7.7,-80.2,2023-03,PER,other_purse_seines,1,3.79
-10.2,-81.6,2023-02,PAN,tuna_purse_seines,1,0.07
-17.1,-77.9,2023-03,ECU,tuna_purse_seines,1,8.25
-10.1,-78.3,2023-02,PER,inconclusive,1,7.45
-7.1,-80.7,2023-03,PER,other_purse_seines,1,0.08
-9.8,-78.4,2023-01,GBR,other_purse_seines,1,4.43
-12.4,-78.7,2023-03,PER,other_purse_seines,4,10.2
-12.3,-77.6,2023-02,PER,other_purse_seines,1,2
-8.1,-79.3,2023-01,PER,tuna_purse_seines,7,25.19
-13.4,-78.2,2023-02,PER,set_gillnets,1,3.05
-15.4,-77.2,2023-02,PER,tuna_purse_seines,1,4.67
-4.3,-81.7,2023-02,PER,other_purse_seines,1,1.13
-10.3,-78.3,2023-01,PER,tuna_purse_seines,2,2.98
-12.4,-77.1,2023-01,PER,fishing,1,5.06
-12.3,-77.3,2023-03,PER,fishing,1,0.98
-6.6,-80.3,2023-01,PER,other_purse_seines,5,4.2
-9.2,-78.8,2023-01,GBR,other_purse_seines,1,4.01
-12.5,-76.8,2023-02,USA,fishing,1,4.14
-7.8,-79.7,2023-01,PER,purse_seines,4,7.46
-15.3,-76.7,2023-03,PER,purse_seines,1,4.54
-12.3,-77.2,2023-01,PER,fishing,1,4.51
-11.4,-78.2,2023-02,PER,other_purse_seines,1,4.09
-14,-77.4,2023-01,PER,fishing,2,5.87
-8.2,-79.5,2023-02,PER,tuna_purse_seines,1,1.27
-15.4,-77.2,2023-03,PER,other_purse_seines,3,6.2
-11.6,-77.5,2023-01,PER,pole_and_line,1,2.7
-9.1,-78.6,2023-03,ECU,tuna_purse_seines,2,3.48
-9.3,-78.7,2023-02,PER,other_purse_seines,2,2.32
-5,-81.4,2023-03,PER,other_purse_seines,1,1.74
-18,-71,2023-01,NA,other_purse_seines,2,35.81
-14.5,-77.8,2023-02,PER,purse_seines,1,0.64
-14.3,-76.9,2023-01,PER,pole_and_line,1,7.14
-15.2,-77.8,2023-02,PER,set_gillnets,1,2.83
-7.1,-80.4,2023-01,PER,other_purse_seines,4,1.09
-6.7,-80.7,2023-01,NA,inconclusive,1,0.88
-15.7,-77.1,2023-02,PER,other_purse_seines,1,0.63
-14.9,-77.6,2023-02,PER,other_purse_seines,4,7.32
-16.8,-72.8,2023-02,PER,other_purse_seines,2,2.51
-12.2,-77.9,2023-03,PER,pole_and_line,1,12.47
-16.2,-78.9,2023-03,ECU,tuna_purse_seines,1,0.08
-8.7,-82.7,2023-03,ECU,tuna_purse_seines,1,0.66
-10.4,-78.2,2023-01,NA,other_purse_seines,1,2.63
-12.2,-77.3,2023-03,PER,pole_and_line,1,0.24
-16.3,-75.6,2023-03,PER,set_longlines,1,1.09
-7.3,-79.8,2023-01,PER,tuna_purse_seines,6,9.72
-12.3,-77.2,2023-03,PER,pole_and_line,1,8.35
-17.1,-72.2,2023-02,PER,fishing,1,2.75
-16.8,-76.8,2023-03,ECU,tuna_purse_seines,1,3.4
-16.8,-78.3,2023-03,PER,other_purse_seines,1,7.28
-8.5,-79.1,2023-01,GBR,other_purse_seines,1,1.51
-13,-76.9,2023-02,PER,other_purse_seines,7,37.07
-12.9,-78.2,2023-03,PER,other_purse_seines,1,2.05
-10.6,-79.1,2023-03,PER,other_purse_seines,3,12.94
-14.1,-77.6,2023-02,PER,other_purse_seines,1,0.78
-8.3,-79.2,2023-02,PER,fishing,1,1.28
-9,-80.9,2023-01,NA,purse_seines,1,0.29
-12.5,-77.1,2023-03,PER,pole_and_line,1,0.64
-14.1,-77.7,2023-02,PER,purse_seines,1,0.11
-13.3,-76.4,2023-01,PER,other_purse_seines,21,66.77
-13.9,-77.5,2023-03,PER,tuna_purse_seines,1,0.33
-7.2,-79.8,2023-01,PER,tuna_purse_seines,7,15.44
-6.4,-81.1,2023-02,PER,other_purse_seines,1,0.24
-13.8,-76.3,2023-01,PER,purse_seines,1,1.25
-13.5,-76.6,2023-03,PER,pole_and_line,1,3.15
-7.5,-79.8,2023-01,PER,purse_seines,5,14.61
-13.7,-76.8,2023-01,PER,other_purse_seines,10,17.94
-12.2,-77.5,2023-02,PER,other_purse_seines,1,1.79
-13.8,-76.5,2023-01,PER,purse_seines,3,8.33
-10.1,-78.6,2023-03,PER,other_purse_seines,1,1.02
-12.2,-78.6,2023-02,PER,purse_seines,1,0.85
-10.4,-79.1,2023-03,PER,other_purse_seines,1,0.27
-17.7,-71.5,2023-02,PER,fishing,1,2.46
-12.7,-76.9,2023-01,SSD,tuna_purse_seines,1,1.52
-7.9,-80,2023-02,PER,other_purse_seines,6,11.68
-6.5,-80.7,2023-01,GBR,other_purse_seines,1,5.09
-15,-77.8,2023-02,PER,purse_seines,1,3.33
-8.1,-79.7,2023-02,HND,other_purse_seines,1,2.95
-5.7,-81.3,2023-01,PER,tuna_purse_seines,1,0.36
-14.7,-77.4,2023-02,PER,set_gillnets,1,1.09
-14.4,-77.3,2023-02,PER,set_longlines,1,1.84
-14.8,-77,2023-01,PER,pole_and_line,1,3.43
-17,-78.1,2023-03,PER,other_purse_seines,1,2.12
-9.1,-81.7,2023-01,NA,purse_seines,1,3.27
-14.2,-77.6,2023-02,PER,purse_seines,1,1.25
-14.9,-76.9,2023-02,NA,other_purse_seines,1,3.14
-11.1,-77.7,2023-01,AIA,purse_seines,1,2.16
-15.3,-77.5,2023-02,PER,other_purse_seines,11,19.89
-17.1,-77.8,2023-03,PER,other_purse_seines,1,5.47
-5.6,-82.5,2023-03,ECU,tuna_purse_seines,1,4.62
-5.7,-82.2,2023-02,PER,other_purse_seines,1,6.31
-12.8,-77.9,2023-02,PER,fishing,1,2.64
-12.3,-78.8,2023-02,PER,set_longlines,1,1.39
-10.6,-78.1,2023-03,PER,other_purse_seines,1,1.36
-5,-81.1,2023-02,PER,inconclusive,1,0.64
-8.1,-79.5,2023-02,NA,other_purse_seines,3,1.22
-12.6,-78.7,2023-03,PER,other_purse_seines,1,1.4
-7.9,-79.5,2023-01,NA,other_purse_seines,3,8.04
-4.2,-81.7,2023-02,PER,other_purse_seines,1,0.35
-17,-78.1,2023-02,PER,tuna_purse_seines,1,4.02
-14.5,-76.8,2023-01,PER,fishing,1,0.95
-12.7,-77,2023-02,PER,other_purse_seines,3,1.04
-13.8,-76.9,2023-01,PER,other_purse_seines,5,14.86
-9.2,-78.8,2023-02,PER,fishing,1,0.17
-12,-77.1,2023-01,PER,other_purse_seines,15,64.94
-12,-77.3,2023-01,NA,other_purse_seines,6,19.21
-12.2,-78.7,2023-02,PER,set_longlines,1,1.1
-16.8,-78.4,2023-03,ECU,tuna_purse_seines,2,9.31
-16.8,-76.9,2023-03,PER,other_purse_seines,1,1.01
-11.2,-79.6,2023-02,PER,tuna_purse_seines,1,3.05
-16.5,-78.7,2023-03,NA,purse_seines,1,5.61
-12.8,-76.8,2023-01,SSD,tuna_purse_seines,1,4.75
-6.9,-81.2,2023-03,PER,other_purse_seines,1,0.96
-12.1,-78.6,2023-02,PER,set_longlines,1,0.83
-17,-78,2023-03,ECU,tuna_purse_seines,1,0.52
-12.3,-76.9,2023-02,PER,inconclusive,1,45.19
-8.3,-79.1,2023-02,NA,other_purse_seines,3,5.16
-12.1,-77.3,2023-01,PER,other_purse_seines,28,68.88
-13.3,-76.7,2023-03,PER,other_purse_seines,1,3.01
-14.3,-80,2023-02,PER,tuna_purse_seines,1,3.03
-15.8,-75.5,2023-03,PER,other_purse_seines,1,0.24
-8.3,-79.6,2023-02,PER,tuna_purse_seines,1,0.49
-7.8,-80.2,2023-03,PER,other_purse_seines,1,0.98
-9.5,-78.7,2023-01,PER,other_purse_seines,2,4.48
-13.5,-76.3,2023-01,NA,other_purse_seines,2,3.66
-9.4,-82.4,2023-02,NA,purse_seines,1,0.05
-12.5,-77,2023-01,NA,other_purse_seines,6,12.57
-16.3,-73.8,2023-02,PER,other_purse_seines,1,0.85
-7.6,-79.7,2023-01,NA,other_purse_seines,2,2.64
-11.7,-78.2,2023-02,PER,other_purse_seines,1,1.23
-3.5,-80.5,2023-02,PER,other_purse_seines,1,0.49
-15.4,-75.6,2023-03,PER,other_purse_seines,1,2.63
-7.8,-79.6,2023-02,PER,fishing,1,0.11
-12.4,-77,2023-01,PER,purse_seines,6,16.85
-7.6,-80.7,2023-03,PER,other_purse_seines,1,2
-11.4,-78.1,2023-03,PER,other_purse_seines,1,0.64
-6.4,-80.9,2023-01,PER,other_purse_seines,14,15.96
-6.5,-81.1,2023-01,PER,other_purse_seines,2,0.35
-12.6,-76.9,2023-01,SSD,tuna_purse_seines,1,0.86
-4.6,-82.6,2023-03,ECU,tuna_purse_seines,1,5.66
-11.3,-77.9,2023-01,PER,tuna_purse_seines,2,1.32
-13.3,-77.6,2023-02,PER,other_purse_seines,1,0.97
-16.3,-77.8,2023-03,ECU,tuna_purse_seines,1,6.03
-15.4,-77.1,2023-02,PER,other_purse_seines,5,7.53
-15.1,-78.1,2023-02,ECU,tuna_purse_seines,1,3.87
-13.5,-76.5,2023-01,NA,other_purse_seines,3,9.69
-9.3,-78.6,2023-03,PER,other_purse_seines,1,0.5
-8,-79.4,2023-02,GBR,other_purse_seines,1,0.81
-13.5,-76.6,2023-01,PER,other_purse_seines,1,1.68
-14.6,-77.5,2023-03,NA,other_purse_seines,1,1.31
-13.4,-76.5,2023-01,PER,purse_seines,1,0.35
-6,-81.9,2023-02,PER,other_purse_seines,1,1.72
-17.4,-77.6,2023-03,NA,purse_seines,1,1.35
-7,-80,2023-01,PER,other_purse_seines,52,220.15
-14.6,-76.2,2023-03,PER,other_purse_seines,1,0.96
-13.9,-78.2,2023-02,PER,tuna_purse_seines,1,1.86
-17,-76.9,2023-03,NA,purse_seines,1,0.2
-6.7,-80.8,2023-01,PER,other_purse_seines,46,200.76
-14.4,-77,2023-01,PER,pole_and_line,1,1.9
-12.2,-78.2,2023-03,PER,other_purse_seines,1,0.4
-12.7,-76.9,2023-01,HND,other_purse_seines,1,1.42
-14.9,-75.9,2023-01,PER,tuna_purse_seines,1,1.01
-11.7,-77.4,2023-01,PER,inconclusive,1,0.26
-16.6,-77.3,2023-03,PER,other_purse_seines,1,7.02
-8,-79.9,2023-02,PER,tuna_purse_seines,2,4.07
-10.3,-79.5,2023-03,PER,other_purse_seines,1,0.57
-15.2,-77.7,2023-02,PER,tuna_purse_seines,2,2.67
-12.1,-77.5,2023-02,PER,other_purse_seines,2,5.98
-13.6,-76.8,2023-01,PER,other_purse_seines,11,17.12
-13.3,-76.4,2023-01,PER,purse_seines,1,13.15
-12.2,-77.2,2023-01,PER,purse_seines,6,29.61
-15.2,-79.2,2023-03,ECU,tuna_purse_seines,1,3.68
-13.8,-77.6,2023-02,AIA,purse_seines,1,2.14
-17.2,-72,2023-01,PER,other_purse_seines,1,0.71
-17.3,-77.3,2023-03,ECU,tuna_purse_seines,1,0.15
-10.3,-80.7,2023-02,PER,tuna_purse_seines,1,4.22
-11.2,-77.8,2023-01,PER,tuna_purse_seines,2,5.88
-13.3,-76.8,2023-01,PER,purse_seines,1,1.37
-13.9,-76.7,2023-03,ECU,tuna_purse_seines,1,0.06
-3.8,-80.9,2023-02,PER,other_purse_seines,1,0.54
-12.3,-77.3,2023-01,PER,purse_seines,1,0.97
-13.7,-78.5,2023-02,ECU,tuna_purse_seines,1,0.65
-14.1,-77.1,2023-01,PER,pole_and_line,1,1.31
-7.6,-79.8,2023-02,AIA,purse_seines,1,3.59
-7.7,-80.1,2023-02,PER,other_purse_seines,1,0.9
-12.2,-77.3,2023-01,PER,other_purse_seines,28,53
-9.9,-78.3,2023-01,PER,tuna_purse_seines,2,2.22
-14.9,-77.7,2023-02,PER,tuna_purse_seines,2,1.46
-14,-76.6,2023-02,PER,set_gillnets,1,0.34
-12.8,-79.5,2023-03,PER,fishing,1,2.05
-10.4,-78.2,2023-02,PER,other_purse_seines,16,25.39
-13.6,-77.8,2023-02,AIA,purse_seines,1,8.02
-15.4,-77.9,2023-02,NA,other_purse_seines,1,1.46
-10.6,-78,2023-01,PER,purse_seines,1,5.05
-12.4,-78.6,2023-02,PER,other_purse_seines,1,1.31
-9.7,-78.5,2023-01,PER,fishing,2,6.15
-7.3,-83.7,2023-03,ECU,tuna_purse_seines,1,1
-15.5,-77.9,2023-02,PER,purse_seines,1,0.35
-8.5,-79.7,2023-01,PER,other_purse_seines,1,0.2
-17.5,-76.6,2023-03,ECU,tuna_purse_seines,1,3.15
-10.7,-78.1,2023-03,PER,other_purse_seines,1,2.43
-14.9,-77.2,2023-02,GBR,other_purse_seines,1,0.28
-11.1,-79.6,2023-02,PER,tuna_purse_seines,1,6.39
-5.1,-81.1,2023-03,ECU,tuna_purse_seines,1,0.12
-14.4,-77.2,2023-03,PER,other_purse_seines,1,0.07
-7.2,-80.4,2023-01,PER,other_purse_seines,3,2.03
-12.4,-77.3,2023-01,PER,purse_seines,1,1.21
-15.2,-77.2,2023-03,PER,other_purse_seines,1,0.88
-3.8,-84.4,2023-03,ECU,tuna_purse_seines,1,0.16
-14.1,-76.6,2023-02,NA,other_purse_seines,1,3.07
-13,-76.6,2023-01,PER,other_purse_seines,25,44.25
-13.4,-76.4,2023-01,PER,purse_seines,2,13.55
-9.1,-78.8,2023-01,PER,fishing,1,4.67
-9.4,-82.9,2023-02,NA,purse_seines,1,0.86
-7.7,-79.7,2023-02,AIA,purse_seines,1,3.63
-13.4,-76.8,2023-01,PER,purse_seines,3,3.5
-15.4,-77.5,2023-02,HND,other_purse_seines,1,5.17
-15.6,-78,2023-03,PER,tuna_purse_seines,1,1.57
-8.5,-79.2,2023-01,PER,other_purse_seines,2,0.43
-9.2,-79,2023-02,PER,tuna_purse_seines,1,0.76
-13.1,-76.8,2023-01,PER,other_purse_seines,9,14.23
-12.5,-77,2023-01,SSD,tuna_purse_seines,1,4.47
-12.6,-77.5,2023-02,PER,other_purse_seines,1,0.98
-11.7,-77.5,2023-01,PER,inconclusive,1,0.93
-14.7,-77.6,2023-02,PER,other_purse_seines,3,2.06
-8,-79.5,2023-01,PER,fishing,2,4.81
-13.2,-77.8,2023-01,PER,fishing,1,0.65
-8.9,-80.2,2023-03,PER,other_purse_seines,2,2.02
-7.7,-79.4,2023-01,NA,other_purse_seines,1,0.4
-14.7,-77.5,2023-02,HND,other_purse_seines,1,2.35
-10.8,-78.1,2023-01,PER,purse_seines,1,1.36
-5.5,-81.2,2023-01,PER,other_purse_seines,2,5.91
-12.5,-76.9,2023-02,PER,other_purse_seines,15,22.04
-14.4,-77.7,2023-02,PER,tuna_purse_seines,1,0.44
-16.7,-72.8,2023-02,PER,other_purse_seines,1,0.51
-13.3,-76.5,2023-01,PER,purse_seines,1,3.09
-16.7,-77.9,2023-03,PER,other_purse_seines,1,7.08
-7.7,-79.8,2023-01,NA,other_purse_seines,1,0.67
-13.7,-78.1,2023-02,PER,other_purse_seines,4,9.2
-8.8,-78.9,2023-01,PER,fishing,1,0.15
-16.7,-76.8,2023-03,ECU,tuna_purse_seines,2,4.56
-12.7,-78.2,2023-02,PER,tuna_purse_seines,1,0.31
-16.7,-78.3,2023-03,PER,other_purse_seines,1,11.45
-9.2,-80.2,2023-03,PER,other_purse_seines,7,30.37
-7.6,-79.7,2023-02,PER,fishing,1,1.6
-15.4,-79.1,2023-02,ECU,tuna_purse_seines,1,6.14
-15.4,-77.6,2023-02,PER,other_purse_seines,15,48.7
-12.5,-76.8,2023-03,USA,fishing,1,1.19
-6.7,-80.3,2023-01,PER,other_purse_seines,13,16.87
-15,-77.6,2023-02,PER,set_gillnets,1,1.2
-14.3,-77.4,2023-01,PER,pole_and_line,1,3.92
-6.9,-82.1,2023-02,PAN,tuna_purse_seines,1,0.18
-7.3,-79.7,2023-01,PER,purse_seines,2,0.91
-14.9,-77.2,2023-03,PER,other_purse_seines,3,3.59
-7,-80.5,2023-01,PER,other_purse_seines,3,8.44
-13.6,-76.3,2023-01,PER,other_purse_seines,4,7.08
-15.2,-77.2,2023-02,PER,tuna_purse_seines,1,1.83
-15.4,-77.4,2023-02,NA,other_purse_seines,1,2.67
-16.6,-77.8,2023-03,PER,other_purse_seines,1,2.46
-14.9,-75.7,2023-02,PER,other_purse_seines,7,6.91
-9.1,-82.6,2023-02,NA,purse_seines,1,1.01
-8,-79.7,2023-01,PER,other_purse_seines,7,5.88
-17.9,-71.3,2023-02,NA,other_purse_seines,2,1.54
-14.3,-77,2023-01,PER,pole_and_line,1,4.08
-12.2,-78.7,2023-03,PER,other_purse_seines,1,1.9
-9.7,-78.4,2023-02,PER,fishing,1,2.92
-13.7,-76.7,2023-01,PER,purse_seines,1,0.93
-12.7,-77.5,2023-02,PER,other_purse_seines,3,5.44
-13.7,-76.5,2023-03,PER,fishing,1,1.52
-7,-80.4,2023-01,PER,purse_seines,1,0.32
-13.2,-76.8,2023-01,PER,other_purse_seines,3,2.35
-13.4,-76.4,2023-01,SSD,tuna_purse_seines,1,8.87
-7.5,-79.9,2023-01,PER,purse_seines,5,12.32
-15.7,-78,2023-03,PER,tuna_purse_seines,1,0.19
-5.7,-81.6,2023-03,ECU,fishing,1,2.03
-10,-78.3,2023-02,PER,tuna_purse_seines,1,1.59
-3.5,-81.2,2023-02,ECU,other_purse_seines,1,7.61
-7.9,-79.7,2023-02,AIA,purse_seines,1,0.4
-14.6,-77.6,2023-02,PER,other_purse_seines,3,5.98
-14,-77.3,2023-03,PER,tuna_purse_seines,1,5.36
-12,-77.6,2023-01,PER,other_purse_seines,9,10.17
-7,-80,2023-01,PER,purse_seines,6,19.34
-13.8,-76.8,2023-01,PER,purse_seines,1,0.84
-8.1,-79.7,2023-01,AIA,purse_seines,1,0.83
-13.8,-76.4,2023-01,PER,other_purse_seines,5,5.21
-9,-79,2023-01,AIA,purse_seines,1,0.92
-15.4,-76.7,2023-03,PER,other_purse_seines,3,5.51
-15.1,-77.2,2023-03,PER,other_purse_seines,8,14.51
-8.2,-79.6,2023-01,AIA,purse_seines,1,4.55
-9.6,-78.5,2023-02,PER,fishing,1,0.24
-6.7,-80.5,2023-02,PER,other_purse_seines,1,1.02
-12.6,-77.1,2023-01,PER,purse_seines,1,0.07
-9.3,-82.5,2023-02,ECU,tuna_purse_seines,2,4.24
-14.5,-77.8,2023-02,PER,other_purse_seines,13,54.5
-14.7,-77.3,2023-02,PER,set_gillnets,1,1.1
-9.2,-80.1,2023-03,PER,purse_seines,1,1.34
-13.9,-77,2023-02,PER,other_purse_seines,1,0.27
-12.3,-78.5,2023-02,PER,set_longlines,1,0.17
-12.5,-77.1,2023-01,PER,other_purse_seines,20,31.71
-7.9,-79.4,2023-01,NA,other_purse_seines,3,2.35
-10.4,-78.1,2023-01,PER,purse_seines,4,4.73
-14.8,-77.4,2023-02,PER,fishing,1,1.33
-12,-77.4,2023-01,NA,other_purse_seines,2,4.04
-8.1,-79.4,2023-02,NA,other_purse_seines,1,0.11
-12.1,-78.7,2023-03,PER,other_purse_seines,1,0.14
-13.5,-77.9,2023-02,PER,other_purse_seines,1,1.01
-12.3,-78.3,2023-02,PER,set_longlines,1,4.97
-12.9,-78,2023-01,PER,pole_and_line,1,0.33
-4.1,-83.1,2023-03,ECU,tuna_purse_seines,1,2.48
-15.6,-77.6,2023-02,NA,other_purse_seines,1,2.65
-13,-76.9,2023-01,NA,other_purse_seines,1,1.07
-8.4,-79.3,2023-01,PER,tuna_purse_seines,1,0.27
-7.9,-79.7,2023-02,PER,other_purse_seines,22,28.62
-13.6,-78.1,2023-02,PER,other_purse_seines,1,0.94
-11.3,-78,2023-03,PER,other_purse_seines,2,3.22
-12.9,-76.8,2023-01,PER,other_purse_seines,19,26.24
-12.6,-77.3,2023-01,PER,other_purse_seines,2,3.99
-14,-77.3,2023-02,PER,other_purse_seines,2,1.71
-17,-72.1,2023-02,PER,other_purse_seines,1,32.34
-7.8,-79.6,2023-01,NA,other_purse_seines,3,5.76
-15.3,-75.5,2023-03,PER,other_purse_seines,1,7.69
-7.7,-81.7,2023-03,PER,other_purse_seines,1,0.43
-3.5,-81.2,2023-03,ECU,tuna_purse_seines,1,3.82
-7.2,-79.8,2023-01,GBR,other_purse_seines,1,2.3
-17.1,-78,2023-02,NA,purse_seines,1,1.01
-9.1,-80.2,2023-03,PER,other_purse_seines,2,0.99
-16.9,-78.3,2023-03,PER,other_purse_seines,1,8.29
-14.3,-77.3,2023-02,PER,set_longlines,1,5.89
-14.9,-77,2023-01,PER,pole_and_line,2,2.91
-16,-78,2023-03,ECU,tuna_purse_seines,1,0.25
-6.6,-80.9,2023-01,HND,other_purse_seines,1,2.76
-7.6,-79.8,2023-01,PER,tuna_purse_seines,5,13.73
-9.8,-79.7,2023-02,PER,other_purse_seines,1,2.17
-18.1,-71.1,2023-02,NA,other_purse_seines,1,1.68
-8.2,-79.4,2023-01,PER,pole_and_line,1,0.32
-9.1,-78.7,2023-01,PER,other_purse_seines,16,21.46
-15.2,-77.7,2023-02,PER,purse_seines,1,0.2
-17.2,-72.1,2023-02,PER,other_purse_seines,3,7.72
-14.5,-77.6,2023-03,PER,tuna_purse_seines,1,1.33
-8.3,-79.3,2023-03,PER,other_purse_seines,1,0.39
-5.6,-81.2,2023-01,PER,other_purse_seines,5,14.27
-12.7,-76.9,2023-02,PER,other_purse_seines,4,2.08
-17.6,-71.7,2023-01,PER,other_purse_seines,1,0.08
-6.6,-80.8,2023-01,AIA,purse_seines,1,4.27
-8.4,-79.1,2023-01,PER,tuna_purse_seines,5,29.35
-16.8,-77,2023-03,PER,other_purse_seines,1,6.81
-9,-80.2,2023-03,PER,other_purse_seines,4,29.47
-10.1,-78.3,2023-03,PER,other_purse_seines,1,2.92
-15.3,-77.8,2023-02,PER,purse_seines,1,1.87
-8.2,-79.1,2023-01,PER,fishing,2,8.81
-13.4,-76.5,2023-01,NA,other_purse_seines,1,7.28
-12.9,-76.6,2023-01,PER,other_purse_seines,12,24.95
-14.6,-77.5,2023-03,PER,purse_seines,1,1.45
-12.6,-77.1,2023-01,PER,other_purse_seines,7,3.71
-7.1,-80.5,2023-01,PER,other_purse_seines,2,4.98
-16.6,-76.7,2023-03,PER,tuna_purse_seines,1,11.55
-7.6,-79.7,2023-01,PER,purse_seines,8,12.95
-12.5,-77,2023-01,PER,purse_seines,6,19.18
-7.6,-79.6,2023-01,PER,tuna_purse_seines,7,14.91
-8.1,-79.6,2023-02,PER,fishing,2,2.91
-3.7,-81.5,2023-02,PAN,tuna_purse_seines,1,2.49
-7.1,-80.2,2023-01,PER,purse_seines,1,1.29
-8.2,-79.7,2023-01,PER,other_purse_seines,4,4.08
-6.2,-81.1,2023-01,PER,other_purse_seines,17,72.16
-13.9,-76.7,2023-01,PER,tuna_purse_seines,1,0.31
-13.4,-76.3,2023-01,NA,other_purse_seines,3,5.63
-14.1,-77.4,2023-01,PER,fishing,1,2.98
-7.4,-79.8,2023-02,PER,tuna_purse_seines,1,0.74
-16.9,-78.1,2023-03,PER,other_purse_seines,1,3.71
-13.6,-77.9,2023-02,PER,other_purse_seines,2,2.41
-12.4,-77,2023-01,NA,other_purse_seines,3,10.15
-10.9,-79.3,2023-03,PER,other_purse_seines,1,0.39
-8.9,-79.1,2023-02,PER,purse_seines,1,1.98
-11.8,-77.7,2023-01,ECU,tuna_purse_seines,1,0.37
-9.4,-78.7,2023-01,PER,pole_and_line,1,2.01
-15,-77.2,2023-03,PER,other_purse_seines,1,0.11
-16.9,-78.4,2023-03,NA,purse_seines,1,0.63
-16.8,-77.1,2023-03,ECU,tuna_purse_seines,2,11.29
-13.2,-76.6,2023-01,PER,other_purse_seines,3,2.75
-17.8,-71.3,2023-01,NA,other_purse_seines,1,12.8
-15.5,-77.3,2023-02,NA,other_purse_seines,1,1.65
-18.2,-70.8,2023-03,PER,other_purse_seines,1,0.17
-8.4,-79.2,2023-01,PER,pole_and_line,1,0.47
-10.6,-78,2023-01,NA,other_purse_seines,1,1.58
-10.4,-78.2,2023-01,HND,other_purse_seines,1,1.94
-6.9,-80,2023-01,PER,other_purse_seines,21,25.41
-15.4,-77.9,2023-02,PER,purse_seines,1,0.08
-14.9,-77.6,2023-03,PER,purse_seines,1,1.49
-15,-75.7,2023-02,PER,other_purse_seines,6,9.8
-15.5,-77.9,2023-02,NA,other_purse_seines,1,2.55
-14.6,-77.8,2023-02,PER,other_purse_seines,12,33.53
-10.1,-78.3,2023-02,PER,tuna_purse_seines,1,9.01
-13.2,-76.7,2023-01,NA,other_purse_seines,1,0.04
-16.9,-78,2023-03,ECU,tuna_purse_seines,2,5.88
-12.7,-77,2023-01,SSD,tuna_purse_seines,1,2.28
-17.2,-77.8,2023-02,NA,purse_seines,1,1.41
-7.2,-80.4,2023-01,PER,purse_seines,1,0.7
-12.2,-77.3,2023-02,HND,other_purse_seines,1,0.17
-12.3,-77.3,2023-01,NA,other_purse_seines,4,6.78
-17.6,-71.4,2023-03,PER,other_purse_seines,1,97.46
-7.2,-80,2023-01,PER,purse_seines,5,4.27
-12.2,-77.2,2023-01,NA,other_purse_seines,5,34.99
-13.3,-76.4,2023-01,NA,other_purse_seines,1,5.14
-12.1,-77.6,2023-01,PER,other_purse_seines,4,2.46
-6.8,-80.2,2023-01,PER,tuna_purse_seines,5,19.85
-14.1,-77.3,2023-03,PER,tuna_purse_seines,1,5.35
-7.7,-79.5,2023-01,PER,purse_seines,3,2.04
-14.5,-77.6,2023-02,PER,other_purse_seines,5,9.88
-15.4,-75.3,2023-03,PER,other_purse_seines,1,1.22
-6.6,-80.7,2023-01,PER,tuna_purse_seines,7,14.33
-8.9,-80.4,2023-03,PER,purse_seines,1,1.52
-12.7,-77.1,2023-01,PER,other_purse_seines,2,0.44
-6.6,-80.4,2023-02,PER,other_purse_seines,1,0.28
-15.4,-76.6,2023-03,PER,purse_seines,1,0.77
-13.7,-77.9,2023-02,PER,other_purse_seines,1,0.58
-5.7,-81.1,2023-01,PER,purse_seines,1,1.4
-13.9,-78,2023-02,PER,fishing,1,2.35
-8.1,-79.7,2023-01,PER,other_purse_seines,14,13.27
-15.4,-77.8,2023-02,PER,other_purse_seines,6,18.38
-8,-79.5,2023-01,NA,inconclusive,1,0.92
-17.1,-78.2,2023-03,NA,purse_seines,1,0.67
-13.5,-76.3,2023-01,PER,other_purse_seines,34,71.12
-14.4,-77.1,2023-03,PER,purse_seines,1,0.04
-15,-77.4,2023-02,NA,other_purse_seines,1,4.14
-16.5,-77.9,2023-03,PER,other_purse_seines,1,0.07
-7.5,-79.8,2023-01,NA,other_purse_seines,2,11.2
-12.6,-76.9,2023-02,PER,other_purse_seines,31,80.84
-11.9,-77.2,2023-01,PER,pole_and_line,1,0.45
-9.2,-78.7,2023-01,PER,other_purse_seines,25,46.22
-13.8,-76.5,2023-01,NA,other_purse_seines,2,6.55
-6.2,-81.8,2023-02,ECU,tuna_purse_seines,1,0.11
-8.9,-81,2023-01,NA,purse_seines,1,6.68
-14.8,-77.9,2023-02,PER,other_purse_seines,1,1.85
-16.2,-77.7,2023-02,ECU,tuna_purse_seines,1,1.8
-13.8,-76.3,2023-01,NA,other_purse_seines,1,0.18
-11.9,-77.2,2023-01,PER,other_purse_seines,2,1.02
-12.8,-77,2023-01,NA,other_purse_seines,1,0.12
-13.9,-77.7,2023-01,PER,set_gillnets,1,1.93
-16.4,-78,2023-03,ECU,tuna_purse_seines,1,8.57
-7.5,-79.8,2023-01,PER,tuna_purse_seines,6,18.38
-6.4,-81,2023-01,PER,other_purse_seines,11,16.49
-13,-76.8,2023-01,PER,other_purse_seines,21,30.74
-14,-77.3,2023-01,PER,pole_and_line,1,4.85
-12.6,-77,2023-01,SSD,tuna_purse_seines,1,0.26
-16.7,-78,2023-03,ECU,tuna_purse_seines,1,3.96
-3.7,-81.3,2023-01,ECU,tuna_purse_seines,1,3.27
-3.5,-81.4,2023-02,PER,other_purse_seines,1,0.17
-3.4,-81.6,2023-02,PER,other_purse_seines,1,4.7
-10.8,-78.2,2023-01,PER,other_purse_seines,8,16.35
-10.8,-78.9,2023-02,PER,tuna_purse_seines,1,1.96
-12.2,-77.6,2023-01,PER,other_purse_seines,1,0.18
-7.3,-80,2023-01,PER,other_purse_seines,21,37.72
-12,-77.3,2023-01,PER,purse_seines,6,18.81
-11.4,-77.7,2023-01,PER,other_purse_seines,1,0.08
-14.2,-77.5,2023-01,PER,fishing,1,1.06
-8.8,-80.2,2023-01,PER,tuna_purse_seines,1,3.3
-16.6,-77.5,2023-03,ECU,tuna_purse_seines,1,0.18
-14.3,-77.4,2023-02,PER,other_purse_seines,1,0.59
-8.1,-79.4,2023-03,PER,other_purse_seines,1,0.57
-13.7,-78.2,2023-02,PER,purse_seines,1,1.62
-13.7,-77.9,2023-01,PER,set_gillnets,1,5.51
-10.8,-77.9,2023-01,AIA,purse_seines,1,1.82
-7.8,-79.6,2023-01,GBR,other_purse_seines,1,7.33
-14.7,-77.8,2023-02,PER,other_purse_seines,6,26.44
-7.4,-80,2023-01,PER,purse_seines,3,5.2
-13,-76.8,2023-01,PER,purse_seines,4,8.52
-11.7,-77.4,2023-01,PER,pole_and_line,2,1.18
-7.9,-79.5,2023-01,PER,purse_seines,3,3.51
-14.5,-76.4,2023-01,PER,other_purse_seines,3,3.03
-12.5,-76.9,2023-02,PER,inconclusive,1,0.98
-16.8,-78.2,2023-03,PER,tuna_purse_seines,2,24.48
-14.5,-77.6,2023-03,NA,other_purse_seines,1,3.74
-8.6,-79.4,2023-02,PER,tuna_purse_seines,1,1.77
-16.4,-76.6,2023-03,PER,fishing,1,0.16
-7.8,-79.6,2023-01,PER,tuna_purse_seines,5,7.68
-7.7,-79.7,2023-01,PER,fishing,2,3.44
-8.9,-78.9,2023-01,AIA,purse_seines,1,0.16
-8,-79.4,2023-01,NA,inconclusive,1,0.38
-12.2,-77.1,2023-01,PER,other_purse_seines,7,15.64
-7.3,-79.7,2023-01,PER,other_purse_seines,9,7.31
-3.4,-81.1,2023-02,PER,other_purse_seines,1,0.6
-12,-77.1,2023-03,PER,inconclusive,2,14.11
-16.7,-78.6,2023-02,PER,tuna_purse_seines,1,2.78
-10.7,-78.3,2023-03,PER,other_purse_seines,1,0.07
-16.6,-77,2023-03,ECU,tuna_purse_seines,1,1.53
-9.9,-78.4,2023-01,PER,fishing,2,8.41
-13.4,-78.1,2023-02,PER,set_gillnets,1,0.2
-3.6,-81.1,2023-02,ECU,tuna_purse_seines,1,2.96
-12.5,-78,2023-02,PER,set_longlines,1,0.24
-12.4,-77.4,2023-02,PER,other_purse_seines,1,0.77
-5.8,-81.2,2023-01,PER,other_purse_seines,3,4.34
-7.5,-79.9,2023-01,NA,other_purse_seines,1,2.04
-10.9,-77.9,2023-01,AIA,purse_seines,1,2.11
-18,-71.2,2023-02,PER,other_purse_seines,1,1.95
-3.4,-81,2023-02,ECU,tuna_purse_seines,1,1.05
-13.3,-77.8,2023-02,PER,other_purse_seines,1,1.8
-10.3,-78.2,2023-01,PER,other_purse_seines,42,104.56
-14.5,-76.2,2023-03,PER,other_purse_seines,1,0.34
-14.5,-78.7,2023-03,ECU,tuna_purse_seines,1,5.17
-9.4,-78.6,2023-01,PER,tuna_purse_seines,1,0.54
-12.1,-77.3,2023-03,PER,pole_and_line,1,1.4
-6.9,-80.3,2023-02,PER,other_purse_seines,1,1.03
-10,-80.9,2023-02,NA,purse_seines,1,8.06
-13.5,-76.8,2023-01,PER,other_purse_seines,10,16.81
-8.3,-79.6,2023-02,PER,purse_seines,2,3.43
-7.3,-80.1,2023-01,PER,purse_seines,3,4.76
-12,-77.5,2023-02,PER,other_purse_seines,9,19.73
-4,-83.6,2023-03,ECU,tuna_purse_seines,1,1.75
-15.3,-76.6,2023-03,PER,purse_seines,1,1.19
-9.7,-78.5,2023-01,PER,pole_and_line,1,3.53
-15.4,-77.3,2023-02,PER,other_purse_seines,4,3.7
-7.8,-79.6,2023-01,PER,purse_seines,8,16.6
-8.1,-79.2,2023-01,PER,other_purse_seines,34,44.11
-15.1,-76.8,2023-02,PER,other_purse_seines,2,3.5
-14,-77.4,2023-01,PER,pole_and_line,1,0.32
-14.9,-76,2023-01,PER,other_purse_seines,2,2.37
-9.3,-78.8,2023-03,PER,other_purse_seines,1,1.59
-9.2,-78.9,2023-02,PER,tuna_purse_seines,1,1.42
-12.5,-76.9,2023-01,SSD,tuna_purse_seines,1,1.46
-6.7,-80.6,2023-01,PER,other_purse_seines,15,19.55
-14.2,-77.8,2023-02,PER,other_purse_seines,3,7.27
-10.8,-78.4,2023-03,PER,other_purse_seines,2,4.36
-14.1,-77.3,2023-03,PER,purse_seines,1,1.46
-12.3,-77.1,2023-03,PER,pole_and_line,1,9.91
-13,-76.9,2023-01,PER,purse_seines,2,1.84
-13.8,-77.7,2023-01,PER,set_gillnets,1,0.84
-3.6,-81,2023-02,PER,other_purse_seines,1,2.47
-13.6,-76.6,2023-01,PER,other_purse_seines,5,6.93
-11.7,-77.5,2023-01,PER,pole_and_line,2,7.08
-11.9,-77.7,2023-01,PER,other_purse_seines,1,0.25
-5.5,-82.5,2023-03,ECU,tuna_purse_seines,1,0.32
-8.1,-79.4,2023-02,GBR,other_purse_seines,1,0.03
-13.7,-77.8,2023-01,PER,set_gillnets,1,7.12
-8.1,-79.4,2023-02,PER,purse_seines,1,0.61
-15,-78.1,2023-02,ECU,tuna_purse_seines,1,0.07
-12,-77.4,2023-01,PER,purse_seines,6,15.09
-15.1,-77.8,2023-02,PER,set_gillnets,1,0.84
-14.8,-77.4,2023-02,PER,other_purse_seines,6,12.57
-8.3,-79,2023-01,PER,tuna_purse_seines,1,0.71
-8.3,-79.2,2023-01,PER,pole_and_line,1,0.5
-16.8,-77.6,2023-03,ECU,tuna_purse_seines,1,2.91
-17,-78.3,2023-02,PER,tuna_purse_seines,1,1.28
-6.6,-80.9,2023-01,AIA,purse_seines,1,2.3
-17.6,-71.5,2023-01,NA,other_purse_seines,1,5.17
-8.2,-79.9,2023-03,PER,other_purse_seines,1,0.11
-11,-77.8,2023-01,PER,tuna_purse_seines,1,2.16
-13.3,-77,2023-01,PER,other_purse_seines,1,0.22
-16.8,-76.8,2023-03,NA,purse_seines,1,6.01
-15.3,-76.5,2023-03,PER,fishing,1,4.8
-14.6,-77.3,2023-02,PER,other_purse_seines,1,4.17
-14.5,-77.2,2023-02,PER,set_gillnets,1,1.84
-14.9,-78.3,2023-02,ECU,tuna_purse_seines,1,3.79
-14.9,-76.8,2023-02,PER,other_purse_seines,1,4.61
-6.8,-80.2,2023-01,GBR,other_purse_seines,1,3.2
-8.2,-79.3,2023-01,PER,pole_and_line,1,0.92
-10.4,-78.7,2023-01,HND,other_purse_seines,1,0.35
-6.9,-80.5,2023-01,PER,other_purse_seines,33,85.34
-12,-77.3,2023-01,PER,other_purse_seines,53,195.79
-15.5,-77.2,2023-02,PER,tuna_purse_seines,1,1.06
-5.1,-81.1,2023-03,ESP,drifting_longlines,1,67.66
-14.6,-77.4,2023-03,PER,purse_seines,1,2.06
-13.4,-76.4,2023-01,NA,other_purse_seines,2,9.42
-13.4,-76.8,2023-01,NA,other_purse_seines,1,1.8
-16.9,-78.5,2023-03,ECU,tuna_purse_seines,1,1.39
-15.4,-78.7,2023-03,PER,fishing,1,0.83
-12.5,-78.7,2023-03,PER,other_purse_seines,4,13.52
-13.4,-76.4,2023-02,PER,other_purse_seines,1,0.43
-15.3,-76.9,2023-02,PER,other_purse_seines,1,0.24
-9.8,-78.5,2023-01,PER,tuna_purse_seines,1,0.65
-8.7,-81.4,2023-03,PAN,inconclusive,1,0.7
-6.8,-80.4,2023-02,PER,other_purse_seines,1,2.16
-14.6,-77,2023-03,PER,purse_seines,1,4.69
-15.5,-77.8,2023-02,NA,other_purse_seines,1,0.87
-15.5,-77.4,2023-02,NA,other_purse_seines,1,1.48
-6.6,-81.1,2023-01,PER,other_purse_seines,6,18
-4.5,-82.6,2023-03,ECU,tuna_purse_seines,1,1.75
-10.5,-78.1,2023-02,PER,tuna_purse_seines,1,0.3
-7.7,-79.7,2023-01,PER,other_purse_seines,48,160.82
-17.8,-71.4,2023-01,NA,other_purse_seines,2,25.59
-15,-77.2,2023-02,GBR,other_purse_seines,1,1.83
-7.7,-79.4,2023-02,PER,tuna_purse_seines,1,0.03
-16.9,-78.3,2023-03,NA,purse_seines,1,1.29
-6.1,-81.2,2023-01,PER,tuna_purse_seines,2,3.38
-13.7,-76.6,2023-01,PER,other_purse_seines,39,63.02
-7.3,-79.7,2023-01,NA,other_purse_seines,1,2.71
-8,-79.6,2023-02,NA,other_purse_seines,2,0.32
-7.1,-80,2023-01,PER,other_purse_seines,39,83.22
-6,-81.4,2023-01,HND,other_purse_seines,1,0.79
-7.9,-79.7,2023-02,PER,fishing,2,4.38
-7.1,-79.9,2023-02,PER,tuna_purse_seines,1,0.29
-17.2,-77.5,2023-02,NA,purse_seines,1,2.35
-12.3,-77,2023-01,NA,other_purse_seines,1,2.42
-7.2,-80.3,2023-01,PER,purse_seines,2,6.82
-13.6,-77.4,2023-02,PER,other_purse_seines,1,1.2
-15.2,-76.8,2023-02,PER,other_purse_seines,9,19.26
-8.2,-79.2,2023-01,PER,other_purse_seines,75,357.75
-8.4,-79.1,2023-01,GBR,other_purse_seines,1,6.11
-12.1,-77.2,2023-02,PER,inconclusive,1,49.18
-7.7,-79.4,2023-01,PER,purse_seines,3,1.88
-12,-78.5,2023-02,PER,set_longlines,1,0.07
-7.7,-79.8,2023-01,PER,purse_seines,5,14.56
-17,-78.3,2023-03,PER,other_purse_seines,1,0.98
-13.3,-76.5,2023-01,NA,other_purse_seines,3,14.37
-13.9,-76.6,2023-03,PER,pole_and_line,1,1.24
-15.8,-77.3,2023-02,ECU,tuna_purse_seines,1,7.01
-10.9,-78.2,2023-01,PER,purse_seines,1,0.64
-3.6,-81.2,2023-02,ECU,other_purse_seines,1,0.92
-11.9,-78,2023-03,PER,pole_and_line,1,2.47
-14,-78,2023-02,PER,other_purse_seines,1,1.54
-15.3,-77.9,2023-02,PER,other_purse_seines,1,0.29
-11.6,-77.4,2023-01,PER,inconclusive,1,5.89
-7.9,-79.5,2023-01,PER,tuna_purse_seines,4,6.26
-13.4,-79.9,2023-02,ECU,tuna_purse_seines,1,3.02
-13.1,-76.9,2023-02,PER,other_purse_seines,4,4.86
-8.9,-80.9,2023-01,NA,purse_seines,1,1.61
-12.9,-77.8,2023-02,PER,pole_and_line,1,0.87
-15.7,-77.3,2023-02,PER,other_purse_seines,1,1.63
-16.9,-77,2023-03,PER,other_purse_seines,1,0.97
-15.3,-75.4,2023-03,PER,other_purse_seines,2,3.22
-7.6,-79.6,2023-01,NA,other_purse_seines,3,2.34
-12.2,-77,2023-03,PER,inconclusive,1,4.61
-12.2,-77.2,2023-01,PER,tuna_purse_seines,1,1.84
-14.9,-77.8,2023-02,PER,other_purse_seines,12,25.57
-9.9,-78.4,2023-01,AIA,purse_seines,1,0.85
-14.9,-77.8,2023-02,PER,purse_seines,1,1.33
-7.8,-79.7,2023-01,PER,other_purse_seines,27,44.03
-3.8,-81.4,2023-01,ECU,tuna_purse_seines,1,2.86
-8.3,-79.2,2023-01,HND,other_purse_seines,1,1.05
-14.7,-77.5,2023-03,NA,other_purse_seines,1,1.35
-17.4,-77.7,2023-03,NA,purse_seines,1,1.08
-11.2,-77.7,2023-01,PER,other_purse_seines,18,46.8
-13.2,-77.1,2023-01,PER,other_purse_seines,2,8.15
-10.7,-78,2023-01,PER,purse_seines,3,6.57
-14.1,-77.2,2023-01,PER,pole_and_line,1,2.45
-17.7,-71.4,2023-02,NA,other_purse_seines,1,1.44
-8,-79.3,2023-01,PER,tuna_purse_seines,1,0.91
-13.2,-77,2023-01,HND,other_purse_seines,1,1.02
-13.9,-77.9,2023-02,PER,other_purse_seines,1,3.93
-13.8,-76.4,2023-02,PER,pole_and_line,1,0.23
-7.4,-79.9,2023-01,PER,purse_seines,3,2.04
-15.2,-77.8,2023-02,PER,other_purse_seines,8,16.97
-8.1,-79.6,2023-01,GBR,other_purse_seines,1,1.64
-12.3,-77.1,2023-01,SSD,tuna_purse_seines,1,3.7
-16.9,-77.1,2023-03,ECU,tuna_purse_seines,1,4.3
-17,-78.4,2023-03,ECU,tuna_purse_seines,2,11.9
-9.5,-78.5,2023-02,PER,fishing,1,0.72
-9.3,-79,2023-01,PER,tuna_purse_seines,3,8.52
-11.8,-77.8,2023-03,PER,other_purse_seines,1,3.78
-6.7,-80.7,2023-01,PER,tuna_purse_seines,3,6.94
-6.3,-81.1,2023-01,PER,pole_and_line,1,2.72
-12.8,-77.9,2023-02,PER,pole_and_line,1,2.82
-6.7,-80.4,2023-02,PER,other_purse_seines,2,2.93
-15.5,-78.7,2023-03,ECU,tuna_purse_seines,1,1.1
-16.8,-78,2023-03,ECU,tuna_purse_seines,1,5.05
-8.7,-79.3,2023-01,PER,fishing,1,0.83
-13.8,-76.5,2023-01,PER,other_purse_seines,42,86.27
-13.5,-77,2023-01,PER,fishing,1,0.74
-6,-81.3,2023-01,PER,other_purse_seines,18,43.89
-9.8,-78.5,2023-01,AIA,purse_seines,1,5.01
-9.4,-78.7,2023-01,PER,other_purse_seines,16,25.27
-15,-77.3,2023-02,PER,fishing,1,0.73
-8.5,-79.1,2023-01,PER,pole_and_line,1,0.03
-10.3,-79.9,2023-03,PER,other_purse_seines,1,0.37
-11,-78.1,2023-01,PER,purse_seines,1,1.45
-6.8,-80.6,2023-01,PER,other_purse_seines,38,123.47
-10.9,-78,2023-01,PER,tuna_purse_seines,1,0.69
-10.3,-78.2,2023-01,PER,purse_seines,2,5.52
-12.5,-76.9,2023-01,PER,purse_seines,6,12.6
-11.1,-77.7,2023-01,PER,other_purse_seines,17,34.58
-13.4,-76.6,2023-01,PER,other_purse_seines,8,9.33
-10.2,-78.3,2023-01,PER,purse_seines,4,18.84
-12.4,-76.9,2023-01,NA,other_purse_seines,3,6.48
-6.8,-80.2,2023-02,PER,purse_seines,3,4.98
-16.1,-77.2,2023-03,PER,tuna_purse_seines,3,14.92
-16,-76.1,2023-03,NA,pole_and_line,1,4
-9.1,-78.6,2023-03,PER,purse_seines,1,0.4
-7,-80.4,2023-01,PER,other_purse_seines,6,5.54
-12.5,-77.2,2023-03,PER,pole_and_line,1,10.54
-17.5,-77.8,2023-03,ECU,tuna_purse_seines,1,0.18
-11.6,-78.3,2023-03,PER,other_purse_seines,1,0.63
-10.6,-81.3,2023-02,PAN,tuna_purse_seines,1,0.11
-12.3,-77,2023-01,PER,other_purse_seines,21,32.42
-9.3,-78.8,2023-01,AIA,purse_seines,1,0.35
-10.2,-81.9,2023-03,NA,purse_seines,1,1.1
-14.2,-77.7,2023-02,PER,purse_seines,1,1.02
-13.5,-76.4,2023-03,PER,fishing,1,1.49
-8.9,-80,2023-01,PER,other_purse_seines,2,0.26
-8.3,-79.3,2023-01,AIA,purse_seines,1,2.46
-14.5,-76.9,2023-01,PER,pole_and_line,1,3.63
-7.5,-82.1,2023-02,PAN,tuna_purse_seines,1,0.41
-10,-78.7,2023-02,PER,other_purse_seines,1,0.05
-15.6,-77.3,2023-02,PER,other_purse_seines,3,4.03
-17.7,-77.6,2023-03,ECU,tuna_purse_seines,1,1.24
-7.6,-79.9,2023-03,PER,other_purse_seines,2,2.32
-12.1,-78.6,2023-02,PER,purse_seines,1,15.38
-3.5,-80.9,2023-02,PER,other_purse_seines,1,0.1
-8.9,-79.2,2023-01,PER,other_purse_seines,1,1.75
-9.2,-78.7,2023-01,AIA,purse_seines,1,0.72
-16.3,-78,2023-03,ECU,tuna_purse_seines,2,2
-12.2,-78.6,2023-02,PER,set_longlines,1,1.18
-7.6,-79.9,2023-02,PER,tuna_purse_seines,2,1.05
-17.1,-77.7,2023-03,PER,tuna_purse_seines,1,2.34
-15,-77.6,2023-02,PER,other_purse_seines,2,4.09
-16.5,-77.3,2023-03,ECU,tuna_purse_seines,1,6.05
-8.9,-79.9,2023-03,PER,other_purse_seines,1,0.18
-8.1,-79.5,2023-01,PER,fishing,2,5
-7.2,-79.9,2023-01,PER,purse_seines,3,4.77
-7.6,-80,2023-01,PER,other_purse_seines,4,5.78
-8.2,-79.1,2023-01,PER,tuna_purse_seines,4,6.95
-11.5,-81.2,2023-03,ECU,tuna_purse_seines,1,0.29
-15.6,-77.2,2023-02,NA,other_purse_seines,1,2.66
-12.9,-76.9,2023-02,PER,other_purse_seines,11,40.53
-5.7,-81.2,2023-01,PER,other_purse_seines,2,8.21
-16.7,-77.1,2023-03,ECU,tuna_purse_seines,2,4.47
-15.1,-77.8,2023-02,PER,other_purse_seines,4,17.31
-14.4,-77.5,2023-02,PER,purse_seines,1,1.02
-14.6,-76.5,2023-01,PER,other_purse_seines,1,2.39
-8.4,-79.7,2023-01,PER,other_purse_seines,1,1
-9,-78.8,2023-01,PER,fishing,1,0.08
-10.5,-78.1,2023-02,PER,inconclusive,1,0.59
-10.5,-78.2,2023-02,PER,other_purse_seines,3,2.35
-17.2,-72,2023-02,NA,other_purse_seines,3,17.94
-7.7,-79.6,2023-01,PER,tuna_purse_seines,2,2.45
-13.4,-76.5,2023-01,HND,other_purse_seines,1,1.78
-8,-79.5,2023-03,PER,other_purse_seines,1,0.23
-7.2,-80.5,2023-01,PER,other_purse_seines,1,2.31
-6.6,-81.9,2023-02,PER,other_purse_seines,1,0.1
-13.3,-76.8,2023-02,PER,other_purse_seines,1,4.29
-6.6,-81.5,2023-03,ECU,fishing,1,1.41
-8,-80.7,2023-03,PER,other_purse_seines,1,5.3
-8.1,-79.6,2023-01,AIA,purse_seines,1,3.03
-16.9,-78.2,2023-03,PER,tuna_purse_seines,1,4.94
-8.2,-79.6,2023-01,PER,tuna_purse_seines,1,4.06
-13.9,-76.6,2023-01,PER,other_purse_seines,28,84.82
-7.3,-79.8,2023-01,PER,fishing,1,0.87
-7.6,-79.7,2023-01,PER,other_purse_seines,69,244.37
-14.8,-76.9,2023-02,PER,other_purse_seines,1,0.22
-7.7,-79.6,2023-01,GBR,other_purse_seines,1,1.15
-6.1,-83.1,2023-01,PAN,tuna_purse_seines,1,0.56
-6.7,-81.1,2023-01,PER,other_purse_seines,1,0.12
-14.6,-77.3,2023-02,PER,set_gillnets,1,2.09
-13.3,-76.6,2023-01,SSD,tuna_purse_seines,1,1.02
-7.9,-79.8,2023-02,PER,tuna_purse_seines,2,1.4
-3.5,-81.3,2023-03,ECU,other_purse_seines,1,1.83
-13.7,-76.6,2023-01,PER,purse_seines,4,5.72
-9,-78.8,2023-01,PER,tuna_purse_seines,2,2.61
-15,-75.6,2023-03,PER,other_purse_seines,1,1.85
-16.5,-78.4,2023-03,ECU,tuna_purse_seines,1,0.88
-12.4,-77,2023-01,SSD,tuna_purse_seines,1,0.91
-12.5,-78.1,2023-02,PER,other_purse_seines,1,1.1
-15.5,-77.5,2023-02,HND,other_purse_seines,1,0.14
-8.4,-79.2,2023-01,PER,other_purse_seines,48,77.49
-14.6,-76,2023-01,PER,other_purse_seines,3,1.9
-9.2,-80.2,2023-03,PER,purse_seines,1,8.63
-15.2,-76.7,2023-02,PER,purse_seines,1,1.87
-15.1,-77.3,2023-02,PER,other_purse_seines,8,16.66
-12.8,-77,2023-01,PER,other_purse_seines,14,33.72
-6.5,-80.8,2023-01,PER,other_purse_seines,23,63.2
-11.1,-78.3,2023-03,PER,other_purse_seines,2,1.76
-9.7,-79.9,2023-03,PER,other_purse_seines,1,0.48
-15.1,-75.8,2023-03,PER,other_purse_seines,1,0.76
-9.1,-78.6,2023-01,PER,tuna_purse_seines,4,2.23
-7.2,-80,2023-01,PER,other_purse_seines,23,28.09
-14.8,-77.8,2023-02,HND,other_purse_seines,1,8.84
-6.8,-80.1,2023-01,PER,other_purse_seines,16,18.03
-13.5,-78.2,2023-03,PER,other_purse_seines,1,1.81
-12.1,-77.4,2023-02,PER,other_purse_seines,8,7.9
-13,-76.9,2023-01,HND,other_purse_seines,1,1.3
-15.5,-77.6,2023-02,PER,other_purse_seines,11,42.51
-15.5,-79.1,2023-02,ECU,tuna_purse_seines,1,4.3
-8.1,-79.4,2023-02,PER,fishing,1,1.5
-7.2,-79.8,2023-01,PER,purse_seines,3,8.15
-9.4,-81.8,2023-01,NA,purse_seines,1,5.94
-10.4,-78.2,2023-01,PER,purse_seines,2,2.01
-9.3,-78.7,2023-01,HND,other_purse_seines,1,4.17
-14,-77.2,2023-03,PER,other_purse_seines,1,2.01
-8.4,-79.3,2023-01,AIA,purse_seines,1,0.41
-7.9,-79.8,2023-03,PER,other_purse_seines,1,8.34
-13.8,-78.3,2023-02,ECU,tuna_purse_seines,1,0.06
-14.5,-77.8,2023-02,NA,other_purse_seines,1,2.38
-14.1,-76.5,2023-01,PER,other_purse_seines,1,0.76
-15.9,-78.8,2023-02,ECU,tuna_purse_seines,1,0.33
-7.7,-81.3,2023-03,NA,purse_seines,1,1.8
-8.9,-79.7,2023-01,PER,other_purse_seines,1,0.07
-14.9,-77.6,2023-02,PER,set_gillnets,1,1.99
-15.6,-77.8,2023-02,PER,other_purse_seines,8,16.55
-3.8,-82.6,2023-02,PER,other_purse_seines,1,4.48
-12,-78.6,2023-02,PER,other_purse_seines,1,2
-9.1,-82.8,2023-02,ECU,tuna_purse_seines,1,2.53
-16.9,-77.6,2023-03,ECU,tuna_purse_seines,1,4.45
-15.2,-77.3,2023-02,PER,other_purse_seines,5,5.4
-14.7,-76,2023-01,PER,other_purse_seines,21,35.44
-7.8,-79.9,2023-03,PER,other_purse_seines,1,2.23
-4.6,-81.5,2023-03,ECU,fishing,1,2.97
-7.7,-79.6,2023-02,AIA,purse_seines,1,0.31
-3.9,-82.1,2023-02,PER,other_purse_seines,1,3.98
-5,-82,2023-03,ECU,tuna_purse_seines,1,8.56
-9.6,-79.9,2023-03,PER,other_purse_seines,1,2.58
-12.4,-80.4,2023-02,PER,tuna_purse_seines,1,7.14
-11.6,-77.5,2023-01,PER,inconclusive,1,8.3
-12.5,-77,2023-02,PER,inconclusive,1,1.19
-6.3,-81,2023-01,HND,other_purse_seines,1,3.56
-14.9,-77.9,2023-02,PER,purse_seines,1,0.7
-15.5,-76.7,2023-03,PER,other_purse_seines,1,3.97
-8.1,-79.6,2023-01,PER,tuna_purse_seines,3,2.14
-16.7,-78.2,2023-03,PER,tuna_purse_seines,2,1.08
-11.7,-77.7,2023-01,PER,other_purse_seines,9,7.16
-13,-77,2023-02,PER,other_purse_seines,14,39.36
-14.4,-77.1,2023-02,PER,set_gillnets,1,0.81
-14.7,-77.4,2023-03,NA,other_purse_seines,1,0.12
-12.7,-77.9,2023-02,PER,other_purse_seines,1,0.53
-14.7,-77.6,2023-02,PER,set_longlines,1,1.65
-14.6,-76.8,2023-01,PER,fishing,1,3.1
-6.6,-80.6,2023-01,PER,other_purse_seines,8,11.98
-14.4,-77.8,2023-02,PER,other_purse_seines,6,18.51
-13.8,-76.5,2023-02,PER,pole_and_line,1,2.39
-7.4,-80.1,2023-01,PER,other_purse_seines,8,7.45
-17.7,-71.5,2023-02,NA,other_purse_seines,2,8.51
-7.6,-80.3,2023-02,PER,other_purse_seines,1,1.21
-12.4,-77.1,2023-01,PER,other_purse_seines,34,105.22
-11.8,-77.4,2023-01,AIA,purse_seines,1,1.84
-16.9,-77,2023-03,PER,fishing,1,0.45
-14.6,-77.9,2023-02,HND,other_purse_seines,1,2.45
-11.7,-77.4,2023-03,PER,other_purse_seines,1,2.52
-7.4,-79.8,2023-01,PER,purse_seines,4,10.97
-16.9,-77.5,2023-03,PER,other_purse_seines,1,0.51
-16.4,-78.2,2023-03,PER,tuna_purse_seines,1,1.52
-8.8,-80.1,2023-01,PER,other_purse_seines,2,2.82
-13.4,-77.9,2023-02,PER,other_purse_seines,1,1.6
-10,-79,2023-03,ECU,tuna_purse_seines,1,4.25
-9.2,-82.6,2023-02,NA,purse_seines,1,5.33
-6.3,-81.1,2023-01,PER,other_purse_seines,9,22.03
-7.7,-79.8,2023-02,PER,fishing,1,1.09
-14.8,-77.8,2023-02,PER,purse_seines,1,6.35
-14,-76.9,2023-01,PER,pole_and_line,1,2.12
-9.6,-79.2,2023-01,PER,other_purse_seines,1,1
-17.8,-77,2023-03,NA,purse_seines,1,1.86
-14.9,-77.3,2023-02,PER,other_purse_seines,1,2.78
-15.8,-77.9,2023-03,PER,tuna_purse_seines,1,7.16
-10.9,-77.9,2023-03,PER,other_purse_seines,2,1.29
-7.5,-79.7,2023-01,PER,fishing,2,3.08
-11.9,-77.6,2023-01,PER,inconclusive,1,2.43
-6.9,-81,2023-01,PER,other_purse_seines,1,4.96
-15,-77,2023-01,PER,pole_and_line,2,2
-6,-81.7,2023-03,ECU,fishing,1,1
-14.8,-77.4,2023-02,PER,purse_seines,1,0.1
-8,-79.7,2023-02,PER,purse_seines,2,1.19
-7.9,-79.5,2023-01,GBR,other_purse_seines,1,3.44
-16.8,-78.6,2023-03,PER,other_purse_seines,1,0.35
-10,-81,2023-02,NA,purse_seines,1,12.92
-15,-76.2,2023-03,PER,other_purse_seines,1,2.53
-15,-77.7,2023-02,PER,set_gillnets,1,6.8
-12.8,-77.8,2023-02,PER,other_purse_seines,1,1.39
-14.7,-77.7,2023-02,PER,purse_seines,1,0.71
-13.3,-76.5,2023-01,PER,other_purse_seines,18,49.85
-17.3,-71.8,2023-03,PER,other_purse_seines,2,10.39
-9.8,-78.4,2023-01,AIA,purse_seines,1,3.12
-14,-76.7,2023-03,PER,pole_and_line,1,1.5
-12.4,-77.3,2023-02,PER,other_purse_seines,1,1.43
-15.4,-76.6,2023-03,NA,pole_and_line,1,1.49
-6.8,-80.2,2023-01,PER,fishing,1,3.17
-15.7,-77.7,2023-02,PER,pole_and_line,1,0.92
-14.7,-77.4,2023-02,PER,other_purse_seines,14,24.72
-15.3,-76.6,2023-03,PER,pole_and_line,1,12.68
-17.6,-76.6,2023-03,ECU,tuna_purse_seines,1,2.3
-9.7,-78.5,2023-01,PER,purse_seines,3,2.82
-7.8,-79.6,2023-01,PER,pole_and_line,1,1.87
-7.4,-80.3,2023-02,PER,other_purse_seines,2,1.45
-15,-77.5,2023-02,PER,other_purse_seines,1,1.35
-6.4,-80.9,2023-01,PER,purse_seines,1,0.6
-13.4,-76.4,2023-01,PER,inconclusive,1,21.28
-13.5,-76.2,2023-03,PER,other_purse_seines,4,2.19
-6.3,-81.3,2023-02,PER,other_purse_seines,1,0.3
-7.1,-80.2,2023-01,PER,tuna_purse_seines,1,2.58
-15.1,-76.9,2023-03,PER,tuna_purse_seines,1,12.42
-14.3,-77.8,2023-02,PER,other_purse_seines,6,12.04
-7.7,-79.8,2023-01,PER,fishing,2,3.05
-11.7,-77.5,2023-01,PER,purse_seines,1,0.94
-9.2,-78.8,2023-03,PER,other_purse_seines,1,1.05
-8.2,-79.5,2023-01,GBR,other_purse_seines,1,0.35
-12,-77.4,2023-01,PER,pole_and_line,2,2.87
-16.7,-77,2023-03,ECU,tuna_purse_seines,1,5.46
-7.1,-80.1,2023-02,PER,purse_seines,1,1.4
-11.7,-77.3,2023-01,PER,purse_seines,4,16.57
-11.9,-77.3,2023-03,PER,other_purse_seines,1,1.02
-15.6,-77.6,2023-02,PER,pole_and_line,1,0.67
-7.2,-80.6,2023-01,PER,other_purse_seines,1,2.35
-16.7,-73,2023-02,PER,other_purse_seines,2,1.57
-10.2,-78.2,2023-01,PER,other_purse_seines,6,5.88
-12.3,-77,2023-01,PER,inconclusive,1,4.93
-15.9,-77.9,2023-03,PER,tuna_purse_seines,2,12.03
-14.8,-77.3,2023-02,PER,other_purse_seines,4,12.62
-9.8,-78.7,2023-01,PER,other_purse_seines,1,2.94
-8.2,-79.5,2023-01,PER,fishing,1,0.18
-13,-76.7,2023-03,PER,other_purse_seines,1,0.42
-6.8,-80.5,2023-01,PER,other_purse_seines,17,28.85
-7.5,-79.7,2023-02,PER,other_purse_seines,19,55.89
-11.5,-78,2023-03,PER,other_purse_seines,1,1.3
-8.1,-79.3,2023-02,GBR,other_purse_seines,1,6.78
-8.3,-82.3,2023-02,ECU,tuna_purse_seines,1,0.19
-16.5,-77.3,2023-03,PER,other_purse_seines,1,1.71
-9.2,-78.8,2023-02,PER,tuna_purse_seines,1,1.71
-13.1,-77,2023-01,PER,other_purse_seines,1,0.1
-8.7,-79.5,2023-01,PER,tuna_purse_seines,1,1.25
-13.4,-76.5,2023-01,PER,other_purse_seines,23,36.15
-10.8,-78.3,2023-03,PER,other_purse_seines,1,1.56
-15.4,-77.4,2023-02,PER,other_purse_seines,2,3.02
-8.5,-79.1,2023-03,PER,other_purse_seines,1,0.32
-4.9,-82.3,2023-03,ECU,tuna_purse_seines,1,0.87
-15.1,-76.9,2023-02,PER,other_purse_seines,3,2.46
-7.5,-79.9,2023-01,GBR,other_purse_seines,1,2
-12.3,-77.1,2023-01,PER,other_purse_seines,38,100.75
-17.7,-77.5,2023-03,ECU,tuna_purse_seines,1,8.89
-15,-77.5,2023-03,PER,tuna_purse_seines,1,1.8
-16.7,-77.1,2023-03,PER,other_purse_seines,1,4.14
-16.3,-78.1,2023-03,ECU,tuna_purse_seines,1,4
-16.5,-73.4,2023-02,NA,other_purse_seines,1,0.82
-13.3,-77.9,2023-02,PER,other_purse_seines,1,0.96
-15.4,-78,2023-02,PER,purse_seines,1,2.27
-7.8,-79.7,2023-01,HND,other_purse_seines,1,7.19
-15.7,-77.3,2023-02,ECU,tuna_purse_seines,1,1.02
-16.9,-77,2023-03,ECU,tuna_purse_seines,1,6.6
-6.7,-81,2023-01,PER,purse_seines,1,2.54
-6.8,-80.3,2023-02,PER,other_purse_seines,5,10.44
-8.1,-79.5,2023-01,GBR,other_purse_seines,1,2.06
-12.5,-77.2,2023-03,PER,other_purse_seines,1,0.41
-11.9,-80.9,2023-02,ECU,tuna_purse_seines,1,7.62
-15.1,-75.6,2023-01,PER,tuna_purse_seines,1,0.84
-8.3,-79.2,2023-01,PER,other_purse_seines,60,107.23
-15.3,-76.8,2023-02,PER,other_purse_seines,1,0.99
-13.2,-77.1,2023-01,HND,other_purse_seines,1,5.87
-14.8,-77.1,2023-03,NA,pole_and_line,1,0.17
-6,-82.2,2023-03,ECU,tuna_purse_seines,2,8.4
-13.1,-77.8,2023-02,PER,other_purse_seines,1,4.84
-8.1,-79.4,2023-01,PER,fishing,2,4.27
-14.9,-77.8,2023-02,HND,other_purse_seines,1,5.08
-15.4,-77.8,2023-02,PER,pole_and_line,1,1.56
-13.8,-76.6,2023-01,PER,other_purse_seines,36,99.22
-12,-77.4,2023-01,PER,other_purse_seines,58,122.3
-14.6,-77.4,2023-02,PER,other_purse_seines,5,14.64
-15.3,-76.6,2023-03,PER,fishing,1,3.77
-14.9,-76.9,2023-02,PER,other_purse_seines,5,19.71
-16.8,-78.1,2023-03,ECU,tuna_purse_seines,2,31.77
-9,-78.6,2023-03,PER,other_purse_seines,6,210.18
-3.4,-81.2,2023-02,ECU,other_purse_seines,1,1.18
-15.2,-76.9,2023-03,PER,tuna_purse_seines,1,1.31
-12.2,-77.9,2023-02,ECU,tuna_purse_seines,1,1.95
-13.3,-80.3,2023-03,ECU,tuna_purse_seines,1,0.2
-14,-78.1,2023-02,PER,other_purse_seines,1,0.05
-7.7,-79.8,2023-02,GBR,other_purse_seines,1,2.25
-15.9,-76.1,2023-03,NA,pole_and_line,1,8.3
-9.3,-78.7,2023-01,PER,purse_seines,2,3.44
-15.2,-76.9,2023-02,PER,other_purse_seines,6,7.37
-8.2,-79.3,2023-01,PER,purse_seines,5,6.82
-15.3,-77.5,2023-02,PER,pole_and_line,1,7.94
-7.4,-79.7,2023-01,PER,other_purse_seines,55,196.96
-8.3,-79.2,2023-01,PER,purse_seines,5,11.22
-12.6,-77,2023-01,AIA,purse_seines,1,3.16
-9,-78.6,2023-02,PER,tuna_purse_seines,1,2.4
-14.9,-77.6,2023-03,NA,pole_and_line,1,1.73
-14.6,-77.4,2023-03,PER,tuna_purse_seines,1,1.15
-7.9,-79.6,2023-01,PER,tuna_purse_seines,7,22.06
-9.2,-78.8,2023-01,PER,purse_seines,2,7.83
-12,-77.7,2023-03,PER,other_purse_seines,1,0.34
-6,-81.3,2023-01,HND,other_purse_seines,1,1.33
-13.3,-77.5,2023-02,PER,purse_seines,1,0.07
-5.9,-81.2,2023-01,PER,other_purse_seines,1,0.75
-8.6,-79.3,2023-01,PER,fishing,1,0.09
-10.3,-78.3,2023-01,AIA,purse_seines,1,3
-11.2,-77.8,2023-01,PER,purse_seines,2,5
-13.2,-77,2023-01,PER,other_purse_seines,3,8.41
-8.4,-79.2,2023-01,PER,purse_seines,4,10.79
-13.8,-76.5,2023-01,PER,inconclusive,1,2.88
-12.4,-77,2023-01,PER,other_purse_seines,48,134.38
-10.6,-78.2,2023-01,PER,other_purse_seines,1,0.38
-17.7,-71.7,2023-01,PER,other_purse_seines,1,1.14
-17.1,-72.1,2023-02,PER,other_purse_seines,3,7.52
-8.1,-79.5,2023-02,PER,fishing,2,0.57
-8.5,-79.2,2023-01,NA,other_purse_seines,1,0.24
-7.4,-80,2023-01,PER,other_purse_seines,32,66.28
-8.8,-80,2023-01,PER,other_purse_seines,1,0.76
-12.8,-77,2023-01,SSD,tuna_purse_seines,1,1.7
-17.8,-71.5,2023-02,PER,fishing,1,0.39
-12.3,-77.3,2023-02,HND,other_purse_seines,1,1.05
-15.8,-76.1,2023-03,NA,pole_and_line,1,12.22
-12,-77.2,2023-03,PER,other_purse_seines,25,507.66
-16.9,-77.6,2023-03,PER,other_purse_seines,1,1.77
-6.3,-81,2023-01,PER,other_purse_seines,38,153.62
-9.4,-78.7,2023-01,PER,purse_seines,2,2.05
-8.8,-79.2,2023-01,PER,other_purse_seines,1,0.94
-7.7,-79.8,2023-02,PER,tuna_purse_seines,1,4.68
-7.2,-80,2023-01,PER,pole_and_line,1,2.29
-8.7,-79.8,2023-03,PER,other_purse_seines,1,1.66
-10.8,-78,2023-01,PER,tuna_purse_seines,1,0.14
-14.5,-78.1,2023-03,PER,tuna_purse_seines,1,0.16
-12.2,-77.5,2023-03,PER,fishing,1,3.27
-12.5,-77.4,2023-01,PER,other_purse_seines,1,0.29
-13.3,-76.6,2023-01,PER,other_purse_seines,22,35.9
-16.8,-78.5,2023-03,PER,other_purse_seines,1,3.47
-11.7,-77.7,2023-01,ECU,tuna_purse_seines,1,0.26
-16.7,-76.7,2023-03,PER,tuna_purse_seines,2,8.13
-8.3,-79.4,2023-03,PER,other_purse_seines,1,0.34
-12.7,-76.8,2023-02,PER,other_purse_seines,4,2.48
-14.1,-77.4,2023-02,PER,other_purse_seines,1,4.3
-14.9,-77.1,2023-03,NA,pole_and_line,1,0.2
-3.9,-82,2023-02,PER,other_purse_seines,1,0.57
-16.9,-77.5,2023-03,ECU,tuna_purse_seines,1,2.94
-7.8,-79.7,2023-02,PER,purse_seines,5,7.91
-14.7,-76.1,2023-01,PER,other_purse_seines,9,6.06
-10,-79,2023-03,PER,other_purse_seines,1,0.42
-13.3,-76.5,2023-01,HND,other_purse_seines,1,3.42
-8.2,-79.4,2023-01,PER,purse_seines,1,2.32
-15.2,-77.7,2023-02,PER,pole_and_line,1,2.99
-14.5,-77,2023-03,AIA,purse_seines,1,1.29
-10.1,-78.4,2023-02,PER,tuna_purse_seines,1,5.48
-13.6,-77.7,2023-01,PER,pole_and_line,1,0.95
-7.7,-79.8,2023-03,PER,other_purse_seines,1,0.36
-11.6,-77.5,2023-02,PER,pole_and_line,1,2.63
-13.7,-77.6,2023-01,PER,pole_and_line,1,1.5
-9.3,-78.6,2023-01,PER,fishing,1,3.27
-7.6,-79.7,2023-01,PER,pole_and_line,1,3.03
-5.8,-81.3,2023-01,PER,pole_and_line,1,2.17
-14.6,-77.9,2023-02,PER,other_purse_seines,3,5.07
-12.5,-77,2023-01,PER,pole_and_line,2,2.43
-13.5,-77.4,2023-01,PER,fishing,1,0.6
-10.4,-78.2,2023-02,NA,other_purse_seines,1,2.27
-8.8,-79.9,2023-03,PER,other_purse_seines,1,2.01
-8.1,-79.5,2023-01,PER,tuna_purse_seines,2,0.46
-12,-77.9,2023-01,PER,other_purse_seines,1,0.52
-12.2,-78.6,2023-02,PER,fishing,1,2.36
-13.5,-76.5,2023-01,PER,pole_and_line,1,1
-6.6,-80.5,2023-01,PER,other_purse_seines,28,57.18
-7.4,-79.9,2023-03,PER,other_purse_seines,1,0.47
-13,-77.1,2023-02,PER,other_purse_seines,1,1.48
-12.8,-76.9,2023-02,PER,other_purse_seines,2,1.98
-14.4,-76.9,2023-01,PER,set_longlines,1,0.88
-7.5,-79.9,2023-01,PER,tuna_purse_seines,9,34.43
-14.8,-77.8,2023-02,PER,other_purse_seines,7,19.14
-15.9,-77.4,2023-03,PER,tuna_purse_seines,1,2.12
-7.5,-80,2023-02,PER,other_purse_seines,11,23.66
-9.5,-78.5,2023-01,PER,fishing,1,2.34
-11,-77.8,2023-01,PER,fishing,1,0.99
-14.2,-77.4,2023-02,PER,other_purse_seines,1,0.24
-12.6,-76.8,2023-02,PER,other_purse_seines,16,27.12
-12.4,-77,2023-01,PER,inconclusive,1,1.75
-7.5,-84,2023-03,ECU,tuna_purse_seines,1,0.21
-15.5,-77.5,2023-02,PER,other_purse_seines,7,16.12
-15.5,-79,2023-02,ECU,tuna_purse_seines,1,6.31
-9,-79.2,2023-02,PER,other_purse_seines,1,3.66
-6.9,-80.2,2023-01,PER,tuna_purse_seines,5,7.56
-13.5,-76.4,2023-01,PER,other_purse_seines,8,11.37
-12,-77.5,2023-01,PER,pole_and_line,1,0.29
-11.7,-77.4,2023-01,PER,purse_seines,3,25.32
-13.7,-77.8,2023-02,PER,other_purse_seines,1,0.52
-7,-79.9,2023-02,PER,purse_seines,2,2.15
-15.4,-77.9,2023-02,PER,other_purse_seines,5,15.9
-7.9,-79.5,2023-01,PER,pole_and_line,1,2.68
-13.9,-78.1,2023-02,PER,fishing,1,1.55
-12,-77.3,2023-01,PER,pole_and_line,2,11.81
-3.8,-82.5,2023-02,PER,other_purse_seines,1,0.18
-15.1,-76.9,2023-03,PER,pole_and_line,1,5.88
-7.4,-79.7,2023-01,AIA,purse_seines,1,3.91
-12,-78.5,2023-02,PER,other_purse_seines,1,2.49
-7.6,-79.7,2023-01,HND,other_purse_seines,1,5.27
-14.1,-76.6,2023-01,PER,other_purse_seines,11,11.99
-15,-77,2023-03,PER,tuna_purse_seines,1,4.67
-7.5,-80,2023-02,PER,purse_seines,6,13.4
-5.7,-81.1,2023-01,PER,pole_and_line,1,0.09
-15,-77,2023-02,PER,other_purse_seines,2,1.97
-12.3,-77.3,2023-01,PER,inconclusive,1,0.55
-13.9,-76.5,2023-01,PER,other_purse_seines,21,53.67
-14.7,-77.9,2023-02,PER,other_purse_seines,3,4.24
-9.7,-78.8,2023-02,PER,tuna_purse_seines,1,0.4
-13.3,-76.8,2023-01,PER,inconclusive,1,1.44
-8.1,-79.3,2023-03,PER,other_purse_seines,1,1.24
-15.3,-76.6,2023-03,NA,pole_and_line,1,1.97
-9.3,-78.7,2023-01,PER,other_purse_seines,22,35.98
-11,-78,2023-03,PER,other_purse_seines,2,2.95
-14.2,-77.6,2023-01,PER,fishing,1,5.84
-10.4,-78.1,2023-01,PER,tuna_purse_seines,3,4.43
-11.6,-77.8,2023-01,PER,set_longlines,1,4.97
-12.2,-77.2,2023-01,PER,inconclusive,1,2.66
-13.8,-78.2,2023-02,PER,fishing,1,2.36
-6.7,-81,2023-01,PER,other_purse_seines,17,54.82
-6.1,-83,2023-01,PAN,tuna_purse_seines,1,1.63
-13.3,-76.4,2023-01,PER,inconclusive,1,7.6
-14.6,-76.1,2023-01,PER,other_purse_seines,8,10.82
-16.6,-78.1,2023-02,PER,tuna_purse_seines,1,5.41
-12.1,-77.1,2023-01,PER,inconclusive,1,2.08
-15.5,-77.6,2023-02,HND,other_purse_seines,1,6.16
-16.8,-72.8,2023-01,PER,other_purse_seines,1,0.69
-13.8,-77.9,2023-02,PER,other_purse_seines,1,0.95
-11.8,-77.6,2023-01,PER,tuna_purse_seines,1,0.48
-10.9,-78,2023-01,AIA,purse_seines,1,0.89
-12.4,-77.1,2023-01,SSD,tuna_purse_seines,1,1.75
-7.2,-80.1,2023-01,PER,other_purse_seines,12,11.21
-7.1,-79.9,2023-01,PER,fishing,1,3.93
-3.5,-81.3,2023-02,PER,other_purse_seines,2,1.07
-3.7,-81.4,2023-01,ECU,tuna_purse_seines,1,5.34
-12.8,-77.1,2023-01,PER,other_purse_seines,3,1.87
-11.9,-77.8,2023-03,PER,other_purse_seines,1,3.19
-13,-76.9,2023-01,PER,other_purse_seines,24,37.48
-9.4,-82.4,2023-02,ECU,tuna_purse_seines,1,0.2
-8.5,-78.9,2023-03,PER,inconclusive,1,0.3
-7.2,-79.8,2023-01,PER,pole_and_line,1,0.29
-14.8,-77.9,2023-02,HND,other_purse_seines,1,1
-15.1,-75.9,2023-03,PER,other_purse_seines,1,1.56
-16.7,-78.1,2023-03,ECU,tuna_purse_seines,1,1.59
-16.2,-78.6,2023-03,NA,purse_seines,1,5.38
-7.6,-79.7,2023-02,NA,other_purse_seines,2,4.15
-6.4,-81.1,2023-01,PER,other_purse_seines,2,1.75
-12.5,-77.6,2023-02,PER,other_purse_seines,1,2.03
-7.2,-79.8,2023-02,PER,tuna_purse_seines,2,2.23
-12.6,-77.1,2023-01,SSD,tuna_purse_seines,1,1.27
-10.1,-81.4,2023-02,PAN,tuna_purse_seines,1,0.15
-13.3,-76.4,2023-02,PER,other_purse_seines,1,0.09
-6.5,-80.9,2023-01,PER,other_purse_seines,12,25.9
-9.9,-78.5,2023-01,PER,tuna_purse_seines,2,3.63
-12.2,-77.5,2023-01,PER,other_purse_seines,1,1.03
-7.3,-80.1,2023-01,PER,other_purse_seines,20,30.35
-15.1,-77.4,2023-02,PER,other_purse_seines,3,4.68
-3.4,-81.5,2023-02,PER,other_purse_seines,1,0.74
-9.2,-78.7,2023-01,HND,other_purse_seines,1,0.26
-9.6,-78.5,2023-01,NA,other_purse_seines,1,1.67
-11.1,-77.8,2023-03,PER,other_purse_seines,1,8.41
-7.3,-79.7,2023-01,PER,fishing,1,3.33
-5.6,-81.6,2023-03,ECU,fishing,1,2
-8.1,-79.7,2023-01,HND,other_purse_seines,1,2.33
-6.7,-80.9,2023-01,PER,purse_seines,2,4.78
-16.5,-78.3,2023-03,ECU,tuna_purse_seines,2,1.74
-15.5,-76.7,2023-03,NA,pole_and_line,1,2.56
-9,-78.9,2023-01,PER,tuna_purse_seines,1,1.22
-14.9,-76.6,2023-03,PER,pole_and_line,1,0.47
-13.1,-76.5,2023-01,PER,other_purse_seines,1,1.86
-6.2,-81,2023-01,PER,purse_seines,2,2.66
-7.9,-79.9,2023-02,PER,tuna_purse_seines,4,19.42
-12,-77.1,2023-03,PER,tuna_purse_seines,2,11.16
-6.7,-80.3,2023-01,PER,purse_seines,2,0.86
-12.8,-76.8,2023-01,PER,inconclusive,1,1.29
-11.9,-79.4,2023-02,PER,tuna_purse_seines,1,0.34
-16.9,-76.8,2023-03,NA,purse_seines,1,1.61
-16.5,-77.9,2023-03,ECU,tuna_purse_seines,1,1.4
-11.6,-77.5,2023-01,NA,other_purse_seines,3,3.53
-15,-75.6,2023-01,PER,purse_seines,1,0.95
-14.4,-77.8,2023-02,PER,pole_and_line,1,3.31
-14.4,-77.4,2023-02,PER,pole_and_line,1,0.68
-13,-77.2,2023-03,PER,other_purse_seines,1,0.15
-10.3,-78.7,2023-01,HND,other_purse_seines,1,0.2
-6.7,-80.5,2023-01,PER,purse_seines,1,0.45
-6.8,-81,2023-01,PER,other_purse_seines,6,12.33
-9.1,-80.7,2023-01,PER,tuna_purse_seines,1,5.71
-14.7,-77.8,2023-02,HND,other_purse_seines,1,1.71
-12.2,-78.2,2023-02,PER,pole_and_line,1,1.23
-13.4,-76.2,2023-03,NA,other_purse_seines,1,0.47
-9.4,-81.2,2023-01,PER,tuna_purse_seines,1,3.09
-12.3,-78.5,2023-02,PER,pole_and_line,1,5.54
-12.7,-77,2023-01,PER,other_purse_seines,40,65.43
-15.6,-77.9,2023-02,PER,other_purse_seines,1,0.15
-12,-77.1,2023-02,PER,other_purse_seines,14,93
-8.3,-79.1,2023-01,GBR,other_purse_seines,1,6.22
-15.6,-75.4,2023-03,PER,other_purse_seines,1,0.8
-15.9,-77.3,2023-02,ECU,tuna_purse_seines,1,0.99
-12.7,-77.1,2023-01,PER,pole_and_line,2,0.72
-17.4,-72,2023-02,PER,other_purse_seines,1,0.28
-11.1,-78.1,2023-01,AIA,purse_seines,1,0.42
-12.9,-76.9,2023-01,PER,inconclusive,1,2.55
-14.2,-77.2,2023-02,PER,pole_and_line,1,3.86
-14.2,-77.3,2023-01,PER,set_gillnets,1,1.77
-15.2,-77.4,2023-02,AIA,purse_seines,1,0.12
-17.9,-71.4,2023-01,NA,other_purse_seines,2,8.25
-14.4,-77.5,2023-02,NA,pole_and_line,1,1.86
-7,-80.8,2023-01,PER,other_purse_seines,1,0.1
-6.6,-80.7,2023-01,PER,purse_seines,1,2.17
-12.6,-76.9,2023-01,AIA,purse_seines,1,0.73
-12.1,-77.3,2023-02,PER,other_purse_seines,4,5.8
-9.5,-78.7,2023-02,PER,other_purse_seines,18,40.31
-14.2,-77.5,2023-01,PER,set_gillnets,1,3.9
-12.7,-77.8,2023-02,PER,other_purse_seines,1,3.2
-13.2,-76.5,2023-01,PER,other_purse_seines,16,32.91
-9.5,-79.6,2023-03,PER,other_purse_seines,1,0.23
-16.8,-77,2023-03,ECU,tuna_purse_seines,2,13.36
-14.4,-77.9,2023-02,PER,other_purse_seines,1,1.7
-13,-77.8,2023-01,PER,pole_and_line,1,4.9
-6.8,-80.1,2023-01,PER,purse_seines,1,1.58
-8.2,-79.7,2023-01,HND,other_purse_seines,1,0.38
-14.6,-77.6,2023-02,PER,pole_and_line,1,6.14
-12.8,-77.8,2023-02,PER,purse_seines,1,0.1
-10.7,-77.9,2023-01,PER,purse_seines,1,2.66
-12.3,-77.4,2023-02,PER,other_purse_seines,1,1.24
-11.8,-77.4,2023-03,PER,pole_and_line,1,3.3
-12,-77.2,2023-03,PER,purse_seines,1,2.45
-4.1,-82.4,2023-03,ECU,tuna_purse_seines,1,2.31
-7.5,-79.8,2023-02,PER,purse_seines,2,5.3
-8,-79.4,2023-01,GBR,other_purse_seines,1,12.58
-6.9,-80.1,2023-01,PER,other_purse_seines,38,93.19
-7,-80,2023-02,PER,other_purse_seines,1,0.59
-12.4,-80.3,2023-02,PER,tuna_purse_seines,1,4.15
-14.6,-76.9,2023-03,PER,tuna_purse_seines,1,2.39
-14.3,-76.5,2023-01,PER,other_purse_seines,1,0.86
-6.4,-81,2023-01,PER,purse_seines,1,1.05
-6.9,-80.3,2023-01,PER,purse_seines,6,8.81
-16.9,-78.1,2023-03,ECU,tuna_purse_seines,2,5.23
-7,-79.9,2023-01,PER,tuna_purse_seines,2,2.48
-9.5,-82.2,2023-02,PER,tuna_purse_seines,2,1.72
-14.5,-77.5,2023-02,PER,other_purse_seines,7,17.04
-8.5,-79.6,2023-01,PER,purse_seines,1,0.52
-11.2,-77.8,2023-03,PER,other_purse_seines,1,1.18
-9.1,-78.7,2023-01,HND,other_purse_seines,1,0.22
-15.2,-77.4,2023-02,PER,other_purse_seines,2,6.18
-10.1,-78.3,2023-02,PER,purse_seines,3,10.9
-12.1,-77.5,2023-01,PER,other_purse_seines,1,0.43
-6.9,-80.5,2023-01,PER,purse_seines,2,4.06
-14.2,-77.4,2023-01,PER,fishing,1,0.12
-7.8,-79.8,2023-02,PER,tuna_purse_seines,1,1.28
-13.9,-77.3,2023-03,PER,tuna_purse_seines,1,4.22
-12.4,-79.1,2023-03,PER,pole_and_line,1,9.05
-17.2,-78.1,2023-03,NA,purse_seines,1,2.43
-9.1,-78.8,2023-01,NA,other_purse_seines,3,5.45
-3.8,-81.4,2023-03,ECU,fishing,1,3.03
-12,-77.5,2023-02,NA,other_purse_seines,2,4.78
-17.2,-72,2023-02,PER,other_purse_seines,5,31.75
-5,-81.1,2023-01,PER,inconclusive,1,0.88
-8.1,-79.5,2023-01,NA,other_purse_seines,1,0.03
-14.5,-77.5,2023-03,PER,tuna_purse_seines,1,5.4
-11.9,-77.3,2023-03,PER,pole_and_line,1,17.29
-12.2,-77.3,2023-02,PER,other_purse_seines,1,0.25
-8.2,-79,2023-02,PER,inconclusive,1,0.54
-8.1,-79.3,2023-01,NA,other_purse_seines,3,37.55
-17.8,-77.5,2023-03,ECU,tuna_purse_seines,1,0.17
-14.1,-76.5,2023-03,NA,pole_and_line,1,1.79
-16.8,-77.1,2023-03,PER,other_purse_seines,1,8.07
-12.3,-76.9,2023-01,PER,inconclusive,1,56.69
-12.6,-77,2023-01,PER,other_purse_seines,44,106.87
-10.4,-78.2,2023-01,PER,other_purse_seines,35,53.02
-14.8,-76,2023-01,NA,other_purse_seines,1,1.31
-16,-77.9,2023-03,ECU,tuna_purse_seines,3,9.75
-9.3,-78.6,2023-01,NA,other_purse_seines,3,3.85
-11.7,-77.3,2023-03,PER,other_purse_seines,1,0.76
-12.6,-77.7,2023-02,PER,set_longlines,1,0.19
-3.7,-81.6,2023-02,PAN,tuna_purse_seines,1,9.32
-11.3,-77.9,2023-03,PER,other_purse_seines,1,14.45
-17.5,-77.6,2023-03,NA,purse_seines,1,1.45
-6.2,-81,2023-01,PER,other_purse_seines,17,34.33
-7.5,-79.8,2023-01,PER,fishing,2,15.09
-15.3,-77.3,2023-02,PER,other_purse_seines,4,6.79
-14.8,-76,2023-01,PER,other_purse_seines,23,36.32
-8.3,-79.1,2023-01,NA,other_purse_seines,3,17.83
-9.4,-78.8,2023-03,PER,other_purse_seines,1,1.49
-14.5,-77,2023-03,PER,tuna_purse_seines,1,4.63
-11.8,-77.3,2023-03,PER,pole_and_line,1,1.47
-6.6,-81,2023-01,PER,other_purse_seines,12,20.52
-7.5,-79.9,2023-02,PER,purse_seines,6,5.93
-13,-76.6,2023-02,PER,other_purse_seines,1,0.36
-3.8,-81.3,2023-01,ECU,tuna_purse_seines,1,3.11
-12.2,-77.1,2023-01,PER,pole_and_line,2,4.78
-10.6,-79.4,2023-03,PER,other_purse_seines,2,0.64
-16.8,-77.6,2023-03,PER,other_purse_seines,1,0.99
-13.7,-76.5,2023-01,PER,other_purse_seines,21,96.81
-17.8,-77,2023-03,ECU,tuna_purse_seines,1,0.76
-7,-80,2023-02,PER,purse_seines,2,8.49
-11.2,-78.2,2023-01,PER,other_purse_seines,2,1.62
-6.8,-80.6,2023-01,PER,purse_seines,4,10.66
-15.1,-75.5,2023-01,NA,other_purse_seines,2,6.28
-11.5,-77.6,2023-01,PER,purse_seines,1,0.2
-14.5,-77.6,2023-02,AIA,purse_seines,1,2.31
-8.5,-79.1,2023-01,PER,purse_seines,2,2.86
-14,-77.5,2023-02,PER,other_purse_seines,1,1.54
-7.1,-80.1,2023-01,PER,other_purse_seines,35,133.79
-8.2,-79.6,2023-02,AIA,purse_seines,1,3.09
-6.9,-80,2023-01,PER,purse_seines,3,5.13
-8.4,-79.1,2023-01,NA,other_purse_seines,3,14.2
-6.9,-80.4,2023-01,PER,purse_seines,3,6.09
-9.5,-78.6,2023-01,PER,purse_seines,6,6.42
-12.4,-76.9,2023-01,PER,inconclusive,1,1.75
-15.3,-77.8,2023-02,PER,other_purse_seines,13,41.33
-16.3,-78.2,2023-02,ECU,tuna_purse_seines,1,4.23
-12.2,-77.1,2023-01,SSD,tuna_purse_seines,1,0.26
-9.4,-78.6,2023-01,NA,other_purse_seines,1,0.19
-8.4,-79,2023-01,GBR,other_purse_seines,1,5.9
-13.3,-77,2023-01,HND,other_purse_seines,1,3.18
-14.6,-76.1,2023-01,NA,other_purse_seines,1,3.29
-8.2,-79.2,2023-01,HND,other_purse_seines,1,9.02
-10.5,-78.1,2023-02,NA,other_purse_seines,1,4.81
-12.5,-76.9,2023-01,PER,other_purse_seines,39,109.42
-8.1,-79.4,2023-01,NA,other_purse_seines,3,4.23
-13.4,-77.1,2023-03,PER,purse_seines,1,11.53
-6.5,-81.6,2023-02,PER,other_purse_seines,1,0.98
-14.4,-77.4,2023-02,PER,other_purse_seines,1,0.4
-16.8,-77.5,2023-03,ECU,tuna_purse_seines,1,2.97
-7.9,-79.4,2023-02,NA,other_purse_seines,1,0.33
-11.9,-77.4,2023-03,PER,pole_and_line,1,0.76
-16.7,-77.2,2023-03,PER,tuna_purse_seines,1,0.89
-10.4,-78.4,2023-03,PER,other_purse_seines,1,1.58
-6.9,-80.6,2023-01,PER,other_purse_seines,23,93.38
-12.3,-77.2,2023-01,PER,tuna_purse_seines,1,2.63
-6,-81.4,2023-01,PER,other_purse_seines,10,15.78
-10.1,-79.9,2023-03,PER,other_purse_seines,1,0.1
-13,-76.9,2023-02,NA,other_purse_seines,1,1.85
-11.5,-77.7,2023-01,PER,set_longlines,1,1.59
-7.8,-79.6,2023-02,NA,other_purse_seines,1,0.08
-7.7,-79.7,2023-01,HND,other_purse_seines,1,1.19
-11.8,-77.9,2023-03,PER,other_purse_seines,1,0.11
-15.2,-75.4,2023-03,PER,other_purse_seines,1,1.66
-6.7,-80.3,2023-02,PER,other_purse_seines,1,0.77
-17,-78.3,2023-03,ECU,tuna_purse_seines,3,10.73
-10.9,-78.2,2023-01,PER,other_purse_seines,10,21.38
-10.8,-81.3,2023-02,PAN,tuna_purse_seines,1,0.12
-15.2,-77.9,2023-02,PER,other_purse_seines,2,4.89
-14.3,-76.6,2023-03,NA,pole_and_line,1,0.82
-8,-79.7,2023-02,PER,other_purse_seines,19,26.56
-18.3,-70.7,2023-01,NA,other_purse_seines,1,3.31
-8,-79.4,2023-01,PER,tuna_purse_seines,4,7.47
-3.5,-80.8,2023-02,PER,other_purse_seines,1,0.29
-11.6,-77.8,2023-03,PER,other_purse_seines,1,1.17
-12.9,-79.4,2023-03,PER,tuna_purse_seines,1,0.22
-14.1,-77.1,2023-02,NA,pole_and_line,1,0.93
-4,-83.5,2023-03,ECU,tuna_purse_seines,1,0.14
-16.2,-77.2,2023-03,PER,tuna_purse_seines,1,8.25
-3.8,-81.6,2023-02,PER,other_purse_seines,1,0.46
-7.2,-79.9,2023-01,PER,pole_and_line,1,1.76
-11.6,-78.4,2023-03,PER,other_purse_seines,1,2.38
-12,-77.6,2023-02,PER,other_purse_seines,1,0.38
-7,-80.3,2023-01,PER,other_purse_seines,2,3.56
-14.4,-77.3,2023-02,PER,pole_and_line,1,3.36
-3.6,-81.1,2023-02,PER,other_purse_seines,1,0.35
-8.4,-79.3,2023-03,PER,other_purse_seines,2,3.77
-11.5,-77.6,2023-03,PER,other_purse_seines,3,6.97
-13.5,-77.2,2023-03,PER,other_purse_seines,3,4.77
-6.7,-80.5,2023-01,PER,other_purse_seines,14,14.12
-3.5,-81.3,2023-03,ECU,inconclusive,1,0.29
-14.2,-77.2,2023-02,NA,pole_and_line,1,2.17
-12.8,-76.9,2023-01,PER,inconclusive,1,1.35
-16.6,-77,2023-03,PER,other_purse_seines,1,1.2
-6.7,-80.4,2023-01,PER,purse_seines,6,17.06
-15.1,-75.7,2023-01,PER,other_purse_seines,3,6.27
-8.3,-79.1,2023-01,PER,tuna_purse_seines,4,12.2
-11.6,-77.4,2023-01,NA,other_purse_seines,3,8.35
-13.9,-77,2023-01,PER,other_purse_seines,2,2.92
-6.7,-80.8,2023-01,PER,purse_seines,6,18.82
-13.6,-76.5,2023-01,PER,other_purse_seines,10,9.5
-12,-77.3,2023-01,SSD,tuna_purse_seines,1,1.35
-12.5,-76.9,2023-01,PER,pole_and_line,2,6.54
-5.4,-81.2,2023-01,PER,other_purse_seines,2,3.11
-7.8,-79.5,2023-01,PER,tuna_purse_seines,1,0.93
-16.3,-77.6,2023-03,PER,other_purse_seines,1,1.23
-16.7,-78.6,2023-03,ECU,tuna_purse_seines,1,0.12
-7.7,-79.4,2023-02,NA,other_purse_seines,1,0.02
-14.4,-76.6,2023-01,PER,other_purse_seines,1,0.15
-17.7,-76.5,2023-03,ECU,tuna_purse_seines,1,0.37
-15.1,-77.9,2023-02,PER,other_purse_seines,1,4.25
-7.3,-80.6,2023-01,PER,other_purse_seines,1,1.44
-9.2,-79,2023-01,PER,purse_seines,1,1.9
-8.2,-79.1,2023-02,PER,fishing,1,2.36
-12.6,-77.3,2023-02,PER,other_purse_seines,1,1.54
-13.4,-78.3,2023-02,PER,fishing,1,0.74
-8,-79.6,2023-01,PER,purse_seines,2,4.76
-7.9,-79.7,2023-01,PER,other_purse_seines,13,25.5
-14.3,-77.8,2023-02,PER,pole_and_line,1,1.75
-9,-78.7,2023-02,PER,other_purse_seines,1,0.1
-16.6,-77.1,2023-03,ECU,tuna_purse_seines,1,0.49
-17.9,-71.3,2023-01,NA,other_purse_seines,1,5.41
-11.5,-79,2023-03,PER,other_purse_seines,1,0.62
-14.2,-77.4,2023-01,PER,set_gillnets,1,0.6
-8.1,-79.6,2023-01,PER,fishing,2,1.86
-16.6,-73.1,2023-02,PER,other_purse_seines,1,0.09
-7.6,-79.8,2023-02,PER,tuna_purse_seines,2,2.65
-14.5,-76.5,2023-01,PER,purse_seines,2,2.05
-6.5,-82.9,2023-01,PAN,tuna_purse_seines,1,0.39
-12.9,-76.8,2023-01,PER,inconclusive,1,2.13
-11.7,-77.3,2023-03,PER,set_longlines,1,0.22
-10.1,-78.3,2023-02,PER,other_purse_seines,33,174.83
-4.1,-81.8,2023-02,PER,other_purse_seines,1,1.18
-13.4,-76.2,2023-01,PER,other_purse_seines,1,1.04
-9.7,-80.4,2023-03,ECU,fishing,1,0.54
-15.5,-77.7,2023-02,PER,other_purse_seines,11,20.3
-13.5,-76.2,2023-01,NA,other_purse_seines,3,13.45
-13.5,-78.1,2023-03,PER,other_purse_seines,1,0.28
-6.4,-81.8,2023-03,PER,other_purse_seines,1,4.65
-4.1,-82.4,2023-02,PER,other_purse_seines,1,1.86
-6.8,-80.2,2023-01,PER,other_purse_seines,42,122.49
-14.1,-77.3,2023-03,PER,other_purse_seines,1,1.83
-11.7,-77.5,2023-01,SSD,tuna_purse_seines,1,1.53
-16,-77.9,2023-03,PER,tuna_purse_seines,1,4.7
-14.4,-76.8,2023-03,PER,other_purse_seines,1,1.39
-12,-78.7,2023-02,PER,other_purse_seines,1,0.16
-17.3,-71.9,2023-02,NA,other_purse_seines,3,8.45
-17.6,-77.6,2023-03,NA,purse_seines,1,1.56
-15.2,-77.4,2023-02,NA,other_purse_seines,1,2.03
-14.7,-77.5,2023-02,PER,set_longlines,1,7.12
-12.6,-76.9,2023-01,NA,other_purse_seines,7,22.96
-5,-81.5,2023-02,PER,other_purse_seines,1,1.42
-14.9,-77.6,2023-02,PER,purse_seines,1,3.96
-9.6,-78.9,2023-02,PER,other_purse_seines,1,1.43
-14.4,-77,2023-02,PER,set_gillnets,1,2.22
-11.8,-77.4,2023-01,PER,inconclusive,1,0.71
-14.6,-77.8,2023-02,PER,tuna_purse_seines,2,6.87
-10.7,-78,2023-01,PER,other_purse_seines,23,52.4
-9.8,-78.5,2023-01,PER,fishing,1,3.89
-14.6,-79.3,2023-03,ECU,tuna_purse_seines,1,6.63
-14.9,-76.3,2023-03,PER,other_purse_seines,1,1.2
-13.2,-76.8,2023-01,PER,purse_seines,1,0.55
-12.7,-79.5,2023-03,PER,fishing,1,1.25
-13.3,-76.7,2023-01,SSD,tuna_purse_seines,1,3.48
-12.3,-77.2,2023-01,PER,purse_seines,4,15.04
-11.5,-77.4,2023-01,PER,pole_and_line,1,0.17
-7.1,-80.5,2023-01,PER,tuna_purse_seines,2,1.99
-9.2,-82.9,2023-02,NA,purse_seines,1,8.15
-7.6,-79.7,2023-02,AIA,purse_seines,1,0.82
-14.6,-77.5,2023-02,PER,purse_seines,1,1.63
-12.2,-77.3,2023-01,PER,purse_seines,2,4.18
-3.9,-81.4,2023-03,ECU,fishing,1,0.98
-15,-77.2,2023-02,PER,other_purse_seines,9,26.25
-13.4,-76.4,2023-03,PER,fishing,1,0.51
-7.6,-79.6,2023-01,PER,other_purse_seines,48,121.97
-13.7,-76.6,2023-01,PER,set_gillnets,1,0.6
-9.2,-82.5,2023-02,NA,purse_seines,1,1.84
-6.2,-81.1,2023-01,PER,tuna_purse_seines,4,8.11
-13.3,-76.7,2023-01,PER,purse_seines,1,1.42
-6.5,-81,2023-03,PER,other_purse_seines,1,0.73
-13.9,-76.7,2023-01,PER,other_purse_seines,7,7.81
-16.9,-78.1,2023-03,PER,tuna_purse_seines,1,0.56
-12.9,-76.6,2023-01,NA,other_purse_seines,2,2.87
-9.6,-78.5,2023-01,AIA,purse_seines,1,5.99
-11.6,-77.6,2023-01,PER,other_purse_seines,7,3.46
-7.4,-79.8,2023-02,PER,other_purse_seines,11,23.8
-11.9,-77.5,2023-01,PER,inconclusive,1,1.65
-7.3,-79.9,2023-01,PER,purse_seines,6,6.28
-14.2,-77.5,2023-01,PER,pole_and_line,2,7.81
-15.3,-76.4,2023-03,PER,other_purse_seines,1,1.05
-14.5,-77.6,2023-03,PER,other_purse_seines,6,17.34
-9.1,-78.7,2023-01,PER,tuna_purse_seines,1,1.6
-14.5,-79.1,2023-03,ECU,tuna_purse_seines,1,1.27
-17.6,-71.4,2023-02,PER,other_purse_seines,4,50.51
-3.7,-81.4,2023-03,ECU,fishing,1,0.99
-8.2,-79.2,2023-01,GBR,other_purse_seines,1,6.89
-16.8,-77,2023-03,PER,tuna_purse_seines,3,17.69
-8.4,-79.1,2023-01,PER,other_purse_seines,57,146.45
-11.9,-77.3,2023-01,PER,inconclusive,1,7.05
-14.2,-77.3,2023-01,PER,pole_and_line,1,0.06
-12.5,-78.2,2023-02,PER,other_purse_seines,1,0.18
-11.5,-77.8,2023-01,PER,other_purse_seines,1,0.31
-7.7,-79.9,2023-02,PER,other_purse_seines,1,8.96
-18.1,-70.9,2023-02,PER,other_purse_seines,3,6.22
-15.7,-78.3,2023-03,ECU,tuna_purse_seines,1,0.93
-14.8,-77.1,2023-02,PER,purse_seines,1,1.83
-9.2,-79.2,2023-02,PER,purse_seines,1,2.8
-7.5,-79.7,2023-01,PER,purse_seines,7,19.11
-5.8,-81.6,2023-03,ECU,fishing,1,0.97
-9.1,-80.4,2023-03,PER,purse_seines,1,1.98
-12.4,-78.3,2023-02,PER,tuna_purse_seines,1,1.32
-15.1,-76.9,2023-02,PER,purse_seines,1,3.97
-8.8,-80.2,2023-01,PER,other_purse_seines,1,1
-12.7,-77,2023-01,PER,purse_seines,5,10.52
-14.3,-77.4,2023-02,PER,tuna_purse_seines,1,1.16
-8.8,-79,2023-01,PER,other_purse_seines,5,4.53
-9.1,-78.8,2023-01,AIA,purse_seines,1,2.24
-12.8,-76.8,2023-03,PER,pole_and_line,1,0.12
-17.7,-71.5,2023-01,PER,other_purse_seines,2,5.82
-10.6,-78,2023-01,PER,other_purse_seines,24,70.5
-12.4,-77.2,2023-01,PER,other_purse_seines,27,58.62
-14.7,-77.8,2023-02,PER,tuna_purse_seines,1,1.25
-13.7,-76.5,2023-01,PER,purse_seines,1,7.41
-13.3,-77.3,2023-03,PER,other_purse_seines,1,1.39
-9.7,-78.9,2023-02,PER,other_purse_seines,1,2.31
-12.4,-78.2,2023-02,PER,set_longlines,1,0.22
-7.3,-79.7,2023-01,GBR,other_purse_seines,1,4.52
-7.4,-80.2,2023-01,PER,other_purse_seines,1,0.2
-14.8,-77.4,2023-02,PER,set_gillnets,1,0.72
-6.4,-81,2023-01,PER,tuna_purse_seines,2,5.08
-8.2,-79.2,2023-02,PER,fishing,1,1.69
-11.1,-77.8,2023-01,AIA,purse_seines,1,6.87
-9.3,-78.6,2023-01,AIA,purse_seines,1,0.37
-10.2,-78.3,2023-02,PER,other_purse_seines,4,5.08
-7.3,-79.9,2023-02,PER,other_purse_seines,1,2.77
-12.6,-76.9,2023-03,PER,other_purse_seines,2,4.32
-7.3,-80,2023-01,PER,tuna_purse_seines,3,3.15
-14.4,-77.2,2023-02,PER,set_longlines,1,2.01
-9.9,-78.6,2023-01,PER,other_purse_seines,1,3.34
-11.3,-80.3,2023-02,PER,tuna_purse_seines,1,5.25
-5.4,-81.6,2023-03,ECU,fishing,1,0.96
-14.3,-77.6,2023-02,PER,purse_seines,1,3.28
-9.9,-78.5,2023-01,HND,other_purse_seines,1,0.32
-16.5,-77.9,2023-03,PER,tuna_purse_seines,1,1.08
-9,-79.8,2023-01,PER,other_purse_seines,1,0.31
-12,-77.2,2023-01,NA,other_purse_seines,3,11.49
-8.1,-79.2,2023-02,NA,other_purse_seines,2,11.64
-12.6,-76.9,2023-02,PER,tuna_purse_seines,2,1.67
-9.2,-78.7,2023-01,PER,tuna_purse_seines,1,6.05
-10.1,-78.5,2023-01,PER,other_purse_seines,1,0.07
-8.3,-79.5,2023-01,PER,other_purse_seines,2,0.88
-13.3,-78.3,2023-02,PER,fishing,1,2.94
-12.3,-78.7,2023-02,PER,set_longlines,1,5.13
-13,-76.7,2023-01,NA,other_purse_seines,2,4.07
-15.6,-76.8,2023-03,PER,other_purse_seines,1,1.48
-10,-80,2023-03,PER,other_purse_seines,1,0.16
-13.2,-77.4,2023-03,PER,other_purse_seines,1,0.32
-16.5,-78.3,2023-03,PER,tuna_purse_seines,1,0.07
-9.8,-78.8,2023-02,PER,other_purse_seines,2,1.66
-13.9,-76.7,2023-01,PER,purse_seines,1,0.18
-7.5,-79.8,2023-01,PER,other_purse_seines,53,156.06
-8.1,-79.2,2023-01,GBR,other_purse_seines,1,0.11
-12.5,-77.5,2023-03,PER,other_purse_seines,1,3.33
-16.9,-77.7,2023-03,ECU,tuna_purse_seines,1,0.66
-6.6,-80.7,2023-01,PER,other_purse_seines,41,132.58
-17.4,-71.5,2023-01,PER,other_purse_seines,2,1.96
-11.7,-77.6,2023-01,PER,other_purse_seines,2,1.37
-15.5,-78.1,2023-03,ECU,tuna_purse_seines,1,3.21
-16.5,-78.8,2023-03,NA,purse_seines,1,4.89
-17.9,-71.3,2023-02,PER,other_purse_seines,3,4.83
-15.4,-77.8,2023-02,PER,tuna_purse_seines,1,1.14
-15.4,-77.4,2023-02,PER,fishing,1,6.39
-6.2,-81.1,2023-01,PER,pole_and_line,1,1.72
-8.2,-79.1,2023-02,NA,other_purse_seines,2,3.54
-6.3,-81.9,2023-03,PER,other_purse_seines,1,2.2
-9.6,-81.8,2023-02,PER,tuna_purse_seines,1,5.01
-15,-77.4,2023-03,NA,other_purse_seines,1,1.41
-3.4,-81.4,2023-03,ECU,fishing,1,1
-14.8,-77.4,2023-02,GBR,other_purse_seines,1,0.39
-14.9,-77.5,2023-02,PER,set_gillnets,1,1
-17.1,-78.2,2023-02,NA,purse_seines,1,1.86
-7.9,-79.8,2023-02,AIA,purse_seines,1,1.65
-12.4,-78.7,2023-02,PER,set_longlines,1,10.88
-6.7,-80.6,2023-01,PER,tuna_purse_seines,3,4.11
-14.2,-77.8,2023-02,PER,tuna_purse_seines,2,5.33
-7.7,-82.8,2023-03,ECU,tuna_purse_seines,1,4.89
-12.3,-77.2,2023-01,SSD,tuna_purse_seines,1,4.72
-8.3,-80.2,2023-01,PER,other_purse_seines,1,0.13
-9.1,-78.9,2023-01,AIA,purse_seines,1,0.31
-13.7,-76.8,2023-01,PER,purse_seines,3,6.04
-9.1,-80.3,2023-03,PER,purse_seines,1,1.67
-14.1,-77.5,2023-02,PER,purse_seines,1,1.48
-8.3,-79,2023-01,PER,other_purse_seines,8,13.76
-15,-77.2,2023-02,PER,purse_seines,1,2.75
-14.7,-77.3,2023-03,PER,other_purse_seines,2,1.44
-7.8,-79.6,2023-02,AIA,purse_seines,1,2.46
-8,-79.3,2023-01,PER,pole_and_line,1,1.3
-7.6,-79.8,2023-02,HND,other_purse_seines,1,4.21
-12.1,-77.3,2023-02,PER,pole_and_line,1,1.24
-9.2,-78.7,2023-01,GBR,other_purse_seines,1,2.67
-14.8,-77.5,2023-02,PER,set_gillnets,1,1
-15.4,-78.9,2023-02,PER,tuna_purse_seines,1,1.29
-9.4,-78.6,2023-01,PER,other_purse_seines,15,16.48
-18.1,-70.9,2023-02,NA,other_purse_seines,1,0.6
-12.4,-78.8,2023-03,PER,other_purse_seines,3,2.52
-6.3,-81.4,2023-03,PER,other_purse_seines,1,2.86
-16.8,-77.1,2023-03,NA,purse_seines,1,2.34
-8.1,-79.9,2023-02,PER,other_purse_seines,1,1.68
-10.7,-78.3,2023-02,PER,other_purse_seines,1,1.3
-15.4,-77.3,2023-02,PER,tuna_purse_seines,1,4
-8,-79.5,2023-01,PER,pole_and_line,1,3.23
-8.1,-79.2,2023-01,PER,tuna_purse_seines,1,0.17
-9.3,-80.1,2023-03,PER,purse_seines,1,0.8
-6.4,-81,2023-01,GBR,other_purse_seines,1,0.14
-4,-81.1,2023-02,PER,other_purse_seines,1,0.81
-15.4,-77.3,2023-03,PER,other_purse_seines,3,6.36
-14.3,-77.9,2023-02,PER,tuna_purse_seines,1,0.42
-9.9,-78.3,2023-01,PER,fishing,1,2.64
-12.2,-78.5,2023-02,PER,set_longlines,1,0.16
-12,-77.5,2023-03,PER,other_purse_seines,2,8.18
-6.6,-80.9,2023-03,PER,other_purse_seines,1,3.49
-17.5,-77.9,2023-03,PER,tuna_purse_seines,1,1.92
-7.3,-80,2023-01,GBR,other_purse_seines,1,2.25
-9.7,-78.4,2023-02,PER,other_purse_seines,6,11.68
-12.9,-79.4,2023-03,PER,purse_seines,1,0.31
-12.2,-78.3,2023-02,PER,set_longlines,1,0.21
-7.9,-79.6,2023-01,PER,fishing,2,9.39
-14.8,-77.4,2023-03,PER,other_purse_seines,1,0.64
-15,-77.3,2023-03,NA,other_purse_seines,1,0.36
-8.6,-79.4,2023-02,PER,other_purse_seines,1,0.01
-16.8,-78.2,2023-03,PER,other_purse_seines,1,13.71
-11.3,-77.8,2023-01,PER,inconclusive,1,0.61
-16.2,-77.2,2023-03,ECU,tuna_purse_seines,1,0.09
-8.3,-79.1,2023-01,HND,other_purse_seines,1,2.14
-14.3,-77.2,2023-02,PER,set_longlines,1,2.05
-8.2,-79.6,2023-02,NA,other_purse_seines,1,1.16
-7.8,-79.6,2023-01,PER,other_purse_seines,56,137.18
-16.4,-78.5,2023-02,ECU,tuna_purse_seines,2,1.81
-16.8,-72.7,2023-02,PER,other_purse_seines,1,1.71
-7.3,-79.7,2023-01,PER,tuna_purse_seines,3,3.42
-12,-77.1,2023-02,PER,inconclusive,1,1.22
-11.5,-77.5,2023-02,PER,other_purse_seines,1,0.28
-9.4,-78.6,2023-01,AIA,purse_seines,1,0.47
-12.9,-77.9,2023-03,PER,other_purse_seines,1,0.28
-5.7,-81.1,2023-01,PER,other_purse_seines,1,0.49
-7.1,-80,2023-01,PER,tuna_purse_seines,3,4.21
-12.3,-77.2,2023-01,HND,other_purse_seines,1,0.76
-11.9,-78.1,2023-03,PER,pole_and_line,1,1.3
-5.2,-82.3,2023-02,PER,other_purse_seines,1,4.63
-7.7,-79.6,2023-02,PER,fishing,2,1.87
-7.1,-79.9,2023-02,PER,other_purse_seines,2,8.19
-14.6,-77.3,2023-03,PER,other_purse_seines,1,2.06
-8.8,-79.3,2023-02,PER,other_purse_seines,1,0.23
-11.5,-81.1,2023-03,ECU,tuna_purse_seines,1,1.5
-17,-77.9,2023-03,PER,tuna_purse_seines,2,17.04
-8.2,-79.2,2023-01,PER,tuna_purse_seines,4,6.36
-12.1,-77.2,2023-03,PER,inconclusive,2,131.65
-12.4,-77.2,2023-01,PER,purse_seines,2,3.72
-15,-77.7,2023-02,PER,other_purse_seines,6,9.7
-13.1,-78.3,2023-03,PER,other_purse_seines,2,1.18
-6.8,-80.4,2023-03,PER,other_purse_seines,1,2.05
-15.2,-77.5,2023-02,NA,other_purse_seines,1,1.71
-11.8,-77.3,2023-01,PER,inconclusive,1,1.02
-12.3,-79.4,2023-02,PER,tuna_purse_seines,1,3
-12.6,-76.8,2023-01,NA,other_purse_seines,1,2.46
-11.5,-81,2023-02,PER,tuna_purse_seines,1,7.36
-8,-79.4,2023-01,HND,other_purse_seines,1,5.53
-6.5,-83,2023-03,PAN,tuna_purse_seines,1,0.5
-6.6,-81.1,2023-01,PER,tuna_purse_seines,2,5.23
-12.2,-77.1,2023-03,PER,inconclusive,1,2.79
-11.8,-77.5,2023-01,PER,inconclusive,1,1.51
-7.7,-79.7,2023-01,PER,tuna_purse_seines,6,10.99
-10.5,-78.1,2023-02,PER,other_purse_seines,32,83.13
-17.5,-71.6,2023-02,PER,other_purse_seines,1,0.71
-15.2,-77.3,2023-02,NA,other_purse_seines,1,2.12
-7.7,-79.4,2023-02,PER,other_purse_seines,2,2.82
-14.5,-76.9,2023-03,NA,other_purse_seines,1,2.23
-14.6,-77.5,2023-02,PER,fishing,1,4.52
-8.4,-79.6,2023-01,PER,other_purse_seines,2,2.1
-6.1,-81.2,2023-01,PER,other_purse_seines,8,13.79
-13.7,-76.6,2023-01,PER,tuna_purse_seines,1,4.1
-16.7,-77.2,2023-03,ECU,tuna_purse_seines,1,5.48
-15.5,-77.2,2023-02,PER,other_purse_seines,2,2.63
-16.2,-78.5,2023-02,ECU,tuna_purse_seines,1,4.6
-11.5,-77.5,2023-01,PER,pole_and_line,2,7.83
-13.5,-77.8,2023-01,PER,set_gillnets,1,0.78
-13.4,-76.7,2023-01,PER,other_purse_seines,8,17.26
-10.4,-79.3,2023-02,PER,other_purse_seines,1,0.58
-14.6,-77.8,2023-02,PER,purse_seines,1,5.83
-10.1,-78.8,2023-02,PER,other_purse_seines,1,1.25
-9.8,-78.5,2023-01,PER,other_purse_seines,17,23.64
-8.3,-79.8,2023-02,PER,other_purse_seines,4,9.3
-6.3,-81,2023-01,PER,pole_and_line,1,3.99
-9.2,-82.8,2023-02,NA,purse_seines,1,2.91
-9.8,-81.4,2023-02,PER,tuna_purse_seines,1,0.17
-9.8,-78.4,2023-02,PER,fishing,1,0.71
-6.8,-80.7,2023-01,PER,other_purse_seines,30,111.65
-7.7,-79.7,2023-01,NA,other_purse_seines,2,4.82
-8.1,-79.2,2023-01,PER,fishing,1,3.36
-3.8,-82.2,2023-02,PER,other_purse_seines,1,0.18
-15.4,-77.7,2023-02,NA,other_purse_seines,1,2.02
-14.2,-77.4,2023-01,PER,pole_and_line,2,2.64
-11,-77.8,2023-01,PER,other_purse_seines,22,39.59
-11.9,-77.4,2023-01,PER,inconclusive,1,3.18
-4.7,-81.8,2023-02,PER,other_purse_seines,1,1.38
-14.5,-77.6,2023-02,GBR,other_purse_seines,1,4.17
-7.3,-79.8,2023-01,PER,purse_seines,3,5.11
-6.9,-80.5,2023-01,PER,tuna_purse_seines,7,18.55
-6.7,-81.4,2023-03,PER,other_purse_seines,2,11.56
-16.2,-77,2023-03,PER,tuna_purse_seines,1,0.11
-4.2,-81.5,2023-03,ECU,fishing,1,2.98
-14.7,-76.9,2023-01,PER,pole_and_line,1,0.31
-13.8,-76.5,2023-01,PER,tuna_purse_seines,1,0.81
-6,-81.3,2023-01,PER,tuna_purse_seines,5,8.74
-14.5,-78.6,2023-03,ECU,tuna_purse_seines,1,4.82
-9.7,-78.5,2023-01,HND,other_purse_seines,1,9.66
-5,-82.6,2023-02,PER,other_purse_seines,1,5.8
-18,-71.1,2023-02,PER,other_purse_seines,6,8.18
-15.1,-75.5,2023-01,PER,other_purse_seines,6,9.8
-12.7,-76.9,2023-01,PER,purse_seines,2,5.22
-15.8,-78.8,2023-02,PER,tuna_purse_seines,1,1.09
-15.1,-77,2023-02,PER,purse_seines,1,0.65
-15,-78.2,2023-02,ECU,tuna_purse_seines,1,6.05
-9.3,-78.7,2023-01,PER,fishing,1,3.19
-8,-79.3,2023-01,PER,other_purse_seines,22,58.35
-10,-78.3,2023-01,PER,purse_seines,2,1.85
-11.9,-77.6,2023-01,PER,other_purse_seines,9,11.39
-12.8,-77.3,2023-03,PER,other_purse_seines,2,2.2
-12.2,-78.7,2023-02,PER,fishing,1,3.03
-13.6,-76.7,2023-01,PER,other_purse_seines,5,6
-3.7,-82.6,2023-03,ECU,tuna_purse_seines,1,0.97
-14.6,-76.3,2023-03,PER,other_purse_seines,1,3.53
-6.7,-80.7,2023-01,PER,other_purse_seines,28,48.26
-6.8,-81.4,2023-03,ECU,fishing,1,0.99
-6.7,-80.4,2023-02,PER,tuna_purse_seines,2,4.45
-12.1,-77.3,2023-01,NA,other_purse_seines,4,13.87
-12.2,-77,2023-02,PER,inconclusive,1,0.25
-11.8,-77.8,2023-02,PER,other_purse_seines,2,2.76
-12.2,-77.2,2023-01,PER,other_purse_seines,52,169.4
-14.9,-77.8,2023-02,PER,tuna_purse_seines,1,0.52
-9.9,-78.9,2023-02,PER,other_purse_seines,1,1.91
-14,-76.6,2023-03,PER,other_purse_seines,1,2.56
-7.8,-79.7,2023-01,PER,tuna_purse_seines,6,13.69
-9.9,-78.4,2023-02,PER,purse_seines,1,1.57
-8,-79.5,2023-02,NA,other_purse_seines,1,0.63
-13.1,-76.8,2023-01,NA,other_purse_seines,1,2.44
-8.6,-79.6,2023-01,PER,other_purse_seines,1,1.55
-14.9,-77.4,2023-03,PER,purse_seines,1,0.6
-16.8,-78.1,2023-03,PER,tuna_purse_seines,2,4.94
-9.7,-78.6,2023-01,PER,other_purse_seines,4,1.34
-12.8,-76.7,2023-01,HND,other_purse_seines,1,1.36
-8.9,-82.3,2023-03,ECU,tuna_purse_seines,1,0.26
-12.3,-77.1,2023-01,NA,other_purse_seines,6,22.87
-3.6,-81.2,2023-02,ECU,tuna_purse_seines,1,0.31
-14,-78,2023-02,PER,tuna_purse_seines,1,7.22
-10.8,-81.4,2023-03,ECU,tuna_purse_seines,1,0.12
-12,-78.6,2023-02,PER,set_longlines,1,3.52
-13.3,-76.6,2023-01,NA,other_purse_seines,1,3.29
-12.9,-76.7,2023-01,PER,purse_seines,3,27.25
-7.9,-79.5,2023-01,PER,other_purse_seines,50,165.13
-8.2,-79.3,2023-01,PER,fishing,2,5.91
-16.9,-77,2023-03,PER,tuna_purse_seines,1,4.66
-11.9,-77.4,2023-02,PER,purse_seines,1,0.48
-16.7,-78.7,2023-02,PER,tuna_purse_seines,1,3
-15.4,-77.8,2023-02,PER,set_gillnets,1,2.06
-9,-78.9,2023-01,PER,fishing,1,0.41
-11.2,-78,2023-01,PER,other_purse_seines,3,1.74
-15.5,-77.1,2023-03,PER,other_purse_seines,6,10.32
-13.6,-76.5,2023-01,NA,other_purse_seines,2,4.26
-13.7,-76.7,2023-01,PER,other_purse_seines,7,6.89
-14.3,-76.9,2023-03,PER,other_purse_seines,1,1.18
-6.6,-80.7,2023-01,NA,inconclusive,1,3.42
-9,-80.6,2023-03,PER,other_purse_seines,2,1.75
-8.4,-79.8,2023-02,PER,purse_seines,1,2.23
-17,-77.7,2023-03,NA,purse_seines,1,19.23
-7.7,-79.6,2023-01,PER,other_purse_seines,61,206.21
-15.4,-77.4,2023-02,PER,set_gillnets,1,2.19
-15.2,-75.5,2023-01,PER,other_purse_seines,1,1.18
-6.6,-81.2,2023-01,PER,other_purse_seines,1,1.03
-12.6,-77,2023-01,NA,other_purse_seines,7,18.01
-8,-79.6,2023-02,HND,other_purse_seines,1,6.02
-13.6,-76.3,2023-01,NA,other_purse_seines,1,2.27
-13.8,-78.1,2023-02,PER,fishing,1,1.98
-7.6,-79.9,2023-02,PER,other_purse_seines,9,28.02
-15,-77.6,2023-02,PER,tuna_purse_seines,1,2.97
-12.4,-77.5,2023-03,PER,pole_and_line,1,9.72
-7.6,-80,2023-01,PER,tuna_purse_seines,2,2.48
-8.2,-79.1,2023-01,PER,other_purse_seines,50,98.9
-14.9,-75.9,2023-01,PER,inconclusive,1,2.68
-10.1,-80.9,2023-02,PER,tuna_purse_seines,2,9.35
-12.4,-77.3,2023-03,PER,pole_and_line,1,4.1
-8.5,-79,2023-02,PER,other_purse_seines,1,0.07
-15.9,-77.9,2023-03,ECU,tuna_purse_seines,2,8.22
-9.6,-78.5,2023-01,HND,other_purse_seines,1,0.08
-12.9,-76.9,2023-02,PER,tuna_purse_seines,1,1.9
-15.3,-77.3,2023-02,PER,set_gillnets,1,0.28
-7.8,-79.9,2023-01,PER,purse_seines,3,4.63
-14.2,-76.7,2023-02,PER,set_gillnets,1,0.95
-4.2,-82.4,2023-02,PER,other_purse_seines,1,3.65
-14,-77.1,2023-01,PER,pole_and_line,1,0.91
-9.6,-78.6,2023-01,PER,other_purse_seines,22,47.88
-10,-78.4,2023-01,PER,other_purse_seines,28,57.29
-15.3,-77.5,2023-02,PER,set_gillnets,1,0.74
-5.5,-81,2023-02,PER,other_purse_seines,1,4.21
-7.8,-82.8,2023-03,PAN,tuna_purse_seines,1,0.07
-16.7,-77,2023-03,PER,tuna_purse_seines,3,23.27
-10,-81.5,2023-02,PER,tuna_purse_seines,1,2.01
-7.3,-80,2023-01,PER,purse_seines,2,4.14
-10.9,-78,2023-01,PER,other_purse_seines,6,11.41
-6.8,-80.6,2023-01,PER,tuna_purse_seines,3,2.9
-12,-77.1,2023-01,PER,purse_seines,3,21.28
-9.5,-78.8,2023-01,PER,other_purse_seines,1,1.25
-9.2,-83,2023-02,NA,purse_seines,1,2.08
-13.9,-78.2,2023-02,PER,fishing,1,5.07
-12.2,-77.7,2023-03,PER,pole_and_line,1,1.71
-7.7,-79.4,2023-02,PER,fishing,1,1.17
-8,-79.5,2023-02,PER,other_purse_seines,5,8.57
-15.6,-77.3,2023-02,PER,purse_seines,1,1.18
-6.9,-81.3,2023-03,PER,other_purse_seines,1,0.19
-18.2,-70.8,2023-01,NA,other_purse_seines,1,0.82
-13.2,-78.2,2023-02,PER,set_gillnets,1,1.55
-11.1,-77.7,2023-01,PER,tuna_purse_seines,2,3.29
-17.8,-71.3,2023-02,PER,other_purse_seines,4,3.97
-14.1,-76.6,2023-02,PER,set_gillnets,1,1.13
-16.6,-78.5,2023-03,PER,tuna_purse_seines,1,2.18
-15.4,-78.8,2023-03,ECU,tuna_purse_seines,1,1.4
-13.9,-77.1,2023-02,NA,pole_and_line,1,1.76
-15,-79,2023-02,PER,tuna_purse_seines,1,7.14
-11.7,-77.6,2023-01,PER,pole_and_line,1,4.96
-9.1,-78.6,2023-02,PER,purse_seines,4,17.21
-13,-76.6,2023-01,PER,purse_seines,1,1.27
-13.6,-76.8,2023-01,NA,other_purse_seines,1,3.95
-15.4,-77.5,2023-02,PER,set_gillnets,1,5.21
-15.4,-76.5,2023-03,PER,purse_seines,1,0.31
-15,-75.6,2023-02,PER,other_purse_seines,10,22.31
-3.5,-81.3,2023-02,ECU,other_purse_seines,1,0.22
-8.4,-79.5,2023-02,PER,purse_seines,1,0.78
-9.4,-82.4,2023-02,PER,tuna_purse_seines,1,1.16
-10.2,-79.3,2023-02,PER,other_purse_seines,1,0.87
-16.8,-77.2,2023-03,ECU,tuna_purse_seines,1,2.84
-4.2,-81.3,2023-02,PER,other_purse_seines,2,0.34
-15.4,-77.3,2023-02,PER,set_gillnets,1,1.06
-15.6,-77.8,2023-02,PER,tuna_purse_seines,1,1.46
-10,-81,2023-02,PER,tuna_purse_seines,1,20.72
-5.5,-81.5,2023-02,PER,other_purse_seines,1,0.07
-8.2,-79.5,2023-01,HND,other_purse_seines,1,0.11
-13.8,-76.6,2023-01,NA,other_purse_seines,2,4.53
-6.6,-81.4,2023-03,PER,other_purse_seines,1,1.43
-14.5,-77.7,2023-02,PER,other_purse_seines,9,14.29
-12.4,-77.4,2023-03,PER,pole_and_line,1,1.15
-6.8,-80.1,2023-01,PER,tuna_purse_seines,2,3.77
-17.8,-71.3,2023-02,PER,fishing,1,0.73
-9.8,-81.1,2023-01,PER,tuna_purse_seines,1,6.06
-15.1,-77.3,2023-03,PER,other_purse_seines,4,5.2
-15.5,-77.6,2023-02,PER,tuna_purse_seines,1,2.73
-12.4,-77,2023-03,PER,pole_and_line,1,0.46
-16.6,-78,2023-03,PER,tuna_purse_seines,1,5
-15.4,-76.8,2023-03,PER,other_purse_seines,1,0.17
-8.7,-79.1,2023-01,PER,other_purse_seines,5,7.27
-16.6,-73.3,2023-02,NA,other_purse_seines,1,1.63
-11.8,-77.5,2023-01,PER,other_purse_seines,19,51.48
-9.9,-81.3,2023-02,PER,tuna_purse_seines,1,8.93
-9,-80.1,2023-03,PER,other_purse_seines,2,1.89
-10.5,-78.4,2023-01,PER,other_purse_seines,2,0.38
-13.8,-76.9,2023-01,PER,fishing,1,0.19
-15.2,-77.7,2023-02,PER,set_gillnets,1,0.11
-14.3,-76.9,2023-02,PER,set_gillnets,1,2.97
-14.5,-77.7,2023-02,PER,purse_seines,1,2.89
-8.4,-79.2,2023-01,PER,tuna_purse_seines,2,2.12
-12.1,-77.4,2023-03,PER,other_purse_seines,3,8.28
-12.8,-77,2023-01,PER,tuna_purse_seines,1,2.91
-15.5,-78.7,2023-03,PER,fishing,1,0.68
-5.6,-81.2,2023-01,PER,purse_seines,1,1.86
-14.2,-76.9,2023-01,PER,pole_and_line,1,3.62
-15.3,-77.8,2023-02,PER,set_gillnets,1,5.18
-6.5,-80.8,2023-01,PER,tuna_purse_seines,7,12.16
-7.5,-79.9,2023-01,HND,other_purse_seines,1,2.95
-17.6,-71.6,2023-01,PER,other_purse_seines,1,0.28
-5.6,-81.1,2023-01,PER,other_purse_seines,4,2.85
-7.2,-80,2023-01,PER,tuna_purse_seines,3,3.56
-9.1,-78.6,2023-01,PER,other_purse_seines,8,5.04
-7.3,-80.3,2023-01,PER,purse_seines,1,0.36
-8.3,-79.8,2023-02,PER,purse_seines,1,4.12
-11.9,-77.3,2023-03,PER,fishing,1,1.32
-14.2,-77.2,2023-03,PER,purse_seines,1,1.2
-16.9,-78.2,2023-03,PER,other_purse_seines,1,7.06
-12.2,-77.2,2023-01,PER,fishing,1,0.24
-8.2,-79.6,2023-01,PER,other_purse_seines,5,10.9
-6.2,-81.2,2023-01,PER,other_purse_seines,3,4.86
-12.3,-77.3,2023-03,PER,pole_and_line,1,1.46
-9.1,-80.3,2023-03,PER,other_purse_seines,2,3.81
-13.9,-76.6,2023-01,PER,tuna_purse_seines,1,0.47
-10.5,-81.6,2023-03,ECU,tuna_purse_seines,1,0.18
-9.8,-79.8,2023-02,PER,other_purse_seines,1,3.66
-7.6,-79.7,2023-01,PER,tuna_purse_seines,7,23.26
-7.3,-79.9,2023-01,PER,fishing,1,1.64
-12.3,-77.9,2023-03,PER,pole_and_line,1,0.43
-16.3,-78.5,2023-02,ECU,tuna_purse_seines,1,2.06
-13.5,-77.9,2023-02,AIA,purse_seines,1,5.94
-12.9,-76.7,2023-01,PER,other_purse_seines,42,237.56
-7.9,-79.6,2023-01,PER,purse_seines,8,25.62
-12.3,-77.5,2023-03,PER,pole_and_line,1,2.39
-7.9,-79.8,2023-02,PER,other_purse_seines,13,27.85
-12.2,-77.2,2023-03,PER,pole_and_line,1,1.62
-8.5,-79.5,2023-02,PER,other_purse_seines,1,2.38
-12.2,-78.2,2023-02,PER,fishing,1,4.13
-7.4,-80.1,2023-01,PER,purse_seines,1,0.98
-9,-78.8,2023-01,PER,other_purse_seines,14,14.59
-13.7,-77.6,2023-01,PER,set_gillnets,1,0.71
-16.5,-76.9,2023-03,PER,tuna_purse_seines,2,2.92
-14.9,-77.2,2023-02,NA,other_purse_seines,1,1.75
-13.1,-77.3,2023-02,PER,pole_and_line,1,0.22
-9.9,-78.4,2023-02,PER,other_purse_seines,10,10.42
-15.3,-77.1,2023-02,PER,purse_seines,1,2.5
-18.1,-71,2023-02,NA,other_purse_seines,1,2.44
-6.7,-82.4,2023-03,ECU,tuna_purse_seines,1,0.28
-10.8,-78.1,2023-01,PER,other_purse_seines,1,1.66
-11.2,-77.9,2023-02,PER,other_purse_seines,1,0.3
-8.2,-79.1,2023-01,PER,pole_and_line,1,1.92
-8.6,-79.1,2023-01,PER,other_purse_seines,5,2.11
-13.9,-77.4,2023-03,PER,other_purse_seines,1,0.7
-7.8,-79.9,2023-02,PER,other_purse_seines,7,27.11
-9,-80.2,2023-03,PER,purse_seines,1,1.68
-7.9,-79.5,2023-02,PER,fishing,1,1.58
-15.2,-77.3,2023-03,PER,other_purse_seines,5,8.02
-14.4,-79.3,2023-03,ECU,tuna_purse_seines,1,0.04
-15.3,-77.4,2023-02,PER,tuna_purse_seines,1,2.23
-12.8,-76.7,2023-01,PER,purse_seines,1,0.08
-4.5,-81.6,2023-02,PER,other_purse_seines,1,0.08
-7.4,-80.1,2023-01,PER,tuna_purse_seines,1,1.31
-5.3,-82.8,2023-02,PER,other_purse_seines,1,2.31
-8.9,-80.3,2023-03,PER,other_purse_seines,1,0.57
-12.3,-78.9,2023-03,PER,other_purse_seines,1,0.64
-12.4,-77.1,2023-01,PER,tuna_purse_seines,1,0.77
-7.8,-79.7,2023-01,GBR,other_purse_seines,1,2.05
-8.5,-79.3,2023-01,PER,other_purse_seines,1,1.89
-12.7,-78.3,2023-03,PER,other_purse_seines,1,1.56
-12.4,-77.1,2023-01,NA,other_purse_seines,4,6.01
-15.7,-77.8,2023-02,PER,tuna_purse_seines,1,9.49
-12.7,-76.8,2023-01,PER,purse_seines,4,16.15
-10,-78.4,2023-01,PER,purse_seines,4,10.91
-12.3,-77.3,2023-03,PER,other_purse_seines,5,9.54
-12.5,-77.1,2023-01,PER,purse_seines,2,2.82
-12,-77.2,2023-02,HND,other_purse_seines,1,0.08
-17.2,-71.9,2023-01,NA,other_purse_seines,1,6.76
-10.1,-79.3,2023-02,PER,other_purse_seines,1,1
-6.3,-81.1,2023-01,PER,tuna_purse_seines,2,2.5
-6.7,-82.7,2023-01,PAN,tuna_purse_seines,1,0.45
-8.1,-79.6,2023-01,PER,other_purse_seines,41,77.68
-15.5,-77.6,2023-02,NA,other_purse_seines,1,0.55
-9.2,-80.3,2023-03,PER,other_purse_seines,7,54.98
-14.1,-79.9,2023-02,PER,tuna_purse_seines,1,11.78
-16,-77.8,2023-02,ECU,tuna_purse_seines,1,0.99
-16.7,-78.2,2023-03,PER,other_purse_seines,1,5.91
-6.8,-81.9,2023-03,PER,other_purse_seines,1,6.29
-8,-83.6,2023-03,ECU,tuna_purse_seines,1,0.13
-7.6,-80.3,2023-03,PER,other_purse_seines,1,0.37
-14.9,-77.5,2023-03,PER,purse_seines,1,4.79
-9.4,-78.9,2023-02,PER,other_purse_seines,1,1.5
-6.6,-80.6,2023-01,PER,tuna_purse_seines,1,1.07
-14.4,-77.8,2023-02,PER,tuna_purse_seines,2,1.31
-15.3,-77.4,2023-03,PER,other_purse_seines,9,26.28
-14.6,-76.9,2023-01,PER,fishing,1,15.62
-15.2,-77.3,2023-02,PER,tuna_purse_seines,1,0.77
-17.3,-71.8,2023-02,PER,other_purse_seines,1,2.68
-15.1,-77.2,2023-03,NA,other_purse_seines,1,1.88
-11.9,-77.3,2023-02,PER,purse_seines,1,0.31
-12.2,-78.8,2023-03,PER,other_purse_seines,6,8.04
-8,-79.8,2023-01,PER,other_purse_seines,2,0.66
-9.5,-78.5,2023-02,PER,other_purse_seines,4,3.06
-7.7,-79.6,2023-01,PER,purse_seines,6,10.81
-7.4,-79.7,2023-01,NA,other_purse_seines,1,1.24
-6.7,-80.2,2023-01,PER,other_purse_seines,5,10.22
-10.9,-77.9,2023-02,PER,other_purse_seines,3,5.05
-7.2,-80.1,2023-01,PER,purse_seines,2,7.13
-14.9,-77.3,2023-03,PER,other_purse_seines,5,5.05
-12.2,-77.4,2023-03,PER,other_purse_seines,1,0.41
-15.4,-77.4,2023-02,PER,tuna_purse_seines,1,0.51
-9.9,-79,2023-01,PER,other_purse_seines,1,0.11
-9.6,-78.5,2023-01,PER,other_purse_seines,43,67.47
-6.9,-80.4,2023-02,PER,tuna_purse_seines,1,1.8
-13.9,-76.5,2023-02,PER,set_gillnets,1,1.5
-11.8,-77.3,2023-01,NA,other_purse_seines,3,7.76
-13.5,-76.2,2023-02,PER,other_purse_seines,4,6.53
-6.9,-80.7,2023-01,PER,other_purse_seines,1,0.08
-11.8,-77.4,2023-03,PER,fishing,1,0.97
-10,-81.6,2023-02,PER,tuna_purse_seines,1,0.42
-16.7,-77.1,2023-03,PER,tuna_purse_seines,2,8.58
-15,-77.5,2023-03,PER,other_purse_seines,1,3.21
-4.3,-82.3,2023-02,PER,other_purse_seines,1,1.82
-15.4,-78.8,2023-02,PER,tuna_purse_seines,1,8.03
-14.7,-77.4,2023-03,PER,other_purse_seines,4,4.58
-11.8,-77.5,2023-01,NA,other_purse_seines,1,4.34
-6.5,-81.7,2023-02,PER,other_purse_seines,2,5
-8.9,-80.1,2023-01,PER,tuna_purse_seines,1,0.1
-10,-78.3,2023-02,NA,other_purse_seines,1,0.99
-8.2,-79.1,2023-01,HND,other_purse_seines,1,0.59
-5.5,-81.1,2023-02,PER,other_purse_seines,1,0.15
-14.9,-76.4,2023-03,PER,pole_and_line,1,0.75
-15.6,-76.4,2023-03,PER,other_purse_seines,1,0.89
-9.8,-78.4,2023-02,PER,other_purse_seines,4,1.77
-8,-79.6,2023-02,PER,other_purse_seines,11,12.91
-10.9,-78.1,2023-01,PER,other_purse_seines,2,2.08
-6.8,-80.5,2023-01,PER,tuna_purse_seines,3,2.16
-7.5,-79.7,2023-02,PER,tuna_purse_seines,1,1.55
-7.7,-82.9,2023-03,ECU,tuna_purse_seines,1,3.2
-9.2,-78.8,2023-02,PER,other_purse_seines,4,7.58
-14.2,-77.9,2023-02,PER,tuna_purse_seines,1,1.37
-9,-80.5,2023-03,PER,other_purse_seines,6,14.05
-11,-77.8,2023-01,PER,purse_seines,3,6.28
-7.7,-79.5,2023-01,PER,other_purse_seines,10,3.89
-11.9,-77.4,2023-01,NA,other_purse_seines,1,2.28
-11.2,-78.1,2023-01,PER,other_purse_seines,1,0.45
-15.5,-77,2023-03,PER,other_purse_seines,6,29.11
-16.8,-77.7,2023-03,PER,other_purse_seines,1,8.01
-7.5,-79.7,2023-03,PER,other_purse_seines,1,5.13
-7.1,-80.1,2023-01,AIA,purse_seines,1,5.43
-9.3,-78.7,2023-01,GBR,other_purse_seines,1,0.08
-10.8,-77.9,2023-02,PER,other_purse_seines,2,4.06
-13,-76.7,2023-02,PER,other_purse_seines,4,2.79
-6.4,-81.5,2023-03,ECU,fishing,1,2.15
-7.9,-79.5,2023-01,PER,fishing,3,19.56
-14.1,-77.2,2023-01,PER,set_gillnets,1,3.03
-14.1,-77.3,2023-02,PER,pole_and_line,1,2
-14.2,-77.1,2023-01,PER,set_gillnets,1,2.03
-16.8,-78.1,2023-03,NA,purse_seines,1,7.53
-14.7,-77.4,2023-02,PER,tuna_purse_seines,2,3.46
-5.7,-81.1,2023-01,NA,inconclusive,1,2.33
-12.2,-77.2,2023-01,SSD,tuna_purse_seines,1,12.83
-9.9,-78.4,2023-01,NA,other_purse_seines,2,7.97
-7.4,-80.3,2023-02,PER,tuna_purse_seines,1,0.95
-9,-78.8,2023-01,PER,purse_seines,1,1.34
-17.2,-77.1,2023-03,PER,fishing,1,0.09
-15,-77.5,2023-02,PER,tuna_purse_seines,1,2.14
-17.5,-77.8,2023-03,PER,tuna_purse_seines,2,10.13
-8,-79.5,2023-01,PER,purse_seines,4,10.31
-17.2,-71.9,2023-02,PER,other_purse_seines,3,4.94
-7.1,-80.2,2023-01,PER,other_purse_seines,5,8.66
-8,-79.3,2023-01,PER,purse_seines,1,1.53
-9.6,-78.6,2023-01,HND,other_purse_seines,1,0.09
-15.4,-77.4,2023-03,PER,other_purse_seines,2,2.94
-14.3,-77.8,2023-02,PER,tuna_purse_seines,3,8.3
-14.8,-76.5,2023-03,PER,pole_and_line,1,0.42
-13.2,-77.2,2023-03,PER,purse_seines,1,0.24
-14,-76.5,2023-03,PER,other_purse_seines,1,0.8
-6.8,-80.3,2023-01,PER,purse_seines,4,11.24
-6.3,-81,2023-01,PER,purse_seines,4,5.52
-11.5,-77.4,2023-01,PER,other_purse_seines,2,2.85
-14.1,-76.6,2023-03,PER,pole_and_line,1,5.01
-7.4,-80,2023-01,GBR,other_purse_seines,1,3.1
-6.8,-80.5,2023-01,PER,purse_seines,1,1.01
-14.6,-77.4,2023-02,PER,pole_and_line,1,1.53
-17.2,-77.6,2023-03,PER,tuna_purse_seines,1,0.43
-6.3,-81,2023-01,GBR,other_purse_seines,1,6.37
-13.2,-76.5,2023-01,PER,pole_and_line,1,4.11
-16.3,-77.7,2023-03,PER,other_purse_seines,1,3.25
-11.7,-77.9,2023-02,ECU,tuna_purse_seines,1,1.01
-15.1,-75.6,2023-01,NA,other_purse_seines,2,2.32
-11.5,-77.5,2023-01,PER,purse_seines,3,4.39
-12.5,-77.2,2023-02,PER,other_purse_seines,1,0.48
-10.3,-78.9,2023-02,PER,purse_seines,1,0.15
-6.9,-80.1,2023-01,PER,purse_seines,4,12.41
-8.4,-79,2023-01,NA,other_purse_seines,3,7.91
-5.8,-81,2023-01,PER,other_purse_seines,1,0.24
-14.5,-77.5,2023-02,AIA,purse_seines,1,0.85
-9.7,-78.5,2023-01,PER,other_purse_seines,22,39.12
-6,-81.6,2023-03,ECU,fishing,1,0.95
-8.2,-79.8,2023-02,PER,other_purse_seines,1,0.19
-3.4,-81.2,2023-03,ECU,other_purse_seines,1,4.13
-7.4,-79.7,2023-01,PER,tuna_purse_seines,5,20.23
-9.3,-82.4,2023-02,PER,tuna_purse_seines,1,8.47
-14.4,-76.4,2023-03,NA,pole_and_line,1,6.01
-14.2,-76.7,2023-03,PER,pole_and_line,1,5.6
-9,-78.6,2023-02,PER,other_purse_seines,4,26.32
-16.6,-77.2,2023-03,ECU,tuna_purse_seines,3,12.45
-15.5,-77.7,2023-02,PER,pole_and_line,1,0.96
-7.1,-79.8,2023-02,PER,other_purse_seines,1,0.56
-7.7,-79.5,2023-02,PER,fishing,1,0.3
-17,-77.8,2023-03,PER,tuna_purse_seines,1,18.21
-14.6,-77.4,2023-03,PER,other_purse_seines,2,4.7
-9.5,-78.5,2023-01,PER,purse_seines,6,6.75
-7.9,-79.6,2023-01,PER,other_purse_seines,61,211.24
-13.6,-78.9,2023-02,PER,tuna_purse_seines,1,11.06
-12,-77.2,2023-01,ESP,drifting_longlines,2,27.21
-13.8,-76.6,2023-01,PER,tuna_purse_seines,1,1.85
-9.1,-78.6,2023-01,NA,other_purse_seines,1,1.32
-12,-77.4,2023-01,PER,tuna_purse_seines,2,2.4
-10.5,-79,2023-02,PER,other_purse_seines,1,4.55
-6.7,-81.3,2023-03,PER,other_purse_seines,1,0.49
-14.6,-77.5,2023-02,NA,pole_and_line,1,5.31
-14.9,-76.9,2023-02,PER,tuna_purse_seines,1,0.12
-9,-78.6,2023-03,PER,tuna_purse_seines,1,0.45
-5,-82.5,2023-02,PER,other_purse_seines,1,1.38
-3.4,-81.2,2023-02,ECU,tuna_purse_seines,1,2.85
-18,-71,2023-02,PER,other_purse_seines,3,5.42
-12,-77.1,2023-02,NA,other_purse_seines,1,0.11
-12.8,-76.7,2023-01,PER,other_purse_seines,7,9.94
-11,-77.9,2023-01,PER,other_purse_seines,20,32.68
-17.4,-71.9,2023-02,PER,other_purse_seines,2,1.46
-6.4,-81.4,2023-03,PER,other_purse_seines,1,0.17
-9.8,-81.3,2023-02,PER,tuna_purse_seines,1,2
-11.9,-77.5,2023-01,PER,other_purse_seines,12,14.15
-11.1,-78.1,2023-01,PER,other_purse_seines,3,1.13
-6.8,-80.3,2023-02,PER,tuna_purse_seines,1,2.45
-17.6,-77.7,2023-03,ECU,tuna_purse_seines,1,0.35
-8.3,-79.2,2023-01,PER,tuna_purse_seines,3,3.34
-15.1,-75.6,2023-01,PER,other_purse_seines,12,20.83
-16,-77.3,2023-03,PER,tuna_purse_seines,1,0.67
-3.4,-81.2,2023-02,PAN,tuna_purse_seines,1,0.79
-8.2,-79.2,2023-01,NA,other_purse_seines,3,25.33
-14.3,-76.5,2023-03,NA,pole_and_line,1,6.3
-8.1,-79.3,2023-01,PER,fishing,2,16.01
-9.2,-78.7,2023-01,NA,other_purse_seines,3,14.13
-17.5,-77.8,2023-03,NA,purse_seines,1,6.38
-9.6,-78.8,2023-02,PER,other_purse_seines,5,6.05
-13.5,-77.3,2023-01,PER,fishing,1,0.58
-12.2,-77.3,2023-01,PER,pole_and_line,2,5.82
-14.6,-77.9,2023-02,PER,tuna_purse_seines,1,1.22
-8.1,-79.5,2023-01,PER,other_purse_seines,36,63.6
-16.2,-77.6,2023-03,PER,tuna_purse_seines,1,1.28
-8.3,-79.2,2023-01,GBR,other_purse_seines,1,4.81
-12,-77.2,2023-02,PER,other_purse_seines,26,150.56
-7.6,-80,2023-02,PER,purse_seines,4,5.78
-13.3,-76.7,2023-01,PER,pole_and_line,1,0.8
-4.7,-82.8,2023-02,PER,other_purse_seines,1,3.15
-15.8,-77.9,2023-03,ECU,tuna_purse_seines,1,3.98
-6.6,-80.5,2023-01,PER,tuna_purse_seines,2,2.36
-4.8,-81.5,2023-03,ECU,fishing,1,5.75
-12.3,-77.2,2023-01,PER,pole_and_line,1,4.03
-14.6,-77.5,2023-02,PER,pole_and_line,1,0.1
-7.1,-79.9,2023-02,PER,purse_seines,1,2.91
-6.8,-80.4,2023-01,PER,purse_seines,3,3.52
-13.5,-78.3,2023-02,PER,fishing,1,2.52
-8.3,-79.4,2023-02,PER,other_purse_seines,1,1.54
-14,-76.6,2023-01,PER,purse_seines,1,3.31
-16,-77.8,2023-03,PER,tuna_purse_seines,2,3.07
-14.4,-76.5,2023-03,NA,pole_and_line,1,7.23
-12.6,-77.9,2023-02,PER,purse_seines,1,1.21
-14.1,-77.4,2023-03,PER,other_purse_seines,1,2.34
-14.4,-76.9,2023-03,PER,other_purse_seines,2,2.26
-8.4,-79.3,2023-01,NA,other_purse_seines,1,0.27
-9.5,-78.6,2023-02,PER,other_purse_seines,10,14.41
-4.4,-81.5,2023-03,ECU,fishing,1,2.02
-14.5,-77.8,2023-02,AIA,purse_seines,1,8.19
-14.3,-76.5,2023-03,PER,pole_and_line,1,1.45
-14.6,-77.4,2023-02,GBR,other_purse_seines,1,1.69
-7.7,-79.4,2023-01,PER,fishing,2,2.05
-14.7,-76.1,2023-01,PER,tuna_purse_seines,1,0.76
-11.6,-80.8,2023-02,PER,tuna_purse_seines,2,3.19
-9,-80.8,2023-01,PER,tuna_purse_seines,1,0.71
-10.1,-78.4,2023-02,PER,other_purse_seines,15,53
-5.8,-81.6,2023-01,ECU,tuna_purse_seines,1,1.48
-13.1,-77.3,2023-02,PER,tuna_purse_seines,1,0.2
-12.4,-79,2023-03,PER,pole_and_line,1,0.81
-8.5,-83,2023-03,ECU,tuna_purse_seines,1,3.7
-7.7,-79.8,2023-02,PER,other_purse_seines,17,18.92
-10.8,-78,2023-01,PER,other_purse_seines,5,4.29
-14,-78.5,2023-03,ECU,tuna_purse_seines,1,0.19
-7.3,-80.2,2023-01,PER,other_purse_seines,1,0.4
-7.4,-79.7,2023-01,GBR,other_purse_seines,1,1.04
-14.1,-76.6,2023-03,NA,pole_and_line,1,7.26
-6.4,-81.2,2023-01,PER,other_purse_seines,2,2.15
-16.8,-78.5,2023-03,PER,tuna_purse_seines,2,5.54
-16.3,-77.2,2023-03,PER,other_purse_seines,1,3
-7.8,-80.1,2023-01,PER,tuna_purse_seines,1,0.11
-16.7,-78.2,2023-03,ECU,tuna_purse_seines,2,9.88
-8.6,-79,2023-01,PER,other_purse_seines,2,2.45
-17.7,-71.4,2023-02,PER,other_purse_seines,2,3.47
-11.8,-77.5,2023-01,SSD,tuna_purse_seines,1,0.21
-12.4,-77,2023-01,PER,tuna_purse_seines,2,3.07
-7.4,-79.9,2023-02,PER,other_purse_seines,6,7.52
-7.8,-79.8,2023-02,NA,other_purse_seines,1,0.51
-7.2,-83.4,2023-03,ECU,tuna_purse_seines,1,0.16
-12,-77.2,2023-01,PER,inconclusive,2,75.56
-7.4,-80,2023-01,PER,tuna_purse_seines,5,7.57
-5,-81.6,2023-03,ECU,fishing,1,2.09
-12,-77.2,2023-03,PER,tuna_purse_seines,1,6.83
-6.3,-81,2023-01,PER,tuna_purse_seines,7,31.19
-8.3,-79,2023-01,NA,other_purse_seines,1,0.33
-18.2,-70.9,2023-02,PER,other_purse_seines,1,0.06
-13,-76.7,2023-01,PER,inconclusive,1,3.75
-16.6,-77.7,2023-03,ECU,tuna_purse_seines,1,5.66
-14.3,-76.4,2023-03,NA,pole_and_line,1,0.7
-19.3,-75.1,2023-03,PER,other_purse_seines,1,0.8
-11.3,-80.4,2023-02,PER,tuna_purse_seines,1,6.31
-16.3,-78.5,2023-03,PER,tuna_purse_seines,1,1.96
-15.9,-78.8,2023-02,PER,tuna_purse_seines,1,1.01
-7.2,-81.4,2023-03,ECU,fishing,1,0.29
-14.7,-77.4,2023-02,GBR,other_purse_seines,1,9.25
-15.5,-79,2023-03,ECU,tuna_purse_seines,1,0.35
-8.6,-79.1,2023-01,NA,other_purse_seines,1,0.08
-11.8,-77.6,2023-01,PER,other_purse_seines,9,11.84
-9,-80,2023-03,PER,other_purse_seines,1,2.05
-12.6,-76.8,2023-03,PER,other_purse_seines,1,2.23
-13.2,-77.3,2023-02,PER,tuna_purse_seines,1,0.06
-7.2,-80.1,2023-01,PER,tuna_purse_seines,3,3.53
-12.1,-77.3,2023-03,PER,fishing,1,3.09
-10.2,-78.4,2023-02,PER,other_purse_seines,2,3.7
-11.8,-77.4,2023-01,NA,other_purse_seines,3,13.05
-12.6,-76.9,2023-01,PER,inconclusive,1,6.29
-12.8,-77.1,2023-01,PER,tuna_purse_seines,1,0.13
-11.4,-77.6,2023-01,SSD,tuna_purse_seines,1,0.65
-17.6,-71.5,2023-01,PER,other_purse_seines,1,4.91
-3.5,-81.4,2023-03,ECU,fishing,1,1.04
-14.3,-77.1,2023-02,NA,pole_and_line,1,1.91
-6.2,-81.1,2023-01,PER,purse_seines,1,0.83
-4,-82.1,2023-02,PER,other_purse_seines,1,6.8
-12.2,-77.3,2023-01,CHN,fishing,1,1.2
-8.2,-79.5,2023-01,PER,other_purse_seines,11,17.04
-14.7,-77.9,2023-02,PER,tuna_purse_seines,1,4.27
-14.4,-77.1,2023-02,PER,pole_and_line,1,0.22
-13.3,-77.4,2023-03,PER,other_purse_seines,1,1.06
-9.7,-78.8,2023-02,PER,other_purse_seines,9,7.69
-9,-82.5,2023-03,PAN,tuna_purse_seines,1,2.91
-9.3,-78.7,2023-01,PER,tuna_purse_seines,2,2.13
-15.1,-76.4,2023-03,PER,other_purse_seines,1,0.72
-7.1,-80.7,2023-01,PER,other_purse_seines,1,1.29
-10.4,-78.1,2023-01,PER,other_purse_seines,14,23.31
-9.8,-78.4,2023-01,NA,other_purse_seines,4,16.72
-6.7,-81,2023-01,PER,tuna_purse_seines,5,7.45
-7.1,-80.4,2023-03,PER,other_purse_seines,1,1.43
-13.3,-78.2,2023-02,PER,fishing,1,0.79
-6.9,-80.2,2023-01,PER,other_purse_seines,24,53.55
-12.3,-78.6,2023-02,PER,pole_and_line,1,0.88
-6.3,-81.8,2023-03,PER,other_purse_seines,1,3
-11,-78,2023-02,PER,other_purse_seines,1,0.41
-14.8,-77.3,2023-02,GBR,other_purse_seines,1,5.28
-12.9,-76.7,2023-01,HND,other_purse_seines,1,8.13
-7.7,-79.6,2023-02,NA,other_purse_seines,1,0.27
-7.5,-79.7,2023-02,GBR,other_purse_seines,1,2.15
-17.9,-71.4,2023-02,PER,other_purse_seines,1,0.64
-15.4,-77.9,2023-02,PER,tuna_purse_seines,1,0.89
-7.5,-79.7,2023-01,PER,pole_and_line,1,5.06
-5.5,-81.6,2023-02,PER,other_purse_seines,1,6.44
-12.4,-77.8,2023-03,PER,other_purse_seines,1,0.99
-10.3,-78.3,2023-02,PER,other_purse_seines,1,0.41
-12.7,-77,2023-01,PER,pole_and_line,2,4.19
-11,-77.9,2023-01,PER,purse_seines,2,7.25
-11.9,-77.3,2023-01,NA,other_purse_seines,4,7.59
-14.5,-76.1,2023-01,PER,purse_seines,1,2.02
-15.4,-77.4,2023-02,GBR,other_purse_seines,1,0.35
-8,-79.4,2023-01,PER,purse_seines,4,10.65
-10.6,-78.1,2023-02,PER,purse_seines,1,1.61
-10.9,-78.6,2023-01,PER,other_purse_seines,1,0.21
-12.1,-77.2,2023-01,PER,fishing,1,21.6
-7.5,-79.9,2023-01,PER,other_purse_seines,53,157.36
-11.9,-77.8,2023-02,PER,other_purse_seines,1,1.81
-9.3,-78.7,2023-02,PER,fishing,1,4.78
-5.4,-81.3,2023-01,PER,pole_and_line,1,2.95
-9.8,-81,2023-01,PER,tuna_purse_seines,1,3.31
-9.1,-78.6,2023-01,HND,other_purse_seines,1,0.25
-14.8,-77.8,2023-02,PER,tuna_purse_seines,1,8.08
-13.2,-77.3,2023-03,PER,other_purse_seines,1,0.06
-7.5,-80,2023-02,PER,tuna_purse_seines,1,1.47
-15.6,-76.9,2023-03,PER,other_purse_seines,1,3.83
-8.7,-79,2023-01,PER,other_purse_seines,5,6.16
-15,-77,2023-01,PER,set_gillnets,1,2.22
-16.9,-78.2,2023-03,ECU,tuna_purse_seines,2,11.14
-14.2,-77.6,2023-01,PER,set_gillnets,1,2.98
-11,-77.9,2023-01,PER,fishing,1,3.3
-9,-78.9,2023-01,PER,purse_seines,1,2.56
-12.9,-76.6,2023-01,PER,inconclusive,1,1.11
-3.8,-82.6,2023-03,ECU,tuna_purse_seines,1,1.86
-16.5,-77.8,2023-03,PER,tuna_purse_seines,2,3.85
-16.6,-78.1,2023-03,PER,tuna_purse_seines,1,2.51
-14,-76.9,2023-01,PER,set_gillnets,1,3.46
-15.3,-76.8,2023-03,PER,pole_and_line,1,1.19
-12.2,-77.2,2023-03,PER,fishing,1,1.78
-15.5,-77.5,2023-02,AIA,purse_seines,1,0.76
-6.9,-83.4,2023-03,ECU,tuna_purse_seines,1,0.2
-12.4,-79.4,2023-02,PER,tuna_purse_seines,1,1.54
-12.6,-76.9,2023-02,PER,purse_seines,3,5.84
-15.4,-76.9,2023-03,PER,other_purse_seines,1,1.22
-14.5,-77,2023-01,PER,set_gillnets,1,3.07
-11.9,-77.2,2023-03,PER,inconclusive,2,86.27
-12.1,-77.3,2023-02,PER,tuna_purse_seines,1,0.61
-14.5,-77.4,2023-01,PER,set_gillnets,1,1.02
-9.5,-78.7,2023-02,PER,tuna_purse_seines,1,4.59
-14.5,-77.7,2023-02,PER,pole_and_line,1,2.31
-9.8,-78.4,2023-01,PER,fishing,1,0.56
-15.8,-77.6,2023-03,PER,fishing,1,0.57
-12.7,-79.4,2023-03,PER,fishing,1,0.07
-12.4,-77.1,2023-01,PER,inconclusive,1,0.18
-6.3,-80.9,2023-01,PER,purse_seines,2,8.47
-13.4,-76.2,2023-02,NA,other_purse_seines,1,0.1
-9.4,-81.9,2023-02,PER,tuna_purse_seines,1,0.18
-7.9,-79.6,2023-01,PER,pole_and_line,1,0.78
-10,-78.8,2023-01,PER,other_purse_seines,1,0.35
-13,-77.2,2023-02,PER,other_purse_seines,1,0.1
-12.7,-77,2023-01,PER,tuna_purse_seines,1,0.16
-10.2,-79.4,2023-02,PER,other_purse_seines,1,3.77
-7.6,-79.8,2023-02,PER,purse_seines,4,7.29
-15.6,-77.9,2023-02,PER,tuna_purse_seines,1,0.18
-7.5,-81,2023-03,PER,other_purse_seines,1,5.2
-8.9,-79.3,2023-02,PER,other_purse_seines,1,3.33
-4.2,-81.4,2023-02,PER,other_purse_seines,1,0.71
-17.4,-71.6,2023-01,PER,other_purse_seines,1,0.6
-8.2,-81,2023-02,NA,purse_seines,1,4.79
-9.4,-82.3,2023-02,PER,tuna_purse_seines,1,9.6
-15.6,-77.8,2023-02,PER,pole_and_line,1,4.54
-15.5,-78,2023-03,ECU,tuna_purse_seines,1,2.82
-11.7,-77.5,2023-01,PER,other_purse_seines,20,44.42
-16.7,-78,2023-03,PER,tuna_purse_seines,2,5.65
-13.2,-77.8,2023-01,PER,pole_and_line,1,2.62
-8.8,-79.1,2023-01,PER,other_purse_seines,2,7
-16.5,-76.8,2023-03,PER,tuna_purse_seines,2,12.94
-9,-78.9,2023-01,PER,other_purse_seines,4,6.96
-5.7,-81,2023-01,PER,pole_and_line,1,2.87
-9.2,-79.3,2023-02,PER,other_purse_seines,1,2.01
-16.4,-76.7,2023-03,PER,fishing,1,2.12
-7.7,-79.6,2023-01,PER,fishing,3,26.44
-7.9,-79.9,2023-02,PER,other_purse_seines,24,85.59
-12,-77.1,2023-03,PER,other_purse_seines,7,27.96
-6.2,-81.6,2023-03,ECU,fishing,1,1.98
-16.4,-78,2023-03,PER,tuna_purse_seines,1,0.64
-9.7,-81.1,2023-01,PER,tuna_purse_seines,1,2.18
-17.1,-72.2,2023-02,PER,other_purse_seines,3,5.25
-9.1,-80.4,2023-03,PER,other_purse_seines,2,5.01
-10.6,-78.1,2023-01,PER,other_purse_seines,2,2.3
-6.8,-81,2023-01,PER,tuna_purse_seines,1,0.34
-12,-80.7,2023-02,PER,tuna_purse_seines,1,0.67
-7.9,-79.7,2023-01,GBR,other_purse_seines,1,3.23
-10.3,-79.3,2023-02,PER,other_purse_seines,1,6.16
-13.3,-76.7,2023-01,PER,other_purse_seines,14,43.02
-14.7,-76.9,2023-03,PER,other_purse_seines,1,2.08
-7.2,-79.8,2023-02,PER,other_purse_seines,2,1.7
-12.1,-77.3,2023-03,PER,other_purse_seines,2,9.44
-12.5,-77,2023-03,NA,other_purse_seines,1,1.22
-16.4,-78.1,2023-02,ECU,tuna_purse_seines,1,0.4
-7.5,-79.8,2023-01,HND,other_purse_seines,1,0.65
-7.3,-80.1,2023-01,PER,tuna_purse_seines,1,0.32
-9.9,-78.5,2023-01,PER,other_purse_seines,9,14.27
-15.1,-77.4,2023-02,PER,tuna_purse_seines,1,2.96
-7.1,-81.4,2023-03,PER,other_purse_seines,1,0.04
-5.1,-81.1,2023-01,PER,inconclusive,1,27.59
-5.4,-82.8,2023-02,PER,other_purse_seines,1,1.08
-10.1,-79.4,2023-02,PER,other_purse_seines,1,0.71
-16.9,-77.1,2023-03,NA,purse_seines,1,3.87
-12.6,-77,2023-01,PER,tuna_purse_seines,1,0.08
-12.3,-77.4,2023-03,PER,other_purse_seines,1,0.43
-9.3,-78.6,2023-01,PER,other_purse_seines,11,23.47
-14.8,-77.5,2023-03,NA,pole_and_line,1,2.98
-15.3,-78.9,2023-02,PER,tuna_purse_seines,1,1.58
-13.8,-76.6,2023-01,PER,inconclusive,1,0.82
-6.4,-80.9,2023-03,PER,other_purse_seines,1,0.22
-12.3,-78.8,2023-03,PER,other_purse_seines,7,17.65
-8.9,-80.4,2023-03,PER,other_purse_seines,3,3.27
-15.7,-76.7,2023-03,NA,pole_and_line,1,0.53
-16.9,-78,2023-03,PER,tuna_purse_seines,1,0.02
-11.6,-77.5,2023-01,PER,other_purse_seines,29,64.01
-6.2,-81,2023-01,PER,tuna_purse_seines,3,5.96
-14.8,-77.3,2023-03,NA,pole_and_line,1,1
-15.3,-77.3,2023-02,PER,tuna_purse_seines,1,2.83
-7.5,-79.9,2023-01,PER,fishing,2,6.92
-7.8,-79.8,2023-02,PER,other_purse_seines,29,82.48
-13.9,-77.3,2023-03,PER,other_purse_seines,1,1.48
-7.7,-79.6,2023-01,PER,pole_and_line,1,2.05
-13.9,-77.7,2023-01,PER,pole_and_line,1,1.96
-8.3,-79.3,2023-02,HND,other_purse_seines,1,1.2
-7.1,-80.1,2023-01,GBR,other_purse_seines,1,1.45
-10.8,-77.9,2023-01,NA,other_purse_seines,4,11.65
-9.5,-78.8,2023-02,PER,inconclusive,1,1.72
-11.2,-77.8,2023-02,PER,other_purse_seines,4,15.99
-4.7,-84.4,2023-03,ECU,tuna_purse_seines,1,0.18
-10.2,-78.6,2023-01,PER,other_purse_seines,2,1.21
-14.5,-77.5,2023-03,PER,other_purse_seines,6,6.77
-7.2,-80.2,2023-01,PER,other_purse_seines,9,11.04
-9.3,-80.3,2023-03,PER,other_purse_seines,3,9.85
-7.5,-79.7,2023-02,NA,other_purse_seines,1,0.02
-9.9,-78.3,2023-02,PER,other_purse_seines,2,2.24
-15.1,-75.7,2023-01,PER,purse_seines,3,2.27
-8.2,-79,2023-03,PER,inconclusive,1,2.15
-16.8,-77.1,2023-03,PER,tuna_purse_seines,1,3
-4,-81.4,2023-03,ECU,fishing,1,2.03
-8.4,-79,2023-01,PER,other_purse_seines,23,33.06
-6.5,-80.7,2023-01,PER,purse_seines,1,0.29
-14.9,-77.4,2023-03,PER,other_purse_seines,4,8.55
-16.6,-78.2,2023-03,PER,other_purse_seines,1,1.21
-8.2,-79.1,2023-01,PER,purse_seines,2,3.65
-12.2,-77.3,2023-03,PER,other_purse_seines,2,4.44
-14.6,-76.9,2023-03,PER,other_purse_seines,6,9.49
-8.4,-79.1,2023-01,HND,other_purse_seines,1,0.17
-7,-79.9,2023-01,PER,other_purse_seines,18,20.37
-10.9,-77.8,2023-02,PER,other_purse_seines,2,1.79
-12.2,-78.9,2023-03,PER,other_purse_seines,1,0.24
-14.8,-75.9,2023-01,NA,other_purse_seines,2,3.18
-14.7,-76,2023-01,PER,purse_seines,1,0.29
-15.2,-77.4,2023-02,PER,tuna_purse_seines,1,1.02
-17.3,-71.9,2023-02,PER,other_purse_seines,2,3.22
-10.9,-78.4,2023-02,PER,other_purse_seines,1,0.11
-18,-71.1,2023-02,NA,other_purse_seines,1,2.49
-10.9,-77.8,2023-01,NA,other_purse_seines,2,3.71
-4.8,-81.4,2023-02,PER,other_purse_seines,1,0.32
-14.1,-76.7,2023-01,PER,other_purse_seines,2,0.55
-7.6,-79.6,2023-01,HND,other_purse_seines,1,1.51
-15.3,-77.3,2023-03,PER,other_purse_seines,7,20.16
-9.1,-78.7,2023-01,PER,purse_seines,1,0.01
-8.2,-79.4,2023-02,HND,other_purse_seines,1,4.76
-11.4,-77.9,2023-01,PER,set_longlines,1,0.11
-12.7,-76.8,2023-01,PER,pole_and_line,1,0.22
-12.8,-76.7,2023-01,PER,pole_and_line,1,0.68
-7.9,-80.8,2023-03,PER,other_purse_seines,1,0.15
-15.3,-77.8,2023-02,PER,fishing,1,5.32
-9.2,-80.4,2023-03,PER,other_purse_seines,3,6.1
-12,-78.2,2023-02,PER,pole_and_line,1,1.44
-8,-79.7,2023-02,GBR,other_purse_seines,1,0.95
-12,-77.2,2023-02,PER,purse_seines,3,28.31
-6.9,-80.1,2023-01,PER,tuna_purse_seines,4,7.22
-14.8,-77.4,2023-03,NA,pole_and_line,1,0.49
-14,-77.2,2023-02,NA,pole_and_line,1,1.98
-9.2,-82.4,2023-03,PAN,tuna_purse_seines,1,0.49
-8.4,-82.9,2023-03,ECU,tuna_purse_seines,1,0.76
-12.2,-77.8,2023-03,PER,other_purse_seines,2,2.77
-10.9,-78.2,2023-01,PER,tuna_purse_seines,2,5.34
-9.8,-78.6,2023-01,PER,other_purse_seines,1,1.04
-14.8,-77,2023-03,NA,pole_and_line,1,2.18
-8,-79.7,2023-02,PER,tuna_purse_seines,1,1.51
-6.9,-80.1,2023-01,GBR,other_purse_seines,1,2.48
-8,-79.4,2023-01,PER,other_purse_seines,52,171.78
-12.9,-76.7,2023-01,PER,pole_and_line,1,9.77
-10,-78.5,2023-02,PER,other_purse_seines,1,1.71
-7.6,-80.9,2023-03,PER,other_purse_seines,1,0.29
-14.4,-77.4,2023-02,PER,tuna_purse_seines,1,1.02
-15.3,-79.3,2023-03,ECU,tuna_purse_seines,1,0.09
-6.9,-80.6,2023-01,PER,tuna_purse_seines,5,10.83
-12.3,-77.2,2023-01,PER,other_purse_seines,36,82.4
-10.8,-77.8,2023-01,NA,other_purse_seines,1,0.72
-6,-81.4,2023-01,PER,tuna_purse_seines,3,1.29
-13.9,-77.2,2023-01,PER,pole_and_line,1,0.22
-11.3,-77.9,2023-01,PER,set_longlines,1,3.27
-14.7,-77.5,2023-02,PER,fishing,1,0.54
-11.9,-80.8,2023-02,PER,tuna_purse_seines,1,0.42
-15.3,-77.6,2023-02,PER,pole_and_line,1,8.01
-3.6,-81.4,2023-03,ECU,fishing,1,2.96
-3.7,-83.5,2023-03,ECU,tuna_purse_seines,1,0.24
-4.4,-81.9,2023-02,ECU,tuna_purse_seines,1,1.18
-14.9,-77.3,2023-03,NA,pole_and_line,1,2.96
-7.1,-80.1,2023-01,PER,tuna_purse_seines,6,22.72
-15.9,-76,2023-03,NA,pole_and_line,1,2.03
-13,-78,2023-03,PER,other_purse_seines,1,0.34
-5.9,-81.3,2023-01,PER,pole_and_line,1,1.03
-15.3,-77.8,2023-02,PER,tuna_purse_seines,1,1.73
-14.4,-77.4,2023-03,PER,other_purse_seines,1,0.45
-14,-77,2023-01,PER,set_gillnets,1,0.23
-16.4,-77.2,2023-03,PER,other_purse_seines,1,10.29
-14.9,-77.5,2023-03,NA,pole_and_line,1,14.68
-11,-77.8,2023-01,HND,other_purse_seines,1,5.11
-14.5,-77,2023-03,PER,other_purse_seines,10,36.97
-7.9,-79.7,2023-02,PER,purse_seines,3,3.14
-7,-81.4,2023-03,ECU,fishing,1,1
-6.6,-81,2023-01,PER,tuna_purse_seines,1,0.18
-8.2,-79.2,2023-01,PER,fishing,2,10.33
-8.1,-79.7,2023-01,PER,purse_seines,2,0.87
-13.5,-78.5,2023-02,PER,tuna_purse_seines,1,0.06
-15.1,-77.4,2023-02,PER,pole_and_line,1,2.1
-12.7,-76.9,2023-01,PER,pole_and_line,1,9.16
-12,-81,2023-02,ECU,tuna_purse_seines,1,1.15
-11.4,-77.8,2023-01,PER,set_longlines,1,1.26
-13.8,-77.7,2023-01,PER,pole_and_line,1,3.82
-9.9,-78.8,2023-02,PER,other_purse_seines,2,3.26
-17.5,-71.5,2023-02,PER,other_purse_seines,5,22.31
-7.5,-79.9,2023-01,AIA,purse_seines,1,0.44
-15.3,-76.5,2023-03,PER,pole_and_line,1,3.13
-9.7,-78.6,2023-01,PER,purse_seines,1,0.28
-7.9,-79.4,2023-02,PER,other_purse_seines,1,1.63
-12,-77.6,2023-03,PER,other_purse_seines,1,0.12
-7.9,-79.7,2023-01,PER,tuna_purse_seines,2,3.81
-15.3,-77.2,2023-03,AIA,purse_seines,1,1.71
-15.5,-77.4,2023-02,AIA,purse_seines,1,2.19
-17.4,-71.5,2023-02,NA,other_purse_seines,1,0.77
-8.7,-79.1,2023-01,PER,purse_seines,2,1.13
-5.2,-81.6,2023-03,ECU,fishing,1,2
-7.6,-79.8,2023-02,PER,other_purse_seines,5,6.61
-8,-79.6,2023-02,AIA,purse_seines,1,2.97
-9.4,-78.6,2023-01,HND,other_purse_seines,1,1.71
-7.8,-79.5,2023-01,PER,other_purse_seines,4,1.23
-7.1,-80,2023-02,PER,purse_seines,1,0.27
-9.1,-82.4,2023-03,PAN,tuna_purse_seines,1,2.36
-13,-76.6,2023-01,PER,pole_and_line,1,0.15
-12.3,-78.8,2023-03,PER,pole_and_line,1,3.5
-8.2,-83.4,2023-03,ECU,tuna_purse_seines,1,0.4
-7.1,-83.4,2023-03,ECU,tuna_purse_seines,1,0.02
-11.5,-77.6,2023-02,PER,other_purse_seines,1,1.21
-7.6,-79.9,2023-02,PER,purse_seines,2,2.09
-13.8,-77,2023-01,PER,fishing,1,3.9
-12,-77.1,2023-01,PER,pole_and_line,1,0.2
-15.4,-76.4,2023-03,PER,other_purse_seines,2,0.72
-17.8,-71.4,2023-02,PER,other_purse_seines,4,1.94
-14.5,-76.2,2023-01,NA,other_purse_seines,2,3.98
-9.6,-80.4,2023-03,PER,other_purse_seines,1,1.85
-12.3,-77.1,2023-01,PER,inconclusive,1,1.79
-6.7,-80.5,2023-01,PER,tuna_purse_seines,3,3.44
-15.4,-76.8,2023-03,PER,pole_and_line,1,3.9
-8.3,-79.1,2023-01,PER,other_purse_seines,69,268.69
-15.1,-75.7,2023-01,PER,tuna_purse_seines,1,2.11
-16.6,-77,2023-03,PER,tuna_purse_seines,1,5.33
-13.3,-76.6,2023-01,PER,inconclusive,1,0.8
-7.8,-79.6,2023-01,HND,other_purse_seines,1,0.18
-9.1,-79,2023-01,PER,other_purse_seines,1,0.94
-12.4,-78.9,2023-03,PER,pole_and_line,1,0.23
-7.7,-79.7,2023-02,PER,purse_seines,6,8.46
-9.4,-78.5,2023-01,PER,other_purse_seines,1,0.55
-13,-77.7,2023-02,PER,other_purse_seines,1,1.66
-10,-78.3,2023-01,PER,other_purse_seines,19,26.82
-16.8,-78.2,2023-03,ECU,tuna_purse_seines,3,16.53
-9.3,-78.8,2023-02,HND,other_purse_seines,1,1.71
-9,-78.7,2023-03,PER,other_purse_seines,1,0.13
-17.1,-78.2,2023-02,PER,tuna_purse_seines,1,0.13
-3.5,-81.2,2023-01,ECU,tuna_purse_seines,1,5.03
-13.4,-77.7,2023-01,PER,pole_and_line,1,3.33
-15.5,-76,2023-03,PER,other_purse_seines,1,2.39
-5.5,-82.5,2023-02,PER,other_purse_seines,1,0.33
-13.8,-76.7,2023-01,PER,other_purse_seines,16,24.71
-14.2,-76.9,2023-03,PER,other_purse_seines,1,1.53
